cik,ticker,legal_name,continuation_group,continuation_status,continuation_date,continuation_source,issuer_type,sec_entity_type,sec_filer_category,company_type,sic,sic_description,market_tier,exchange,current_tickers,current_exchanges,state_of_incorporation,fiscal_year_end,phone,business_address,headquarters_city,headquarters_state_or_country,headquarters_country,employee_count,employee_count_as_of,company_size_bucket,size_basis,business_summary_excerpt,business_summary_matched_heading,employee_count_excerpt,profile_source_form,profile_source_filing_date,profile_source_accession,profile_source_url,profile_metadata_source,initial_matrix_due_date,initial_matrix_publication_date,initial_matrix_source,profile_completeness_flags,nasdaq_listing_date,initial_form_type,initial_source_type,post_vacatur_candidate_filings,reviewed_post_vacatur_filings,fetch_failed_filings,continued,initial_publication_lag_days,days_before_due,listing_year,due_year,filer_category_simplified,is_egc,is_smaller_reporting,is_large_accelerated,is_accelerated_any,sic_division,industry_theme,hq_group,is_actual_us_state_hq,geo_scope,hq_state_for_analysis,hq_city_state_for_analysis,market_tier_clean,employee_missing,employee_count_filled,log_employee_count,current_ticker_available,model_feature_count
1868941,FLNC,"Fluence Energy, Inc.",continued,continued_same_matrix,2025-01-24,0001868941-25-000007,domestic,operating,Accelerated filer,domestic; operating; common stock,3690,"Miscellaneous Electrical Machinery, Equipment & Supplies",Global Select,Nasdaq,FLNC,Nasdaq,,930.0,(833) 358-3623,"4601 FAIRFAX DRIVE, SUITE 600, ARLINGTON, VA, 22203",ARLINGTON,VA,,1670.0,"September 30, 2025","large (1,000-9,999 employees)",employee_count_from_sec_filing,"Inception and Organization Fluence Energy, Inc., a Delaware corporation (the “Company”), was initially formed on June 21, 2021 and completed its initial public offering (the “IPO”) on November 1, 2021. We conduct our business operations through Fluence Energy, LLC and its direct and indirect subsidiaries. Fluence Energy, LLC was formed on June 30, 2017 as a joint venture between Siemens Industry, Inc. (“Siemens Industry”), an indirect subsidiary of Siemens AG (“Siemens”), and AES Grid Stability, LLC (“AES Grid Stability”), an indirect subsidiary of The AES Corporation (“AES”), and commenced operations on January 1, 2018.",\bItem\s+1\.\s+Business\b,"As of September 30, 2025, we had approximately 1670 full-time employees across 15 different countries.",10-K,2025-11-25,0001868941-25-000081,https://www.sec.gov/Archives/edgar/data/1868941/000186894125000081/flnc-20250930.htm,SEC submissions API cache,2022-10-28,2022-01-28,0001140361-22-003004,,2021-10-28,DEF 14A,edgar_filing,6,1,0,1,92,273,2021,2022,accelerated,0,0,0,1,Manufacturing,Other industries,US,1,Actual US state HQ,VA,"Arlington, VA",Global Select,0,1670.0,7.421177528595393,1,50
1865408,,Exscientia plc,not_continued,no_post_vacatur_relevant_filing,,,foreign_private_issuer,other,Non-accelerated filer<br>Emerging growth company,foreign_private_issuer; other; ADS,2836,"Biological Products, (No Diagnostic Substances)",Global Select,Nasdaq,,,United Kingdom,1231.0,44 0 1865 818941,"THE SCHRODINGER BUILDING, OXFORD SCIENCE PARK, OXFORD, United Kingdom, OX4 4GE",OXFORD,United Kingdom,,285.0,"December 31, 2021",mid-size (250-999 employees),employee_count_from_sec_filing,"A. History and Development of the Company Exscientia was founded in 2012 as Exscientia Limited, a private company incorporated under the rules of Scotland. On June 29, 2021, Exscientia plc was incorporated under the laws of England and Wales as Exscientia Holdings Limited, with nominal assets and liabilities for the purpose of becoming the ultimate holding company for Exscientia AI Limited (formerly Exscientia Limited) and consummating the corporate reorganisation described in Item 10.B of this annual report. Exscientia Inc., a Delaware corporation, is our wholly owned subsidiary. In August 2021, we acquired 100% of the outstanding share capital of Allcyte, a precision medicine biotechnology company. In October 2021, we completed the initial public offering of our ADSs on the Nasdaq Global Select Market. Our ADSs are traded under the symbol EXAI. Our ordinary shares are not listed.",\bItem\s+4\.\s+Information\s+on\s+the\s+Company\b,"Employees As of December 31, 2021, we had 285 employees and we continue to scale rapidly across all of our teams.",20-F,2022-03-23,0001865408-22-000005,https://www.sec.gov/Archives/edgar/data/1865408/000186540822000005/exai-20211231.htm,SEC submissions API cache,2022-10-01,2022-03-23,0001865408-22-000005,,2021-10-01,20-F,edgar_filing,0,0,0,0,173,192,2021,2022,"accelerated, egc",1,0,0,1,Manufacturing,Life sciences / medical,Europe,0,Non-US / non-state HQ,Not actual US state HQ,Not actual US state HQ,Global Select,0,285.0,5.655991810819852,0,50
1689731,,"Southern States Bancshares, Inc.",continued,continued_other_narrative,2025-04-18,0001628280-25-018318,domestic,operating,<br>Emerging growth company,domestic; operating; common stock,6022,State Commercial Banks,,Nasdaq,,,AL,1231.0,205-820-8065,"615 QUINTARD AVENUE, ANNISTON, AL, 36201",ANNISTON,AL,,,,,sec_filer_category_only,"and monitors the performance of management. The following table sets forth certain information about our directors, including their names, ages and year in which they began serving as a director of the Company. Directors Age Director Since Lewis C. Beavers 74 2019 Daniel A. Cummings 55 2023 Richard E. Drews, Jr. 67 July 2024 Alfred J. Hayes, Jr. 80 2015 Jonathan W. Hinton 42 2023 Brent D. Hitson 58 2007 Brian S. Holmes 61 2007 Christine Hunsaker 58 2023 Cynthia S. McCarty 64 2020 Jay F. Pumroy 68 2007 J. Henry Smith, IV 55 2009 Mark A. Chambers 61 2022 In accordance with our bylaws, the total number of directors constituting the entire board may not be less than five nor more than fifteen. Our board is currently composed of twelve members.",\bOur\s+Business\b,,10-K/A,2025-04-18,0001628280-25-018318,https://www.sec.gov/Archives/edgar/data/1689731/000162828025018318/ssbk-20241231.htm,SEC submissions API cache,2022-08-12,2022-03-30,0001628280-22-007803,missing_employee_count,2021-08-12,DEF 14A,edgar_filing,2,2,0,1,230,135,2021,2022,"not stated, egc",1,0,0,0,Finance/real estate,Finance / real estate,US,1,Actual US state HQ,AL,"Anniston, AL",Unknown market tier,1,113.0,4.736198448394496,0,50
1875444,ARHS,"Arhaus, Inc.",continued,continued_other_narrative,2025-04-10,0001193125-25-077328,domestic,operating,Accelerated filer,domestic; operating; common stock,5712,Retail-Furniture Stores,Global Select,Nasdaq,ARHS,Nasdaq,DE,1231.0,440-439-7700,"51 EAST HINES HILL ROAD, BOSTON HEIGHTS, OH, 44236",BOSTON HEIGHTS,OH,,2800.0,"December 31, 2025","large (1,000-9,999 employees)",employee_count_from_sec_filing,"Overview Founded in 1986 by John Reed, our Chief Executive Officer (“CE O”), and his father, Arhaus, Inc. (“Arhaus”, “Company”, “we”, “us” or “our”) is a premium home furnishings brand built on a simple idea: furniture and décor should be responsibly sourced, lovingly made, and built to last. We operate a vertically integrated model, designing and sourcing products directly from skilled artisans and carefully selected manufacturing vendors around the world, including domestic upholstery production at our own North Carolina manufacturing facility. This approach enables us to offer a highly exclusive and customizable assortment of heirloom-quality furniture and décor designed to be used and enjoyed for generations. Design is at the core of everything Arhaus does.",\bItem\s+1\.\s+Business\b,"Human Capital As of December 31, 2025, we had approximately 2,800 employees and 30 temporary employees, including approximately 100 part-time employees.",10-K,2026-02-26,0001875444-26-000010,https://www.sec.gov/Archives/edgar/data/1875444/000187544426000010/arhs-20251231.htm,SEC submissions API cache,2022-11-04,2022-04-04,0001193125-22-094328,,2021-11-04,DEF 14A,edgar_filing,4,4,0,1,151,214,2021,2022,accelerated,0,0,0,1,Retail,Retail / consumer,US,1,Actual US state HQ,OH,"Boston Heights, OH",Global Select,0,2800.0,7.937731775260109,1,50
1590418,FCUV,FOCUS UNIVERSAL INC.,continued,continued_same_matrix,2025-04-18,0001683168-25-002686,domestic,operating,Non-accelerated filer<br>Smaller reporting company,domestic; operating; common stock,3823,"Industrial Instruments For Measurement, Display, and Control",Capital Market,Nasdaq,FCUV,Nasdaq,NV,1231.0,(626) 272-3883,"1515 WEST CAMERON AVENUE, SUITE 210, WEST COVINA, CA, 91790",WEST COVINA,CA,,,,,sec_filer_category_only,"Company History and Background. Focus Universal Inc. (the “Company,” “we,” “us,” or “our”) is a Nevada corporation. We are based in the city of Ontario, California, and were incorporated in Nevada in 2012. In December of 2013, we filed an S-1 registration statement that went effective on March 14, 2014. From March 14, 2014, through August 30, 2021, our securities traded on the OTCQB Market. From August 31, 2021, through January 27, 2022, our securities traded on the Nasdaq Capital Market. From January 28, 2022, to September 22, 2024, our securities traded on the Nasdaq Global Market. On September 23, 2024, our securities were transferred for trading to the Nasdaq Capital Market. We hold 28 patents and patents pending in various phases of the patent process. We operate through multiple subsidiaries, including Perfecular Inc. (“Perfecular”), AVX Design and Integration, Inc.",\bItem\s+1\.\s+Business\b,,10-K,2025-02-28,0001683168-25-001278,https://www.sec.gov/Archives/edgar/data/1590418/000168316825001278/focus_i10k-123124.htm,SEC submissions API cache,2022-09-01,2022-04-06,0001683168-22-002377,missing_employee_count,2021-09-01,DEF 14A,edgar_filing,7,2,0,1,217,148,2021,2022,"accelerated, smaller reporting",0,1,0,1,Manufacturing,Other industries,US,1,Actual US state HQ,CA,"West Covina, CA",Capital Market,1,113.0,4.736198448394496,1,50
1649739,BAFN,BayFirst Financial Corp.,continued,continued_other_narrative,2025-04-04,0001649739-25-000110,domestic,operating,<br>Emerging growth company,domestic; operating; common stock,6022,State Commercial Banks,Capital Market,Nasdaq,BAFN,Nasdaq,FL,1231.0,727-399-5600,"700 CENTRAL AVENUE, SUITE 102, ST PETERSBURG, FL, 33701",ST PETERSBURG,FL,,,,,sec_filer_category_only,"BayFirst Financial Corp. BayFirst Financial Corp. is a bank holding company that operates through its wholly owned subsidiary, BayFirst National Bank (the “Bank”), together referred to as “the Company” or “BayFirst”. BayFirst commenced its bank holding company operations on September 1, 2000, by acquiring all shares of the Bank. BayFirst’s primary source of income is from the Bank, which serves a broad spectrum of consumers and small businesses in the Tampa Bay/Sarasota region. BayFirst strives to be a progressive institution in its products and services, technology, design, and social responsibility. As of December 31, 2025, BayFirst had consolidated total assets of $1.30 billion, total loans held for investment of $963.9 million, total deposits of $1.18 billion, and total shareholders’ equity of $87.6 million.",\bItem\s+1\.\s+Business\b,,10-K,2026-03-27,0001649739-26-000014,https://www.sec.gov/Archives/edgar/data/1649739/000164973926000014/bafn-20251231.htm,SEC submissions API cache,2022-11-12,2022-04-07,0001649739-22-000137,missing_employee_count,2021-11-12,DEF 14A,edgar_filing,4,4,0,1,146,219,2021,2022,"not stated, egc",1,0,0,0,Finance/real estate,Finance / real estate,US,1,Actual US state HQ,FL,"St Petersburg, FL",Capital Market,1,113.0,4.736198448394496,1,50
1657853,HTZ,"HERTZ GLOBAL HOLDINGS, INC",not_continued,not_continued_in_reviewed_filings,,,domestic,operating,Large accelerated filer,domestic; operating; common stock,7510,Services-Auto Rental & Leasing (No Drivers),Global Select,Nasdaq,HTZ;HTZWW,Nasdaq;Nasdaq,DE,1231.0,(239) 301-7000,"8501 WILLIAMS ROAD, 3RD FLOOR, ESTERO, FL, 33928",ESTERO,FL,,,,,sec_filer_category_only,"OUR COMPANY Hertz Holdings was incorporated in Delaware in 2015 to serve as the top-level holding company for Rental Car Intermediate Holdings, LLC, which wholly owns Hertz, Hertz Global's primary operating company. Hertz was incorporated in Delaware in 1967 and is a successor to corporations that have been engaged in the vehicle rental and leasing business since 1918. We are engaged principally in the business of renting vehicles primarily through our Hertz, Dollar and Thrifty brands. As of December 31, 2025, we operated our vehicle rental business globally from approximately 11,000 company-operated and franchisee locations across approximately 160 countries and jurisdictions, including the U.S., Europe, Africa, Asia, Australia, Canada, the Caribbean, Latin America, the Middle East and New Zealand.",\bItem\s+1\.\s+Business\b,,10-K,2026-02-26,0001657853-26-000008,https://www.sec.gov/Archives/edgar/data/1657853/000165785326000008/htz-20251231.htm,SEC submissions API cache,2022-11-09,2022-04-08,0001140361-22-013707,missing_employee_count,2021-11-09,DEF 14A,edgar_filing,6,6,0,0,150,215,2021,2022,large accelerated,0,0,1,1,Services,Other industries,US,1,Actual US state HQ,FL,"Estero, FL",Global Select,1,113.0,4.736198448394496,1,50
1789940,FWRG,"First Watch Restaurant Group, Inc.",continued,continued_other_narrative,2025-04-08,0001789940-25-000031,domestic,operating,Large accelerated filer,domestic; operating; common stock,5812,Retail-Eating  Places,Global Select,Nasdaq,FWRG,Nasdaq,DE,1228.0,941-907-9800,"8725 PENDERY PLACE, SUITE 201, BRADENTON, FL, 34201",BRADENTON,FL,,,,,sec_filer_category_only,"First Watch Restaurant Group, Inc. is a Delaware holding company. Unless the context otherwise requires, “we,” “us,” “our,” “First Watch,” the “Company,” “Management” and other similar references refer to First Watch Restaurant Group, Inc. and, unless otherwise stated, all of its subsidiaries. Overview Since opening our doors in 1983, we have been a pioneer in Daytime Dining, serving made-to-order breakfast, brunch and lunch using the freshest of ingredients. We have built our brand on our commitment to operational excellence, our culinary mission centered around a fresh, continuously evolving menu, and our “You First” culture. Our focus on one daytime shift enables us to optimize restaurant operations while generating an average unit volume of $2.3 million per restaurant in 2025 in only 7.5 hours per day.",\bItem\s+1\.\s+Business\b,,10-K,2026-02-24,0001789940-26-000014,https://www.sec.gov/Archives/edgar/data/1789940/000178994026000014/fwrg-20251228.htm,SEC submissions API cache,2022-10-01,2022-04-11,0001789940-22-000044,missing_employee_count,2021-10-01,DEF 14A,edgar_filing,6,6,0,1,192,173,2021,2022,large accelerated,0,0,1,1,Retail,Retail / consumer,US,1,Actual US state HQ,FL,"Bradenton, FL",Global Select,1,113.0,4.736198448394496,1,50
1544522,FRSH,Freshworks Inc.,continued,continued_other_narrative,2025-04-17,0001544522-25-000015,domestic,operating,Large accelerated filer,domestic; operating; common stock,7372,Services-Prepackaged Software,Global Select,Nasdaq,FRSH,Nasdaq,DE,1231.0,(650) 513-0514,"2950 S. DELAWARE ST., SUITE 201, SAN MATEO, CA, 94403",SAN MATEO,CA,,,,,sec_filer_category_only,"Overview We provide people-first AI service software that organizations use to deliver exceptional employee and customer experiences. Our employee experience (EX) products include Freshservice, Freshservice for Business Teams, Device42 and FireHydrant. Our customer experience (CX) products include our Freshdesk suite of products. Our AI offerings, which include Freddy AI Agents, Freddy AI Copilot and Freddy AI Insights, further enhance the employee and customer experience and are designed to boost productivity. Currently, nearly 75,000 companies use Freshworks' uncomplicated solutions to increase employee efficiency and customer loyalty. Our enterprise-grade solutions are powerful, yet easy to use, and quick to deliver results. Our people-first approach to AI is designed to eliminate friction, making employees more effective and organizations more productive.",\bItem\s+1\.\s+Business\b,,10-K,2026-02-26,0001544522-26-000036,https://www.sec.gov/Archives/edgar/data/1544522/000154452226000036/frsh-20251231.htm,SEC submissions API cache,2022-09-22,2022-04-11,0001544522-22-000005,missing_employee_count,2021-09-22,DEF 14A,edgar_filing,7,7,0,1,201,164,2021,2022,large accelerated,0,0,1,1,Services,Technology,US,1,Actual US state HQ,CA,"San Mateo, CA",Global Select,1,113.0,4.736198448394496,1,50
1861795,DH,Definitive Healthcare Corp.,continued,continued_other_narrative,2025-04-23,0000950170-25-057364,domestic,operating,Accelerated filer<br>Smaller reporting company,domestic; operating; common stock,7372,Services-Prepackaged Software,Global Select,Nasdaq,DH,Nasdaq,DE,1231.0,508-720-4224,"492 OLD CONNECTICUT PATH, SUITE 401, FRAMINGHAM, MA, 01701",FRAMINGHAM,MA,,686.0,"December 31, 2025",mid-size (250-999 employees),employee_count_from_sec_filing,", the economy, and other future conditions. Because forward-looking statements relate to the future, by their nature, they are subject to inherent uncertainties, risks, and changes in circumstances that are difficult to predict. As a result, our actual results may differ materially from those contemplated by the forward-looking statements. We caution you against relying on any forward-looking statements, which should also be read in conjunction with the other cautionary statements that are included elsewhere in this Annual Report, including under “",\bOur\s+Business\b,"As of December 31, 2025, our workforce included 686 employees — of whom 678 were employed full time.",10-K,2026-02-26,0001193125-26-076782,https://www.sec.gov/Archives/edgar/data/1861795/000119312526076782/dh-20251231.htm,SEC submissions API cache,2022-09-15,2022-04-12,0001193125-22-102925,,2021-09-15,DEF 14A,edgar_filing,6,6,0,1,209,156,2021,2022,"accelerated, smaller reporting",0,1,0,1,Services,Technology,US,1,Actual US state HQ,MA,"Framingham, MA",Global Select,0,686.0,6.532334292222349,1,50
1865494,IOBTQ,"IO Biotech, Inc.",continued,continued_other_narrative,2025-03-31,0000950170-25-047744,domestic,operating,<br>Emerging growth company,domestic; operating; common stock,2834,Pharmaceutical Preparations,,Nasdaq,IOBTQ,OTC,DE,1231.0,4570702980,"OLE MAALOES VEH 3, COPENHAGEN, Denmark, 2200",COPENHAGEN,Denmark,,80.0,"December 31, 2024",small (50-249 employees),employee_count_from_sec_filing,"Our business is subject to numerous material and other risks and uncertainties that you should be aware of in evaluating our business. These risks include, but are not limited to, the following: • We have a limited operating history, have incurred net losses since our inception, and anticipate that we will continue to incur significant losses for the foreseeable future. We may never generate any revenue or become profitable or, if we achieve profitability, may not be able to sustain it. • All of our product candidates are in clinical development or in preclinical development. If we are unable to advance our product candidates through clinical development, obtain regulatory approval and ultimately commercialize our product candidates, or experience significant delays in doing so, our business will be materially harmed.",\bOur\s+Business\b,"Employees and Human Capital Resources As of December 31, 2024, we had 80 full-time employees, 29 of whom have Ph.",10-K,2025-03-31,0000950170-25-047744,https://www.sec.gov/Archives/edgar/data/1865494/000095017025047744/iobt-20241231.htm,SEC submissions API cache,2022-11-05,2022-04-14,0001193125-22-105529,,2021-11-05,DEF 14A,edgar_filing,3,3,0,1,160,205,2021,2022,"not stated, egc",1,0,0,0,Manufacturing,Life sciences / medical,US,0,Non-US / non-state HQ,Not actual US state HQ,Not actual US state HQ,Unknown market tier,0,80.0,4.394449154672439,1,50
1625278,NRDS,"NERDWALLET, INC.",continued,continued_same_matrix,2025-04-14,0001625278-25-000056,domestic,operating,<br>Emerging growth company,domestic; operating; common stock,7374,Services-Computer Processing & Data Preparation,Global Market,Nasdaq,NRDS,Nasdaq,DE,1231.0,415-549-8913,"19 S. B STREET, SUITE 9, SAN MATEO, CA, 94401",SAN MATEO,CA,,,,,sec_filer_category_only,". Overview NerdWallet provides trustworthy financial guidance to consumers and small and mid-sized businesses (SMBs). Our mission is to provide clarity for all of life’s financial decisions. Our vision is a world where everyone makes financial decisions with confidence. At NerdWallet, we empower consumers—both individuals and SMBs—to make smarter financial decisions with confidence via our digital platform. Technology has changed the way consumers manage their financial lives, making them more comfortable with comparing and shopping for financial products online. This change has accelerated with the dramatic growth in companies offering innovative financial products.",\bItem\s+1\.\s+Business\b,,10-K,2025-02-19,0001625278-25-000019,https://www.sec.gov/Archives/edgar/data/1625278/000162527825000019/nrds-20241231.htm,SEC submissions API cache,2022-11-04,2022-04-14,0001193125-22-104971,missing_employee_count,2021-11-04,DEF 14A,edgar_filing,6,2,0,1,161,204,2021,2022,"not stated, egc",1,0,0,0,Services,Technology,US,1,Actual US state HQ,CA,"San Mateo, CA",Global Market,1,113.0,4.736198448394496,1,50
1689375,TRDA,"Entrada Therapeutics, Inc.",not_continued,not_continued_in_reviewed_filings,,,domestic,operating,<br>Emerging growth company,domestic; operating; common stock,2834,Pharmaceutical Preparations,Global Market,Nasdaq,TRDA,Nasdaq,DE,1231.0,857-305-1825,"ONE DESIGN CENTER PLACE, SUITE 17-500, BOSTON, MA, 02210",BOSTON,MA,,152.0,"February 19, 2026",small (50-249 employees),employee_count_from_sec_filing,"Overview We are a clinical-stage biopharmaceutical company aiming to transform the lives of patients by e stablishing a new class of medicines that engage intracellular targets that have long been considered inaccessible . Through proprietary, versatile and modular approaches, we are advancing a robust development portfolio of genetic medicines for the potential treatment of neuromuscular and inherited retinal diseases, among others. In 2026, we expect to progress our ENTR-601-44 and ENTR-601-45 clinical trials, an EU filing for the ENTR-601-50 clinical trial, and regulatory submissions for ENTR-601-51. In addition, our VX-670 partnership with Vertex Pharmaceuticals Incorporated (“Vertex”) continues to progress, with dosing completion anticipated in mid-2026.",\bItem\s+1\.\s+Business\b,"44 Human Capital Resources As of February 19, 2026, we had 152 full-time employees, including a total of 64 employees with doctoral degrees or above.",10-K,2026-02-26,0001689375-26-000011,https://www.sec.gov/Archives/edgar/data/1689375/000168937526000011/trda-20251231.htm,SEC submissions API cache,2022-10-29,2022-04-19,0001104659-22-047338,,2021-10-29,DEF 14A,edgar_filing,8,8,0,0,172,193,2021,2022,"not stated, egc",1,0,0,0,Manufacturing,Life sciences / medical,US,1,Actual US state HQ,MA,"Boston, MA",Global Market,0,152.0,5.030437921392435,1,50
1868726,OLPX,"OLAPLEX HOLDINGS, INC.",continued,continued_same_matrix,2025-04-23,0001868726-25-000048,domestic,operating,Accelerated filer,domestic; operating; common stock,2844,"Perfumes, Cosmetics & Other Toilet Preparations",Global Select,Nasdaq,OLPX,Nasdaq,DE,1231.0,310-691-0776,"432 PARK AVENUE SOUTH, THIRD FLOOR, NEW YORK, NY, 10016",NEW YORK,NY,,,,,sec_filer_category_only,"Company Overview OLAPLEX is a foundational health and beauty company powered by breakthrough innovation that starts with and is inspired by the professional hairstylist (“Pro”). Our products are designed to enable Pros and their clients to achieve their best results, and to provide consumers with a holistic hair regimen that starts by establishing a foundation for healthy hair. In 2014, OLAPLEX revolutionized the haircare category through the introduction of our patent-protected bond-building technology, Bis-aminopropyl diglycol dimaleate (“Bis-amino”), in our No. 1 Bond Multiplier® and No. 2 Bond Perfector® products. This new two-part salon treatment allowed Pros around the world to repair disulfide bonds deep inside the hair that are broken during chemical services (such as coloring, perming and straightening).",\bItem\s+1\.\s+Business\b,,10-K,2025-03-04,0001868726-25-000013,https://www.sec.gov/Archives/edgar/data/1868726/000186872625000013/olpx-20241231.htm,SEC submissions API cache,2022-09-30,2022-04-19,0001868726-22-000019,missing_employee_count,2021-09-30,DEF 14A,edgar_filing,7,2,0,1,201,164,2021,2022,accelerated,0,0,0,1,Manufacturing,Other industries,US,1,Actual US state HQ,NY,"New York, NY",Global Select,1,113.0,4.736198448394496,1,50
1782170,RELY,"Remitly Global, Inc.",not_continued,not_continued_in_reviewed_filings,,,domestic,operating,Large accelerated filer,domestic; operating; common stock,7389,"Services-Business Services, NEC",Global Select,Nasdaq,RELY,Nasdaq,DE,1231.0,206-535-6152,"REMITLY GLOBAL, INC., 401 UNION STREET, SUITE 1000, SEATTLE, WA, 98101",SEATTLE,WA,,,,,sec_filer_category_only,"Overview Remitly, founded in 2011, is a trusted provider of financial services that transcend borders. With a footprint spanning more than 175 countries, we have built one of the world’s leading global money movement platforms, trusted by millions of customers who rely on us every day. The long-term, trusted relationships we foster with our customers have enabled us to scale to more than 5,300 corridors and more than 9.3 million quarterly active users worldwide. Leveraging our strengths in global money movement, we continue to evolve beyond a remittance company into a diversified, cross-border financial services provider, serving both consumers and businesses across a growing set of use cases. To further our vision, we have expanded by serving new customer categories, including high-amount senders, businesses, and receivers, and by introducing new products.",\bItem\s+1\.\s+Business\b,,10-K,2026-02-18,0001628280-26-009038,https://www.sec.gov/Archives/edgar/data/1782170/000162828026009038/rely-20251231.htm,SEC submissions API cache,2022-09-23,2022-04-19,0001782170-22-000068,missing_employee_count,2021-09-23,DEF 14A,edgar_filing,6,6,0,0,208,157,2021,2022,large accelerated,0,0,1,1,Services,Other industries,US,1,Actual US state HQ,WA,"Seattle, WA",Global Select,1,113.0,4.736198448394496,1,50
1598981,SKYX,SKYX Platforms Corp.,continued,continued_other_narrative,2025-05-16,0001641172-25-011274,domestic,operating,Non-accelerated filer<br>Smaller reporting company,domestic; operating; common stock,3640,Electric Lighting & Wiring Equipment,Capital Market,Nasdaq,SKYX,Nasdaq,FL,1231.0,(855) 759-7584,"2855 W. MCNAB ROAD, POMPANO BEACH, FL, 33069",POMPANO BEACH,FL,,73.0,"December 31, 2025",small (50-249 employees),employee_count_from_sec_filing,"Our Mission As electricity is a standard in every home and building, our mission is to make homes and buildings become safe advanced and smart as the standard. Overview Sky Technologies has a series of highly disruptive advanced-safe-smart platform technologies, with almost 100 U.S. and global patents and patent pending applications. Our technologies place an emphasis on high quality and ease of use, while significantly enhancing both safety and lifestyle in homes and buildings. We believe that our products are a necessity in every room in both homes and other buildings in the U.S. and globally. In addition, during 2023, we expanded our operations by acquiring an online retailer and e-commerce provider specializing in home lighting, ceiling fans, and other home furnishings.",\bItem\s+1\.\s+Business\b,"As of December 31, 2025, we had 73 employees, including 71 full-time employees.",10-K,2026-03-26,0001493152-26-012927,https://www.sec.gov/Archives/edgar/data/1598981/000149315226012927/form10-k.htm,SEC submissions API cache,2023-02-10,2022-04-19,0001493152-22-010422,,2022-02-10,DEF 14A,edgar_filing,7,7,0,1,68,297,2022,2023,"accelerated, smaller reporting",0,1,0,1,Manufacturing,Other industries,US,1,Actual US state HQ,FL,"Pompano Beach, FL",Capital Market,0,73.0,4.30406509320417,1,50
1607939,UDMY,"Udemy, Inc.",continued,continued_other_narrative,2025-04-02,0001607939-25-000040,domestic,operating,Large accelerated filer,domestic; operating; common stock,8200,Services-Educational Services,,Nasdaq,UDMY,Nasdaq,DE,1231.0,(510) 378-4789,"600 HARRISON STREET, 3RD FLOOR, SAN FRANCISCO, CA, 94107",SAN FRANCISCO,CA,,,,,sec_filer_category_only,"for improved performance in the future, including greater emphasis on growth, particularly subscription growth, in our consumer segment. Our Compensation Committee originally determined the structure and performance criteria of our 2025 short- and long-term incentive programs in February 2025, prior to the CEO transition. Consequently, the Compensation Committee determined that it was appropriate to re-align our 2025 incentive compensation program with our new operational plan and strategic priorities to motivate our executives towards execution of 7 the same. The Compensation Committee believed that achieving the new plan and delivering on these strategic priorities was critical for setting up Udemy to deliver long-term improvements in stockholder value.",\bOur\s+Company\b,,10-K/A,2026-04-10,0001607939-26-000055,https://www.sec.gov/Archives/edgar/data/1607939/000160793926000055/udmy-20251231.htm,SEC submissions API cache,2022-10-29,2022-04-20,0001607939-22-000021,missing_employee_count,2021-10-29,DEF 14A,edgar_filing,6,6,0,1,173,192,2021,2022,large accelerated,0,0,1,1,Services,Other industries,US,1,Actual US state HQ,CA,"San Francisco, CA",Unknown market tier,1,113.0,4.736198448394496,1,50
1462056,BLZE,"Backblaze, Inc.",continued,continued_other_narrative,2025-04-14,0001140361-25-013748,domestic,operating,<br>Emerging growth company,domestic; operating; common stock,7372,Services-Prepackaged Software,Global Market,Nasdaq,BLZE,Nasdaq,DE,1231.0,650.352.3738,"2261 MARKET STREET STE 81006, SAN FRANCISCO, CA, 94114",SAN FRANCISCO,CA,,320.0,"December 31, 2025",mid-size (250-999 employees),employee_count_from_sec_filing,"Overview We are a high-performance cloud storage platform for data-intensive use cases in the artificial intelligence (“AI”) era and across a broad range of modern cloud workloads, designed to help customers address complex storage needs by reducing the barriers of lock-in, complexity, and cost. Our mission is to make customers succeed by solving their toughest data storage challenges. We aim to achieve this mission through our purpose-built, web-scale software infrastructure, which is essential to the global data center and compute infrastructure buildout. We provide cloud services through a purpose-built, web-scale software infrastructure built on commodity hardware.",\bItem\s+1\.\s+Business\b,"” Employees and Human Capital As of December 31, 2025, we had approximately 320 full-time employees.",10-K,2026-03-10,0001628280-26-016395,https://www.sec.gov/Archives/edgar/data/1462056/000162828026016395/blze-20251231.htm,SEC submissions API cache,2022-11-11,2022-04-21,0001193125-22-112978,,2021-11-11,DEF 14A,edgar_filing,7,7,0,1,161,204,2021,2022,"not stated, egc",1,0,0,0,Services,Technology,US,1,Actual US state HQ,CA,"San Francisco, CA",Global Market,0,320.0,5.771441123130016,1,50
1784567,,"Harbor Custom Development, Inc.",not_continued,no_post_vacatur_relevant_filing,,,domestic,operating,Non-accelerated filer<br>Smaller reporting company<br>Emerging growth company,domestic; operating; common stock,1531,Operative Builders,Capital Market,Nasdaq,,,,1231.0,2536490636,"11505 BURNHAM DR. NW, SUITE 301, GIG HARBOR, WA, 98332",GIG HARBOR,WA,,,,,sec_filer_category_only,", serving our stockholders well, and maintaining our integrity in the marketplace. As discussed below, our Board of Directors has established three standing committees to assist it in fulfilling its responsibilities to us and our stockholders: 1. The Audit Committee; 2. The Compensation Committee; and 3. The Nominating and Corporate Governance Committee. Director Independence We currently have five independent directors on our board of directors. We use Nasdaq’s definition of “independence” to make this determination. Nasdaq provides that an “independent director” is a person other than an executive officer or employee of the company or any other individual having a relationship with which, in the opinion of the company’s board of directors, would interfere with the exercise of independent judgment in carrying out the responsibilities of a director.",\bOur\s+Business\b,,DEF 14A,2022-04-21,0001493152-22-010645,https://www.sec.gov/Archives/edgar/data/1784567/000149315222010645/formdef14a.htm,SEC submissions API cache,2022-10-05,2022-04-21,0001493152-22-010645,missing_employee_count,2021-10-05,DEF 14A,edgar_filing,0,0,0,0,198,167,2021,2022,"accelerated, smaller reporting, egc",1,1,0,1,Construction,Other industries,US,1,Actual US state HQ,WA,"Gig Harbor, WA",Capital Market,1,113.0,4.736198448394496,0,50
1482981,COCO,"Vita Coco Company, Inc.",continued,continued_same_matrix,2025-04-23,0001482981-25-000073,domestic,operating,Large accelerated filer,domestic; operating; common stock,2080,Beverages,Global Select,Nasdaq,COCO,Nasdaq,DE,1231.0,212-206-0763,"111 5TH AVENUE, 2ND FLOOR, NEW YORK, NY, 10003",NEW YORK,NY,,319.0,"December 31, 2024",mid-size (250-999 employees),employee_count_from_sec_filing,". Overview The Vita Coco Company pioneered packaged coconut water in 2004 and we have extended our business into other categories. Our mission is to deliver great tasting, natural and nutritious products that we believe are better for consumers and better for the world. We are one of the largest brands globally in the coconut and other plant waters category, and a large supplier of private label coconut water. Our branded portfolio is led by our Vita Coco brand, which is the leader in the coconut water category in the U.S., and also includes coconut oil, juice, and milk offerings. Our other brands include Ever & Ever , a sustainably packaged water, and PWR LIFT , a protein-infused fitness drink. We previously offered Runa , a plant-based energy drink inspired by the guayusa plant native to Ecuador, which we ceased selling in December 2023.",\bItem\s+1\.\s+Business\b,"Human Capital As of December 31, 2024, we had 319 full-time employees.",10-K,2025-02-26,0001482981-25-000032,https://www.sec.gov/Archives/edgar/data/1482981/000148298125000032/coco-20241231.htm,SEC submissions API cache,2022-10-21,2022-04-21,0001193125-22-113049,,2021-10-21,DEF 14A,edgar_filing,7,2,0,1,182,183,2021,2022,large accelerated,0,0,1,1,Manufacturing,Other industries,US,1,Actual US state HQ,NY,"New York, NY",Global Select,0,319.0,5.768320995793772,1,50
1862150,CING,Cingulate Inc.,continued,continued_other_narrative,2025-03-27,0001641172-25-000970,domestic,operating,Non-accelerated filer<br>Smaller reporting company<br>Emerging growth company,domestic; operating; common stock,2834,Pharmaceutical Preparations,Capital Market,Nasdaq,CING;CINGW,Nasdaq;Nasdaq,DE,1231.0,(913) 942-2300,"1901 W. 47TH PLACE, KANSAS CITY, KS, 66205",KANSAS CITY,KS,,,,,sec_filer_category_only,"Overview We are a biopharmaceutical company using our proprietary Precision Timed Release TM (“PTR TM ”) drug delivery platform technology to build and advance a pipeline of next-generation pharmaceutical products designed to improve the lives of patients suffering from frequently diagnosed conditions characterized by burdensome daily dosing regimens and suboptimal treatment outcomes. With an initial focus on the treatment of Attention Deficit/Hyperactivity Disorder (“ADHD”) and anxiety, we are identifying and evaluating additional therapeutic areas where our PTR technology may be employed to develop future product candidates. Our PTR platform incorporates a proprietary Erosion Barrier Layer (“EBL”) designed to allow for the release of drug substance at specific, pre-defined time intervals, unlocking the potential for once-daily, multi-dose tablets.",\bItem\s+1\.\s+Business\b,,10-K,2026-03-18,0001493152-26-010882,https://www.sec.gov/Archives/edgar/data/1862150/000149315226010882/form10-k.htm,SEC submissions API cache,2022-12-08,2022-04-22,0001493152-22-010723,missing_employee_count,2021-12-08,DEF 14A,edgar_filing,13,13,0,1,135,230,2021,2022,"accelerated, smaller reporting, egc",1,1,0,1,Manufacturing,Life sciences / medical,US,1,Actual US state HQ,KS,"Kansas City, KS",Capital Market,1,113.0,4.736198448394496,1,50
1452965,,MINERVA SURGICAL INC,not_continued,no_post_vacatur_relevant_filing,,,domestic,operating,<br>Emerging growth company,domestic; operating; common stock,3841,Surgical & Medical Instruments & Apparatus,,Nasdaq,,,DE,1231.0,(855) 646-7874,"4255 BURTON DRIVE, SANTA CLARA, CA, 95054",SANTA CLARA,CA,,,,,sec_filer_category_only,", for example, mass mailings, job inquiries and business solicitations. If appropriate, our General Counsel, Chief Financial Officer or Legal Department will route such communications to the appropriate director(s) or, if none is specified, then to the chairperson of the board or the lead independent director (if one is appointed). These policies and procedures do not apply to communications to non-management directors from our officers or directors who are stockholders or stockholder proposals submitted pursuant to Rule 14a-8 under the Exchange Act.",\bOur\s+Business\b,,DEF 14A,2022-04-22,0001193125-22-115153,https://www.sec.gov/Archives/edgar/data/1452965/000119312522115153/d301911ddef14a.htm,SEC submissions API cache,2022-10-22,2022-04-22,0001193125-22-115153,missing_employee_count,2021-10-22,DEF 14A,edgar_filing,0,0,0,0,182,183,2021,2022,"not stated, egc",1,0,0,0,Manufacturing,Life sciences / medical,US,1,Actual US state HQ,CA,"Santa Clara, CA",Unknown market tier,1,113.0,4.736198448394496,0,50
1844280,,"Thorne Healthtech, Inc.",not_continued,no_post_vacatur_relevant_filing,,,domestic,operating,<br>Emerging growth company,domestic; operating; common stock,2834,Pharmaceutical Preparations,,Nasdaq,,,DE,1231.0,843-501-0286,"620 OMNI INDUSTRIAL BLVD., SUMMERVILLE, SC, 29483",SUMMERVILLE,SC,,496.0,"December 31, 2021",mid-size (250-999 employees),employee_count_from_sec_filing,", business strategy, products and services we may offer in the future; • our ability to increase brand awareness, attract and retain customers and sell additional products and services to new and existing customers; • our ability to convert customers into recurring subscribers; • our ability to develop new products and services or improve existing products and services; • our future financial performance, including trends in net sales, costs of sales, gross profit, operating expenses and free cash flow; • expectations about industry trends, such as a shift towards personalized healthcare and increasing demand for convenience; • our ability to efficiently spend on advertising and marketing; • our ability to maintain profitability; • our ability to compete successfully in competitive markets and expand internationally, including the success of our Thorne Asia joint venture;",\bOur\s+Business\b,"As of December 31, 2021, we had 496 full-time employees across our company.",10-K,2022-03-16,0000950170-22-003967,https://www.sec.gov/Archives/edgar/data/1844280/000095017022003967/thrn-20211231.htm,SEC submissions API cache,2022-09-23,2022-04-22,0001193125-22-115188,,2021-09-23,DEF 14A,edgar_filing,0,0,0,0,211,154,2021,2022,"not stated, egc",1,0,0,0,Manufacturing,Life sciences / medical,US,1,Actual US state HQ,SC,"Summerville, SC",Unknown market tier,0,496.0,6.208590026096629,0,50
1866692,AMPL,"Amplitude, Inc.",not_continued,not_continued_in_reviewed_filings,,,domestic,operating,Large accelerated filer,domestic; operating; common stock,7372,Services-Prepackaged Software,Capital Market,Nasdaq,AMPL,Nasdaq,DE,1231.0,(415) 231-2353,"201 THIRD STREET, SUITE 200, SAN FRANCISCO, CA, 94103",SAN FRANCISCO,CA,,437.0,"December 31, 2025",mid-size (250-999 employees),employee_count_from_sec_filing,"—Competition” in this Annual Report on Form 10-K. 22 If we fail to innovate in response to changing customer needs and technology developments and other market requirements, our business, financial condition, and results of operations would be materially adversely affected. Our ability to attract new customers and retain and increase revenue from existing customers depends in large part on our ability to enhance and improve our AI Analytics Platform and to introduce new products, features, and functionality. In order to grow our business, we must develop products, features, and functionality that reflect the changing needs of customers, and we believe that the pace of innovation will continue to accelerate. The success of any enhancement to our AI Analytics Platform depends on several factors, including timely completion, adequate quality testing, and market acceptance.",\bItem\s+1\.\s+Business\b,"As of December 31, 2025, we had 437 employees in our sales and marketing organization.",10-K,2026-02-19,0001193125-26-057847,https://www.sec.gov/Archives/edgar/data/1866692/000119312526057847/ampl-20251231.htm,SEC submissions API cache,2022-09-28,2022-04-25,0001193125-22-117799,,2021-09-28,DEF 14A,edgar_filing,6,6,0,0,209,156,2021,2022,large accelerated,0,0,1,1,Services,Technology,US,1,Actual US state HQ,CA,"San Francisco, CA",Capital Market,0,437.0,6.082218910376446,1,50
1455365,CGTX,COGNITION THERAPEUTICS INC,continued,continued_other_narrative,2025-04-28,0001104659-25-040193,domestic,operating,<br>Emerging growth company,domestic; operating; common stock,2836,"Biological Products, (No Diagnostic Substances)",Capital Market,Nasdaq,CGTX,Nasdaq,DE,1231.0,412-481-2210,"2500 WESTCHESTER AVE, PURCHASE, NY, 10577",PURCHASE,NY,,14.0,"March 1, 2026",micro (<50 employees),employee_count_from_sec_filing,"Overview We are a clinical-stage biopharmaceutical company engaged in the discovery and development of innovative, small molecule therapeutics targeting age-related degenerative diseases and disorders of the central nervous system, or CNS, and retina. Currently available therapies for these diseases are limited, with many diseases having no approved therapies or treatments. Our goal is to develop disease-modifying treatments for patients with these degenerative disorders. Our lead product candidate, zervimesine, also known as CT1812, is an orally delivered, small molecule designed to protect neuronal synapses by preventing the binding of oligomers of pathogenic proteins including β-amyloid, or Aβ and ɑ-synuclein. These and similar protein oligomers have been linked to the progression of degenerative diseases such as Alzheimer’s disease, or AD, and dementia with Lewy bodies, or DLB.",\bItem\s+1\.\s+Business\b,"Employees and Human Capital Resources As of March 1, 2026, we had 14 employees, 14 of whom were full-time and 8 of whom were engaged in research and development activities.",10-K,2026-03-26,0001104659-26-034880,https://www.sec.gov/Archives/edgar/data/1455365/000110465926034880/cgtx-20251231x10k.htm,SEC submissions API cache,2022-10-08,2022-04-25,0001104659-22-049727,,2021-10-08,DEF 14A,edgar_filing,6,6,0,1,199,166,2021,2022,"not stated, egc",1,0,0,0,Manufacturing,Life sciences / medical,US,1,Actual US state HQ,NY,"Purchase, NY",Capital Market,0,14.0,2.70805020110221,1,50
1817004,NXXT,"NEXTNRG, INC.",continued,continued_same_matrix,2024-12-31,0001493152-24-052756,domestic,operating,<br>Emerging growth company,domestic; operating; common stock,5500,Retail-Auto Dealers & Gasoline Stations,Capital Market,Nasdaq,NXXT,Nasdaq,DE,1231.0,305-791-1169,"407 LINCOLN RD. #9F, MIAMI BEACH, FL, 33139",MIAMI BEACH,FL,,,,,sec_filer_category_only,"Overview EzFill is a leading on-demand fuel delivery company in South Florida and the only mobile fueling company that combines on-demand fills and subscription services which fill customer vehicles on routine intervals for the consumer, fleet, marine and other specialty markets. The emergence of the digital technology, GPS-Based / On-Demand consumer deliveries, and the sharp increase in home delivery of products and services during the COVID-era are trends expected to continue in the post-COVID economy. The increased adoption rate of such ‘at home’ or ‘at work’ delivery of products and services has become the method both individual and commercial customers prefer. EzFill provides customers in South Florida the ability to have fuel delivered to their vehicles (cars, trucks, and specialty vehicles) without having to leave the comfort of their home, office, and job site.",\bItem\s+1\.\s+Business\b,,10-K,2022-03-09,0001493152-22-006414,https://www.sec.gov/Archives/edgar/data/1817004/000149315222006414/form10-k.htm,SEC submissions API cache,2022-09-15,2022-04-25,0001493152-22-010860,missing_employee_count,2021-09-15,DEF 14A,edgar_filing,7,1,0,1,222,143,2021,2022,"not stated, egc",1,0,0,0,Retail,Retail / consumer,US,1,Actual US state HQ,FL,"Miami Beach, FL",Capital Market,1,113.0,4.736198448394496,1,50
1856608,,"Sovos Brands, Inc.",not_continued,no_post_vacatur_relevant_filing,,,domestic,operating,Large accelerated filer,domestic; operating; common stock,2000,Food and Kindred Products,,Nasdaq,,,DE,728.0,(702) 316-1225,"168 CENTENNIAL PARKWAY, SUITE 200, LOUISVILLE, CO, 80027",LOUISVILLE,CO,,608.0,"December 25, 2021",mid-size (250-999 employees),employee_count_from_sec_filing,"Overview Sovos Brands is a consumer-packaged food company that acquires and builds disruptive growth brands that bring today’s consumers great tasting food that fits the way they live. In 2017, our Founder, President and Chief Executive Officer, Todd R. Lachman, together with our Chairman, William R. Johnson, identified an opportunity within the broader food landscape to acquire and build a portfolio of disruptive growth brands whose high-quality products support premium positioning. With the backing of the globally established private equity firm, Advent, Sovos Brands was formed and has become a leading and differentiated premium player within the packaged food industry. Since our inception, we have been focused on building an organization with the capabilities to acquire, integrate and grow brands as we continue to scale.",\bItem\s+1\.\s+Business\b,"Human Capital, Employees and Labor Relations As of December 25, 2021, we had 608 full-time employees, with 211 salaried employees and 397 hourly employees.",10-K,2022-03-15,0001558370-22-003686,https://www.sec.gov/Archives/edgar/data/1856608/000155837022003686/sovos-20211225x10k.htm,SEC submissions API cache,2022-09-23,2022-04-25,0001558370-22-005891,,2021-09-23,DEF 14A,edgar_filing,0,0,0,0,214,151,2021,2022,large accelerated,0,0,1,1,Manufacturing,Other industries,US,1,Actual US state HQ,CO,"Louisville, CO",Unknown market tier,0,608.0,6.411818267709897,0,50
1745020,,"Theseus Pharmaceuticals, Inc.",not_continued,no_post_vacatur_relevant_filing,,,domestic,operating,<br>Emerging growth company,domestic; operating; common stock,2834,Pharmaceutical Preparations,,Nasdaq,,,DE,1231.0,(857) 400-9491,"314 MAIN STREET, SUITE 04-200, CAMBRIDGE, MA, 02142",CAMBRIDGE,MA,,,,,sec_filer_category_only,"affairs are managed under the direction of our Board of Directors, which currently consists of five members. Our Board of Directors is divided into three classes with staggered three-year terms. At each annual meeting of stockholders, the successors to directors whose terms then expire will be elected to serve from the time of election and qualification until the third annual meeting following election. Our directors are divided among the three classes as follows: ● Class I directors (terms expiring at the Annual Meeting) – Dr. Dukes and Ms. Yi; ● Class II directors (terms expiring at the 2023 annual meeting of stockholders) – Dr. Gordon and Dr. Rome; and ● Class III directors (terms expiring at the 2024 annual meeting of stockholders) – Dr.",\bOur\s+Business\b,,DEF 14A,2022-04-25,0001558370-22-005880,https://www.sec.gov/Archives/edgar/data/1745020/000155837022005880/tmb-20220610xdef14a.htm,SEC submissions API cache,2022-10-07,2022-04-25,0001558370-22-005880,missing_employee_count,2021-10-07,DEF 14A,edgar_filing,0,0,0,0,200,165,2021,2022,"not stated, egc",1,0,0,0,Manufacturing,Life sciences / medical,US,1,Actual US state HQ,MA,"Cambridge, MA",Unknown market tier,1,113.0,4.736198448394496,0,50
1781730,TCBX,"Third Coast Bancshares, Inc.",continued,continued_other_narrative,2025-04-17,0001193125-25-083409,domestic,operating,<br>Emerging growth company,domestic; operating; common stock,6036,"Savings Institutions, Not Federally Chartered",,Nasdaq,TCBX,NYSE,TX,1231.0,2814467000,"20202 HIGHWAY 59 NORTH, SUITE 190, HUMBLE, TX, 77338",HUMBLE,TX,,412.0,"December 31, 2025",mid-size (250-999 employees),employee_count_from_sec_filing,"; • credit risks associated with our real estate and construction lending; • the adequacy of our allowance for credit losses; • the amount of nonperforming and classified assets that we hold; • our borrowers’ ability to repay loans; • the risk of fraud related to our asset-based lending and commercial finance products; • additional debt or future issuances of new debt securities or preferred stock; • our ability to raise additional capital in the future; • changes in key management personnel; • the accuracy of the valuation techniques we use in evaluating collateral; • competition from financial services companies and other companies that offer banking services; • systems failures, fraudulent activity, interruptions or data breaches involving our information technology and communications systems of third parties; • natural disasters, pandemics, epidemics and other catastrophes;",\bOur\s+Business\b,"As of December 31, 2025, the Company employed 412 employees.",10-K,2026-03-04,0001193125-26-091656,https://www.sec.gov/Archives/edgar/data/1781730/000119312526091656/tcbx-20251231.htm,SEC submissions API cache,2022-11-09,2022-04-25,0001193125-22-117790,,2021-11-09,DEF 14A,edgar_filing,4,4,0,1,167,198,2021,2022,"not stated, egc",1,0,0,0,Finance/real estate,Other industries,US,1,Actual US state HQ,TX,"Humble, TX",Unknown market tier,0,412.0,6.023447592961033,1,50
1866757,BRLT,"Brilliant Earth Group, Inc.",continued,continued_other_narrative,2025-03-13,0001866757-25-000038,domestic,operating,Non-accelerated filer<br>Smaller reporting company<br>Emerging growth company,domestic; operating; common stock,3910,"Jewelry, Silverware & Plated Ware",Global Market,Nasdaq,BRLT,Nasdaq,NV,1231.0,(415) 918-5551,"300 GRANT AVENUE, 3RD FLOOR, SAN FRANCISCO, CA, 94108",SAN FRANCISCO,CA,,,,,sec_filer_category_only,"Overview Brilliant Earth is an innovative, digitally native omnichannel jewelry company, and a global leader in ethically sourced fine jewelry. We offer exclusive designs with superior craftsmanship and supply chain transparency, delivered to customers through a highly personalized omnichannel experience. Our extensive collection of premium-quality diamond engagement and wedding rings, gemstone rings, and fine jewelry is conceptualized by our leading in-house design studio and then brought to life by expert jewelers. From our award-winning jewelry designs to our responsibly sourced materials, at Brilliant Earth we aspire to exceptional standards in everything we do.",\bItem\s+1\.\s+Business\b,,10-K,2026-03-17,0001628280-26-018794,https://www.sec.gov/Archives/edgar/data/1866757/000162828026018794/brlt-20251231.htm,SEC submissions API cache,2022-09-23,2022-04-26,0001866757-22-000077,missing_employee_count,2021-09-23,DEF 14A,edgar_filing,7,7,0,1,215,150,2021,2022,"accelerated, smaller reporting, egc",1,1,0,1,Manufacturing,Other industries,US,1,Actual US state HQ,CA,"San Francisco, CA",Global Market,1,113.0,4.736198448394496,1,50
1645569,,"DICE Therapeutics, Inc.",not_continued,no_post_vacatur_relevant_filing,,,domestic,operating,<br>Emerging growth company,domestic; operating; common stock,2834,Pharmaceutical Preparations,Global Market,Nasdaq,,,DE,1230.0,650-566-1402,"400 EAST JAMIE COURT, SUITE 300, SOUTH SAN FRANCISCO, CA, 94080",SOUTH SAN FRANCISCO,CA,,46.0,"December 31, 2021",micro (<50 employees),employee_count_from_sec_filing,". We are a biopharmaceutical company leveraging our proprietary technology platform to build a pipeline of novel oral therapeutic candidates to treat chronic diseases in immunology and other therapeutic areas. We are initially focused on developing oral therapeutics against well-validated targets in immunology, with the goal of achieving comparable potency to their systemic biologic counterparts, which have demonstrated the greatest therapeutic benefit to date in these disease areas. Our platform, which we refer to as DELSCAPE, is designed to discover selective oral small molecules with the potential to modulate protein-protein interactions (PPIs) as effectively as systemic biologics. We believe there is a significant unmet medical need for convenient oral therapies in chronic immunological diseases that offer the therapeutic benefits of systemic biologics.",\bItem\s+1\.\s+Business\b,"Employees and Human Capital As of December 31, 2021, we had 46 full-time employees, including 17 employees with Ph.",10-K,2022-03-28,0001564590-22-011972,https://www.sec.gov/Archives/edgar/data/1645569/000156459022011972/dice-10k_20211231.htm,SEC submissions API cache,2022-09-15,2022-04-26,0001564590-22-015687,,2021-09-15,DEF 14A,edgar_filing,0,0,0,0,223,142,2021,2022,"not stated, egc",1,0,0,0,Manufacturing,Life sciences / medical,US,1,Actual US state HQ,CA,"South San Francisco, CA",Global Market,0,46.0,3.8501476017100584,0,50
1412558,EVO,Evotec SE,continued,continued_same_matrix,2025-04-17,0001104659-25-035638,foreign_private_issuer,other,Large accelerated filer,foreign_private_issuer; other; ADS,2834,Pharmaceutical Preparations,Global Select,Nasdaq,EVO;EVOTF,Nasdaq;OTC,Germany,1231.0,49-40-560-810,"ESSENER BOGEN 7, HAMBURG, 22419, Germany",HAMBURG,Germany,Germany,,,,sec_filer_category_only,"A. History and development of the company . We were incorporated on December 8, 1993, as a company with limited liability ( Gesellschaft mit beschränkter Haftung ) under the laws of Germany under the name EVOTEC BioSystems GmbH, formerly registered with the commercial register ( Handelsregister ) of the local court ( Amtsgericht ) of Hamburg, Germany, under the number HRB 54731. On August 7, 1998, we were converted into a German stock corporation ( Aktiengesellschaft ) under the laws of Germany under the name EVOTEC BioSystems Aktiengesellschaft, formerly registered with the commercial register ( Handelsregister ) of the local court ( Amtsgericht ) of Hamburg, Germany, under the number HRB 68223. On February 28, 2002, we changed our name to Evotec OAI AG, and on June 8, 2005, we changed our name to Evotec AG.",\bItem\s+4\.\s+Information\s+on\s+the\s+Company\b,,20-F,2025-04-17,0001104659-25-035638,https://www.sec.gov/Archives/edgar/data/1412558/000110465925035638/evo-20241231x20f.htm,SEC submissions API cache,2022-11-04,2022-04-26,0001104659-22-049929,missing_employee_count,2021-11-04,20-F,edgar_filing,25,1,0,1,173,192,2021,2022,large accelerated,0,0,1,1,Manufacturing,Life sciences / medical,Europe,0,Non-US / non-state HQ,Not actual US state HQ,Not actual US state HQ,Global Select,1,113.0,4.736198448394496,1,50
1840233,XLO,"Xilio Therapeutics, Inc.",not_continued,not_continued_in_reviewed_filings,,,domestic,operating,Non-accelerated filer<br>Smaller reporting company<br>Emerging growth company,domestic; operating; common stock,2834,Pharmaceutical Preparations,Capital Market,Nasdaq,XLO,Nasdaq,DE,1231.0,617-833-1027,"828 WINTER STREET, WALTHAM, MA, 02451",WALTHAM,MA,,76.0,"February 28, 2026",small (50-249 employees),employee_count_from_sec_filing,"We are a clinical-stage biotechnology company discovering and developing masked immuno-oncology, or I-O, therapies with the goal of significantly improving outcomes for people living with cancer. Leveraging our clinically-validated masking technology and capabilities, we are developing I-O therapies designed to selectively activate within the tumor microenvironment to achieve durable efficacy without the severe side effects associated with systemically active I-O agents. Our integrated biology and protein engineering approach enables us to design and develop highly potent, masked biologics that are activated, or unmasked, by tumor-specific proteases within the tumor microenvironment.",\bBusiness\s+Overview\b,"Employees and Human Capital Resources As of February 28, 2026, we had 76 full-time employees, including 30 employees with M.",10-K,2026-03-23,0001193125-26-118550,https://www.sec.gov/Archives/edgar/data/1840233/000119312526118550/xlo-20251231.htm,SEC submissions API cache,2022-10-22,2022-04-26,0001558370-22-005974,,2021-10-22,DEF 14A,edgar_filing,11,11,0,0,186,179,2021,2022,"accelerated, smaller reporting, egc",1,1,0,1,Manufacturing,Life sciences / medical,US,1,Actual US state HQ,MA,"Waltham, MA",Capital Market,0,76.0,4.343805421853684,1,50
1874178,RIVN,"Rivian Automotive, Inc. / DE",continued,continued_other_narrative,2025-04-18,0001874178-25-000015,domestic,operating,Large accelerated filer,domestic; operating; common stock,3711,Motor Vehicles & Passenger Car Bodies,Global Select,Nasdaq,RIVN,Nasdaq,DE,1231.0,(888) 748-4261,"14600 MYFORD ROAD, IRVINE, CA, 92618",IRVINE,CA,,15232.0,"December 31, 2025","enterprise (10,000+ employees)",employee_count_from_sec_filing,"Overview Rivian is an American automotive technology company that develops and manufactures category-defining electric vehicles as well as vertically integrated technologies and services. Through innovation across its electrical architecture, end-to-end software, autonomous driving platform, artificial intelligence, and propulsion, the Company creates vehicles that excel at work and play with the goal of accelerating the global transition to zero-emission transportation and energy. Rivian vehicles are manufactured in the United States and are sold directly to consumer and commercial customers. Whether taking families on new adventures or electrifying fleets at scale, Rivian vehicles all share a common goal — preserving the natural world for generations to come.",\bItem\s+1\.\s+Business\b,"Human Capital As of December 31, 2025, including the consolidated Joint Venture, we had 15,232 employees across North America and Europe.",10-K,2026-02-12,0001874178-26-000008,https://www.sec.gov/Archives/edgar/data/1874178/000187417826000008/rivn-20251231.htm,SEC submissions API cache,2022-11-10,2022-04-27,0001874178-22-000021,,2021-11-10,DEF 14A,edgar_filing,7,7,0,1,168,197,2021,2022,large accelerated,0,0,1,1,Manufacturing,Other industries,US,1,Actual US state HQ,CA,"Irvine, CA",Global Select,0,15232.0,9.631219406136701,1,50
1851194,,"Ventyx Biosciences, Inc.",continued,continued_other_narrative,2025-04-23,0000950170-25-057384,domestic,operating,Non-accelerated filer<br>Smaller reporting company,domestic; operating; common stock,2834,Pharmaceutical Preparations,,Nasdaq,,,DE,1231.0,7604076511,"12790 EL CAMINO REAL, SUITE 200, SAN DIEGO, CA, 92130",SAN DIEGO,CA,,79.0,"December 31, 2024",small (50-249 employees),employee_count_from_sec_filing,", including seeking, maintaining and defending patent rights, whether developed internally or licensed from third parties. Our policy is to seek to protect our proprietary position by, among other methods, filing patent applications in the U.S. and in jurisdictions outside of the U.S. directed to our proprietary technology, inventions, improvements and product candidates that are important to the development and implementation of our business. We also rely on trade secrets and know-how relating to our proprietary technology and product candidates and continuing innovation to develop, strengthen and maintain our proprietary position. We also plan to rely on data exclusivity, market exclusivity and patent term extensions when available.",\bOur\s+Business\b,"Employees and Human Capital Resources As of December 31, 2024, we had 79 full-time employees and 3 part-time employees, 21 of whom have a Ph.",10-K,2025-02-27,0000950170-25-029245,https://www.sec.gov/Archives/edgar/data/1851194/000095017025029245/vtyx-20241231.htm,SEC submissions API cache,2022-10-21,2022-04-27,0001193125-22-123613,,2021-10-21,DEF 14A,edgar_filing,14,14,0,1,188,177,2021,2022,"accelerated, smaller reporting",0,1,0,1,Manufacturing,Life sciences / medical,US,1,Actual US state HQ,CA,"San Diego, CA",Unknown market tier,0,79.0,4.382026634673881,0,50
1653909,BIRD,"Allbirds, Inc.",continued,continued_other_narrative,2025-04-24,0001653909-25-000014,domestic,operating,<br>Emerging growth company,domestic; operating; common stock,2300,Apparel & Other Finishd Prods of  Fabrics & Similar Matl,Global Select,Nasdaq,BIRD,Nasdaq,DE,1231.0,628-225-4848,"530 WASHINGTON STREET, SAN FRANCISCO, CA",SAN FRANCISCO,CA,,,,,sec_filer_category_only,"Overview Allbirds is a global lifestyle brand that innovates with naturally derived materials to make better footwear and apparel products in a better way, while treading lighter on our planet. We began our journey in 2015 with three fundamental beliefs about the emerging generation of consumers: first, these consumers recognize that climate change is an existential threat to the human race; second, these consumers connect their purchase decisions with their impact on the planet, demanding more from businesses; and third, these consumers do not want to compromise between looking good, feeling good, and doing good.",\bItem\s+1\.\s+Business\b,,10-K,2026-03-31,0001628280-26-022192,https://www.sec.gov/Archives/edgar/data/1653909/000162828026022192/bird-20251231.htm,SEC submissions API cache,2022-11-03,2022-04-28,0001653909-22-000029,missing_employee_count,2021-11-03,DEF 14A,edgar_filing,8,8,0,1,176,189,2021,2022,"not stated, egc",1,0,0,0,Manufacturing,Other industries,US,1,Actual US state HQ,CA,"San Francisco, CA",Global Select,1,113.0,4.736198448394496,1,50
1667011,AIP,"Arteris, Inc.",continued,continued_other_narrative,2025-04-23,0001193125-25-091349,domestic,operating,Non-accelerated filer<br>Smaller reporting company<br>Emerging growth company,domestic; operating; common stock,3674,Semiconductors & Related Devices,Global Market,Nasdaq,AIP,Nasdaq,DE,1231.0,(408) 470-7300,"900 E. HAMILTON AVE, SUITE 300, CAMPBELL, CA, 95008",CAMPBELL,CA,,299.0,,mid-size (250-999 employees),employee_count_from_sec_filing,"Overview We are a leading provider of semiconductor system IP, including interconnect and other intellectual property (collectively, System IP) technology. Our System IP technology manages on-chip communications and IP block deployments by helping to enable the underlying data movement across chiplets, single-die and multi-die System-on-Chip (SoC) semiconductors. Our leading proprietary System IP solutions achieve this by connecting various semiconductor IP blocks such as processors, memory and logic via multiple Network-on-Chips (NoCs) in order for our customers to meet functional design goals as well as performance and power requirements, while addressing design complexity with efficient and lower cost solutions.",\bItem\s+1\.\s+Business\b,"025, we had 299 employees as follows: Number Function Research and development 170 Sales and marketing 81 Administration 48 Geographic Distribution United States 96 France 150 China 21 Poland 12 South Korea 8 Japan 6 Elsewhere 6 We consider relations with our employees to be good and have never experienced a work stoppage.",10-K,2026-02-12,0001628280-26-007726,https://www.sec.gov/Archives/edgar/data/1667011/000162828026007726/aip-20251231.htm,SEC submissions API cache,2022-10-27,2022-04-28,0001193125-22-127538,,2021-10-27,DEF 14A,edgar_filing,6,6,0,1,183,182,2021,2022,"accelerated, smaller reporting, egc",1,1,0,1,Manufacturing,Technology,US,1,Actual US state HQ,CA,"Campbell, CA",Global Market,0,299.0,5.703782474656201,1,50
1501796,AURA,"Aura Biosciences, Inc.",continued,continued_other_narrative,2025-04-24,0000950170-25-058062,domestic,operating,Non-accelerated filer<br>Smaller reporting company<br>Emerging growth company,domestic; operating; common stock,2836,"Biological Products, (No Diagnostic Substances)",Global Market,Nasdaq,AURA,Nasdaq,DE,1231.0,(617)500-8864,"80 GUEST STREET, BOSTON, MA, 02135",BOSTON,MA,,113.0,"February 28, 2026",small (50-249 employees),employee_count_from_sec_filing,"model, and strategic plans for our business and product candidates; ▪ the scope of protection we are able to establish and maintain for intellectual property rights covering our product candidates; ▪ estimates of our future expenses, revenues, capital requirements and our needs for additional financing; ▪ the potential benefits of strategic collaboration agreements, our ability to enter into strategic collaborations or arrangements and our ability to attract collaborators with development, regulatory and commercialization expertise; ▪ future agreements with third parties in connection with the commercialization of product candidates and any other approved product; ▪ the size and growth potential of the markets for our product candidates and our ability to serve those markets; ▪ our financial performance; ▪ the rate and degree of market acceptance of our product candidates;",\bOur\s+Business\b,"Human Capital As of February 28, 2026, we had 113 full-time employees and no part-time employees, of which 29 have M.",10-K,2026-03-30,0001193125-26-130401,https://www.sec.gov/Archives/edgar/data/1501796/000119312526130401/aura-20251231.htm,SEC submissions API cache,2022-10-29,2022-04-28,0001193125-22-127614,,2021-10-29,DEF 14A,edgar_filing,7,7,0,1,181,184,2021,2022,"accelerated, smaller reporting, egc",1,1,0,1,Manufacturing,Life sciences / medical,US,1,Actual US state HQ,MA,"Boston, MA",Global Market,0,113.0,4.736198448394496,1,50
1858257,,"AvidXchange Holdings, Inc.",not_continued,not_continued_in_reviewed_filings,,,domestic,operating,Large accelerated filer,domestic; operating; common stock,7372,Services-Prepackaged Software,,Nasdaq,,,DE,1231.0,8005609305,"1210 AVIDXCHANGE LANE, CHARLOTTE, NC, 28206",CHARLOTTE,NC,,,,,sec_filer_category_only,". General Developments 2024 Year in Review We introduced new partnerships and focused on improvements to our product set in 2024, all in support of revenue growth while at the same time taking actions to control our costs. This strategy enabled us to mark a milestone as we achieved our first-ever GAAP net income in the second quarter of fiscal year 2024, ahead of our third anniversary as a publicly traded company. We believe that this profitability milestone was, in part, attributable to how our value proposition of accounts payable automation and payments solutions, built upon our two-sided network of buyers and suppliers, continued to resonate with middle market companies. Highlights related to growth and retention included:",\bItem\s+1\.\s+Business\b,,10-K,2025-02-28,0000950170-25-029974,https://www.sec.gov/Archives/edgar/data/1858257/000095017025029974/avdx-20241231.htm,SEC submissions API cache,2022-10-13,2022-04-28,0001193125-22-127975,missing_employee_count,2021-10-13,DEF 14A,edgar_filing,16,16,0,0,197,168,2021,2022,large accelerated,0,0,1,1,Services,Technology,US,1,Actual US state HQ,NC,"Charlotte, NC",Unknown market tier,1,113.0,4.736198448394496,0,50
1588978,PRCT,PROCEPT BioRobotics Corp,continued,continued_same_matrix,2025-04-25,0001588978-25-000028,domestic,operating,Large accelerated filer,domestic; operating; common stock,3841,Surgical & Medical Instruments & Apparatus,Global Market,Nasdaq,PRCT,Nasdaq,DE,1231.0,6502329832,"150 BAYTECH DRIVE, SAN JOSE, CA, 95134",SAN JOSE,CA,,756.0,"December 31, 2024",mid-size (250-999 employees),employee_count_from_sec_filing,"Overview We are a surgical robotics company focused on advancing patient care by developing transformative solutions in urology. We develop, manufacture and sell the AquaBeam Robotic System and HYDROS Robotic System, which are advanced, image-guided, surgical robotic systems for use in minimally invasive urologic surgery, with an initial focus on treating benign prostatic hyperplasia, or BPH. BPH is the most common prostate disease and impacts approximately 40 million men in the United States. Each of our robotic systems employs a single-use disposable handpiece to deliver our proprietary Aquablation therapy, which combines real-time, multi-dimensional imaging, personalized treatment planning, automated robotics and heat-free waterjet ablation for targeted and rapid removal of prostate tissue. We designed our robotic systems to enable consistent and reproducible BPH surgery outcomes.",\bItem\s+1\.\s+Business\b,"As of December 31, 2024, we had 756 employees.",10-K,2025-02-27,0001588978-25-000007,https://www.sec.gov/Archives/edgar/data/1588978/000158897825000007/prct-20241231.htm,SEC submissions API cache,2022-09-15,2022-04-28,0001628280-22-011112,,2021-09-15,DEF 14A,edgar_filing,7,3,0,1,225,140,2021,2022,large accelerated,0,0,1,1,Manufacturing,Life sciences / medical,US,1,Actual US state HQ,CA,"San Jose, CA",Global Market,0,756.0,6.6293632534374485,1,50
1782223,PYXS,"Pyxis Oncology, Inc.",not_continued,not_continued_in_reviewed_filings,,,domestic,operating,Non-accelerated filer<br>Smaller reporting company<br>Emerging growth company,domestic; operating; common stock,2834,Pharmaceutical Preparations,Global Select,Nasdaq,PYXS,Nasdaq,DE,1231.0,(617) 221-9059,"321 HARRISON AVENUE, BOSTON, MA, 02118",BOSTON,MA,,,,,sec_filer_category_only,". Overview Pyxis Oncology is a clinical-stage oncology company advancing a development strategy focused on addressing unmet medical needs in patients with solid tumors with an immediate focus on head and neck squamous cell carcinoma (HNSCC). Our lead product candidate, micvotabart pelidotin (MICVO, formerly PYX-201), is an investigational novel antibody-drug conjugate (ADC) that uniquely targets the splice variant of fibronectin, extradomain-B of fibronectin (EDB+FN), a non-cellular structural component of the extracellular matrix (ECM) in the tumor microenvironment (TME).",\bItem\s+1\.\s+Business\b,,10-K,2026-03-23,0001193125-26-118532,https://www.sec.gov/Archives/edgar/data/1782223/000119312526118532/pyxs-20251231.htm,SEC submissions API cache,2022-10-08,2022-04-28,0001193125-22-127710,missing_employee_count,2021-10-08,DEF 14A,edgar_filing,6,6,0,0,202,163,2021,2022,"accelerated, smaller reporting, egc",1,1,0,1,Manufacturing,Life sciences / medical,US,1,Actual US state HQ,MA,"Boston, MA",Global Select,1,113.0,4.736198448394496,1,50
1863127,TYRA,"Tyra Biosciences, Inc.",not_continued,not_continued_in_reviewed_filings,,,domestic,operating,Non-accelerated filer<br>Smaller reporting company<br>Emerging growth company,domestic; operating; common stock,2834,Pharmaceutical Preparations,Global Select,Nasdaq,TYRA,Nasdaq,DE,1231.0,(619) 728-4760,"2656 STATE STREET, CARLSBAD, CA, 92008",CARLSBAD,CA,,87.0,"February 25, 2026",small (50-249 employees),employee_count_from_sec_filing,"through a variety of methods, including seeking and maintaining patents intended to cover our product candidates and compositions, their methods of use and processes for their manufacture, and any other inventions that are important to our business. We rely on know-how and continuing technological innovation to develop and maintain our proprietary position. We also rely on trade secrets and know-how that may be important to the development of our business. We seek to obtain domestic and international patent protection and endeavor to promptly file patent applications for new commercially valuable inventions to expand our intellectual property portfolio. We are building a patent portfolio and have substantial confidential know-how relating to our product candidates and SNÅP platform. As of March 1, 2026, our intellectual property portfolio consists of three granted U.S.",\bOur\s+Business\b,"32 Human Capital As of February 25, 2026, we had 87 full-time employees, including a total of 21 employees with M.",10-K,2026-03-02,0001193125-26-085490,https://www.sec.gov/Archives/edgar/data/1863127/000119312526085490/tyra-20251231.htm,SEC submissions API cache,2022-09-15,2022-04-28,0001193125-22-127537,,2021-09-15,DEF 14A,edgar_filing,6,6,0,0,225,140,2021,2022,"accelerated, smaller reporting, egc",1,1,0,1,Manufacturing,Life sciences / medical,US,1,Actual US state HQ,CA,"Carlsbad, CA",Global Select,0,87.0,4.477336814478207,1,50
1827087,,"Vigil Neuroscience, Inc.",continued,continued_other_narrative,2025-03-31,0001193125-25-067733,domestic,operating,<br>Emerging growth company,domestic; operating; common stock,2836,"Biological Products, (No Diagnostic Substances)",,Nasdaq,,,DE,1231.0,857-254-4445,"100 FORGE ROAD, SUITE 700, WATERTOWN, MA, 02472",WATERTOWN,MA,,69.0,"February 28, 2025",small (50-249 employees),employee_count_from_sec_filing,". Overview We are a clinical-stage biotechnology company dedicated to improving the lives of patients, caregivers, and families affected by rare and common neurodegenerative diseases by pursuing the development of disease-modifying therapeutics to restore the vigilance of microglia. Microglia are the sentinel immune cells of the brain and play a critical role in maintaining central nervous system (CNS) health and responding to damage caused by disease. Leveraging recent research implicating microglial dysfunction in neurodegenerative diseases, we utilize a precision medicine approach to develop a pipeline of therapeutic candidates, initially addressing genetically defined patient subpopulations, that we believe will activate and restore microglial function.",\bItem\s+1\.\s+Business\b,"Human Capital Resources As of February 28, 2025, we had 69 full-time employees and 20 of our employees have M.",10-K,2025-03-13,0000950170-25-038329,https://www.sec.gov/Archives/edgar/data/1827087/000095017025038329/vigl-20241231.htm,SEC submissions API cache,2023-01-07,2022-04-28,0001193125-22-127499,,2022-01-07,DEF 14A,edgar_filing,8,8,0,1,111,254,2022,2023,"not stated, egc",1,0,0,0,Manufacturing,Life sciences / medical,US,1,Actual US state HQ,MA,"Watertown, MA",Unknown market tier,0,69.0,4.248495242049359,0,50
1476840,EXFY,"Expensify, Inc.",continued,continued_other_narrative,2025-02-27,0001476840-25-000018,domestic,operating,Accelerated filer<br>Smaller reporting company,domestic; operating; common stock,7372,Services-Prepackaged Software,Global Select,Nasdaq,EXFY,Nasdaq,DE,1231.0,(520) 271-0858,"88 KEARNY ST, STE 1600, SAN FRANCISCO, CA, 94108",SAN FRANCISCO,CA,,117.0,"December 31, 2025",small (50-249 employees),employee_count_from_sec_filing,"OVERVIEW Expensify is a leading cloud-based expense management software platform that helps the smallest to the largest businesses simplify the way they manage money. Every day, people from all walks of life in organizations around the world use Expensify to scan and reimburse receipts from flights, hotels, coffee shops, office supplies and ride shares. Since our founding in 2008, we have added over 15 million members to our community, and processed and automated over 1.8 billion expense transactions on our platform as of December 31, 2025, freeing people to spend less time managing expenses and more time doing the things they love. For the quarter ended December 31, 2025, an average of 650,000 paid members across an average of 39,700 companies and over 200 countries and territories used Expensify to make money easy.",\bItem\s+1\.\s+Business\b,"As of December 31, 2025 we had 117 full-time employees.",10-K,2026-02-26,0001476840-26-000009,https://www.sec.gov/Archives/edgar/data/1476840/000147684026000009/exfy-20251231.htm,SEC submissions API cache,2022-11-10,2022-04-29,0001476840-22-000036,,2021-11-10,DEF 14A,edgar_filing,7,7,0,1,170,195,2021,2022,"accelerated, smaller reporting",0,1,0,1,Services,Technology,US,1,Actual US state HQ,CA,"San Francisco, CA",Global Select,0,117.0,4.770684624465665,1,50
1780201,LVLU,"Lulu's Fashion Lounge Holdings, Inc.",continued,continued_other_narrative,2025-04-14,0001140361-25-013751,domestic,operating,<br>Emerging growth company,domestic; operating; common stock,5961,Retail-Catalog & Mail-Order Houses,Capital Market,Nasdaq,LVLU,Nasdaq,DE,103.0,530-343-3545,"495 RYAN AVENUE, SUITE 125, CHICO, CA, 95973",CHICO,CA,,,,,sec_filer_category_only,". Our Business Lulus is a women’s clothing brand offering modern, feminine styles at accessible prices for every occasion. Our goal is to make every customer feel their most confident and beautiful for the moments that matter most. Lulus primarily serves a large, diverse community of Gen Z and Millennial women, who typically meet us in their 20s and stay with us through their 30s and beyond. We use direct customer feedback and insights to refine product offerings and elevate the customer experience. Lulus’ world-class personal stylists, bridal concierge, and customer care team provide thoughtful, personalized service to shoppers around the world . We are focused on building authentic personal relationships with our customers and offering them coveted products they cannot purchase elsewhere.",\bItem\s+1\.\s+Business\b,,10-K,2026-03-30,0001104659-26-036884,https://www.sec.gov/Archives/edgar/data/1780201/000110465926036884/lvlu-20251228x10k.htm,SEC submissions API cache,2022-11-11,2022-04-29,0001140361-22-016935,missing_employee_count,2021-11-11,DEF 14A,edgar_filing,8,8,0,1,169,196,2021,2022,"not stated, egc",1,0,0,0,Retail,Retail / consumer,US,1,Actual US state HQ,CA,"Chico, CA",Capital Market,1,113.0,4.736198448394496,1,50
1574094,RNXT,"RenovoRx, Inc.",continued,continued_other_narrative,2025-04-30,0001641172-25-007884,domestic,operating,Non-accelerated filer<br>Smaller reporting company<br>Emerging growth company,domestic; operating; common stock,2834,Pharmaceutical Preparations,Capital Market,Nasdaq,RNXT,Nasdaq,DE,1231.0,408-800-2649,"2570 W. EL CAMINO REAL, STE. 320,, MOUNTAIN VIEW, CA, 94040",MOUNTAIN VIEW,CA,,,,,sec_filer_category_only,"—Government Regulation for more information. We may be required to suspend or discontinue clinical trials due to unexpected side effects or other safety risks that could preclude approval of our product candidates. Our clinical trials may be suspended at any time for a number of reasons. For example, we may voluntarily suspend or terminate our clinical trials if at any time we believe that they present an unacceptable risk to the clinical trial 15 patients. In addition, the FDA or other regulatory agencies may order the temporary or permanent discontinuation of our clinical trials at any time if they believe that the clinical trials are not being conducted in accordance with applicable regulatory requirements or that they present an unacceptable safety risk to the clinical trial patients. Administering our product candidates to humans may produce undesirable side effects.",\bItem\s+1\.\s+Business\b,,10-K/A,2026-05-15,0001193125-26-227256,https://www.sec.gov/Archives/edgar/data/1574094/000119312526227256/rnxt-20251231.htm,SEC submissions API cache,2022-08-26,2022-04-29,0001493152-22-011553,missing_employee_count,2021-08-26,DEF 14A,edgar_filing,5,5,0,1,246,119,2021,2022,"accelerated, smaller reporting, egc",1,1,0,1,Manufacturing,Life sciences / medical,US,1,Actual US state HQ,CA,"Mountain View, CA",Capital Market,1,113.0,4.736198448394496,1,50
1645070,,Sterling Check Corp.,not_continued,no_post_vacatur_relevant_filing,,,domestic,operating,<br>Emerging growth company,domestic; operating; common stock,7374,Services-Computer Processing & Data Preparation,,Nasdaq,,,DE,1231.0,19175485241,"STERLING CHECKCORP INC., 6150 OAK TREE BOULEVARD, SUITE 490, INDEPENDENCE, OH, 44131",INDEPENDENCE,OH,,,,,sec_filer_category_only,". Sterling Overview Sterling Check Corp. (“the Company,” “Sterling,” “we,” “us” or “our”) is incorporated in the state of Delaware and its principal executive offices are at 1 State Street Plaza, 24 th Floor, New York, New York. Our phone number is 1 (800) 853-3228 and our website address is www.sterlingcheck.com . Our common stock is traded on the Nasdaq Stock Market LLC under the symbol “STER”. We are a leading global provider of technology-enabled background and identity verification services. We provide the foundation of trust and safety our clients need to create great environments for their most essential resource—people.",\bItem\s+1\.\s+Business\b,,10-K,2022-03-16,0001645070-22-000016,https://www.sec.gov/Archives/edgar/data/1645070/000164507022000016/ster-20211231.htm,SEC submissions API cache,2022-09-23,2022-04-29,0001140361-22-016924,missing_employee_count,2021-09-23,DEF 14A,edgar_filing,0,0,0,0,218,147,2021,2022,"not stated, egc",1,0,0,0,Services,Technology,US,1,Actual US state HQ,OH,"Independence, OH",Unknown market tier,1,113.0,4.736198448394496,0,50
1866550,,"Thoughtworks Holding, Inc.",not_continued,no_post_vacatur_relevant_filing,,,domestic,operating,Large accelerated filer,domestic; operating; common stock,7371,Services-Computer Programming Services,,Nasdaq,,,DE,1231.0,312-373-1000,"200 EAST RANDOLPH STREET, 25TH FLOOR, CHICAGO, IL, 60601",CHICAGO,IL,,,,,sec_filer_category_only,"Overview Thoughtworks Holding, Inc. (""Thoughtworks,"" the ""Company,"" ""we,"" ""us,"" or ""our"") is a premium global technology consultancy that integrates strategy, design and software engineering to enable enterprises and technology disruptors across the globe to thrive as modern digital businesses. Thoughtworks exists to deliver extraordinary impact for clients, employees, partners and the communities we serve through our culture and technology excellence. In the face of ongoing digital disruption, many companies lack the capabilities and talent necessary to keep pace with the accelerating rate of technological change. Thoughtworks has been a thought leader at the forefront of technology innovation for the past 28 years. We leverage our vast experience to improve our clients’ ability to flourish in the digital era.",\bItem\s+1\.\s+Business\b,,10-K,2022-03-08,0001866550-22-000006,https://www.sec.gov/Archives/edgar/data/1866550/000186655022000006/twks-20211231.htm,SEC submissions API cache,2022-09-15,2022-04-29,0001140361-22-016768,missing_employee_count,2021-09-15,DEF 14A,edgar_filing,0,0,0,0,226,139,2021,2022,large accelerated,0,0,1,1,Services,Technology,US,1,Actual US state HQ,IL,"Chicago, IL",Unknown market tier,1,113.0,4.736198448394496,0,50
1769804,,"Augmedix, Inc.",not_continued,no_post_vacatur_relevant_filing,,,domestic,operating,<br>Emerging growth company,domestic; operating; common stock,7389,"Services-Business Services, NEC",,Nasdaq,,,DE,1231.0,561-989-2208,"111 SUTTER STREET, SUITE 1300, SAN FRANCISCO, CA, 94104",SAN FRANCISCO,CA,,,,,sec_filer_category_only,"as a result of the Merger. On October 5, 2020, our board of directors and all of our pre -Merger stockholders approved a restated certificate of incorporation, which was effective upon its filing with the Secretary of State of the State of Delaware on October 5, 2020 and through which we changed our name to “Augmedix, Inc.” Our common stock is currently listed and traded on the Nasdaq Capital Market (“Nasdaq”) under the symbol “AUGX”. EXPLANATORY NOTE We are an “emerging growth company” under applicable federal securities laws and therefore permitted to take advantage of certain reduced public company reporting requirements.",\bOur\s+Business\b,,DEF 14A,2022-05-02,0001213900-22-023206,https://www.sec.gov/Archives/edgar/data/1769804/000121390022023206/def14a0422_augmedixinc.htm,SEC submissions API cache,2022-10-28,2022-05-02,0001213900-22-023206,missing_employee_count,2021-10-28,DEF 14A,edgar_filing,0,0,0,0,186,179,2021,2022,"not stated, egc",1,0,0,0,Services,Other industries,US,1,Actual US state HQ,CA,"San Francisco, CA",Unknown market tier,1,113.0,4.736198448394496,0,50
1779372,BEAT,"HeartBeam, Inc.",continued,continued_other_narrative,2025-03-13,0001628280-25-012614,domestic,operating,Non-accelerated filer<br>Smaller reporting company,domestic; operating; common stock,3841,Surgical & Medical Instruments & Apparatus,Capital Market,Nasdaq,BEAT;BEATW,Nasdaq;Nasdaq,DE,1231.0,408-899-4443,"2118 WALSH AVE., SUITE 210, SANTA CLARA, CA, 95050",SANTA CLARA,CA,,16.0,"December 31, 2025",micro (<50 employees),employee_count_from_sec_filing,"Company Overview HeartBeam is a medical technology company focused on transforming cardiac care through the power of personalized insights. Our aim is to deliver innovative, higher resolution ambulatory cardiac monitoring solutions that can be used by patients anywhere to enable the detection and monitoring of cardiac disease outside of a healthcare facility. Our ability to develop higher resolution Electrocardiogram (“ECG”) solutions is achieved through the development of our proprietary and patented technology platform that allows us to collect the heart’s electrical activity from three dimensions and synthesize a 12-Lead (“12L”) ECG from these signals.",\bItem\s+1\.\s+Business\b,"Employees As of December 31, 2025, we had 16 full-time employees.",10-K,2026-03-12,0001193125-26-104080,https://www.sec.gov/Archives/edgar/data/1779372/000119312526104080/beat-20251231.htm,SEC submissions API cache,2022-11-11,2022-05-02,0001779372-22-000015,,2021-11-11,DEF 14A,edgar_filing,4,4,0,1,172,193,2021,2022,"accelerated, smaller reporting",0,1,0,1,Manufacturing,Life sciences / medical,US,1,Actual US state HQ,CA,"Santa Clara, CA",Capital Market,0,16.0,2.833213344056216,1,50
1861522,,KIDPIK CORP.,not_continued,no_post_vacatur_relevant_filing,,,domestic,operating,<br>Emerging growth company,domestic; operating; common stock,5961,Retail-Catalog & Mail-Order Houses,,Nasdaq,,,DE,1228.0,212-399-2323,"200 PARK AVENUE SOUTH, 3RD FLOOR, NEW YORK, NY, 10003",NEW YORK,NY,,,,,sec_filer_category_only,"and industry are forward-looking statements. They reflect our expectations, are not guarantees of performance and speak only as of the date of this Proxy Statement. Except as required by law, we do not undertake to update such forward-looking statements. Our business results are subject to a variety of risks, including those considerations or risks that are reflected as “",\bOur\s+Business\b,,DEF 14A,2022-05-02,0001493152-22-011826,https://www.sec.gov/Archives/edgar/data/1861522/000149315222011826/formdef14a.htm,SEC submissions API cache,2022-11-11,2022-05-02,0001493152-22-011826,missing_employee_count,2021-11-11,DEF 14A,edgar_filing,0,0,0,0,172,193,2021,2022,"not stated, egc",1,0,0,0,Retail,Retail / consumer,US,1,Actual US state HQ,NY,"New York, NY",Unknown market tier,1,113.0,4.736198448394496,0,50
1799011,LUCD,Lucid Diagnostics Inc.,continued,continued_other_narrative,2025-04-18,0001641172-25-005446,domestic,operating,<br>Emerging growth company,domestic; operating; common stock,3841,Surgical & Medical Instruments & Apparatus,Capital Market,Nasdaq,LUCD,Nasdaq,DE,1231.0,212 949 4319,"360 MADISON AVENUE, 25TH FLOOR, NEW YORK, NY, 10017",NEW YORK,NY,,,,,sec_filer_category_only,"Unless the context otherwise requires, “ we ” , “ us ” , and “ our ” , the “ Company ” , “ Lucid ” and “ Lucid Diagnostics ” refer to Lucid Diagnostics Inc. and its subsidiaries LucidDx Labs Inc. ( “ LucidDx Labs ” ) and CapNostics, LLC ( “ CapNostics ” ). Background and Overview Lucid Diagnostics is a commercial-stage cancer prevention medical diagnostics technology company. Lucid is focused on the millions of patients with gastroesophageal reflux disease (“GERD”), also known as chronic heartburn, who are at risk of developing esophageal precancer and cancer, specifically highly lethal esophageal adenocarcinoma (“EAC”).",\bItem\s+1\.\s+Business\b,,10-K,2026-03-25,0001437749-26-009805,https://www.sec.gov/Archives/edgar/data/1799011/000143774926009805/lucd20251231_10k.htm,SEC submissions API cache,2022-10-14,2022-05-02,0001493152-22-011734,missing_employee_count,2021-10-14,DEF 14A,edgar_filing,8,8,0,1,200,165,2021,2022,"not stated, egc",1,0,0,0,Manufacturing,Life sciences / medical,US,1,Actual US state HQ,NY,"New York, NY",Capital Market,1,113.0,4.736198448394496,1,50
1787740,VBIO,"Valion Bio, Inc.",continued,continued_other_narrative,2025-03-21,0000950170-25-043234,domestic,operating,Non-accelerated filer<br>Smaller reporting company<br>Emerging growth company,domestic; operating; common stock,3845,Electromedical & Electrotherapeutic Apparatus,Capital Market,Nasdaq,VBIO,Nasdaq,DE,1231.0,(888)276-6888,"1305 E. HOUSTON STREET, BUILDING 1, SUITE 311, SAN ANTONIO, TX, 78205",SAN ANTONIO,TX,,52.0,"December 31, 2025",small (50-249 employees),employee_count_from_sec_filing,"Tivic™ Health Systems, Inc. is a late-stage biopharmaceutical company whose lead program is Entolimod™. Entolimod is a recombinant TLR5 agonist with an extensive preclinical and clinical data package supporting development as a medical countermeasure (MCM) for Acute Radiation Syndrome (ARS) and it subsyndromes, as well as for adjunct therapy for oncology indications, such as neutropenia. During fiscal year 2025, Tivic executed a deliberate and material strategic transformation: pivoting from a diversified bioelectronic medical device company to a focused biopharmaceutical company built around the TLR5 agonist franchise.",\bBusiness\s+Overview\b,"Human Capital Resources As of December 31, 2025, we had 52 full-time employees.",10-K,2026-03-30,0001437749-26-010343,https://www.sec.gov/Archives/edgar/data/1787740/000143774926010343/tivc20251231_10k.htm,SEC submissions API cache,2022-11-11,2022-05-02,0001140361-22-017248,,2021-11-11,DEF 14A,edgar_filing,11,11,0,1,172,193,2021,2022,"accelerated, smaller reporting, egc",1,1,0,1,Manufacturing,Life sciences / medical,US,1,Actual US state HQ,TX,"San Antonio, TX",Capital Market,0,52.0,3.970291913552122,1,50
1851657,,"Vaxxinity, Inc.",not_continued,no_post_vacatur_relevant_filing,,,domestic,operating,Non-accelerated filer<br>Smaller reporting company<br>Emerging growth company,domestic; operating; common stock,2834,Pharmaceutical Preparations,,Nasdaq,,,FL,1231.0,(254) 244-5739,"505 ODYSSEY WAY, EXPLORATION PARK, FL, 32953",EXPLORATION PARK,FL,,,,,sec_filer_category_only,"and its industry and other industries relevant to our business; the ability and willingness to devote adequate time to the work of the board of directors and its committees, as applicable; skills and personality that complement those of our other directors that helps build a board that is effective, collegial and responsive to the needs of our Company; strategic thinking and a willingness to share ideas; a diversity of experiences, expertise and background; and the ability to represent the interests of all of our stockholders. The information presented below regarding each director nominee also sets forth specific experience, qualifications, attributes and skills that led the board of directors to the conclusion that such individual should serve as a director in light of our business and structure. Louis Reese is one of our two co-founders and is the Executive Chairman of the Company.",\bOur\s+Business\b,,DEF 14A,2022-05-02,0001562762-22-000201,https://www.sec.gov/Archives/edgar/data/1851657/000156276222000201/vaxxdef14a4292022.htm,SEC submissions API cache,2022-11-11,2022-05-02,0001562762-22-000201,missing_employee_count,2021-11-11,DEF 14A,edgar_filing,0,0,0,0,172,193,2021,2022,"accelerated, smaller reporting, egc",1,1,0,1,Manufacturing,Life sciences / medical,US,1,Actual US state HQ,FL,"Exploration Park, FL",Unknown market tier,1,113.0,4.736198448394496,0,50
1653482,GTLB,Gitlab Inc.,continued,continued_other_narrative,2025-05-01,0001628280-25-021573,domestic,operating,Large accelerated filer,domestic; operating; common stock,7372,Services-Prepackaged Software,Global Select,Nasdaq,GTLB,Nasdaq,DE,131.0,650-474-5175,"268 BUSH STREET, #350, SAN FRANCISCO, CA, 94104",SAN FRANCISCO,CA,,,,,sec_filer_category_only,"Overview GitLab is the intelligent orchestration platform for DevSecOps, where software teams and their Artificial Intelligence (“AI”) agents stay in flow to ship software faster. Built with a unified data model, our platform brings together development, operations, Information Technology (“IT”), security, and business teams across the entire software development lifecycle to deliver better, more secure software faster. AI has accelerated individual coding, but teams lose momentum coordinating across planning, testing, security, deployment, and operations. Fragmented toolchains and tool-specific AI agents create bottlenecks that slow software delivery. GitLab's intelligent orchestration helps solve this by enabling teams to orchestrate AI agents to execute tasks autonomously across the software lifecycle while maintaining quality, security, and speed.",\bItem\s+1\.\s+Business\b,,10-K,2026-03-17,0001628280-26-018731,https://www.sec.gov/Archives/edgar/data/1653482/000162828026018731/gtlb-20260131.htm,SEC submissions API cache,2022-10-14,2022-05-05,0001653482-22-000023,missing_employee_count,2021-10-14,DEF 14A,edgar_filing,6,6,0,1,203,162,2021,2022,large accelerated,0,0,1,1,Services,Technology,US,1,Actual US state HQ,CA,"San Francisco, CA",Global Select,1,113.0,4.736198448394496,1,50
1850453,,Mynaric AG,not_continued,not_continued_in_reviewed_filings,,,foreign_private_issuer,other,Non-accelerated filer<br>Emerging growth company,foreign_private_issuer; other; ADS,4899,"Communications Services, NEC",,Nasdaq,,,Germany,1231.0,4981057999106,"BERTHA-KIPFMUELLER-STRASSE 2-8, MUNICH, Germany, 81249",MUNICH,Germany,,,,,sec_filer_category_only,"—Regulatory Environment—Export Control Regime”), which supersedes the national dual-use regulations of the EU member states. Although the export of our CONDOR laser communication terminals is covered by the EU’s general export authorization ( EU-Allgemeingenehmigung ), we nevertheless will be required to obtain an (individual) export authorization if we export dual-use products to countries that are not covered by the EU’s general export authorization. In a number of other jurisdictions relevant to our operations, laser communication has not yet been specifically categorized as dual-use goods. If laser communication products were categorized as dual-use goods in other jurisdictions, our ability to sell products to certain markets could be adversely affected or we may be required to obtain export licenses.",\bItem\s+4\.\s+Information\s+on\s+the\s+Company\b,,20-F,2022-05-06,0001193125-22-143674,https://www.sec.gov/Archives/edgar/data/1850453/000119312522143674/d310942d20f.htm,SEC submissions API cache,2022-11-12,2022-05-06,0001193125-22-143674,missing_employee_count,2021-11-12,20-F,edgar_filing,15,15,0,0,175,190,2021,2022,"accelerated, egc",1,0,0,1,Transport/utilities,Other industries,Europe,0,Non-US / non-state HQ,Not actual US state HQ,Not actual US state HQ,Unknown market tier,1,113.0,4.736198448394496,0,50
1871509,PTLO,Portillo's Inc.,continued,continued_other_narrative,2025-04-28,0001871509-25-000071,domestic,operating,Large accelerated filer,domestic; operating; common stock,5812,Retail-Eating  Places,Global Select,Nasdaq,PTLO,Nasdaq,DE,1227.0,(630) 954-3773,"C/O THE PORTILLO RESTAURANT GROUP, 2001 SPRING ROAD, SUITE 400, OAK BROOK, IL, 60523-1903",OAK BROOK,IL,,,,,sec_filer_category_only,"Portillo’s Inc. (the “Company"") was incorporated as a Delaware corporation on June 8, 2021, for the purpose of facilitating an initial public offering (""IPO"") and other related transactions in order to carry on the business of PHD Group Holdings LLC and its subsidiaries (“Portillo’s OpCo”). The Company became the sole managing member of Portillo’s OpCo and operates and controls all of the business and affairs of Portillo's OpCo. As a result, the Company consolidates the financial results of Portillo's OpCo and reports a non-controlling interest representing the economic interest in Portillo's OpCo held by the other members of Portillo's OpCo (the ""pre-IPO LLC Members""). Portillo’s Inc.",\bItem\s+1\.\s+Business\b,,10-K,2026-02-24,0001871509-26-000012,https://www.sec.gov/Archives/edgar/data/1871509/000187150926000012/ptlo-20251228.htm,SEC submissions API cache,2022-10-21,2022-05-09,0001193125-22-144334,missing_employee_count,2021-10-21,DEF 14A,edgar_filing,9,9,0,1,200,165,2021,2022,large accelerated,0,0,1,1,Retail,Retail / consumer,US,1,Actual US state HQ,IL,"Oak Brook, IL",Global Select,1,113.0,4.736198448394496,1,50
1704287,BJDX,"Bluejay Diagnostics, Inc.",continued,continued_other_narrative,2025-04-29,0001213900-25-036783,domestic,operating,Non-accelerated filer<br>Smaller reporting company<br>Emerging growth company,domestic; operating; common stock,3841,Surgical & Medical Instruments & Apparatus,Capital Market,Nasdaq,BJDX,Nasdaq,DE,1231.0,(978) 631-0152,"360 MASSACHUSETTS AVENUE, SUITE 203, ACTON, MA, 01720",ACTON,MA,,6.0,"March 2, 2026",micro (<50 employees),employee_count_from_sec_filing,"Overview Bluejay Diagnostics, Inc. (“Bluejay”) is a medical diagnostics company focused on improving patient outcomes in critical care settings, with a focus on sepsis. We are working on developing rapid, near-patient tests using whole blood on our Symphony technology platform (“Symphony”), which consists of an analyzer and single-use protein detection cartridges. We do not yet have regulatory clearance for Symphony, and we will need to receive regulatory authorization from the U.S. Food and Drug Administration (the “FDA”) before Symphony can be marketed as a diagnostic product in the United States. We have completed the pre-clinical development of the Symphony analyzer.",\bItem\s+1\.\s+Business\b,"Employees As of March 2, 2026, we have 6 full-time employees, which includes one executive officer.",10-K,2026-03-06,0001213900-26-024616,https://www.sec.gov/Archives/edgar/data/1704287/000121390026024616/ea0279152-10k_bluejay.htm,SEC submissions API cache,2022-11-10,2022-05-13,0001213900-22-026051,,2021-11-10,DEF 14A,edgar_filing,8,8,0,1,184,181,2021,2022,"accelerated, smaller reporting, egc",1,1,0,1,Manufacturing,Life sciences / medical,US,1,Actual US state HQ,MA,"Acton, MA",Capital Market,0,6.0,1.9459101490553132,1,50
1841330,KTTA,Pasithea Therapeutics Corp.,continued,continued_other_narrative,2025-07-14,0001213900-25-063716,domestic,operating,Non-accelerated filer<br>Smaller reporting company<br>Emerging growth company,domestic; operating; common stock,2834,Pharmaceutical Preparations,Capital Market,Nasdaq,KTTA;KTTAW,Nasdaq;Nasdaq,DE,1231.0,(702) 514-4174,"1111 LINCOLN ROAD, SUITE 500, MIAMI BEACH, FL, 33139",MIAMI BEACH,FL,,,,,sec_filer_category_only,"Overview We are a clinical-stage biotechnology company focused on the discovery, research and development of innovative treatments for RASopathies, MAPK pathway-driven tumors, and other diseases, including central nervous system (CNS) disorders. Our Therapeutic Pipeline We are advancing a pipeline of two therapeutic product candidates, with a focus on our lead product candidate, PAS-004, a next-generation macrocyclic (as defined below) Mitogen-Activated Protein Kinase (“MEK”) inhibitor, that we believe may address the limitations and liabilities associated with existing drugs with a similar mechanism of action.",\bItem\s+1\.\s+Business\b,,10-K,2026-03-30,0001213900-26-036434,https://www.sec.gov/Archives/edgar/data/1841330/000121390026036434/ea0275535-10k_pasithea.htm,SEC submissions API cache,2022-09-15,2022-05-13,0001213900-22-026293,missing_employee_count,2021-09-15,DEF 14A,edgar_filing,6,6,0,1,240,125,2021,2022,"accelerated, smaller reporting, egc",1,1,0,1,Manufacturing,Life sciences / medical,US,1,Actual US state HQ,FL,"Miami Beach, FL",Capital Market,1,113.0,4.736198448394496,1,50
1676238,BRZE,"Braze, Inc.",continued,continued_other_narrative,2025-05-15,0001140361-25-019268,domestic,operating,Large accelerated filer,domestic; operating; common stock,7372,Services-Prepackaged Software,Global Select,Nasdaq,BRZE,Nasdaq,DE,131.0,(609) 964-0585,"63 MADISON BUILDING, 28 E. 28TH ST., FLOOR 12 MAILROOM, NEW YORK, NY, 10016",NEW YORK,NY,,,,,sec_filer_category_only,", financial condition and share price; • our expectations regarding our reve nue and the timing of revenue recognition under our customer contracts, ex penses and other operating results; • our ability to acquire new customers and successfully retain existing customers; • our ability to increase usage of our platform and upsell and cross-sell additional products; • our ability to achieve or sustain our profitability; • future investments in our business, our anticipated capital expenditures and our estimates regarding our capital requirements; • the costs and success of our marketing efforts, and our ability to promote our brand; • our reliance on key personnel and our ability to identify, recruit and retain skilled personnel; • our growth strategies for our platform and our ability to effectively manage our growth, including any international expansion;",\bOur\s+Business\b,,10-K,2026-03-25,0001676238-26-000013,https://www.sec.gov/Archives/edgar/data/1676238/000167623826000013/brze-20260131.htm,SEC submissions API cache,2022-11-17,2022-05-18,0001140361-22-019788,missing_employee_count,2021-11-17,DEF 14A,edgar_filing,7,7,0,1,182,183,2021,2022,large accelerated,0,0,1,1,Services,Technology,US,1,Actual US state HQ,NY,"New York, NY",Global Select,1,113.0,4.736198448394496,1,50
1468327,RENT,"Rent the Runway, Inc.",continued,continued_other_narrative,2025-04-15,0001468327-25-000056,domestic,operating,<br>Emerging growth company,domestic; operating; common stock,5990,"Retail-Retail Stores, NEC",Global Market,Nasdaq,RENT,Nasdaq,DE,131.0,2125246860,"10 JAY ST, BROOKLYN, NY, 11201",BROOKLYN,NY,,,,,sec_filer_category_only,"Overview Our mission is to power women to feel their best every day. Since our f ounding in November 2009, we have built the world’s first shared designer closet with thousands of styles by hundreds of brand partners. We give customers access to our “unlimited closet” through our subscription offering (“Subscription”) or the ability to rent a-la-carte through our reserve offering (“Reserve”). We also give our subscribers and customers the ability to buy our products through our Resale offering. Our Closet in the Cloud offers a wide assortment of items for every occasion, from evening wear and accessories to ready-to-wear, workwear, denim, casual, maternity, outerwear, blouses, knitwear, loungewear, jewelry, handbags, activewear and ski wear.",\bItem\s+1\.\s+Business\b,,10-K,2026-04-14,0001468327-26-000020,https://www.sec.gov/Archives/edgar/data/1468327/000146832726000020/wdq-20260131.htm,SEC submissions API cache,2022-10-27,2022-05-24,0001140361-22-020412,missing_employee_count,2021-10-27,DEF 14A,edgar_filing,8,8,0,1,209,156,2021,2022,"not stated, egc",1,0,0,0,Retail,Retail / consumer,US,1,Actual US state HQ,NY,"Brooklyn, NY",Global Market,1,113.0,4.736198448394496,1,50
1853816,DRMA,"Dermata Therapeutics, Inc.",continued,continued_other_narrative,2025-05-23,0001641172-25-012257,domestic,operating,<br>Emerging growth company,domestic; operating; common stock,2834,Pharmaceutical Preparations,Capital Market,Nasdaq,DRMA;DRMAW,Nasdaq;Nasdaq,DE,1231.0,(858)-223-0882,"3525 DEL MAR HEIGHTS RD., #322, SAN DIEGO, CA, 92130",SAN DIEGO,CA,,,,,sec_filer_category_only,"All references in this report to “Dermata,” the “Company,” “we,” “us,” or “our” mean Dermata Therapeutics, Inc. unless stated otherwise or the context otherwise indicates. Overview We are a scientific leader in skincare, dedicated to the development and commercialization of products that address common and underserved skin conditions. Dermata initially was founded with a focus on researching and developing prescription products subject to the FDA approval process. As part of this focus, we had one lead asset, referred to as XYNGARI, also known as DMT310, which we had been studying in clinical trials for the treatment of moderate-to-severe acne. In March 2025, we announced that we achieved statistically significant results from our Phase 3 STAR-1 clinical trial of XYNGARI, formerly our lead prescription (“Rx”) candidate incorporating our Spongilla lacustris for moderate-to-severe acne.",\bItem\s+1\.\s+Business\b,,10-K,2026-03-26,0001493152-26-012992,https://www.sec.gov/Archives/edgar/data/1853816/000149315226012992/form10-k.htm,SEC submissions API cache,2022-08-13,2022-06-01,0001654954-22-007809,missing_employee_count,2021-08-13,DEF 14A,edgar_filing,8,8,0,1,292,73,2021,2022,"not stated, egc",1,0,0,0,Manufacturing,Life sciences / medical,US,1,Actual US state HQ,CA,"San Diego, CA",Capital Market,1,113.0,4.736198448394496,1,50
1874097,CYN,Cyngn Inc.,continued,continued_other_narrative,2025-08-08,0001213900-25-073730,domestic,operating,<br>Emerging growth company,domestic; operating; common stock,7371,Services-Computer Programming Services,Capital Market,Nasdaq,CYN,Nasdaq,DE,1231.0,650-924-5905,"1344 TERRA BELLA AVENUE, MOUNTAIN VIEW, CA, 94043",MOUNTAIN VIEW,CA,,62.0,"March 26, 2026",small (50-249 employees),employee_count_from_sec_filing,"Company Overview Cyngn Inc. is an autonomous vehicle (“AV”) technology company that is focused on addressing industrial uses for autonomous vehicles. We believe that technological innovation is needed to enable adoption of autonomous industrial vehicles that will address the substantial industry challenges that exist today. These challenges include labor shortages, high labor costs, and work safety. We integrate our full-stack autonomous driving software, DriveMod, onto vehicles manufactured by Original Equipment Manufacturers (“OEM”) by integration directly into vehicle assembly. We design the DriveMod to be compatible with sensors and components from leading hardware technology providers and integrate our proprietary AV software to produce differentiated autonomous vehicles.",\bItem\s+1\.\s+Business\b,"As of March 26, 2026, we had 62 full-time employees.",10-K,2026-03-27,0001213900-26-034900,https://www.sec.gov/Archives/edgar/data/1874097/000121390026034900/ea0277796-10k_cyngn.htm,SEC submissions API cache,2022-10-20,2022-06-22,0001213900-22-034398,,2021-10-20,DEF 14A,edgar_filing,11,11,0,1,245,120,2021,2022,"not stated, egc",1,0,0,0,Services,Technology,US,1,Actual US state HQ,CA,"Mountain View, CA",Capital Market,0,62.0,4.143134726391533,1,50
1468929,NXGL,"NEXGEL, INC.",continued,continued_same_matrix,2025-04-30,0001641172-25-007863,domestic,operating,<br>Emerging growth company,domestic; operating; common stock,3841,Surgical & Medical Instruments & Apparatus,Capital Market,Nasdaq,NXGL;NXGLW,Nasdaq;Nasdaq,DE,1231.0,215 702-8550,"2150 CABOT BLVD WEST,, SUITE B, LANGHORNE, PA, 19047",LANGHORNE,PA,,19.0,"December 31, 2024",micro (<50 employees),employee_count_from_sec_filing,"Our Company We were incorporated in Delaware on January 13, 2009. We manufacture high water content, electron beam cross-linked, aqueous polymer hydrogels, or gels, used for wound care, medical diagnostics, transdermal drug delivery and cosmetics. We specialize in custom gels by capitalizing on proprietary manufacturing technologies. We have historically served as a contract manufacturer, supplying our gels to third parties who incorporate them into their own products. Beginning in 2020, we created two new lines of business for the company. First, our own line of branded consumer products sold direct to consumers. Second, we expanded into custom and white label opportunities, which focuses on combining our gels with proprietary branded products and white label opportunities.",\bItem\s+1\.\s+Business\b,"Human Capital As of December 31, 2024, we had 19 full-time employees.",10-K,2025-03-27,0001641172-25-000937,https://www.sec.gov/Archives/edgar/data/1468929/000164117225000937/form10-k.htm,SEC submissions API cache,2022-12-22,2022-07-18,0001493152-22-019575,,2021-12-22,DEF 14A,edgar_filing,7,2,0,1,208,157,2021,2022,"not stated, egc",1,0,0,0,Manufacturing,Life sciences / medical,US,1,Actual US state HQ,PA,"Langhorne, PA",Capital Market,0,19.0,2.995732273553991,1,50
1782107,ONCO,"Onconetix, Inc.",continued,continued_other_narrative,2025-06-02,0001213900-25-049687,domestic,operating,<br>Emerging growth company,domestic; operating; common stock,2834,Pharmaceutical Preparations,Capital Market,Nasdaq,ONCO,Nasdaq,DE,1231.0,513-620-4101,"201 E. FIFTH STREET, SUITE 1900, CINCINNATI, OH, 45202",CINCINNATI,OH,,,,,sec_filer_category_only,"Company Overview We are a commercial stage biotechnology company focused on the research, development, and commercialization of innovative solutions for men’s health and oncology. Through our acquisition of Proteomedix, which closed on December 15, 2023, we own Proclarix, an in vitro diagnostic test for prostate cancer originally developed by Proteomedix and approved for sale in the European Union under the In Vitro Diagnostic Regulation (“IVDR”), which we anticipate will be marketed in the U.S. as a lab developed test through our license agreement with LabCorp.",\bItem\s+1\.\s+Business\b,,10-K,2026-03-13,0001213900-26-027725,https://www.sec.gov/Archives/edgar/data/1782107/000121390026027725/ea0280547-10k_onconetix.htm,SEC submissions API cache,2023-02-18,2022-07-18,0001213900-22-039898,missing_employee_count,2022-02-18,DEF 14A,edgar_filing,11,11,0,1,150,215,2022,2023,"not stated, egc",1,0,0,0,Manufacturing,Life sciences / medical,US,1,Actual US state HQ,OH,"Cincinnati, OH",Capital Market,1,113.0,4.736198448394496,1,50
1844971,GREE,Greenidge Generation Holdings Inc.,continued,continued_other_narrative,2025-04-28,0001193805-25-000565,domestic,operating,Non-accelerated filer<br>Smaller reporting company<br>Emerging growth company,domestic; operating; common stock,6199,Finance Services,Global Select,Nasdaq,GREE;GREEL,Nasdaq;Nasdaq,DE,1231.0,315-536-2359,"1159 PITTSFORD-VICTOR ROAD, SUITE 240, PITTSFORD, NY, 14534",PITTSFORD,NY,,0.0,,micro (<50 employees),employee_count_from_sec_filing,". Overview We are a developer and operator of datacenters and powered assets designed to support energy-intensive computing workloads. We currently build, maintain and operate datacenters focused on bitcoin mining, along with related power and electric infrastructure. We generate revenue from (1) datacenter hosting, (2) cryptocurrency self-mining, and (3) power and capacity sales. We are increasingly focused on leveraging our power generation assets, grid interconnection rights and datacenter development expertise to support artificial intelligence (“AI ” ) and high-performance computing (“HPC ” ) workloads, which we believe represent a significant long-term growth opportunity.",\bItem\s+1\.\s+Business\b,We had no employees based outside of the United States.,10-K,2026-03-31,0001844971-26-000011,https://www.sec.gov/Archives/edgar/data/1844971/000184497126000011/gree-20251231.htm,SEC submissions API cache,2022-10-12,2022-07-28,0001140361-22-027197,,2021-10-12,DEF 14A,edgar_filing,7,7,0,1,289,76,2021,2022,"accelerated, smaller reporting, egc",1,1,0,1,Finance/real estate,Finance / real estate,US,1,Actual US state HQ,NY,"Pittsford, NY",Global Select,0,0.0,0.0,1,50
1534154,AUID,authID Inc.,not_continued,not_continued_in_reviewed_filings,,,domestic,operating,Non-accelerated filer<br>Smaller reporting company,domestic; operating; common stock,7372,Services-Prepackaged Software,Capital Market,Nasdaq,AUID,Nasdaq,DE,1231.0,516-274-8700,"1580 N. LOGAN ST., STE 660, UNIT 51767, DENVER, CO, 80203",DENVER,CO,,,,,sec_filer_category_only,"Overview authID Inc. (the “Company”) ensures enterprises “Know Who’s Behind the Device” TM for every customer or employee login and transaction, through its easy-to-integrate, patented, biometric identity platform. authID powers biometric identity proofing, biometric authentication, and account recovery with a fast, accurate, user-friendly experience. With our PrivacyKey™ solution, authID provides highly accurate biometric authentication while storing no biometric data. authID’s goal is to stop fraud at onboarding, blocks deepfakes, prevents account takeover, and eliminates password risks and costs, through the faster, frictionless, and most accurate user identity experience demanded by today’s digital ecosystem. Our Platform Our cloud-based platform was developed with internally developed software as well as acquired and licensed technology and provides the following core services:",\bItem\s+1\.\s+Business\b,,10-K,2026-03-31,0001213900-26-037459,https://www.sec.gov/Archives/edgar/data/1534154/000121390026037459/ea0275977-10k_authid.htm,SEC submissions API cache,2022-08-25,2022-08-05,0001213900-22-044960,missing_employee_count,2021-08-25,DEF 14A,edgar_filing,3,3,0,0,345,20,2021,2022,"accelerated, smaller reporting",0,1,0,1,Services,Technology,US,1,Actual US state HQ,CO,"Denver, CO",Capital Market,1,113.0,4.736198448394496,1,50
1807794,CRDO,Credo Technology Group Holding Ltd,continued,continued_other_narrative,2025-08-25,0001807794-25-000010,domestic,operating,Large accelerated filer,domestic; operating; ordinary shares,3674,Semiconductors & Related Devices,Global Select,Nasdaq,CRDO,Nasdaq,Cayman Islands,429.0,(408) 664-9329,"C/O MAPLES CORPORATE SERVICES, LIMITED, PO BOX 309, UGLAND HOUSE, GRAND CAYMAN, Cayman Islands, KY1-1104",GRAND CAYMAN,Cayman Islands,,,,,sec_filer_category_only,"Company Overview At Credo, our mission is to redefine high-speed connectivity by delivering breakthrough solutions that enable the next generation of AI-driven applications. We are committed to enabling faster, more reliable, more energy-efficient, and scalable solutions that support the ever-expanding demands of AI, cloud computing and hyperscale networks. Our connectivity solutions are optimized for optical and electrical Ethernet and PCIe applications, including the 100G (or Gigabits per second), 200G, 400G, 800G and emerging 1.6T (or Terabits per second) ethernet markets and the 32G PCIe5 and upcoming 64G PCIe6 markets. Our products are based on our Serializer/Deserializer (SerDes) and Digital Signal Processor (DSP) technologies. Our product families include integrated circuits (ICs), Active Electrical Cables (AECs) and SerDes Chiplets.",\bItem\s+1\.\s+Business\b,,10-K,2025-07-02,0001628280-25-033813,https://www.sec.gov/Archives/edgar/data/1807794/000162828025033813/crdo-20250503.htm,SEC submissions API cache,2023-01-27,2022-08-09,0001628280-22-021966,missing_employee_count,2022-01-27,DEF 14A,edgar_filing,3,3,0,1,194,171,2022,2023,large accelerated,0,0,1,1,Manufacturing,Technology,US,0,Non-US / non-state HQ,Not actual US state HQ,Not actual US state HQ,Global Select,1,113.0,4.736198448394496,1,50
1628945,,Cue Health Inc.,not_continued,no_post_vacatur_relevant_filing,,,domestic,operating,<br>Emerging growth company,domestic; operating; common stock,3826,Laboratory Analytical Instruments,,Nasdaq,,,,1231.0,(858) 412-8151,"4980 CARROLL CANYON ROAD, SUITE 100, SAN DIEGO, CA, 92121",SAN DIEGO,CA,,,,,sec_filer_category_only,"is managed under the direction of our board of directors, which is currently comprised of seven members. Five of our seven directors are independent within the meaning of the independent director requirements of the Nasdaq Global Market (“Nasdaq”). Our board of directors is divided into three classes with staggered three-year terms. At each annual meeting of stockholders, a Class of directors will be elected for a three-year term to succeed the same Class whose term is then expiring. The following table sets forth the names and certain other information about each of our current directors as of March 31, 2022:",\bOur\s+Business\b,,10-K/A,2022-04-29,0001628945-22-000045,https://www.sec.gov/Archives/edgar/data/1628945/000162894522000045/a2021123110-ka.htm,SEC submissions API cache,2022-09-24,2022-08-09,0001628945-22-000096,missing_employee_count,2021-09-24,DEF 14A,edgar_filing,0,0,0,0,319,46,2021,2022,"not stated, egc",1,0,0,0,Manufacturing,Other industries,US,1,Actual US state HQ,CA,"San Diego, CA",Unknown market tier,1,113.0,4.736198448394496,0,50
1836242,TKLF,"Tokyo Lifestyle Co., Ltd.",not_continued,not_continued_in_reviewed_filings,,,foreign_private_issuer,other,Non-accelerated filer<br>Emerging growth company,foreign_private_issuer; other; ADS,5990,"Retail-Retail Stores, NEC",Capital Market,Nasdaq,TKLF,Nasdaq,Japan,331.0,(81)356260668,"HARUMI BUILDING, 2-5-9 KOTOBASHI, SUMIDA-KU, TOKYO, Japan, 130-0022",TOKYO,Japan,,,,,sec_filer_category_only,"—B. Business Overview—Competition.” Our current or future competitors may have longer operating histories, greater brand recognition, better supplier relationships, larger customer bases, more cost-effective fulfillment capabilities, or greater financial, technical, or marketing resources than we do. Competitors may leverage their brand recognition, experience, and resources to compete with us in a variety of ways, including investing more heavily in research and development and making acquisitions for the expansion of their products. Some of our competitors may be able to secure more favorable terms from suppliers, devote greater resources to marketing and promotional campaigns, adopt more aggressive pricing or inventory policies, and devote substantially more resources to their store and website development than us.",\bItem\s+4\.\s+Information\s+on\s+the\s+Company\b,,20-F,2025-07-10,0001213900-25-062769,https://www.sec.gov/Archives/edgar/data/1836242/000121390025062769/ea0246994-20f_tokyo.htm,SEC submissions API cache,2023-01-18,2022-08-15,0001213900-22-048050,missing_employee_count,2022-01-18,20-F,edgar_filing,12,12,0,0,209,156,2022,2023,"accelerated, egc",1,0,0,1,Retail,Retail / consumer,Asia-Pacific / Israel,0,Non-US / non-state HQ,Not actual US state HQ,Not actual US state HQ,Capital Market,1,113.0,4.736198448394496,1,50
1848275,TOP,TOP Financial Group Ltd,not_continued,not_continued_in_reviewed_filings,,,foreign_private_issuer,other,Non-accelerated filer<br>Emerging growth company,foreign_private_issuer; other; ordinary shares,6200,"Security & Commodity Brokers, Dealers, Exchanges & Services",Capital Market,Nasdaq,TOP,Nasdaq,Cayman Islands,331.0,852-3107-0731,"101 CECIL STREET, #13-05 TONG ENG BUILDING, SINGAPORE, Singapore",SINGAPORE,Singapore,Singapore,18.0,"March 31, 2025",micro (<50 employees),employee_count_from_sec_filing,"—4.B. Business Overview— Regulation—Licensing Regime Under the HKSFO”. These licenses have no expiration date and will remain valid unless they are suspended, revoked or cancelled by the HKSFC. We pay standard governmental annual fees to the HKSFC and are subject to continued regulatory obligations and requirements, including the maintenance of minimum paid-up share capital and liquid capital, maintenance of segregated accounts, and submission of audited accounts and other required documents, among others. See “ Item 4. Information on the Company—4.B. Business Overview— Regulation—Licensing Regime Under the HKSFO”. A company must obtain a money lender's license to carrying on business as a money lender in Hong Kong. The licensing of money lenders and regulation of money-lending transactions are governed by the Money Lenders Ordinance, Chapter 163 of the Laws of Hong Kong.",\bItem\s+4\.\s+Information\s+on\s+the\s+Company\b,"Employees We had 18 employees as of March 31, 2025.",20-F,2025-08-13,0001213900-25-075728,https://www.sec.gov/Archives/edgar/data/1848275/000121390025075728/ea0250765-20f_topfin.htm,SEC submissions API cache,2023-06-01,2022-08-16,0001213900-22-048570,,2022-06-01,20-F,edgar_filing,12,12,0,0,76,289,2022,2023,"accelerated, egc",1,0,0,1,Finance/real estate,Other industries,Asia-Pacific / Israel,0,Non-US / non-state HQ,Not actual US state HQ,Not actual US state HQ,Capital Market,0,18.0,2.9444389791664403,1,50
1567900,ALOY,REALLOYS INC.,continued,continued_same_matrix,2024-12-13,0001437749-24-037441,domestic,operating,Non-accelerated filer<br>Smaller reporting company<br>Emerging growth company,domestic; operating; common stock,1000,Metal Mining,Capital Market,Nasdaq,ALOY,Nasdaq,NV,1231.0,972-726-9203,"7280 W. PALMETTO PARK RD., SUITE 302N, BOCA RATON, FL, 33433",BOCA RATON,FL,,,,,sec_filer_category_only,"or the extent to which any factor, or combination of factors, may cause actual results to differ materially from those contained in any forward-looking statements we may make. In light of these risks, uncertainties and assumptions, the future events and trends discussed in this Proxy Statement may not occur and actual results could differ materially and adversely from those anticipated or implied in the forward-looking statements. We undertake no obligation to revise or publicly release the results of any revision to these forward-looking statements, except as required by law. Given these risks and uncertainties, readers are cautioned not to place undue reliance on such forward-looking statements. Information Referenced in this Proxy Statement The content of the websites referred to in this Proxy Statement are not incorporated into this Proxy Statement.",\bOur\s+Business\b,,DEF 14A,2024-12-13,0001437749-24-037441,https://www.sec.gov/Archives/edgar/data/1567900/000143774924037441/blkbx20241212_def14a.htm,SEC submissions API cache,2022-11-12,2022-08-24,0001437749-22-021244,missing_employee_count,2021-11-12,DEF 14A,edgar_filing,7,1,0,1,285,80,2021,2022,"accelerated, smaller reporting, egc",1,1,0,1,Mining,Other industries,US,1,Actual US state HQ,FL,"Boca Raton, FL",Capital Market,1,113.0,4.736198448394496,1,50
1878848,IREN,IREN Ltd,continued,continued_other_narrative,2025-09-22,0001140361-25-035738,domestic,operating,Large accelerated filer,domestic; operating; ordinary shares,6199,Finance Services,Global Select,Nasdaq,IREN,Nasdaq,Australia,630.0,0061279068301,"LEVEL 5, 55 MARKET STREET, SYDNEY, 2000, Australia",SYDNEY,Australia,Australia,257.0,"June 30, 2025",mid-size (250-999 employees),employee_count_from_sec_filing,"Our Company We are a leading owner and operator of next-generation data centers powered by 100% renewable energy (whether from clean or renewable energy sources or through the purchase of renewable energy certificates (“RECs”)). Our data centers are purpose-built for power dense computing applications and today support a combination of GPUs for HPC and AI services and ASICs for Bitcoin mining. Our Bitcoin mining operations generate revenue by earning Bitcoin through a combination of block rewards and transaction fees from the operation of our specialized computers called ASICs (which we refer to as “Bitcoin miners”) and exchanging these Bitcoin for fiat currencies such as USD or CAD. We have been mining Bitcoin since 2019. We typically liquidate all the Bitcoin we mine daily and therefore did not have any Bitcoin held on our balance sheet as of June 30, 2025.",\bItem\s+1\.\s+Business\b,"Employees and Human Capital Resources As of June 30, 2025, we employed 257 employees in the United States, Canada and Australia.",10-K,2025-08-28,0001878848-25-000063,https://www.sec.gov/Archives/edgar/data/1878848/000187884825000063/iren-20250630.htm,SEC submissions API cache,2022-11-17,2022-09-13,0001140361-22-033208,,2021-11-17,20-F,edgar_filing,25,25,0,1,300,65,2021,2022,large accelerated,0,0,1,1,Finance/real estate,Finance / real estate,US,0,Non-US / non-state HQ,Not actual US state HQ,Not actual US state HQ,Global Select,0,257.0,5.552959584921617,1,50
1505497,BRTX,"BioRestorative Therapies, Inc.",continued,continued_other_narrative,2025-08-08,0001641172-25-022812,domestic,operating,Non-accelerated filer<br>Smaller reporting company,domestic; operating; common stock,8090,"Services-Misc Health & Allied Services, NEC",Capital Market,Nasdaq,BRTX,Nasdaq,NV,1231.0,(631) 760-8100,"40 MARCUS DRIVE, MELVILLE, NY, 11747",MELVILLE,NY,,,,,sec_filer_category_only,". (a) Business Development As used in this Annual Report on Form 10-K, or the Annual Report, references to the “Company”, “we”, “us”, or “our” refer to BioRestorative Therapies, Inc. We were incorporated in Nevada on June 13, 1997. On August 15, 2011, we changed our name from “Stem Cell Assurance, Inc.” to “BioRestorative Therapies, Inc.” Effective January 1, 2015, we reincorporated in Delaware. Effective December 31, 2022, we reincorporated in Nevada. We develop therapeutic products using cell and tissue protocols, primarily involving adult stem cells. 3 We are currently pursuing our Disc/Spine Program with our initial investigational therapeutic product being called BRTX-100 . In March 2022, a United States patent issued in our Disc/Spine Program .",\bItem\s+1\.\s+Business\b,,10-K,2026-03-26,0001493152-26-012925,https://www.sec.gov/Archives/edgar/data/1505497/000149315226012925/form10-k.htm,SEC submissions API cache,2022-11-09,2022-09-23,0001021771-22-000053,missing_employee_count,2021-11-09,DEF 14A,edgar_filing,5,5,0,1,318,47,2021,2022,"accelerated, smaller reporting",0,1,0,1,Services,Other industries,US,1,Actual US state HQ,NY,"Melville, NY",Capital Market,1,113.0,4.736198448394496,1,50
1144879,APLD,Applied Digital Corp.,continued,continued_other_narrative,2025-09-12,0001493152-25-013198,domestic,operating,Large accelerated filer,domestic; operating; common stock,7374,Services-Computer Processing & Data Preparation,Global Select,Nasdaq,APLD,Nasdaq,NV,531.0,214-556-2465,"3811 TURTLE CREEK BLVD., SUITE 2100, DALLAS, TX, 75219",DALLAS,TX,,205.0,"May 31, 2025",small (50-249 employees),employee_count_from_sec_filing,"Overview Our Business We are a United States (""U.S."") designer, developer, and operator of next-generation data center infrastructure across North America. We provide data center infrastructure solutions to the rapidly growing industries of high-performance computing (""HPC"") and artificial intelligence (""AI""). We operate in two distinct business segments, blockchain data center hosting (the ""Data Center Hosting Business"") and HPC data center hosting (the ""HPC Hosting Business""), as further discussed below. During the fiscal year 2025, we determined that the Cloud Services Business met the criteria to be classified as “held for sale” on our consolidated balance sheets as the Board of Directors approved plans for the sale of the segment.",\bItem\s+1\.\s+Business\b,"As of May 31, 2025, we employed approximately 205 full-time employees across various departments, including design, engineering, IT, operations, construction, administration, finance, and marketing.",10-K,2025-07-30,0001144879-25-000021,https://www.sec.gov/Archives/edgar/data/1144879/000114487925000021/apld-20250531.htm,SEC submissions API cache,2023-04-13,2022-09-27,0001144879-22-000038,,2022-04-13,DEF 14A,edgar_filing,5,5,0,1,167,198,2022,2023,large accelerated,0,0,1,1,Services,Technology,US,1,Actual US state HQ,TX,"Dallas, TX",Global Select,0,205.0,5.327876168789581,1,50
1191070,NEUP,Neuphoria Therapeutics Inc.,not_continued,not_continued_in_reviewed_filings,,,domestic,operating,Non-accelerated filer<br>Smaller reporting company<br>Emerging growth company,domestic; operating; ADS,2834,Pharmaceutical Preparations,Global Market,Nasdaq,NEUP,Nasdaq,Australia,630.0,781-439-5551,"100 SUMMIT DR, BURLINGTON, MA, 01803",BURLINGTON,MA,,,,,sec_filer_category_only,". Overview We are a clinical-stage biotechnology company dedicated to developing therapies that address the complex needs of individuals affected by neuropsychiatric disorders. Neuphoria is advancing its lead drug candidate, BNC210, an oral, proprietary, selective negative allosteric modulator of the α7 nicotinic acetylcholine (""ACh"") receptor (""a7 receptor"") for the acute, “as needed” treatment of social anxiety disorder (“SAD”) and for chronic treatment of post-traumatic stress disorder (“PTSD”). There remains a significant unmet medical need for the over 27 million patients in the United States alone suffering from SAD and PTSD.",\bItem\s+1\.\s+Business\b,,10-K,2025-09-29,0001193125-25-223338,https://www.sec.gov/Archives/edgar/data/1191070/000119312525223338/neup-20250630.htm,SEC submissions API cache,2022-12-16,2022-10-14,0000950170-22-019563,missing_employee_count,2021-12-16,20-F,edgar_filing,9,9,0,0,302,63,2021,2022,"accelerated, smaller reporting, egc",1,1,0,1,Manufacturing,Life sciences / medical,US,1,Actual US state HQ,MA,"Burlington, MA",Global Market,1,113.0,4.736198448394496,1,50
1839285,HCTI,"Healthcare Triangle, Inc.",continued,continued_other_narrative,2025-02-25,0001213900-25-017146,domestic,operating,Non-accelerated filer<br>Smaller reporting company<br>Emerging growth company,domestic; operating; common stock,7373,Services-Computer Integrated Systems Design,Capital Market,Nasdaq,HCTI,Nasdaq,DE,1231.0,925-270-4812,"4309 HACIENDA DR., SUITE 150, PLEASANTON, CA, 945888",PLEASANTON,CA,,,,,sec_filer_category_only,"Startups Act of 2012. We will remain an emerging growth company until the earlier of (i) December 31, 2026 (the last day of the fiscal year following the fifth anniversary of our IPO), (ii) the last day of the first fiscal year in which we have total annual gross revenue of less than $ 1.235 billion, (iii) the last day of the first fiscal year in which we are deemed to be a “large accelerated filer”, as defined in the rules under the Exchange Act, and (iv) the date on which we have issued more than $ 1.0 billion in non-convertible debt during the prior three-year period. We refer to the Jumpstart Our Business Startups Act of 2012 herein as the “JOBS Act,” and any reference herein to “emerging growth company” has the meaning ascribed to it in the JOBS Act.",\bOur\s+Business\b,,10-K/A,2026-04-16,0001213900-26-044671,https://www.sec.gov/Archives/edgar/data/1839285/000121390026044671/ea0286705-10ka1_healthcare.htm,SEC submissions API cache,2022-10-13,2022-10-19,0001607062-22-000633,missing_employee_count,2021-10-13,DEF 14A,edgar_filing,12,12,0,1,371,-6,2021,2022,"accelerated, smaller reporting, egc",1,1,0,1,Services,Technology,US,1,Actual US state HQ,CA,"Pleasanton, CA",Capital Market,1,113.0,4.736198448394496,1,50
1676047,NTRB,NutriBand Inc.,continued,continued_same_matrix,2024-12-16,0001213900-24-109109,domestic,operating,Non-accelerated filer<br>Smaller reporting company<br>Emerging growth company,domestic; operating; common stock,3842,"Orthopedic, Prosthetic & Surgical Appliances & Supplies",Capital Market,Nasdaq,NTRB;NTRBW,Nasdaq;Nasdaq,NV,131.0,407 377-6695,"121 S. ORANGE AVE., SUITE 1500, ORLANDO, FL, 32801",ORLANDO,FL,,,,,sec_filer_category_only,". Our Board of Directors also works with senior management and oversees its performance. Board Composition Our business and affairs are managed under the direction of our Board of Directors. The number of directors is determined by our board of directors, subject to the terms of our certificate of incorporation and bylaws. Our board of directors currently consists of seven members, five of which are independent directors. Meetings Our Board of Directors held two meetings and acted by written consent seven times during fiscal 2024. Committees of the Board of Directors The board of directors has created three committees — the audit committee, the compensation committee and the nominating and corporate governance committee. Each of the committees has a charter which meets the Nasdaq Stock Market requirements and is composed of three independent directors.",\bOur\s+Business\b,,DEF 14A,2024-12-16,0001213900-24-109109,https://www.sec.gov/Archives/edgar/data/1676047/000121390024109109/ea0221125-01.htm,SEC submissions API cache,2022-10-01,2022-10-31,0001213900-22-067690,missing_employee_count,2021-10-01,DEF 14A,edgar_filing,6,1,0,1,395,-30,2021,2022,"accelerated, smaller reporting, egc",1,1,0,1,Manufacturing,Life sciences / medical,US,1,Actual US state HQ,FL,"Orlando, FL",Capital Market,1,113.0,4.736198448394496,1,50
1872525,SWAG,"Stran & Company, Inc.",continued,continued_other_narrative,2025-07-11,0001213900-25-062961,domestic,operating,<br>Emerging growth company,domestic; operating; common stock,7311,Services-Advertising Agencies,Capital Market,Nasdaq,SWAG;SWAGW,Nasdaq;Nasdaq,NV,1231.0,8008333309,"2 HERITAGE DRIVE, SUITE 600, QUINCY, MA, 02171",QUINCY,MA,,154.0,"March 13, 2026",small (50-249 employees),employee_count_from_sec_filing,". Overview We are an outsourced marketing solutions provider, working closely with our customers to develop sophisticated marketing programs that leverage our promotional products and loyalty incentive expertise. We develop long-term relationships with our customers, enabling them to connect with both their customers and employees in order to build lasting brand loyalty. It is our mission to drive brand awareness and affect behavior through visual, creative, and technology solutions. We purchase products and branding through various third-party manufacturers and decorators and resell the finished goods to customers. In addition to selling branded products, we offer our clients custom sourcing capabilities;",\bItem\s+1\.\s+Business\b,"13 Employees As of March 13, 2026, we employed 154 full-time employees, 2 part-time employees and 15 independent contractors.",10-K,2026-03-25,0001213900-26-034104,https://www.sec.gov/Archives/edgar/data/1872525/000121390026034104/ea0282261-10k_stran.htm,SEC submissions API cache,2022-11-09,2022-10-31,0001213900-22-067346,,2021-11-09,DEF 14A,edgar_filing,5,5,0,1,356,9,2021,2022,"not stated, egc",1,0,0,0,Services,Other industries,US,1,Actual US state HQ,MA,"Quincy, MA",Capital Market,0,154.0,5.043425116919247,1,50
1858685,BFRI,Biofrontera Inc.,continued,continued_other_narrative,2025-04-18,0001641172-25-005431,domestic,operating,Non-accelerated filer<br>Smaller reporting company<br>Emerging growth company,domestic; operating; common stock,2834,Pharmaceutical Preparations,Capital Market,Nasdaq,BFRI;BFRIW,Nasdaq;Nasdaq,DE,1231.0,781-245-1325,"120 PRESIDENTIAL WAY,, SUITE 330, WOBURN, MA, 01801",WOBURN,MA,,92.0,"December 31, 2025",small (50-249 employees),employee_count_from_sec_filing,"Overview We are a United States based biopharmaceutical company engaging in the development, manufacturing, and commercialization of pharmaceutical products for the treatment of dermatological conditions with a focus on photodynamic therapy (“PDT”). The Company’s products, which include Ameluz as well as the BF-RhodoLED and RhodoLED XL lamp series (together, the “RhodoLED Lamps”), are used for the treatment of actinic keratosis (“AK”), a common skin condition characterized by the growth of pre-cancerous lesions (or “AKs”). With our national commercial team, we generate revenue by selling our products directly to dermatology offices and groups. We were formed in 2015 as Biofrontera Inc., a Delaware corporation, and a wholly owned subsidiary of Biofrontera AG, a stock corporation organized under the laws of Germany. In 2021, we completed our initial public offering.",\bItem\s+1\.\s+Business\b,"As of December 31, 2025, we had 92 employees.",10-K,2026-03-19,0001493152-26-011625,https://www.sec.gov/Archives/edgar/data/1858685/000149315226011625/form10-k.htm,SEC submissions API cache,2022-10-29,2022-11-08,0001493152-22-030999,,2021-10-29,DEF 14A,edgar_filing,8,8,0,1,375,-10,2021,2022,"accelerated, smaller reporting, egc",1,1,0,1,Manufacturing,Life sciences / medical,US,1,Actual US state HQ,MA,"Woburn, MA",Capital Market,0,92.0,4.532599493153256,1,50
1730773,BSFC,Blue Star Foods Corp.,continued,continued_other_narrative,2025-06-23,0001641172-25-015976,domestic,operating,Non-accelerated filer<br>Smaller reporting company,domestic; operating; common stock,2092,Prepared Fresh or  Frozen Fish & Seafoods,,Nasdaq,BSFC,OTC,DE,1231.0,800-341-2684,"3330 CLEMATIS STREET, SUITE 217, WEST PALM BEACH, FL, 33401",WEST PALM BEACH,FL,,,,,sec_filer_category_only,"Overview We are an international seafood company based in Miami, Florida that imports, packages and sells refrigerated pasteurized crab meat, and other premium seafood products. Our current source of revenue is from purchasing blue and red swimming crab meat primarily from South East Asia and distributing it in the United States and Canada under several brand names such as Blue Star, Oceanica, Pacifika, Crab & Go, First Choice, Good Stuff and Coastal Pride Fresh. We procure crabs from domestic fishermen, (which is sold fresh and frozen) which in turn are distributed along with crabmeat and steelhead salmon and rainbow trout fingerlings produced under the brand name Little Cedar Farms for distribution in Canada. The crab meat which we import from our suppliers are primarily via co-packing relationships, including two affiliated suppliers.",\bItem\s+1\.\s+Business\b,,10-K,2026-05-22,0001493152-26-025031,https://www.sec.gov/Archives/edgar/data/1730773/000149315226025031/form10-k.htm,SEC submissions API cache,2022-11-05,2022-11-09,0001493152-22-031050,missing_employee_count,2021-11-05,DEF 14A,edgar_filing,2,2,0,1,369,-4,2021,2022,"accelerated, smaller reporting",0,1,0,1,Manufacturing,Other industries,US,1,Actual US state HQ,FL,"West Palm Beach, FL",Unknown market tier,1,113.0,4.736198448394496,1,50
1875547,LCFY,Locafy Ltd,continued,continued_same_matrix,2025-08-22,0001641172-25-025206,foreign_private_issuer,other,Non-accelerated filer<br>Emerging growth company,foreign_private_issuer; other; ordinary shares,7370,"Services-Computer Programming, Data Processing, Etc.",Capital Market,Nasdaq,LCFY;LCFYW,Nasdaq;Nasdaq,Australia,,61 409 999 339,"246A CHURCHILL AVENUE, SUBIACO WA, Australia, 6008",SUBIACO WA,Australia,,34.0,"June 30, 2023",micro (<50 employees),employee_count_from_sec_filing,"A. History and Development of the Company We were incorporated on April 23, 2009 in Australia under the name Gumiyo Australia Pty Ltd. On January 14, 2021, we changed our name to Locafy Limited. Our principal executive offices are located at 246 Churchill Avenue, Subiaco, Western Australia 6008, Australia and our telephone number is +61 409 999 339. On March 25, 2022, we completed our initial public offering in the United States. Our ordinary shares and warrants are listed on Nasdaq under the symbols “LCFY” and “LCFYW”, respectively. Our website address is www.locafy.com . The information contained on, or that can be accessed through, our website is not a part of this Annual Report. We have included our website address in this Annual Report solely as an inactive textual reference.",\bItem\s+4\.\s+Information\s+on\s+the\s+Company\b,"At June 30, 2023, we had 34 employees globally (2022: 50).",20-F/A,2025-08-22,0001641172-25-025206,https://www.sec.gov/Archives/edgar/data/1875547/000164117225025206/form20-fa.htm,SEC submissions API cache,2023-03-25,2022-11-15,0001493152-22-032533,,2022-03-25,20-F,edgar_filing,13,6,0,1,235,130,2022,2023,"accelerated, egc",1,0,0,1,Services,Technology,Asia-Pacific / Israel,0,Non-US / non-state HQ,Not actual US state HQ,Not actual US state HQ,Capital Market,0,34.0,3.5553480614894135,1,50
1757499,SHPH,"Shuttle Pharmaceuticals Holdings, Inc.",continued,continued_other_narrative,2025-02-26,0001493152-25-008300,domestic,operating,<br>Emerging growth company,domestic; operating; common stock,2834,Pharmaceutical Preparations,Capital Market,Nasdaq,SHPH,Nasdaq,DE,1231.0,(240) 403-4212,"401 PROFESSIONAL DRIVE, SUITE 260, GAITHERSBURG, MD, 20879",GAITHERSBURG,MD,,,,,sec_filer_category_only,"On November 21, 2025, we acquired substantially all of the assets and liabilities of Molecule.ai, a pharmaceutical software company building an artificial intelligence (“AI”) driven platform for molecular discovery and early-stage drug development. By combining modern AI techniques with structured scientific workflows, the Molecule.ai platform (hereafter, “Molecule.ai” or the “platform”) helps researchers explore the chemical space more efficiently, evaluate molecular ideas with greater clarity and make more informed decisions during the earliest stages of drug development. The platform is engineered to accelerate the iteration cycles that characterize modern drug discovery while preserving scientific reproducibility, traceability and operational reliability.",\bItem\s+1\.\s+Business\b,,10-K,2026-03-31,0001493152-26-014131,https://www.sec.gov/Archives/edgar/data/1757499/000149315226014131/form10-k.htm,SEC submissions API cache,2023-08-31,2022-11-21,0001493152-22-033175,missing_employee_count,2022-08-31,DEF 14A,edgar_filing,11,11,0,1,82,283,2022,2023,"not stated, egc",1,0,0,0,Manufacturing,Life sciences / medical,US,1,Actual US state HQ,MD,"Gaithersburg, MD",Capital Market,1,113.0,4.736198448394496,1,50
1817511,SOPA,SOCIETY PASS INCORPORATED.,continued,continued_other_narrative,2025-08-29,0001641172-25-025901,domestic,operating,<br>Emerging growth company,domestic; operating; common stock,7389,"Services-Business Services, NEC",,Nasdaq,SOPA,Nasdaq,NV,1231.0,65 6518-9382,"80 ROBINSON ROAD, #17-01B, SINGAPORE, 068898, Singapore",SINGAPORE,Singapore,Singapore,,,,sec_filer_category_only,"Overview We are, through the operation and acquisition of fintech and e-commerce platforms and mobile applications through our direct and indirect wholly or majority-owned subsidiaries, building the next generation digital ecosystem and loyalty platform in the Southeast Asian (“SEA”) countries of Singapore, Vietnam, Indonesia, Philippines and Thailand. We currently market to both consumers and merchants in SEA while maintaining an administrative headquarters in Singapore and a software development center in Philippines. We continue to expand our fintech and e-commerce ecosystem throughout the rest of SEA by making selective acquisitions of leading e-commerce companies and applications and through strategic partnerships with technology providers in SEA. Material acquisitions to date include:",\bItem\s+1\.\s+Business\b,,10-K,2025-04-16,0001213900-25-032266,https://www.sec.gov/Archives/edgar/data/1817511/000121390025032266/ea0237222-10k_society.htm,SEC submissions API cache,2022-11-09,2022-12-01,0001140361-22-044044,missing_employee_count,2021-11-09,DEF 14A,edgar_filing,2,2,0,1,387,-22,2021,2022,"not stated, egc",1,0,0,0,Services,Other industries,US,0,Non-US / non-state HQ,Not actual US state HQ,Not actual US state HQ,Unknown market tier,1,113.0,4.736198448394496,1,50
1074871,MODD,"Modular Medical, Inc.",continued,continued_other_narrative,2025-01-24,0001213900-25-006614,domestic,operating,<br>Emerging growth company,domestic; operating; common stock,3841,Surgical & Medical Instruments & Apparatus,Capital Market,Nasdaq,MODD,Nasdaq,NV,331.0,858-800-3500,"10740 THORNMINT ROAD, SAN DIEGO, CA, 92127",SAN DIEGO,CA,,54.0,"March 31, 2025",small (50-249 employees),employee_count_from_sec_filing,"Overview We are a pre-revenue, medical device company focused on the design, development, and commercialization of innovative insulin pumps using modernized technology to increase pump adoption in the diabetes marketplace. Through the creation of an innovative two-part patch pump, we seek to fundamentally alter the trade-offs between cost and complexity and access to the higher standards of care that presently require considerable motivation from the patient to use the available insulin pumps. By simplifying and streamlining the user experience from the initial introduction of the patient to our product, prescription assistance, establishing insurance reimbursement, streamlined training and day-to-day use with strong clinical support, we seek to expand the wearable insulin delivery device market beyond the highly motivated “super users” to expand the category into the mass market.",\bItem\s+1\.\s+Business\b,"Employees As of March 31, 2025, we had 54 employees, all of whom are located in the United States and 53 of whom are full-time, consisting of 49 in research and development and manufacturing operations and 5 in general and administrative functions.",10-K,2025-06-20,0001213900-25-055793,https://www.sec.gov/Archives/edgar/data/1074871/000121390025055793/ea0244006-10k_modular.htm,SEC submissions API cache,2023-02-11,2022-12-20,0001019056-22-000687,,2022-02-11,DEF 14A,edgar_filing,4,4,0,1,312,53,2022,2023,"not stated, egc",1,0,0,0,Manufacturing,Life sciences / medical,US,1,Actual US state HQ,CA,"San Diego, CA",Capital Market,0,54.0,4.007333185232471,1,50
1914818,STBXF,Starbox Group Holdings Ltd.,continued,continued_same_matrix,2025-02-14,0001493152-25-006520,foreign_private_issuer,other,Non-accelerated filer<br>Emerging growth company,foreign_private_issuer; other; ordinary shares,7310,Services-Advertising,,Nasdaq,STBXF,,Cayman Islands,930.0,603 2781 9066,"VO2-03-07, VELOCITY OFFICE 2, LINGKARAN SV, SUNWAY VELOCITY, KUALA LUMPUR, Malaysia, 55100",KUALA LUMPUR,Malaysia,,,,,sec_filer_category_only,"—B. Business Overview—Regulations—Regulations Relating to Film Distribution.” Our software licensing business relies on a few clients. Any interruption in the clients or their cooperation with us may have an adverse effect on our business, financial condition, and results of operations. During the fiscal year ended September 30, 2023, we started our software licensing business. In March 2023 and May 2023, we entered into two software licensing agreements with two Malaysian companies, respectively. In July 2023, we entered into a third software licensing agreement with a Philippines-based company. In August 2023, we entered into a fourth software licensing agreement with a Hong Kong based company. In the fiscal year ended September 30, 2023, a substantial part of our revenue was derived from providing software licensing to the four clients.",\bItem\s+4\.\s+Information\s+on\s+the\s+Company\b,,20-F,2025-02-14,0001493152-25-006520,https://www.sec.gov/Archives/edgar/data/1914818/000149315225006520/form20-f.htm,SEC submissions API cache,2023-08-23,2023-01-18,0001493152-23-001784,missing_employee_count,2022-08-23,20-F,edgar_filing,16,6,0,1,148,217,2022,2023,"accelerated, egc",1,0,0,1,Services,Other industries,Asia-Pacific / Israel,0,Non-US / non-state HQ,Not actual US state HQ,Not actual US state HQ,Unknown market tier,1,113.0,4.736198448394496,1,50
1889823,DFSC,DEFSEC Technologies Inc.,not_continued,not_continued_in_reviewed_filings,,,foreign_private_issuer,other,Non-accelerated filer<br>Emerging growth company,foreign_private_issuer; other; common stock,7372,Services-Prepackaged Software,Capital Market,Nasdaq,DFSC;DFSCW,Nasdaq;Nasdaq,"British Columbia, Canada",930.0,613-319-0537,"80 HINES RD, SUITE 300, OTTAWA, K2K 2T8, Ontario, Canada",OTTAWA,"Ontario, Canada","Ontario, Canada",,,,sec_filer_category_only,"A. History and Development of the Company Name, Address and Incorporation DEFSEC Technologies Inc. is a corporation domiciled in Canada and was incorporated under the BCBCA on November 28, 2017. On June 30, 2025, the Company changed its name from KWESST Micro Systems Inc. to DEFSEC Technologies Inc. We develop and commercialize next-generation tactical systems for military, security, and personal defense markets. Key market segments and solutions addressed by our proprietary solutions are: (i) less-lethal products with broad application in the professional and personal defense market, (ii) modernized digitization of tactical teams for shared real-time situational awareness in the military and public safety markets, and (iii) counter-measures against threats such as drones, lasers and electronic detection for the military market.",\bItem\s+4\.\s+Information\s+on\s+the\s+Company\b,,20-F,2025-12-29,0001104659-25-124926,https://www.sec.gov/Archives/edgar/data/1889823/000110465925124926/tmb-20250930x20f.htm,SEC submissions API cache,2023-12-08,2023-01-27,0001062993-23-001487,missing_employee_count,2022-12-08,20-F,edgar_filing,38,38,0,0,50,315,2022,2023,"accelerated, egc",1,0,0,1,Services,Technology,Other non-US,0,Non-US / non-state HQ,Not actual US state HQ,Not actual US state HQ,Capital Market,1,113.0,4.736198448394496,1,50
1828588,HNVR,"Hanover Bancorp, Inc. /MD",continued,continued_same_matrix,2025-03-26,0001104659-25-028261,domestic,operating,Accelerated filer<br>Smaller reporting company<br>Emerging growth company,domestic; operating; common stock,6022,State Commercial Banks,Global Select,Nasdaq,HNVR,Nasdaq,MD,1231.0,516.548.8500,"80 EAST JERICHO TURNPIKE, MINEOLA, NY, 11501",MINEOLA,NY,,185.0,"December 31, 2024",small (50-249 employees),employee_count_from_sec_filing,"Overview Hanover Bancorp, Inc. (“Hanover”) is currently a New York corporation which is the holding company for Hanover Community Bank (the “Bank”), a New York chartered community commercial bank focusing on highly personalized and efficient services and products responsive to local needs. In 2024, our Board and shareholders approved a proposal to redomicile the Company in Maryland, and the Company is in the process of completing the change in its state of incorporation from New York to Maryland. The Bank operates as a locally headquartered, community-oriented bank serving customers throughout the New York metro area from offices in Nassau, Suffolk, Queens, Kings (Brooklyn) and New York (Manhattan) Counties, New York, and Freehold, Monmouth County, New Jersey. We opened the Bank’s Hauppauge Business Banking Center in Hauppauge, Suffolk County, New York in May 2023.",\bItem\s+1\.\s+Business\b,"6 Employees and Human Capital Resources As of December 31, 2024, we employed 185 full-time employees.",10-K,2025-03-14,0001558370-25-003018,https://www.sec.gov/Archives/edgar/data/1828588/000155837025003018/hnvr-20241231x10k.htm,SEC submissions API cache,2023-05-11,2023-01-27,0001104659-23-007553,,2022-05-11,DEF 14A,edgar_filing,5,3,0,1,261,104,2022,2023,"accelerated, smaller reporting, egc",1,1,0,1,Finance/real estate,Finance / real estate,US,1,Actual US state HQ,NY,"Mineola, NY",Global Select,0,185.0,5.225746673713202,1,50
1803407,OST,"Ostin Technology Group Co., Ltd.",not_continued,not_continued_in_reviewed_filings,,,foreign_private_issuer,other,Non-accelerated filer<br>Emerging growth company,foreign_private_issuer; other; ordinary shares,3679,"Electronic Components, NEC",Capital Market,Nasdaq,OST,Nasdaq,Cayman Islands,930.0,8602558595234,"ROOM 101 BUILDING 2 KECHUANG ROAD 1, QIXIA DISTRICT, NANJIANG JIANGSU, China, 231300",NANJIANG JIANGSU,China,,,,,sec_filer_category_only,"– B. Business Overview – Regulation – Regulations Relating to Private Lending.” Our wholly owned subsidiary, Jiangsu Austin, has maintained cash management policies which dictate the purpose, amount and procedure of cash transfers between Jiangsu Austin and its subsidiaries. Cash transferred to Jiangsu Austin’s subsidiaries of less than RMB5 million (US$0.69 million) must be reported to and reviewed by Jiangsu Austin’s financial department and the relevant PRC subsidiary’s chief executive officer, and must be approved by the Chief Financial Officer and Chairman of Jiangsu Austin. Cash transfer in excess of RMB5 million (US$0.69 million) but less than RMB20 million (US$2.74 million), and less than 50% of Jiangsu Austin’s consolidated total assets must be approved by the board of directors of Jiangsu Austin.",\bItem\s+4\.\s+Information\s+on\s+the\s+Company\b,,20-F,2026-01-26,0001213900-26-007702,https://www.sec.gov/Archives/edgar/data/1803407/000121390026007702/ea0272584-20f_ostintech.htm,SEC submissions API cache,2023-04-27,2023-02-16,0001213900-23-012263,missing_employee_count,2022-04-27,20-F,edgar_filing,24,24,0,0,295,70,2022,2023,"accelerated, egc",1,0,0,1,Manufacturing,Other industries,China / Hong Kong,0,Non-US / non-state HQ,Not actual US state HQ,Not actual US state HQ,Capital Market,1,113.0,4.736198448394496,1,50
1743905,RVSN,Rail Vision Ltd.,not_continued,not_continued_in_reviewed_filings,,,foreign_private_issuer,other,Non-accelerated filer<br>Emerging growth company,foreign_private_issuer; other; ordinary shares,3743,Railroad Equipment,Capital Market,Nasdaq,RVSN;RVSNW,Nasdaq;Nasdaq,Israel,1231.0,97299577706,"15 HA'TIDHAR ST., P.O.B 2155, RA'ANANA, Israel, 4366517",RA'ANANA,Israel,,,,,sec_filer_category_only,"A. History and Development of the Company We are an early commercialization stage technology company focused on transforming railway safety through advanced AI-integrated sensing systems. We develop and commercialize proprietary, multi-spectral electro-optic platforms that provide extended-range situational awareness and real-time hazard detection. Using machine learning algorithms to identify and classify obstacles, our technology enhances safety, improves operational efficiency and supports continuity across deployments. We were incorporated under the laws of the State of Israel in April 2016. Our principal executive offices are located at 15 Hatidhar St. Ra’anana, 4366517 Israel. Our telephone number in Israel is +972-9-957-7706. Our website address is http://www.railvision.io.",\bItem\s+4\.\s+Information\s+on\s+the\s+Company\b,,20-F,2026-03-31,0001493152-26-014134,https://www.sec.gov/Archives/edgar/data/1743905/000149315226014134/form20-f.htm,SEC submissions API cache,2023-03-31,2023-03-23,0001213900-23-022437,missing_employee_count,2022-03-31,20-F,edgar_filing,38,38,0,0,357,8,2022,2023,"accelerated, egc",1,0,0,1,Manufacturing,Other industries,Asia-Pacific / Israel,0,Non-US / non-state HQ,Not actual US state HQ,Not actual US state HQ,Capital Market,1,113.0,4.736198448394496,1,50
1922641,ENLT,Enlight Renewable Energy Ltd.,continued,continued_same_matrix,2025-03-28,0001178913-25-001094,foreign_private_issuer,other,Large accelerated filer,foreign_private_issuer; other; ordinary shares,4911,Electric Services,Global Select,Nasdaq,ENLT,Nasdaq,Israel,1231.0,972 (3) 900-8700,"13 HAAMAL STREET, AFEK INDUSTRIAL PARK, ROSH HAAYIN, Israel, -",ROSH HAAYIN,Israel,,360.0,"March 15, 2025",mid-size (250-999 employees),employee_count_from_sec_filing,"A. History and Development of the Company Enlight Renewable Energy Ltd. was founded on August 6, 2008 and merged into a company named Sahar Investments Ltd. in 2010, which subsequently changed its name to Enlight Renewable Energy Ltd. on August 4, 2010. Our commercial name is Enlight Renewable Energy. In February 2023, we listed our shares on the Nasdaq Global Select Market under the symbol “ENLT” and our ordinary shares have traded on the Tel Aviv Stock Exchange (“TASE”) since February 2010. We are a company limited by shares and organized under and subject to the laws of the State of Israel. We are registered with the Israeli Registrar of Companies. Our registration number is 520041146. Our principal executive offices are located at 3 Amal St., Afek Industrial Park, Rosh Ha’ayin 4809249, Israel.",\bItem\s+4\.\s+Information\s+on\s+the\s+Company\b,"Employees and human capital management As of March 15, 2025, we had 360 full-time employees.",20-F,2025-03-28,0001178913-25-001094,https://www.sec.gov/Archives/edgar/data/1922641/000117891325001094/zk2532889.htm,SEC submissions API cache,2024-02-10,2023-03-30,0001178913-23-001223,,2023-02-10,20-F,edgar_filing,45,8,0,1,48,317,2023,2024,large accelerated,0,0,1,1,Transport/utilities,Other industries,Asia-Pacific / Israel,0,Non-US / non-state HQ,Not actual US state HQ,Not actual US state HQ,Global Select,0,360.0,5.8888779583328805,1,50
1889109,BLTE,"BELITE BIO, INC",continued,continued_same_matrix,2025-03-17,0001410578-25-000356,foreign_private_issuer,other,Large accelerated filer,foreign_private_issuer; other; ADS,2834,Pharmaceutical Preparations,Capital Market,Nasdaq,BLTE,Nasdaq,Cayman Islands,1231.0,858-246-6240,"12750 HIGH BLUFF DRIVE SUITE 475, SAN DIEGO, CA, 92130",SAN DIEGO,CA,,,,,sec_filer_category_only,"—B. Business Overview” beginning on page 75 for our current plans for future clinical trials). There are risks inherent in conducting clinical trials in multiple jurisdictions, which may subject us to delays and expenses, such as: ● regulatory and administrative requirements of the jurisdiction where the study is conducted that could burden or limit our ability to conduct clinical trials; ● differing and conflicting regulatory requirements; ● foreign exchange fluctuations; ● manufacturing, customs, shipment and storage requirements; 12 ● cultural differences in medical practice and clinical research; and ● the risk that the patient populations in such trials are not considered representative as compared to the patient population in the target markets where approval is being sought.",\bItem\s+4\.\s+Information\s+on\s+the\s+Company\b,,20-F,2025-03-17,0001410578-25-000356,https://www.sec.gov/Archives/edgar/data/1889109/000141057825000356/blte-20241231x20f.htm,SEC submissions API cache,2023-04-29,2023-03-31,0001104659-23-040145,missing_employee_count,2022-04-29,20-F,edgar_filing,25,3,0,1,336,29,2022,2023,large accelerated,0,0,1,1,Manufacturing,Life sciences / medical,US,1,Actual US state HQ,CA,"San Diego, CA",Capital Market,1,113.0,4.736198448394496,1,50
1811623,,"Kuvatris Therapeutics, Inc.",not_continued,no_post_vacatur_relevant_filing,,,domestic,operating,Non-accelerated filer<br>Smaller reporting company<br>Emerging growth company,domestic; operating; common stock,2834,Pharmaceutical Preparations,,Nasdaq,,,DE,1231.0,914-987-2876,"303 SOUTH BROADWAY, SUITE 125, TARRYTOWN, NY, 10591",TARRYTOWN,NY,,,,,sec_filer_category_only,"and financial risk. The Audit Committee oversees, reviews, monitors and assesses (including through regular reports by, and discussions with, management), our processes and policies for risk identification, risk assessment, reporting on risk, risk management and risk control (including with respect to risks arising from our compensation policies and practices and in connection with the business and operations of its subsidiaries), and the steps that management has taken to identify, assess, monitor, report on, manage and control risks. The Audit Committee also discusses with management the balancing of risk versus reward for us and areas of specific risk identified by management and/or the Audit Committee. Our board of directors believes that full and open communication between management and the board of directors is essential for effective risk management and oversight.",\bOur\s+Business\b,,DEF 14A,2023-04-06,0001104659-23-042685,https://www.sec.gov/Archives/edgar/data/1811623/000110465923042685/tm2311118d2_def14a.htm,SEC submissions API cache,2023-08-26,2023-04-06,0001104659-23-042685,missing_employee_count,2022-08-26,DEF 14A,edgar_filing,0,0,0,0,223,142,2022,2023,"accelerated, smaller reporting, egc",1,1,0,1,Manufacturing,Life sciences / medical,US,1,Actual US state HQ,NY,"Tarrytown, NY",Unknown market tier,1,113.0,4.736198448394496,0,50
1756701,LNKB,"LINKBANCORP, Inc.",continued,continued_other_narrative,2025-04-17,0001193125-25-083608,domestic,operating,<br>Emerging growth company,domestic; operating; common stock,6022,State Commercial Banks,,Nasdaq,LNKB,Nasdaq,PA,1231.0,7177787243,"1250 CAMP HILL BYPASS, SUITE 202, CAMP HILL, PA, 17011",CAMP HILL,PA,,,,,sec_filer_category_only,". Description of Business LINKBANCORP, Inc. (“LINKBANCORP” or the “Company”) was incorporated under the laws of the Commonwealth of Pennsylvania on April 6, 2018 and is a bank holding company under the Bank Holding Company Act of 1956, as amended. In October 2018, LINKBANCORP became a bank holding company when it completed the acquisition of Stonebridge Bank, which was subsequently renamed LINKBANK. On September 18, 2021, the Company completed its merger with GNB Financial Services, Inc. (“GNBF”) and its wholly owned subsidiary, The Gratz Bank pursuant to which GNBF merged with and into the Company with the Company as the surviving corporation and LINKBANK merged with and into The Gratz Bank, with The Gratz Bank as the surviving institution (collectively, the ""Gratz Merger"").",\bItem\s+1\.\s+Business\b,,10-K,2026-03-12,0001193125-26-104211,https://www.sec.gov/Archives/edgar/data/1756701/000119312526104211/lnkb-20251231.htm,SEC submissions API cache,2023-09-14,2023-04-18,0001193125-23-104985,missing_employee_count,2022-09-14,DEF 14A,edgar_filing,3,3,0,1,216,149,2022,2023,"not stated, egc",1,0,0,0,Finance/real estate,Finance / real estate,US,1,Actual US state HQ,PA,"Camp Hill, PA",Unknown market tier,1,113.0,4.736198448394496,1,50
1893311,,LUXURBAN HOTELS INC.,not_continued,not_continued_in_reviewed_filings,,,domestic,operating,<br>Emerging growth company,domestic; operating; common stock,6500,Real Estate,Capital Market,Nasdaq,,,DE,1231.0,833-723-7368,"2125 BISCAYNE BLVD, SUITE 253, MIAMI, FL, 33137",MIAMI,FL,,,,,sec_filer_category_only,"and financial performance, general market conditions, prospects for future success and other factors detailed from time to time in the reports we file with the SEC. If the Reverse Stock Split is implemented and the market price of our Common Stock declines, the percentage decline as an absolute number and as a percentage of our overall market capitalization may be greater than would occur in the absence of the Reverse Stock Split. 16 The Reverse Stock Split may result in some stockholders owning “ odd lots ” that may be more difficult to sell or require greater transaction costs per share to sell. The Reverse Stock Split may result in some stockholders owning “odd lots” of less than 100 shares of Common Stock on a post-split basis.",\bOur\s+Business\b,,DEF 14A,2024-12-31,0001829126-24-008664,https://www.sec.gov/Archives/edgar/data/1893311/000182912624008664/luxurban_def14a.htm,SEC submissions API cache,2023-08-12,2023-04-18,0001829126-23-002795,missing_employee_count,2022-08-12,DEF 14A,edgar_filing,2,2,0,0,249,116,2022,2023,"not stated, egc",1,0,0,0,Finance/real estate,Finance / real estate,US,1,Actual US state HQ,FL,"Miami, FL",Capital Market,1,113.0,4.736198448394496,0,50
1946216,,"SYLA Technologies Co., Ltd.",not_continued,not_continued_in_reviewed_filings,,,foreign_private_issuer,other,Non-accelerated filer<br>Emerging growth company,foreign_private_issuer; other; ADS,6500,Real Estate,,Nasdaq,,,Japan,1231.0,813-4560-0650,"EBISU PRIME SQUARE 7F HIRAO SHIBUYA-KU, TOKYO, Japan, 150-0012",TOKYO,Japan,,,,,sec_filer_category_only,"A. History and Development of the Company SYLA Technologies Co., Ltd. was founded in Japan on March 3, 2009. The subsidiaries of SYLA Technologies include SYLA Co., Ltd. (96.96% owned), SYLA Solar Co., Ltd. (100% owned), SYLA Brain Co., Ltd. (67% owned), and SYLA Biotech Co., Ltd. (100% owned, since on December 15, 2023 SYLA Technologies Co. Ltd. acquired the outstanding 40% from a private shareholder. On July 7, 2024, SYLA Solar Co., Ltd. merged SYLA Biotech Co., Ltd.). Our agent for service of process in the United States is Cogency Global Inc. located at 122 East 42nd Street, 18th Floor, New York, NY 10168. Our principal place of business is located on the 7th floor of Ebisu Prime Square, 1-1-39 Hiroo, Shibuya-ku, Tokyo, Japan, and our telephone number is +81345600650. Our website is https://syla-tech.jp/.",\bItem\s+4\.\s+Information\s+on\s+the\s+Company\b,,20-F,2025-04-30,0001641172-25-007753,https://www.sec.gov/Archives/edgar/data/1946216/000164117225007753/form20-f.htm,SEC submissions API cache,2024-03-31,2023-04-18,0001493152-23-012779,missing_employee_count,2023-03-31,20-F,edgar_filing,10,10,0,0,18,348,2023,2024,"accelerated, egc",1,0,0,1,Finance/real estate,Finance / real estate,Asia-Pacific / Israel,0,Non-US / non-state HQ,Not actual US state HQ,Not actual US state HQ,Unknown market tier,1,113.0,4.736198448394496,0,50
1861737,HSAI,Hesai Group,continued,continued_same_matrix,2025-04-01,0001410578-25-000614,foreign_private_issuer,other,Large accelerated filer,foreign_private_issuer; other; ADS,3569,"General Industrial Machinery & Equipment, NEC",Global Select,Nasdaq,HSAI;HSIGF,Nasdaq;OTC,Cayman Islands,1231.0,86 21 31588240,"1588 ZHUGUANG ROAD, 9TH FLOOR, BUILDING L2-B, SHANGHAI, China, 201702",SHANGHAI,China,,1110.0,"December 31, 2024","large (1,000-9,999 employees)",employee_count_from_sec_filing,"— B. Business Overview — Regulations — Regulations Relating to Overseas Listing and M&A.” Uncertainties exist with respect to how the PRC Foreign Investment Law may impact the viability of our current corporate structure and operations. Laws regulating foreign investment in China include the PRC Foreign Investment Law, effective from January 1, 2020, and the Regulation on Implementing the PRC Foreign Investment Law, effective from January 1, 2020. The PRC Foreign Investment Law specifies that foreign investments shall be conducted in line with the “negative list” to be issued or approved to be issued by the State Council. The “negative list” proscribes special administrative measures for foreign investment in specific fields or industries, and foreign investments in businesses not included in the negative list will be granted national treatment.",\bItem\s+4\.\s+Information\s+on\s+the\s+Company\b,"​ ​ ​ ​ Function Number of Employees Research and development 602 Production and supply chain 187 Management 61 Sales and marketing 115 Others 177 Total 1,142 ​ As of December 31, 2024, we had 1,110 employees based in mainland China and 32 employees in the United States and other countries, and we also had 1,241 contracting workers primarily in our manufacturing facilities in China.",20-F,2025-04-01,0001410578-25-000614,https://www.sec.gov/Archives/edgar/data/1861737/000141057825000614/hsai-20241231x20f.htm,SEC submissions API cache,2024-02-09,2023-04-20,0001104659-23-047439,,2023-02-09,20-F,edgar_filing,37,3,0,1,70,295,2023,2024,large accelerated,0,0,1,1,Manufacturing,Other industries,China / Hong Kong,0,Non-US / non-state HQ,Not actual US state HQ,Not actual US state HQ,Global Select,0,1110.0,7.01301578963963,1,50
1857816,GCT,GigaCloud Technology Inc,continued,continued_same_matrix,2025-04-29,0001857816-25-000053,domestic,operating,Accelerated filer,domestic; operating; ordinary shares,5961,Retail-Catalog & Mail-Order Houses,Global Market,Nasdaq,GCT,Nasdaq,Cayman Islands,1231.0,1-626-912-8886,"4388 SHIRLEY AVENUE, EL MONTE, CA, 91731",EL MONTE,CA,,293.0,"December 31, 2024",mid-size (250-999 employees),employee_count_from_sec_filing,"” and “Item 7. Management’s Discussion and Analysis of Financial Condition and Results of Operations.” These forward-looking statements relate to events that involve known and unknown risks, uncertainties and other factors which may cause our actual results, performance or achievements to be materially different from those expressed or implied by these statements. You can identify some of these forward-looking statements by words or phrases such as “may,” “will,” “could,” “expect,” “anticipate,” “aim,” “estimate,” “intend,” “plan,” “believe,” “is/are likely to,” “propose,” “potential,” “continue” or other similar expressions. We have based these forward-looking statements largely on our current expectations and projections about future events and financial trends that we believe may affect our financial condition, results of operations, business strategy and financial needs.",\bItem\s+1\.\s+Business\b,"As of December 31, 2024, we had approximately 293 employees who contributed to our research and development functions.",10-K,2025-03-03,0001857816-25-000015,https://www.sec.gov/Archives/edgar/data/1857816/000185781625000015/gct-20241231.htm,SEC submissions API cache,2023-08-18,2023-04-24,0001193125-23-112830,,2022-08-18,20-F,edgar_filing,6,2,0,1,249,116,2022,2023,accelerated,0,0,0,1,Retail,Retail / consumer,US,1,Actual US state HQ,CA,"El Monte, CA",Global Market,0,293.0,5.683579767338681,1,50
1923840,,"Third Harmonic Bio, Inc.",continued,continued_other_narrative,2025-04-14,0000950170-25-053490,domestic,operating,<br>Emerging growth company,domestic; operating; common stock,2834,Pharmaceutical Preparations,,Nasdaq,,,DE,1231.0,2097272457,"1700 MONTGOMERY STREET, SUITE 210, SAN FRANCISCO, CA, 94111",SAN FRANCISCO,CA,,53.0,"December 31, 2024",small (50-249 employees),employee_count_from_sec_filing,"or the extent to which any factor, or combination of factors, may cause actual results to differ materially from those contained in any forward-looking statements we may make. In light of these risks, uncertainties and assumptions, the forward-looking events and circumstances discussed in this Annual Report may not occur and actual results could differ materially and adversely from those anticipated or implied in the forward-looking statements. You should not rely upon forward-looking statements as predictions of future events. Although we believe that the expectations reflected in the forward-looking statements are reasonable, we cannot guarantee that the future results, levels of activity, performance or events and circumstances reflected in the forward-looking statements will be achieved or occur.",\bOur\s+Business\b,"26 Employees and Human Capital Resources As of December 31, 2024, we had 53 employees, all of whom were full-time and 35 of whom were engaged in research and development activities.",10-K,2025-03-27,0000950170-25-045736,https://www.sec.gov/Archives/edgar/data/1923840/000095017025045736/thrd-20241231.htm,SEC submissions API cache,2023-09-15,2023-04-24,0000950170-23-014106,,2022-09-15,DEF 14A,edgar_filing,4,4,0,1,221,144,2022,2023,"not stated, egc",1,0,0,0,Manufacturing,Life sciences / medical,US,1,Actual US state HQ,CA,"San Francisco, CA",Unknown market tier,0,53.0,3.9889840465642745,0,50
1809750,EDBL,Edible Garden AG Inc,not_continued,not_continued_in_reviewed_filings,,,domestic,operating,<br>Emerging growth company,domestic; operating; common stock,100,Agricultural Production-Crops,Capital Market,Nasdaq,EDBL;EDBLW,Nasdaq;Nasdaq,DE,1231.0,908-750-3953,"283 COUNTY ROAD 519, BELVIDERE, NJ, 07823",BELVIDERE,NJ,,95.0,"December 31, 2025",small (50-249 employees),employee_count_from_sec_filing,"Overview Edible Garden is a controlled environment agriculture (""CEA"") farming company. We use traditional agricultural growing techniques together with technology to grow fresh, organic food sustainably and safely while improving traceability. We operate glass, hydroponic, and vertical greenhouse structures that enable us to grow organic herbs consistently year-round while using less land, less energy, and less water than conventional agriculture. In our hydroponic greenhouse, we grow plants without soil. Instead of planting one row of plants in the ground, by using a vertical growing system, we can grow many towers of plants in the same area by planting up instead of planting across.",\bItem\s+1\.\s+Business\b,"As of December 31, 2025, we had 95 employees, of which 94 were full-time employees.",10-K,2026-03-31,0001477932-26-001867,https://www.sec.gov/Archives/edgar/data/1809750/000147793226001867/edbl_10k.htm,SEC submissions API cache,2023-05-05,2023-04-26,0001477932-23-002884,,2022-05-05,DEF 14A,edgar_filing,8,8,0,0,356,9,2022,2023,"not stated, egc",1,0,0,0,Agriculture,Other industries,US,1,Actual US state HQ,NJ,"Belvidere, NJ",Capital Market,0,95.0,4.564348191467836,1,50
1742341,HKIT,HiTek Global Inc.,not_continued,not_continued_in_reviewed_filings,,,foreign_private_issuer,other,Non-accelerated filer<br>Emerging growth company,foreign_private_issuer; other; ordinary shares,7372,Services-Prepackaged Software,Capital Market,Nasdaq,HKIT,Nasdaq,Cayman Islands,1231.0,86-57182213772,"UNIT 304, NO. 30 GUANRI ROAD, SIMING DISTRICT, XIAMEN, FUJIAN PROVINCE, China, 361008","XIAMEN, FUJIAN PROVINCE",China,,,,,sec_filer_category_only,"A. History and development of the Company We were incorporated in the Cayman Islands on November 3, 2017. HiTek HK, our wholly-owned subsidiary, was incorporated in Hong Kong on November 20, 2017. WFOE, HiTek HK’s wholly owned subsidiary, was organized pursuant to PRC laws on March 15, 2018. In April 2021, Haitian Weilai, a wholly-owned subsidiary of WFOE was incorporated under the laws of the PRC. The variable interest entity, Xiamen Hengda HiTek Computer Network Co., Ltd., which we refer to as HiTek, was established on January 18, 1996 in Xiamen, Fujian Province, PRC pursuant to the PRC laws. HiTek’s shareholders include certain PRC residents and corporate entities controlled by PRC residents.",\bItem\s+4\.\s+Information\s+on\s+the\s+Company\b,,20-F,2026-04-24,0001213900-26-047560,https://www.sec.gov/Archives/edgar/data/1742341/000121390026047560/ea0286182-20f_hitek.htm,SEC submissions API cache,2024-03-31,2023-04-27,0001213900-23-032977,missing_employee_count,2023-03-31,20-F,edgar_filing,17,17,0,0,27,339,2023,2024,"accelerated, egc",1,0,0,1,Services,Technology,China / Hong Kong,0,Non-US / non-state HQ,Not actual US state HQ,Not actual US state HQ,Capital Market,1,113.0,4.736198448394496,1,50
1944902,OMH,Ohmyhome Ltd,continued,continued_same_matrix,2025-04-29,0001641172-25-006592,foreign_private_issuer,other,Non-accelerated filer<br>Emerging growth company,foreign_private_issuer; other; ordinary shares,6531,Real Estate Agents & Managers (For Others),Capital Market,Nasdaq,OMH,Nasdaq,Cayman Islands,1231.0,65 6886 9009,"11 LORONG 3 TOA PAYOH #04-16/21, JACKSON, Singapore, 319579",JACKSON,Singapore,,,,,sec_filer_category_only,"Recent Developments - beginning on Page 35 ) allows us to expand our product and service offerings, enter new markets, and acquire new technologies. However, acquisitions can also be complex and challenging, and they can carry a number of risks, including: ● We may not be able to successfully integrate the acquired businesses into our existing operations, which could disrupt our business and lead to financial losses; ● The cultures of the acquired business may not be compatible with our own culture, which could lead to conflict and employee turnover; ● We may pay too much for an acquired business, or the acquired business may not be able to generate the expected financial results; ● The acquired business may be subject to regulations that we are not familiar with, which could lead to compliance problems and fines;",\bBusiness\s+Overview\b,,20-F,2025-04-29,0001641172-25-006592,https://www.sec.gov/Archives/edgar/data/1944902/000164117225006592/form20-f.htm,SEC submissions API cache,2024-03-21,2023-04-27,0001493152-23-013845,missing_employee_count,2023-03-21,20-F,edgar_filing,25,9,0,1,37,329,2023,2024,"accelerated, egc",1,0,0,1,Finance/real estate,Finance / real estate,Asia-Pacific / Israel,0,Non-US / non-state HQ,Not actual US state HQ,Not actual US state HQ,Capital Market,1,113.0,4.736198448394496,1,50
1894693,SVRE,SaverOne 2014 Ltd.,not_continued,not_continued_in_reviewed_filings,,,foreign_private_issuer,other,Non-accelerated filer<br>Emerging growth company,foreign_private_issuer; other; ADS,7371,Services-Computer Programming Services,Capital Market,Nasdaq,SVRE;SVREW,Nasdaq;Nasdaq,Israel,1231.0,972-3-9094177,"EM HAMOSHAVOT RD., 94, PETAH TIKVAH, Israel, 49130",PETAH TIKVAH,Israel,,,,,sec_filer_category_only,"A. History and Development of the Company We were incorporated in Israel on November 16, 2014 under the name Saverone 2014 Ltd. Our principal executive offices are located at Em Hamoshavot Rd. 94, Petah Tikvah, 4970602 Israel. Our telephone number in Israel is +972-39094177. Our website address is https://saver.one/. Information contained on or accessible through our website is not a part of this Annual Report on Form 20-F, and the inclusion of our website address herein is an inactive textual reference only. Puglisi & Associates, or Puglisi, serves as our authorized representative in the United States for certain limited matters. Puglisi’s address is 850 Library Avenue, Newark, Delaware 1971. The SEC maintains an internet site that contains reports, proxy and information statements and other information regarding issuers that file electronically with the SEC at http://sec.gov.",\bItem\s+4\.\s+Information\s+on\s+the\s+Company\b,,20-F,2025-03-21,0001013762-25-001028,https://www.sec.gov/Archives/edgar/data/1894693/000101376225001028/ea0234058-20f_saver.htm,SEC submissions API cache,2023-06-03,2023-04-27,0001213900-23-033272,missing_employee_count,2022-06-03,20-F,edgar_filing,50,40,0,0,328,37,2022,2023,"accelerated, egc",1,0,0,1,Services,Technology,Asia-Pacific / Israel,0,Non-US / non-state HQ,Not actual US state HQ,Not actual US state HQ,Capital Market,1,113.0,4.736198448394496,1,50
1888012,,"HilleVax, Inc.",not_continued,not_continued_in_reviewed_filings,,,domestic,operating,<br>Emerging growth company,domestic; operating; common stock,2836,"Biological Products, (No Diagnostic Substances)",,Nasdaq,,,DE,1231.0,(617) 213-5054,"321 HARRISON AVE, SUITE 500, BOSTON, MA, 02118",BOSTON,MA,,14.0,"December 31, 2024",micro (<50 employees),employee_count_from_sec_filing,"Overview We are a clinical-stage biopharmaceutical company focused on developing and commercializing novel vaccines. Our initial program, HIL-214, is a virus-like particle (VLP) based vaccine candidate for the prevention of moderate-to-severe acute gastroenteritis (AGE) caused by norovirus infection. It is estimated that norovirus causes nearly 700 million cases of illness and more than 200,000 deaths worldwide per year, as well as significant additional economic and social burden. To date, HIL-214 has been studied in nine clinical trials conducted by Takeda Vaccines, Inc. (Takeda) and its predecessor, LigoCyte Pharmaceuticals, Inc. (LigoCyte), which collectively generated safety data from more than 4,500 subjects and immunogenicity data from more than 2,200 subjects, including safety and immunogenicity data from more than 800 pediatric subjects.",\bItem\s+1\.\s+Business\b,"Human Capital Resources As of December 31, 2024, we had 14 full-time employees, including 2 employees engaged in research and development.",10-K,2025-03-28,0000950170-25-046924,https://www.sec.gov/Archives/edgar/data/1888012/000095017025046924/hlvx-20241231.htm,SEC submissions API cache,2023-04-29,2023-04-28,0001193125-23-127221,,2022-04-29,DEF 14A,edgar_filing,3,3,0,0,364,1,2022,2023,"not stated, egc",1,0,0,0,Manufacturing,Life sciences / medical,US,1,Actual US state HQ,MA,"Boston, MA",Unknown market tier,0,14.0,2.70805020110221,0,50
1814963,ILAG,Intelligent Living Application Group Inc.,continued,continued_same_matrix,2025-04-28,0001641172-25-006445,foreign_private_issuer,other,Non-accelerated filer<br>Emerging growth company,foreign_private_issuer; other; ordinary shares,2540,"Partitions, Shelvg, Lockers, & of fice & Store Fixtures",Capital Market,Nasdaq,ILAG,Nasdaq,Hong Kong,1231.0,852 2481 7938,"UNIT 02, 5/F., BLK A, PROFIT IND. BLDG.,, 1-15 KWAI FUNG ST., KWAI CHUNG, N.T., HONG KONG, Hong Kong, 00000",HONG KONG,Hong Kong,,255.0,"December 31, 2023",mid-size (250-999 employees),employee_count_from_sec_filing,"A. History and Development of the Company For 40 years, we have manufactured and sold high quality mechanical locksets to customers mainly in the United States and Canada, and we continue to diversify and refine our product offerings to meet our customers’ needs. The predecessor of Hing Fat commenced our business of selling door locksets in 1981. In 1983, we started a small manufacturing workshop in China to produce door locksets with imported materials to fulfill for our customer orders, which becomes our current manufacturing subsidiary, Xingfa. Our mission was “dedicated to manufacture high quality lockset products at affordable prices.” Since 2000, we have offered our products with the American National Standards Institute (ANSI) Grade 2 and Grade 3 standards, which are developed by Builders Hardware Manufacturing Association (BHMA) for ANSI.",\bItem\s+4\.\s+Information\s+on\s+the\s+Company\b,"We had 255 employees as of December 31, 2023.",20-F,2025-04-28,0001641172-25-006445,https://www.sec.gov/Archives/edgar/data/1814963/000164117225006445/form20-f.htm,SEC submissions API cache,2023-07-13,2023-04-28,0001410578-23-000841,,2022-07-13,20-F,edgar_filing,19,7,0,1,289,76,2022,2023,"accelerated, egc",1,0,0,1,Manufacturing,Other industries,China / Hong Kong,0,Non-US / non-state HQ,Not actual US state HQ,Not actual US state HQ,Capital Market,0,255.0,5.545177444479562,1,50
1910139,MBLY,Mobileye Global Inc.,continued,continued_other_narrative,2025-04-25,0001104659-25-039006,domestic,operating,Large accelerated filer,domestic; operating; common stock,7372,Services-Prepackaged Software,Global Select,Nasdaq,MBLY,Nasdaq,DE,1227.0,972 2 541 7333,"HAR HOTZVIM, 13 HARTOM STREET, P.O. BOX 45157, JERUSALEM, Israel",JERUSALEM,Israel,Israel,4200.0,"December 27, 2025","large (1,000-9,999 employees)",employee_count_from_sec_filing,"In this Annual Report on Form 10-K, references to “we,” “us,” “our,” our “company,” “Mobileye,” the “Company,” and similar terms refer to Mobileye Global Inc. and, unless the context requires otherwise, its consolidated subsidiaries, except with respect to our historical business, operations, financial performance, and financial condition prior to our initial public offering, where such terms refer to Mobileye Group, which combines the operations of Cyclops Holdings Corporation, Mobileye B.V., GG Acquisition Ltd., Moovit App Global Ltd., and their respective subsidiaries, along with certain Intel employees mainly in research and development. References to “Moovit” refer to GG Acquisition Ltd., Moovit App Global Ltd. and their consolidated subsidiaries. We have a 52- or 53-week fiscal year that ends on the last Saturday in December. Fiscal years 2024 and 2023 were 52-week fiscal years;",\bItem\s+1\.\s+Business\b,"29 Our Employees As of December 27, 2025, we had approximately 4,200 employees operating across seven countries, with approximately 85% of such employees involved in research and development and approximately 3,900 of such employees operating in Israel.",10-K,2026-02-12,0001104659-26-014300,https://www.sec.gov/Archives/edgar/data/1910139/000110465926014300/mbly-20251227x10k.htm,SEC submissions API cache,2023-10-26,2023-04-28,0001104659-23-052939,,2022-10-26,DEF 14A,edgar_filing,6,6,0,1,184,181,2022,2023,large accelerated,0,0,1,1,Services,Technology,US,0,Non-US / non-state HQ,Not actual US state HQ,Not actual US state HQ,Global Select,0,4200.0,8.343077871169383,1,50
1835597,PEPG,PepGen Inc.,continued,continued_same_matrix,2025-04-25,0000950170-25-058337,domestic,operating,<br>Emerging growth company,domestic; operating; common stock,2834,Pharmaceutical Preparations,Global Select,Nasdaq,PEPG,Nasdaq,DE,1231.0,703-456-8000,"1 MARINA PARK DRIVE, SUITE 900, BOSTON, MA, 02210",BOSTON,MA,,81.0,"December 31, 2024",small (50-249 employees),employee_count_from_sec_filing,"model, and strategic plans for our business and product candidates; • the scope of protection we are able to establish and maintain for intellectual property rights covering our product candidates and our technology platform; • estimates of our future expenses, revenues, capital requirements, and our needs for additional financing; • the size and growth potential of the markets for our product candidates, and our ability to serve those markets; • our financial performance; • the rate and degree of market acceptance of our product candidates; • regulatory developments in the United States, or U.S., and foreign countries; • our ability to contract with third-party suppliers and manufacturers and their ability to perform adequately, and our ability to identify and contract with alternative third-party suppliers and manufacturers in a timely manner and on reasonable terms, if needed;",\bOur\s+Business\b,"Employees and Human Capital Resources As of December 31, 2024, we had 81 full-time employees, of whom 27 have Ph.",10-K,2025-02-24,0000950170-25-025226,https://www.sec.gov/Archives/edgar/data/1835597/000095017025025226/pepg-20241231.htm,SEC submissions API cache,2023-05-06,2023-04-28,0000950170-23-015751,,2022-05-06,DEF 14A,edgar_filing,6,2,0,1,357,8,2022,2023,"not stated, egc",1,0,0,0,Manufacturing,Life sciences / medical,US,1,Actual US state HQ,MA,"Boston, MA",Global Select,0,81.0,4.406719247264253,1,50
1894562,PRME,"Prime Medicine, Inc.",not_continued,not_continued_in_reviewed_filings,,,domestic,operating,Non-accelerated filer<br>Smaller reporting company<br>Emerging growth company,domestic; operating; common stock,2836,"Biological Products, (No Diagnostic Substances)",Global Market,Nasdaq,PRME,Nasdaq,DE,1231.0,617-465-0013,"60 FIRST ST., CAMBRIDGE, MA, 02141",CAMBRIDGE,MA,,146.0,"December 31, 2025",small (50-249 employees),employee_count_from_sec_filing,"Overview We are a biotechnology company focused on developing a new class of genetic medicines designed to provide durable, and potentially curative, treatment options for patients with diseases driven by defined genetic alterations, acquired cellular dysfunction, or dysregulated gene expression. Our approach is grounded in Prime Editing, a next-generation gene editing technology that enables targeted modifications to genomic DNA without introducing double-stranded breaks. We believe Prime Editing represents the most versatile and precise method for rewriting, replacing, or repairing DNA sequences and may allow us to address a broad spectrum of diseases with an improved safety and specificity profile relative to earlier editing technologies.",\bItem\s+1\.\s+Business\b,"Employees and Human Capital Resources As of December 31, 2025, we had 146 full-time employees, of whom 63 have M.",10-K,2026-03-03,0001628280-26-013569,https://www.sec.gov/Archives/edgar/data/1894562/000162828026013569/prme-20251231.htm,SEC submissions API cache,2023-10-20,2023-04-28,0001628280-23-013811,,2022-10-20,DEF 14A,edgar_filing,9,9,0,0,190,175,2022,2023,"accelerated, smaller reporting, egc",1,1,0,1,Manufacturing,Life sciences / medical,US,1,Actual US state HQ,MA,"Cambridge, MA",Global Market,0,146.0,4.990432586778736,1,50
1425627,SOBR,"SOBR Safe, Inc.",continued,continued_other_narrative,2025-04-15,0001477932-25-002746,domestic,operating,Non-accelerated filer<br>Smaller reporting company,domestic; operating; common stock,2721,Periodicals: Publishing or  Publishing & Printing,Capital Market,Nasdaq,SOBR,Nasdaq,DE,1231.0,844-762-7723,"6400 S. FIDDLERS GREEN CIRCLE, SUITE 1400, GREENWOOD VILLAGE, CO, 80111",GREENWOOD VILLAGE,CO,,,,,sec_filer_category_only,"• Our business plan, which is focused on the development and commercialization of personal alcohol awareness tracking devices, is dependent upon our SOBRsafe TM technology. • We have a limited operating history and historical financial information upon which you may evaluate our performance. • Our quarterly and annual operating results may fluctuate significantly and may not fully reflect the underlying performance of our business. • Unfavorable global economic conditions could adversely affect our business, financial condition, or results of operations. • We may not be able to meet our future capital needs. • If we cannot obtain, achieve or sustain profitability or additional funding, our technology and product development and commercialization efforts may be reduced or discontinued, and we may not be able to continue operations.",\bOur\s+Business\b,,10-K,2026-04-10,0001477932-26-002117,https://www.sec.gov/Archives/edgar/data/1425627/000147793226002117/sobr_10k.htm,SEC submissions API cache,2023-05-17,2023-04-28,0001477932-23-002946,missing_employee_count,2022-05-17,DEF 14A,edgar_filing,6,6,0,1,346,19,2022,2023,"accelerated, smaller reporting",0,1,0,1,Manufacturing,Other industries,US,1,Actual US state HQ,CO,"Greenwood Village, CO",Capital Market,1,113.0,4.736198448394496,1,50
1886894,SNAL,"Snail, Inc.",continued,continued_other_narrative,2025-04-25,0001641172-25-006181,domestic,operating,<br>Emerging growth company,domestic; operating; common stock,7372,Services-Prepackaged Software,Capital Market,Nasdaq,SNAL,Nasdaq,DE,1231.0,1 (310) 928-7428,"12049 JEFFERSON BOULEVARD, CULVER CITY, CA, 90230",CULVER CITY,CA,,166.0,"December 31, 2025",small (50-249 employees),employee_count_from_sec_filing,". Overview Our mission is to provide high-quality entertainment experiences to audiences around the world. We are a leading, global independent developer and publisher of interactive digital entertainment for consumers around the world. We have built a premier portfolio of premium games designed for use on a variety of platforms, including consoles, PCs, and mobile devices. ARK: Survival Ascended was ranked in top 100 on Steam in 2025, a year in which we launched the ARK: Lost Colony downloadable content (“ DLC”). Our expertise in technology, in-game ecosystems and monetization of online multiplayer games has enabled us to assemble a broad portfolio of intellectual property across multiple media formats and technology platforms.",\bItem\s+1\.\s+Business\b,"Human Capital Resources As of December 31, 2025, we had 166 full-time employees worldwide, of whom approximately 74% are based in North America and approximately 26% are based in Europe, the Middle East and Africa (“EMEA”) region.",10-K,2026-03-19,0001493152-26-011617,https://www.sec.gov/Archives/edgar/data/1886894/000149315226011617/form10-k.htm,SEC submissions API cache,2023-11-10,2023-04-28,0001104659-23-052917,,2022-11-10,DEF 14A,edgar_filing,5,5,0,1,169,196,2022,2023,"not stated, egc",1,0,0,0,Services,Technology,US,1,Actual US state HQ,CA,"Culver City, CA",Capital Market,0,166.0,5.117993812416755,1,50
1935172,AIXI,Xiao-I Corp,continued,continued_same_matrix,2025-05-15,0001213900-25-044439,foreign_private_issuer,other,Non-accelerated filer<br>Emerging growth company,foreign_private_issuer; other; ADS,7372,Services-Prepackaged Software,Global Market,Nasdaq,AIXI,Nasdaq,Cayman Islands,1231.0,(86) 021-39512112,"7TH FLOOR, BUILDING 398, NO. 1555 WEST JINSHAJIANG RD., SHANGHAI, China, 201803",SHANGHAI,China,,162.0,"December 31, 2024",small (50-249 employees),employee_count_from_sec_filing,". A. History and Development of the Company. In the following discussion of corporate history, “we,” “us,” or “our” refer to Xiao-I. History of Xiao-I Corporation We were incorporated in the Cayman Islands on August 13, 2018, with limited liability under the Companies Act. Upon incorporation, the authorized share capital of our Company was US$50,000 divided into 1,000,000,000 shares, par value of US$0.00005 each, comprising of 1,000,000,000 Ordinary Shares of a par value of US$0.00005 each.",\bItem\s+4\.\s+Information\s+on\s+the\s+Company\b,"As of December 31, 2024, we had 162 full-time employees.",20-F,2025-05-15,0001213900-25-044439,https://www.sec.gov/Archives/edgar/data/1935172/000121390025044439/ea0238811-20f_xiaoicorp.htm,SEC submissions API cache,2024-03-09,2023-04-28,0001213900-23-033683,,2023-03-09,20-F,edgar_filing,15,3,0,1,50,316,2023,2024,"accelerated, egc",1,0,0,1,Services,Technology,China / Hong Kong,0,Non-US / non-state HQ,Not actual US state HQ,Not actual US state HQ,Global Market,0,162.0,5.093750200806762,1,50
1781174,ACRV,"Acrivon Therapeutics, Inc.",continued,continued_same_matrix,2025-04-25,0000950170-25-058352,domestic,operating,Non-accelerated filer<br>Smaller reporting company<br>Emerging growth company,domestic; operating; common stock,2834,Pharmaceutical Preparations,Global Market,Nasdaq,ACRV,Nasdaq,,1231.0,617-207-8979,"480 ARSENAL WAY, SUITE 100, WATERTOWN, MA, 02472",WATERTOWN,MA,,75.0,"December 31, 2024",small (50-249 employees),employee_count_from_sec_filing,", financial condition, results of operations, and prospects: • We are a clinical stage biopharmaceutical company and have incurred significant losses since our inception. We expect to incur losses over the next several years and may never achieve or maintain profitability. • We have a limited operating history and no history of commercializing products, which may make it difficult for an investor to evaluate the success of our business to date and to assess our future viability. • We will need additional funding to meet our financial obligations and to pursue our business objectives. If we are unable to raise capital when needed, we could be forced to curtail our planned longer-term operations and the pursuit of our growth strategy.",\bOur\s+Business\b,"Employees and Human Capital Resources As of December 31, 2024, we had 75 full-time employees and three part-time employees.",10-K,2025-03-27,0000950170-25-046056,https://www.sec.gov/Archives/edgar/data/1781174/000095017025046056/acrv-20241231.htm,SEC submissions API cache,2023-11-15,2023-05-01,0000950170-23-016268,,2022-11-15,DEF 14A,edgar_filing,7,2,0,1,167,198,2022,2023,"accelerated, smaller reporting, egc",1,1,0,1,Manufacturing,Life sciences / medical,US,1,Actual US state HQ,MA,"Watertown, MA",Global Market,0,75.0,4.330733340286331,1,50
1825349,CHSN,Chanson International Holding,not_continued,not_continued_in_reviewed_filings,,,foreign_private_issuer,other,Non-accelerated filer<br>Emerging growth company,foreign_private_issuer; other; ordinary shares,2000,Food and Kindred Products,Capital Market,Nasdaq,CHSN,Nasdaq,Cayman Islands,1231.0,86-0991-2302709,"B9 XINJIANG CHUANGBO ZHIGU INDUSTRIAL PK, NO.100 GUANGYUAN ROAD SHUIMOGOU DISTRICT, URUMQI, XINJIANG, China, 830017","URUMQI, XINJIANG",China,,,,,sec_filer_category_only,"B. Business Overview-Regulations-Regulations on Mergers & Acquisitions and Overseas Listings.” 23 According to the CSRC Notice, the domestic companies that have already been listed overseas before the effective date of the Trial Measures (namely, March 31, 2023) shall be deemed as existing issuers. Existing issuers are not required to complete the filing procedures immediately, and they shall be required to file with the CSRC for any subsequent offerings. In the event that we undertake new offerings or fundraising activities in the future, we may be required to complete necessary filing procedures pursuant to the Trial Measures.",\bItem\s+4\.\s+Information\s+on\s+the\s+Company\b,,20-F,2026-04-20,0001213900-26-045625,https://www.sec.gov/Archives/edgar/data/1825349/000121390026045625/ea0286626-20f_chansoninter.htm,SEC submissions API cache,2024-03-30,2023-05-01,0001213900-23-034610,missing_employee_count,2023-03-30,20-F,edgar_filing,25,25,0,0,32,334,2023,2024,"accelerated, egc",1,0,0,1,Manufacturing,Other industries,China / Hong Kong,0,Non-US / non-state HQ,Not actual US state HQ,Not actual US state HQ,Capital Market,1,113.0,4.736198448394496,1,50
1881487,ACDC,ProFrac Holding Corp.,continued,continued_other_narrative,2025-04-29,0001558370-25-005849,domestic,operating,Accelerated filer<br>Smaller reporting company,domestic; operating; common stock,1389,"Oil & Gas Field Services, NEC",Global Select,Nasdaq,ACDC,Nasdaq,DE,1231.0,254-776-3722,"333 SHOPS BOULEVARD, SUITE 301, WILLOW PARK, TX, 76087",WILLOW PARK,TX,,,,,sec_filer_category_only,"– 2023 Significant Events - Redemption of ProFrac LLC Units ” for additional information. The payment obligations under the Tax Receivable Agreement are our obligations and not obligations of ProFrac LLC, and we expect that the payments required to be made under the Tax Receivable Agreement will be substantial. Estimating the amount and timing of payments that may become due under the Tax Receivable Agreement is by its nature imprecise. For purposes of the Tax Receivable Agreement, net cash tax savings generally are calculated by comparing our actual tax liability (determined by using the actual applicable U.S. federal income tax rate and an assumed combined state and local income and franchise tax rate) to the amount we would have been required to pay had we not been able to utilize any of the tax benefits subject to the Tax Receivable Agreement.",\bItem\s+1\.\s+Business\b,,10-K,2026-03-13,0001193125-26-106120,https://www.sec.gov/Archives/edgar/data/1881487/000119312526106120/acdc-20251231.htm,SEC submissions API cache,2023-05-13,2023-05-01,0001193125-23-130426,missing_employee_count,2022-05-13,DEF 14A,edgar_filing,4,4,0,1,353,12,2022,2023,"accelerated, smaller reporting",0,1,0,1,Mining,Other industries,US,1,Actual US state HQ,TX,"Willow Park, TX",Global Select,1,113.0,4.736198448394496,1,50
1863218,SFWL,SHENGFENG DEVELOPMENT Ltd,not_continued,not_continued_in_reviewed_filings,,,foreign_private_issuer,other,Non-accelerated filer<br>Emerging growth company,foreign_private_issuer; other; ordinary shares,4210,Trucking & Courier Services (No Air),Capital Market,Nasdaq,SFWL,Nasdaq,Cayman Islands,1231.0,86-591-83619860,"SHENGFENG BUILDING, NO. 478 FUXIN EAST ROAD, JINAN DISTRICT, FUZHOU CITY, China, 350001",FUZHOU CITY,China,,1416.0,"December 31, 2025","large (1,000-9,999 employees)",employee_count_from_sec_filing,"—B. Business Overview—Regulations—Regulations on Mergers & Acquisitions and Overseas Listings.” The Opinions, the Trial Measures, the revised Provisions and any related implementing rules to be enacted may subject us to compliance requirement in the future. Given the current regulatory environment in the PRC, we are still subject to the uncertainty of different interpretation and enforcement of the rules and regulations in the PRC adverse to us, which may take place quickly with little advance notice.",\bItem\s+4\.\s+Information\s+on\s+the\s+Company\b,"Under his leadership, our Company started off in 2001 from being a small-sized logistics service provider with only 60 employees, to becoming one of the largest logistics service providers in China with total transportation volume of approximately 21,349,000 tons for the fiscal year ended December 31, 2025 and we have 1,416 employees as of December 31, 2025.",20-F,2026-03-27,0001213900-26-035301,https://www.sec.gov/Archives/edgar/data/1863218/000121390026035301/ea0282579-20f_shengfeng.htm,SEC submissions API cache,2024-03-31,2023-05-01,0001213900-23-034752,,2023-03-31,20-F,edgar_filing,4,4,0,0,31,335,2023,2024,"accelerated, egc",1,0,0,1,Transport/utilities,Other industries,China / Hong Kong,0,Non-US / non-state HQ,Not actual US state HQ,Not actual US state HQ,Capital Market,0,1416.0,7.256297239690681,1,50
1825875,RAYA,Erayak Power Solution Group Inc.,continued,continued_other_narrative,2025-04-23,0001213900-25-034605,foreign_private_issuer,other,Non-accelerated filer<br>Emerging growth company,foreign_private_issuer; other; ordinary shares,3621,Motors & Generators,Capital Market,Nasdaq,RAYA,Nasdaq,Cayman Islands,,86-577-86829999,"NO.528, 4TH AVENUE, BINHAI INDUSTRIAL PARK, WENZHOU, ZHEJIANG, China, 325025","WENZHOU, ZHEJIANG",China,,349.0,"December 31, 2025",mid-size (250-999 employees),employee_count_from_sec_filing,"4.A. History and development of the company Corporate History Erayak is a Cayman Islands exempted company incorporated on June 14, 2019. We conduct our business in China through our subsidiaries. The consolidation of our Company and our subsidiaries has been accounted for at historical cost and prepared on the basis as if the aforementioned transactions had become effective as of the beginning of the first period presented in the accompanying consolidated financial statements. Erayak BVI was incorporated on June 17, 2019 under the laws of British Virgin Islands. Erayak BVI is a holding company and is currently not actively engaging in any business. Erayak HK was incorporated on June 26, 2019 under the laws of Hong Kong and is a wholly owned subsidiary of Erayak. The paid in capital was zero as of December 31, 2022. Erayak HK did not have any operations as of December 31, 2022.",\bItem\s+4\.\s+Information\s+on\s+the\s+Company\b,"As of December 31, 2025, we have 349 employees.",20-F,2026-04-29,0001185185-26-001594,https://www.sec.gov/Archives/edgar/data/1825875/000118518526001594/erayak20f123125.htm,SEC submissions API cache,2023-12-14,2023-05-15,0001213900-23-039841,,2022-12-14,20-F,edgar_filing,30,30,0,1,152,213,2022,2023,"accelerated, egc",1,0,0,1,Manufacturing,Other industries,China / Hong Kong,0,Non-US / non-state HQ,Not actual US state HQ,Not actual US state HQ,Capital Market,0,349.0,5.857933154483459,1,50
1938186,JYD,Jayud Global Logistics Ltd,not_continued,not_continued_in_reviewed_filings,,,foreign_private_issuer,other,Non-accelerated filer<br>Emerging growth company,foreign_private_issuer; other; ordinary shares,4731,Arrangement of  Transportation of  Freight & Cargo,Capital Market,Nasdaq,JYD,Nasdaq,Cayman Islands,,(86)15218740808,"4TH FLOOR, BUILDING 4, SHATOUJIAO FTZ, SHENYAN ROAD, YANTIAN DISTRICT, SHENZHEN, China",SHENZHEN,China,China,,,,sec_filer_category_only,"— Regulations — Regulations Relating to Overseas Listings and M&A Rules.” 2 We cannot assure you that we can complete the filing procedures, obtain the approvals or complete other compliance procedures in a timely manner, or at all, or that any completion of filing or approval or other compliance procedures would not be rescinded. Any such failure would subject us to sanctions by the CSRC or other PRC regulatory authorities.",\bItem\s+4\.\s+Information\s+on\s+the\s+Company\b,,20-F,2026-04-20,0001213900-26-045588,https://www.sec.gov/Archives/edgar/data/1938186/000121390026045588/ea0286038-20f_jayud.htm,SEC submissions API cache,2024-04-21,2023-05-15,0001213900-23-039570,missing_employee_count,2023-04-21,20-F,edgar_filing,23,23,0,0,24,342,2023,2024,"accelerated, egc",1,0,0,1,Transport/utilities,Other industries,China / Hong Kong,0,Non-US / non-state HQ,Not actual US state HQ,Not actual US state HQ,Capital Market,1,113.0,4.736198448394496,1,50
1930510,VCIG,VCI Global Ltd,continued,continued_same_matrix,2025-05-13,0001213900-25-042476,foreign_private_issuer,other,Non-accelerated filer<br>Emerging growth company,foreign_private_issuer; other; ordinary shares,8744,Services-Facilities Support Management Services,Capital Market,Nasdaq,VCIG,Nasdaq,Malaysia,1231.0,603 2201 5249,"SUITE 33.03 OF LEVEL 33, MENARA EXCHANGE, 106, LINGKARAN TRX, TUN RAZAK EXCHANGE, KUALA LUMPUR, 55188, Malaysia",KUALA LUMPUR,Malaysia,Malaysia,,,,sec_filer_category_only,"A. History and Development of the Company Corporate Structure We are a holding company incorporated in the British Virgin Islands on April 29, 2020. We operate and control solely through our subsidiary companies. Our corporate structure is set forth as below 1 . 1 Unless otherwise indicated in the chart, the subsidiaries are 100% owned companies. The Company does not believe that the securities it holds in any of its direct or indirect subsidiaries are “investment securities” as defined in Section 3(a)(2) of the Investment Company Act of 1940. Wholly-owned Subsidiaries Accuventures Sdn Bhd, a Malaysia private company formed on June 22, 2015, provides the business of computer, information technology, financial technology and communication services.",\bItem\s+4\.\s+Information\s+on\s+the\s+Company\b,,20-F,2025-05-13,0001213900-25-042476,https://www.sec.gov/Archives/edgar/data/1930510/000121390025042476/ea0239288-20f_vciglobal.htm,SEC submissions API cache,2024-04-13,2023-05-15,0001575872-23-000741,missing_employee_count,2023-04-13,20-F,edgar_filing,39,13,0,1,32,334,2023,2024,"accelerated, egc",1,0,0,1,Services,Other industries,Asia-Pacific / Israel,0,Non-US / non-state HQ,Not actual US state HQ,Not actual US state HQ,Capital Market,1,113.0,4.736198448394496,1,50
1855557,HLP,Hongli Group Inc.,continued,continued_same_matrix,2025-05-12,0001213900-25-042120,foreign_private_issuer,other,Non-accelerated filer<br>Emerging growth company,foreign_private_issuer; other; ordinary shares,3569,"General Industrial Machinery & Equipment, NEC",Capital Market,Nasdaq,HLP,Nasdaq,Cayman Islands,,86 0536-2185222,"NO. 777, DAIYI ROAD,, CHANGLE COUNTY, WEIFANG CITY,, SHANDONG PROVINCE,, China","SHANDONG PROVINCE,",China,China,,,,sec_filer_category_only,"A. History and Development of the Company Our Corporate History and Structure Hongli Cayman is an exempted company incorporated on February 9, 2021, under the laws of the Cayman Islands. We have no substantive operations other than holding all of the issued and outstanding shares of Hongli Hong Kong Limited, or Hongli HK, which was established in Hong Kong on March 5, 2021. Hongli HK is also a holding company holding all of the outstanding equity of Shandong Xiangfeng Heavy Industry Co., Ltd., or Hongli WFOE, which was established on April 8, 2021 under the laws of the PRC.",\bItem\s+4\.\s+Information\s+on\s+the\s+Company\b,,20-F,2025-05-12,0001213900-25-042120,https://www.sec.gov/Archives/edgar/data/1855557/000121390025042120/ea0241030-20f_hongli.htm,SEC submissions API cache,2024-03-29,2023-05-16,0001213900-23-040060,missing_employee_count,2023-03-29,20-F,edgar_filing,13,2,0,1,48,318,2023,2024,"accelerated, egc",1,0,0,1,Manufacturing,Other industries,China / Hong Kong,0,Non-US / non-state HQ,Not actual US state HQ,Not actual US state HQ,Capital Market,1,113.0,4.736198448394496,1,50
1938865,WAI,Top KingWin Ltd,continued,continued_same_matrix,2025-04-17,0001213900-25-033010,foreign_private_issuer,other,Non-accelerated filer<br>Emerging growth company,foreign_private_issuer; other; ordinary shares,7389,"Services-Business Services, NEC",Capital Market,Nasdaq,WAI,Nasdaq,Cayman Islands,1231.0,8618219445669,"ROOM 1304, BLG NO. 25, TIAN'AN HQ CENTER, NO. 555, NORTH PANYU AVE., DONGHUAN ST., GUANGZHOU, China, 511400",GUANGZHOU,China,,,,,sec_filer_category_only,"A. History and Development of the Company Our Corporate History and Structure Top KingWin Ltd was incorporated under the laws of Cayman Islands on February 16, 2022 as an exempted company and structured as a holding company. Tiancheng Jinhui, our PRC operating subsidiary, was incorporated in the PRC on October 25, 2018. Our principal executive offices are located at Room 1304, Building No. 25, Tian’an Headquarters Center, No. 555, North Panyu Avenue, Donghuan Street, Panyu District, Guangzhou, Guangdong Province, PRC. Our telephone number at this address is +86 400 661 3113. Our registered office in the Cayman Islands is currently located at the office of 89 Nexus Way, Camana Bay, Grand Cayman, KY1-9009, Cayman Islands, which may be changed from time to time at the discretion of our directors. Our agent for service of process in the United States is Cogency Global Inc.",\bItem\s+4\.\s+Information\s+on\s+the\s+Company\b,,20-F,2025-04-17,0001213900-25-033010,https://www.sec.gov/Archives/edgar/data/1938865/000121390025033010/ea0235573-20f_topkingwin.htm,SEC submissions API cache,2024-04-18,2023-05-16,0001213900-23-040532,missing_employee_count,2023-04-18,20-F,edgar_filing,21,7,0,1,28,338,2023,2024,"accelerated, egc",1,0,0,1,Services,Other industries,China / Hong Kong,0,Non-US / non-state HQ,Not actual US state HQ,Not actual US state HQ,Capital Market,1,113.0,4.736198448394496,1,50
1835022,COYA,"Coya Therapeutics, Inc.",continued,continued_other_narrative,2025-04-28,0001193125-25-100816,domestic,operating,<br>Emerging growth company,domestic; operating; common stock,2834,Pharmaceutical Preparations,Capital Market,Nasdaq,COYA,Nasdaq,DE,1231.0,650.739.3939,"12645 MEMORIAL DR., SUITE F1 #305, HOUSTON, TX, 77024",HOUSTON,TX,,,,,sec_filer_category_only,"All references in this report to ""Coya,"" the ""Company,"" ""we,"" ""us,"" or ""our"" mean Coya Therapeutics, Inc. unless stated otherwise or the context otherwise indicates. Overview We are a clinical-stage biotechnology company focused on developing proprietary new therapies to enhance the function of regulatory T cells (“Tregs”). Tregs are a subpopulation of T-lymphocytes consisting of CD4+CD25high hFOXP3+ cells that suppress inflammatory responses. Tregs were first discovered in 1995 by Dr. Shimon Sakaguchi and since their discovery multiple lines of research have contributed to elucidate Treg biology and its role in health and disease. Dr. Sakaguchi was the 2025 winner of the Nobel Prize in Physiology or Medicine.",\bItem\s+1\.\s+Business\b,,10-K,2026-03-16,0001193125-26-107281,https://www.sec.gov/Archives/edgar/data/1835022/000119312526107281/coya-20251231.htm,SEC submissions API cache,2023-12-29,2023-05-19,0001193125-23-149377,missing_employee_count,2022-12-29,DEF 14A,edgar_filing,7,7,0,1,141,224,2022,2023,"not stated, egc",1,0,0,0,Manufacturing,Life sciences / medical,US,1,Actual US state HQ,TX,"Houston, TX",Capital Market,1,113.0,4.736198448394496,1,50
1825452,ONFO,"Onfolio Holdings, Inc",continued,continued_other_narrative,2025-06-24,0001654954-25-007365,domestic,operating,<br>Emerging growth company,domestic; operating; common stock,7374,Services-Computer Processing & Data Preparation,Capital Market,Nasdaq,ONFO;ONFOP;ONFOW,Nasdaq;OTC;Nasdaq,DE,1231.0,(682) 990-6920,"1007 NORTH ORANGE STREET 4TH FLOOR, WILMINGTON, DE, 19801",WILMINGTON,DE,,,,,sec_filer_category_only,". Company Overview Onfolio Holdings Inc. was incorporated on July 20, 2020 under the laws of Delaware to acquire and develop high-growth and profitable online businesses. Unless the context otherwise requires, all references to “our Company,” “we,” “our” or “us” and other similar terms means Onfolio Holdings Inc., a Delaware corporation, and our wholly owned subsidiaries. We acquire controlling interests in and actively manage small online businesses that we believe (i) operate in sectors with long-term growth opportunities, (ii) have positive and stable cash flows, (iii) face minimal threats of technological or competitive obsolescence and (iv) can be managed by our existing team or have strong management teams largely in place.",\bItem\s+1\.\s+Business\b,,10-K,2026-03-31,0001654954-26-003083,https://www.sec.gov/Archives/edgar/data/1825452/000165495426003083/onfo_10k.htm,SEC submissions API cache,2023-08-26,2023-05-22,0001654954-23-006957,missing_employee_count,2022-08-26,DEF 14A,edgar_filing,8,8,0,1,269,96,2022,2023,"not stated, egc",1,0,0,0,Services,Technology,US,1,Actual US state HQ,DE,"Wilmington, DE",Capital Market,1,113.0,4.736198448394496,1,50
1784970,NXTT,Next Technology Holding Inc.,continued,continued_same_matrix,2025-03-27,0001013762-25-003282,domestic,operating,Non-accelerated filer<br>Emerging growth company,domestic; operating; common stock,7374,Services-Computer Processing & Data Preparation,Capital Market,Nasdaq,NXTT,Nasdaq,WY,1231.0,852 96369080,"1376-7 OBA, GRANDAGE 3, TAKEBASHI 408, SAITAMA PREFECTURE, KASUKABE CITY, 344-0021, Japan",KASUKABE CITY,Japan,Japan,6.0,,micro (<50 employees),employee_count_from_sec_filing,"Overview Next Technology Holding Inc (Formerly known as “WeTrade Group, Inc”) (the “Company”) was incorporated in the State of Wyoming on March 28, 2019. As of December 31, 2024, the Company pursue two corporate strategies. One business strategy is to continue providing software development services, and the other strategy is to acquire and hold Bitcoin. Software development We provide AI-enabled software development services to our customers, which include developing, designing, and implementing various SAAS software solutions for businesses of all types, including industrial and other businesses.",\bItem\s+1\.\s+Business\b,"com 12 Our Employees As of the date hereof and in the fiscal year 2024, we have 6 full-time employees.",10-K,2025-03-27,0001013762-25-003282,https://www.sec.gov/Archives/edgar/data/1784970/000101376225003282/ea0233807-10k_nexttech.htm,SEC submissions API cache,2023-07-19,2023-07-14,0001477932-23-005290,,2022-07-19,10-K,edgar_filing,8,1,0,1,360,5,2022,2023,"accelerated, egc",1,0,0,1,Services,Technology,US,0,Non-US / non-state HQ,Not actual US state HQ,Not actual US state HQ,Capital Market,0,6.0,1.9459101490553132,1,50
1231457,GNLX,GENELUX Corp,continued,continued_other_narrative,2025-03-28,0001641172-25-001184,domestic,operating,Non-accelerated filer<br>Smaller reporting company<br>Emerging growth company,domestic; operating; common stock,2834,Pharmaceutical Preparations,Capital Market,Nasdaq,GNLX,Nasdaq,DE,1231.0,805-267-9889,"2625 TOWNSGATE ROAD, SUITE 230, WESTLAKE VILLAGE, CA, 91361",WESTLAKE VILLAGE,CA,,25.0,"December 31, 2025",micro (<50 employees),employee_count_from_sec_filing,"A. Overview Genelux is a late clinical-stage biopharmaceutical company focused on developing next-generation oncolytic viral immunotherapies for patients suffering from aggressive and/or difficult-to-treat tumor types. Our clinical and preclinical product candidates are intended to selectively kill tumor cells and induce a robust immune response against a patient’s tumor neoantigens. Importantly, our oncolytic immunotherapy product candidates are “off-the-shelf” personalized immunotherapies. In other words, while we administer the same virus product to different patients, the cellular immune response generated is expected to be specific to the unique neoantigens in that patient. Our lead product candidate, Olvi-Vec (olvimulogene nanivacirepvec), is a proprietary, modified strain of the vaccinia virus (VACV), a stable DNA virus with a large engineering capacity.",\bItem\s+1\.\s+Business\b,"HUMAN CAPITAL RESOURCES As of December 31, 2025, we had 25 full-time employees and 1 part-time employee, including 16 employees engaged in research and development and manufacturing and 10 engaged in management and administrative functions.",10-K,2026-03-19,0001493152-26-011616,https://www.sec.gov/Archives/edgar/data/1231457/000149315226011616/form10-k.htm,SEC submissions API cache,2024-01-26,2023-07-20,0001493152-23-025087,,2023-01-26,DEF 14A,edgar_filing,7,7,0,1,175,190,2023,2024,"accelerated, smaller reporting, egc",1,1,0,1,Manufacturing,Life sciences / medical,US,1,Actual US state HQ,CA,"Westlake Village, CA",Capital Market,0,25.0,3.258096538021482,1,50
1414767,NCPL,Netcapital Inc.,not_continued,not_continued_in_reviewed_filings,,,domestic,operating,Non-accelerated filer<br>Smaller reporting company,domestic; operating; common stock,6199,Finance Services,Capital Market,Nasdaq,NCPL;NCPLW,Nasdaq;Nasdaq,UT,430.0,(781) 925-1700,"1 LINCOLN STREET, BOSTON, MA, 02111",BOSTON,MA,,20.0,"April 30, 2025",micro (<50 employees),employee_count_from_sec_filing,". Overview Netcapital Inc. is a fintech company with a scalable technology platform that allows private companies to raise capital online from accredited and non-accredited investors. We give virtually all investors the opportunity to access investments in private companies. Our model is disruptive to traditional private equity investing and is based on Title III, Regulation Crowdfunding (“Reg CF”) of the Jumpstart Our Business Startups Act (“JOBS Act”). We generate fees from listing private companies on our funding portal located at www.netcapital.com. Our consulting group, Netcapital Advisors Inc. (“Netcapital Advisors”), which is a wholly owned subsidiary, provides marketing and strategic advice to companies in exchange for cash fees and previously also received equity positions in certain select portfolio companies.",\bItem\s+1\.\s+Business\b,"As of April 30, 2025, we had approximately 20 employees, all of which were full time.",10-K,2025-08-12,0001641172-25-023248,https://www.sec.gov/Archives/edgar/data/1414767/000164117225023248/form10-k.htm,SEC submissions API cache,2023-07-14,2023-07-26,0001903596-23-000560,,2022-07-14,10-K,edgar_filing,4,4,0,0,377,-12,2022,2023,"accelerated, smaller reporting",0,1,0,1,Finance/real estate,Finance / real estate,US,1,Actual US state HQ,MA,"Boston, MA",Capital Market,0,20.0,3.044522437723423,1,50
1852131,NXT,Nextpower Inc.,continued,continued_same_matrix,2025-06-25,0001852131-25-000036,domestic,operating,Large accelerated filer,domestic; operating; common stock,3674,Semiconductors & Related Devices,Global Select,Nasdaq,NXT,Nasdaq,DE,331.0,510-270-2500,"6200 PASEO PADRE PARKWAY, FREMONT, CA, 94555",FREMONT,CA,,1300.0,"March 31, 2025","large (1,000-9,999 employees)",employee_count_from_sec_filing,"Unless the context requires otherwise, references in this Annual Report on Form 10-K to “Nextracker,” the “Company,” “we,” “us” and “our” mean Nextracker Inc. and its consolidated subsidiaries. Our vision We envision a world powered by renewable energy where clean, affordable power is available to all. Our mission Our mission is to be the most trusted and valued renewable energy company by delivering intelligent, reliable, and productive solar power. Overview We are a leading solar technology platform provider used in power plants around the world. Our products enable solar power plants to follow the sun’s movement across the sky and optimize performance.",\bItem\s+1\.\s+Business\b,"Human capital As of March 31, 2025, we had approximately 1,300 full-time employees.",10-K,2025-05-22,0001852131-25-000021,https://www.sec.gov/Archives/edgar/data/1852131/000185213125000021/nxt-20250331.htm,SEC submissions API cache,2024-02-09,2023-07-31,0001140361-23-036830,,2023-02-09,DEF 14A,edgar_filing,4,2,0,1,172,193,2023,2024,large accelerated,0,0,1,1,Manufacturing,Technology,US,1,Actual US state HQ,CA,"Fremont, CA",Global Select,0,1300.0,7.170888478512505,1,50
1939780,UCAR,U Power Ltd,continued,continued_same_matrix,2025-05-15,0001213900-25-044284,foreign_private_issuer,other,Non-accelerated filer<br>Emerging growth company,foreign_private_issuer; other; ordinary shares,3690,"Miscellaneous Electrical Machinery, Equipment & Supplies",Capital Market,Nasdaq,UCAR,Nasdaq,Cayman Islands,1231.0,0086-21-6859-3598,"2F, ZUOAN 88 A, LUJIAZUI, SHANGHAI, China",SHANGHAI,China,China,,,,sec_filer_category_only,"— A. History and Development of the Company — Joint Venture in Portugal.” (2) On December 25, 2024, U SWAP Co., Ltd., signed a cooperation agreement with Ezzy Transporter (Thailand) Company Limited to establish Greendrive Tech Co. Ltd in Thailand. Upon the formation of the joint venture, U Swap Co Ltd. will hold a 70% equity interest in Greendrive Tech Co. Ltd. and Ezzy Transporter (Thailand) Company Limited will hold remaining 30% equity interest. As of the date of this annual report, the Greendrive Tech Co. Ltd has not been formally established, as its registration and related incorporation procedures are still ongoing. See “Item 4. Information on the Company — A. History and Development of the Company — Joint Venture in Thailand.” A. [Reserved] B. Capitalization and Indebtedness Not applicable. 5 C. Reasons for the Offer and Use of Proceeds Not applicable. D.",\bItem\s+4\.\s+Information\s+on\s+the\s+Company\b,,20-F,2025-05-15,0001213900-25-044284,https://www.sec.gov/Archives/edgar/data/1939780/000121390025044284/ea0239478-20f_upower.htm,SEC submissions API cache,2024-04-20,2023-08-22,0001213900-23-069924,missing_employee_count,2023-04-20,20-F,edgar_filing,18,2,0,1,124,242,2023,2024,"accelerated, egc",1,0,0,1,Manufacturing,Other industries,China / Hong Kong,0,Non-US / non-state HQ,Not actual US state HQ,Not actual US state HQ,Capital Market,1,113.0,4.736198448394496,1,50
1937993,CVKD,"Cadrenal Therapeutics, Inc.",continued,continued_other_narrative,2025-03-13,0001213900-25-023759,domestic,operating,<br>Emerging growth company,domestic; operating; common stock,2834,Pharmaceutical Preparations,Capital Market,Nasdaq,CVKD,Nasdaq,DE,1231.0,904-300-0701,"822 A1A NORTH, SUITE 306, PONTE VEDRA, FL, 32082",PONTE VEDRA,FL,,,,,sec_filer_category_only,". The Company We are a late-stage biopharmaceutical company advancing novel therapies for life-threatening immune and thrombotic conditions. As a result of our acquisition of a 12-lipoxygenase (“12-LOX”) platform of assets in December 2025 (as described in more detail below), we transitioned our primary strategic focus to the development of CAD-1005 for the treatment of immune-mediated and thrombotic disorders. Our lead product candidate, CAD-1005, is a first-in-class selective 12-LOX inhibitor being developed to treat heparin-induced thrombocytopenia (“HIT”), a deadly immune-mediated thrombotic disorder. CAD-1005 has been evaluated in a blinded, placebo-controlled study Phase 2 clinical trial of 24 patients as well as Phase 1 clinical trials in more than 100 patients.",\bItem\s+1\.\s+Business\b,,10-K,2026-03-31,0001213900-26-036946,https://www.sec.gov/Archives/edgar/data/1937993/000121390026036946/ea0283741-10k_cadrenal.htm,SEC submissions API cache,2024-01-20,2023-08-28,0001213900-23-071281,missing_employee_count,2023-01-20,DEF 14A,edgar_filing,4,4,0,1,220,145,2023,2024,"not stated, egc",1,0,0,0,Manufacturing,Life sciences / medical,US,1,Actual US state HQ,FL,"Ponte Vedra, FL",Capital Market,1,113.0,4.736198448394496,1,50
1901305,,"Forza X1, Inc.",not_continued,no_post_vacatur_relevant_filing,,,domestic,operating,<br>Emerging growth company,domestic; operating; common stock,3730,Ship & Boat Building & Repairing,,Nasdaq,,,DE,1231.0,772-202-8039,"3101 S. US-1, FT. PIERCE, FL, 34982",FT. PIERCE,FL,,,,,sec_filer_category_only,". Our nominating and corporate governance committee operates under a written charter that satisfies the applicable rules of the SEC and the listing standards of Nasdaq, a copy of which is available on our website at www.forzax1.com . Risk Oversight In its governance role, and particularly in exercising its duty of care and diligence, the board of directors is responsible for ensuring that appropriate risk management policies and procedures are in place to protect the company’s assets and business. Our board of directors has broad and ultimate oversight responsibility for our risk management processes and programs and executive management is responsible for the day-to-day evaluation and management of risks to the Company.",\bOur\s+Business\b,,DEF 14A,2023-08-28,0001731122-23-001609,https://www.sec.gov/Archives/edgar/data/1901305/000173112223001609/e4988_def14a.htm,SEC submissions API cache,2023-08-12,2023-08-28,0001731122-23-001609,missing_employee_count,2022-08-12,DEF 14A,edgar_filing,0,0,0,0,381,-16,2022,2023,"not stated, egc",1,0,0,0,Manufacturing,Other industries,US,1,Actual US state HQ,FL,"Ft. Pierce, FL",Unknown market tier,1,113.0,4.736198448394496,0,50
1944399,PDC,Perpetuals.com Ltd,not_continued,not_continued_in_reviewed_filings,,,foreign_private_issuer,other,Non-accelerated filer<br>Emerging growth company,foreign_private_issuer; other; ADS,7371,Services-Computer Programming Services,Capital Market,Nasdaq,PDC,Nasdaq,Japan,430.0,81 03-5614-0978,"3F MR BUILDING, 5-7-11 UENO, TAITO-KU, TOKYO, Japan",TOKYO,Japan,Japan,,,,sec_filer_category_only,"A. History and Development of the Company Corporate History and Structure We were incorporated in Japan on May 1, 2018 as a joint-stock corporation with limited liability pursuant to the laws of Japan. As of the date of this annual report, we do not have any subsidiaries. Corporate Information Our principal executive office is located at 5-7-11, Ueno, Taito-ku, Tokyo, Japan 110-0005, and our telephone number is +81 03-5614-0978. Our website is https://e-arly.works/. The information contained in, or accessible from, our website or any other website does not constitute a part of this annual report. Our agent for service of process in the United States is Cogency Global Inc., at 122 East 42nd Street, 18th Floor, New York, NY 10168.",\bItem\s+4\.\s+Information\s+on\s+the\s+Company\b,,20-F,2025-08-27,0001213900-25-081217,https://www.sec.gov/Archives/edgar/data/1944399/000121390025081217/ea0251451-20f_earlyworks.htm,SEC submissions API cache,2024-07-25,2023-09-15,0001213900-23-077074,missing_employee_count,2023-07-25,20-F,edgar_filing,27,27,0,0,52,314,2023,2024,"accelerated, egc",1,0,0,1,Services,Technology,Asia-Pacific / Israel,0,Non-US / non-state HQ,Not actual US state HQ,Not actual US state HQ,Capital Market,1,113.0,4.736198448394496,1,50
1527352,NXL,"Nexalin Technology, Inc.",continued,continued_other_narrative,2025-06-17,0001829126-25-004535,domestic,operating,<br>Emerging growth company,domestic; operating; common stock,3845,Electromedical & Electrotherapeutic Apparatus,Capital Market,Nasdaq,NXL,Nasdaq,DE,1231.0,(832) 260-0222,"1776 YORKTOWN, SUITE 550, HOUSTON, TX, 77056",HOUSTON,TX,,8.0,"December 31, 2025",micro (<50 employees),employee_count_from_sec_filing,"Overview Nexalin is headquartered, and maintains its base of management and operations, in Houston, Texas. We design and develop innovative neurostimulation products to uniquely and effectively help combat the ongoing global mental health epidemic. We developed an easy-to-administer medical device — referred to as “Generation 1” or “Gen-1” — that utilizes bioelectronic medical technology to treat anxiety, insomnia and depression without the need for drugs or psychotherapy. Our original Gen-1 devices are cranial electrotherapy stimulation (CES) devices that emit a waveform at 4 milliamps during treatment and are presently classified by the U.S. Food and Drug Administration (the “FDA”) as a Class II device. Medical professionals in the United States have utilized the Gen-1 device to administer treatment to patients in clinical settings.",\bItem\s+1\.\s+Business\b,"15 Human Capital Resources As of December 31, 2025, we had 8 full-time employees, our CMO is a consultant and we utilize varying levels of other consultants.",10-K,2026-03-25,0001829126-26-002673,https://www.sec.gov/Archives/edgar/data/1527352/000182912626002673/nexalintech_10k.htm,SEC submissions API cache,2023-09-16,2023-10-06,0001829126-23-006467,,2022-09-16,DEF 14A,edgar_filing,5,5,0,1,385,-20,2022,2023,"not stated, egc",1,0,0,0,Manufacturing,Life sciences / medical,US,1,Actual US state HQ,TX,"Houston, TX",Capital Market,0,8.0,2.1972245773362196,1,50
1347242,LIPO,LIPELLA PHARMACEUTICALS INC.,continued,continued_same_matrix,2025-06-10,0001753926-25-000952,domestic,operating,<br>Emerging growth company,domestic; operating; common stock,2834,Pharmaceutical Preparations,,Nasdaq,LIPO,OTC,DE,1231.0,412-901-0315,"400 N LEXINGTON ST, STE LL103, PITTSBURGH, PA, 15208",PITTSBURGH,PA,,,,,sec_filer_category_only,"O verview We are a clinical-stage biotechnology company that was incorporated under the laws of the State of Delaware in February 2005. We are focused on developing new drugs by reformulating the active agents in existing generic drugs and optimizing these reformulations for new applications. We believe that our strategy combines many of the cost efficiencies and risk abatements derived from using existing generic drugs with potential patent protections for our proprietary formulations; this strategy allows us to expedite, protect, and monetize our product candidates. Additionally, we maintain a therapeutic focus on diseases with significant, unaddressed morbidity and mortality where no approved drug therapy currently exists. We believe that this focus can potentially help reduce the cost, time and risk associated with obtaining marketing approval.",\bItem\s+1\.\s+Business\b,,10-K,2025-03-28,0001753926-25-000507,https://www.sec.gov/Archives/edgar/data/1347242/000175392625000507/g084734_10k.htm,SEC submissions API cache,2023-12-20,2023-10-10,0001753926-23-001309,missing_employee_count,2022-12-20,DEF 14A,edgar_filing,3,3,0,1,294,71,2022,2023,"not stated, egc",1,0,0,0,Manufacturing,Life sciences / medical,US,1,Actual US state HQ,PA,"Pittsburgh, PA",Unknown market tier,1,113.0,4.736198448394496,1,50
1514183,SILO,"Silo Pharma, Inc.",continued,continued_other_narrative,2025-03-28,0001013762-25-004139,domestic,operating,Non-accelerated filer<br>Smaller reporting company,domestic; operating; common stock,2834,Pharmaceutical Preparations,Capital Market,Nasdaq,SILO,Nasdaq,NV,1231.0,(718) 400-9031,"677 N. WASHINGTON BLVD, SARASOTA, FL, 34236",SARASOTA,FL,,,,,sec_filer_category_only,"Overview We are a developmental stage biopharmaceutical and cryptocurrency company. Our therapeutics focus is on developing novel therapeutics that address underserved conditions including PTSD, stress-induced anxiety disorders, fibromyalgia, and central nervous system (CNS) diseases. We are focused on developing novel therapies that include conventional drugs and psychedelic formulations. The Company’s lead program, SPC-15, is an intranasal drug targeting PTSD and stress-induced anxiety disorders. SP-26 is a time-release ketamine-based loaded implant for fibromyalgia and chronic pain relief. Silo’s two preclinical programs are SPC-14, an intranasal compound for the treatment of Alzheimer’s disease, and SPU-16, a CNS-homing peptide targeting the central nervous system with initial research indication in multiple sclerosis (MS).",\bItem\s+1\.\s+Business\b,,10-K,2026-03-27,0001213900-26-035576,https://www.sec.gov/Archives/edgar/data/1514183/000121390026035576/ea0282804-10k_silo.htm,SEC submissions API cache,2023-09-28,2023-10-23,0001013762-23-005850,missing_employee_count,2022-09-28,DEF 14A,edgar_filing,5,5,0,1,390,-25,2022,2023,"accelerated, smaller reporting",0,1,0,1,Manufacturing,Life sciences / medical,US,1,Actual US state HQ,FL,"Sarasota, FL",Capital Market,1,113.0,4.736198448394496,1,50
1932770,HERE,Here Group Ltd,not_continued,not_continued_in_reviewed_filings,,,foreign_private_issuer,other,Non-accelerated filer<br>Emerging growth company,foreign_private_issuer; other; ADS,5945,"Retail-Hobby, Toy & Game Shops",Global Market,Nasdaq,HERE,Nasdaq,Cayman Islands,630.0,86 10 64937857,"RM 3008, 30/F, TWO EXCHANGE SQUARE, 8 CONNAUGHT PLACE, CENTRAL, HONG KONG, China",HONG KONG,China,China,,,,sec_filer_category_only,"—A. History and Development of the Company” and “Item 4. Information on the Company—C. Organizational Structure—Our Historical Contractual Arrangements.” Such VIE structure is used to provide investors with exposure to foreign investment in China-based companies where the PRC law restricts direct foreign investment in certain operating companies, such as certain value-added telecommunication services and other internet related business. Neither QuantaSing Group Limited nor our WFOEs owned any equity interests in the affiliated entities. Our historical contractual arrangements with the VIEs and their nominee shareholder were not equivalent of an investment in the equity interest of the VIEs, and investors may never hold equity interests in the Chinese operating companies, including the affiliated entities.",\bItem\s+4\.\s+Information\s+on\s+the\s+Company\b,,20-F,2025-10-31,0001213900-25-104390,https://www.sec.gov/Archives/edgar/data/1932770/000121390025104390/ea0262119-20f_quanta.htm,SEC submissions API cache,2024-01-25,2023-10-27,0001013762-23-007052,missing_employee_count,2023-01-25,20-F,edgar_filing,12,12,0,0,275,90,2023,2024,"accelerated, egc",1,0,0,1,Retail,Retail / consumer,China / Hong Kong,0,Non-US / non-state HQ,Not actual US state HQ,Not actual US state HQ,Global Market,1,113.0,4.736198448394496,1,50
1903995,MGIH,Millennium Group International Holdings Ltd,continued,continued_other_narrative,2025-10-28,0001213900-25-103120,foreign_private_issuer,other,Non-accelerated filer<br>Emerging growth company,foreign_private_issuer; other; ordinary shares,2750,Commercial Printing,Capital Market,Nasdaq,MGIH,Nasdaq,Cayman Islands,630.0,85236195768,"RM 2722, 27/F, NO. 1 HUNG TO ROAD,, KWUN TONG, KOWLOON,, Hong Kong, 999077","KWUN TONG, KOWLOON,",Hong Kong,,,,,sec_filer_category_only,"4.A. History and development of the company Corporate History Our Company was incorporated in the Cayman Islands under the Cayman Companies Act as an exempted company with limited liability on May 11, 2021. Since incorporation, our Company has been an investment holding company with no business operations. We are a third-generation family-owned business and our history can be traced back to 1978 when Mr. Yee Cheong Lai, our founder, engaged in the sale of Corrugated Paper in Hong Kong with a vision to becoming a one-stop integrated services provider for paper related packaging products.",\bItem\s+4\.\s+Information\s+on\s+the\s+Company\b,,20-F,2025-10-28,0001213900-25-103120,https://www.sec.gov/Archives/edgar/data/1903995/000121390025103120/ea0261607-20f_millennium.htm,SEC submissions API cache,2024-04-04,2023-10-30,0001213900-23-081558,missing_employee_count,2023-04-04,20-F,edgar_filing,6,6,0,1,209,157,2023,2024,"accelerated, egc",1,0,0,1,Manufacturing,Other industries,China / Hong Kong,0,Non-US / non-state HQ,Not actual US state HQ,Not actual US state HQ,Capital Market,1,113.0,4.736198448394496,1,50
1854572,IZM,ICZOOM Group Inc.,continued,continued_other_narrative,2025-10-24,0001213900-25-102243,foreign_private_issuer,other,Non-accelerated filer<br>Emerging growth company,foreign_private_issuer; other; ordinary shares,5731,"Retail-Radio, Tv & Consumer Electronics Stores",Capital Market,Nasdaq,IZM,Nasdaq,Cayman Islands,,86 755 88603072,"ROOM 3801, BUILDING A, SUNHOPE E-METRO,, NO. 7018 CAI TIAN ROAD, FUTIAN DISTRICT,, SHENZHEN, GUANGDONG, China, 518000","SHENZHEN, GUANGDONG",China,,97.0,"September 30, 2025",small (50-249 employees),employee_count_from_sec_filing,"— A. History and Development of the Company — Dividend Distributions or Assets Transfer among the Holding Company and Its Subsidiaries ” on page 59 of this Annual Report, and “ — Risk Factor — The transfer of funds or assets between ICZOOM Cayman, its Hong Kong subsidiaries and the PRC operating entities is subject to restriction .” from page 15 of this this Annual Report. For the summary of the condensed consolidated schedule and the consolidated financial statements, see pages F-1 to F-37 of this Annual Report for “ Item 4. Information on The Company — A. History and Development of the Company — Selected Consolidated Balance Sheet Data ” (which is a summary of page F-3 of the consolidated financial statements); “— Selected Consolidated Statement of Operations Data ” (which is a summary of page F-4 of the consolidated financial statements);",\bItem\s+4\.\s+Information\s+on\s+the\s+Company\b,"As of September 30, 2025, we had 97 full-time employees.",20-F,2025-10-24,0001213900-25-102243,https://www.sec.gov/Archives/edgar/data/1854572/000121390025102243/ea0262215-20f_iczoom.htm,SEC submissions API cache,2024-03-15,2023-10-31,0001213900-23-081728,,2023-03-15,20-F,edgar_filing,10,10,0,1,230,136,2023,2024,"accelerated, egc",1,0,0,1,Retail,Retail / consumer,China / Hong Kong,0,Non-US / non-state HQ,Not actual US state HQ,Not actual US state HQ,Capital Market,0,97.0,4.584967478670572,1,50
1945711,LVROF,Lavoro Ltd,not_continued,not_continued_in_reviewed_filings,,,foreign_private_issuer,other,Accelerated filer,foreign_private_issuer; other; ordinary shares,5900,Retail-Miscellaneous Retail,,Nasdaq,LVROF;LVRWF,OTC;OTC,Cayman Islands,630.0,55 11 4280-0709,"AVENIDA DR. CARDOSO DE MELO, 1450, 4TH FLOOR, OFFICE 401, SAO PAULO, 04548005, Brazil",SAO PAULO,Brazil,Brazil,,,,sec_filer_category_only,"—A. History and Development of the Company—Recent Developments—Out-of-Court Restructuring Agreement and Plan.” 20 Risks Relating to Acquisitions and Financial Information Any acquisition, partnership or joint venture we make or enter into could disrupt our business and harm our financial condition. As part of our growth strategy, we intend to continue to acquire, or form partnerships or joint ventures with, businesses, technologies, services and products as appropriate opportunities arise. Any such transactions involve risks and uncertainties. We must fit them into our long-term growth strategies to generate sufficient value to justify their cost. We may not, however, be able to identify appropriate acquisition, partnership or joint venture targets in the future, and our efforts to identify such targets may result in a loss of time and financial resources.",\bItem\s+4\.\s+Information\s+on\s+the\s+Company\b,,20-F,2025-12-30,0001554855-25-002351,https://www.sec.gov/Archives/edgar/data/1945711/000155485525002351/lvro-20250630.htm,SEC submissions API cache,2024-02-03,2023-11-01,0001945711-23-000004,missing_employee_count,2023-02-03,20-F,edgar_filing,15,15,0,0,271,94,2023,2024,accelerated,0,0,0,1,Retail,Retail / consumer,Other non-US,0,Non-US / non-state HQ,Not actual US state HQ,Not actual US state HQ,Unknown market tier,1,113.0,4.736198448394496,1,50
1888980,LRE,"LEAD REAL ESTATE CO., LTD",not_continued,not_continued_in_reviewed_filings,,,foreign_private_issuer,other,Non-accelerated filer<br>Emerging growth company,foreign_private_issuer; other; ADS,1531,Operative Builders,Capital Market,Nasdaq,LRE,Nasdaq,Japan,630.0,81 7014805120,"6F, MFPR SHIBUYA NANPEIDAI, BUILDING 16-11, NAMPEIDAI-CHO,, SHIBUYA-KU, TOKYO, Japan, 150-0036","SHIBUYA-KU, TOKYO",Japan,,,,,sec_filer_category_only,"B. Business Overview-Glocaly Platform” for more information. As of the date of this annual report, Glocaly has not generated revenue, though it functions as a sales promotion platform and has facilitated a growing number of client inquiries and property referrals. However, we cannot guarantee that Glocaly ’s performance will remain stable as we continue to improve and upgrade the platform. Failure to properly maintain the platform could adversely impact our business, prospects, and results of operations. In addition to functioning as a sales promotion platform, our Glocaly platform has the potential to expand into a multilingual and seamless transaction platform targeting both domestic and foreign buyers for transacting condominiums in Japan.",\bItem\s+4\.\s+Information\s+on\s+the\s+Company\b,,20-F,2025-10-30,0001104659-25-104370,https://www.sec.gov/Archives/edgar/data/1888980/000110465925104370/lre-20250630x20f.htm,SEC submissions API cache,2024-09-27,2023-11-15,0001104659-23-118675,missing_employee_count,2023-09-27,20-F,edgar_filing,8,8,0,0,49,317,2023,2024,"accelerated, egc",1,0,0,1,Construction,Other industries,Asia-Pacific / Israel,0,Non-US / non-state HQ,Not actual US state HQ,Not actual US state HQ,Capital Market,1,113.0,4.736198448394496,1,50
1962845,,"PIXIE DUST TECHNOLOGIES, INC.",not_continued,not_continued_in_reviewed_filings,,,foreign_private_issuer,other,Non-accelerated filer<br>Emerging growth company,foreign_private_issuer; other; ADS,3845,Electromedical & Electrotherapeutic Apparatus,,Nasdaq,,,Japan,430.0,81(0)3-6910-3040,"2-2-1 YAESU, CHUO-KU, TOKYO, Japan, 104-0028",TOKYO,Japan,,78.0,"May 31, 2023",small (50-249 employees),employee_count_from_sec_filing,"A. History and Development of the Company Our Company was founded in 2017 by Dr. Ochiai, Dr. Hoshi, and Mr. Taiichiro Murakami, our Chief Operating Officer, to explore better ways to integrate academic and industry resources to develop and commercialize applications of our wave control technology. Since our Company’s inception, we have actively pursued industry-academia collaborations to generate new technologies that can be applied to real-world uses. In doing so, we have prioritized developing products that we believe have potential for wide applicability in the marketplace. We have also sought to accelerate the commercialization of the new products by collaborating with established companies in the relevant industries.",\bItem\s+4\.\s+Information\s+on\s+the\s+Company\b,"As of May 31, 2023, we had 78 full-time employees.",20-F,2023-11-16,0001193125-23-278289,https://www.sec.gov/Archives/edgar/data/1962845/000119312523278289/d507335d20f.htm,SEC submissions API cache,2024-08-01,2023-11-16,0001193125-23-278289,,2023-08-01,20-F,edgar_filing,9,9,0,0,107,259,2023,2024,"accelerated, egc",1,0,0,1,Manufacturing,Life sciences / medical,Asia-Pacific / Israel,0,Non-US / non-state HQ,Not actual US state HQ,Not actual US state HQ,Unknown market tier,0,78.0,4.3694478524670215,0,50
1978527,GVH,Globavend Holdings Ltd,continued,continued_same_matrix,2025-02-12,0001493152-25-006117,foreign_private_issuer,other,Non-accelerated filer<br>Emerging growth company,foreign_private_issuer; other; ordinary shares,4731,Arrangement of  Transportation of  Freight & Cargo,Capital Market,Nasdaq,GVH,Nasdaq,Cayman Islands,,61 08 6141 3263,"OFFICE 1401, LEVEL 14, 197 ST GEORGES TCE, PERTH, WA, 6000, Australia","PERTH, WA",Australia,Australia,,,,sec_filer_category_only,"A. History and Development of the Company We commenced operation in June 2016 with the establishment of Globavend HK, a company incorporated under the laws of Hong Kong on June 27, 2016 Immediately before the reorganization in contemplation of our initial public offering, Globavend HK was wholly-owned by Mr. Wai Yiu Yau, our Controlling Shareholder. On May 22, 2023, our ultimate holding company, Globavend Holdings was incorporated under the laws of the Cayman Islands as an exempted company with limited liability, with an authorized share capital of US$50,000 divided into 50,000,000 ordinary shares, par value US$0.001, with 13,125,000 Ordinary Shares issued and allotted to Globavend Investments Limited (“Globavend Investments”), a company incorporated under the laws of the BVI, and wholly-owned by our Controlling Shareholder.",\bItem\s+4\.\s+Information\s+on\s+the\s+Company\b,,20-F,2025-02-12,0001493152-25-006117,https://www.sec.gov/Archives/edgar/data/1978527/000149315225006117/form20-f.htm,SEC submissions API cache,2024-11-08,2024-01-30,0001493152-24-004309,missing_employee_count,2023-11-08,20-F,edgar_filing,17,1,0,1,83,283,2023,2024,"accelerated, egc",1,0,0,1,Transport/utilities,Other industries,Asia-Pacific / Israel,0,Non-US / non-state HQ,Not actual US state HQ,Not actual US state HQ,Capital Market,1,113.0,4.736198448394496,1,50
1967621,ATGL,Alpha Technology Group Ltd,continued,continued_other_narrative,2025-01-27,0001213900-25-007015,foreign_private_issuer,other,Non-accelerated filer<br>Emerging growth company,foreign_private_issuer; other; ordinary shares,7371,Services-Computer Programming Services,Capital Market,Nasdaq,ATGL,Nasdaq,Hong Kong,930.0,65428807,"UNIT B, 12/F, 52 HUNG TO ROAD KWUN TONG, KOWLOON, HONG KONG, HONG KONG, Hong Kong",HONG KONG,Hong Kong,Hong Kong,,,,sec_filer_category_only,"A. History and Development of the Company In November 2017, Techlution, one of our two Operating Subsidiaries, was incorporated under the laws of Hong Kong. In October 2019, NSL, one of our two Operating Subsidiaries, was incorporated under the laws of Hong Kong. In October 2022, Alpha was incorporated under the laws of BVI. Upon the acquisition of our Operating Subsidiaries, Alpha became the holding company for our Operating Subsidiaries. The Company has no material operation of its own, and we conduct operations through our Operating Subsidiaries, namely Techlution and NSL in Hong Kong.",\bItem\s+4\.\s+Information\s+on\s+the\s+Company\b,,20-F,2026-01-30,0001213900-26-010168,https://www.sec.gov/Archives/edgar/data/1967621/000121390026010168/ea0273018-20f_alpha.htm,SEC submissions API cache,2024-10-31,2024-01-31,0001213900-24-008526,missing_employee_count,2023-10-31,20-F,edgar_filing,8,8,0,1,92,274,2023,2024,"accelerated, egc",1,0,0,1,Services,Technology,China / Hong Kong,0,Non-US / non-state HQ,Not actual US state HQ,Not actual US state HQ,Capital Market,1,113.0,4.736198448394496,1,50
1913749,GMM,Global Mofy AI Ltd,continued,continued_same_matrix,2025-01-02,0001213900-25-000430,foreign_private_issuer,other,Non-accelerated filer<br>Emerging growth company,foreign_private_issuer; other; ordinary shares,7370,"Services-Computer Programming, Data Processing, Etc.",Capital Market,Nasdaq,GMM,Nasdaq,Cayman Islands,930.0,86-1064376636,"NO. 102, 1ST FLOOR, NO. A12, XIDIAN MEMORY CULTURAL AND CREATIVE TOWN, GAOBEIDIAN, CHAOYANG, BEIJING, China, 225300","GAOBEIDIAN, CHAOYANG, BEIJING",China,,,,,sec_filer_category_only,"4.A. History and Development of the Company Our Corporate History and Structure GLOBAL MOFY AI LIMITED, or Global Mofy Cayman, is a holding company incorporated in the Cayman Islands. As a holding company with no material operations, Global Mofy Cayman conducts its operations in China through Global Mofy China and its PRC subsidiaries. After the restructure that dissolved the VIE structure, Global Mofy Cayman now controls and receives the economic benefits of the PRC subsidiaries’ business operation, if any, through equity ownership. We do not use a VIE structure. The following diagram illustrates our corporate structure as of the date of this report. 62 Global Mofy Cayman is a Cayman Islands exempted company incorporated on September 29, 2021. As a holding company with no significant assets or operation, it conducts business in China through Global Mofy China and its subsidiaries.",\bItem\s+4\.\s+Information\s+on\s+the\s+Company\b,,20-F,2025-01-02,0001213900-25-000430,https://www.sec.gov/Archives/edgar/data/1913749/000121390025000430/ea0225904-20f_global.htm,SEC submissions API cache,2024-10-10,2024-01-31,0001213900-24-008515,missing_employee_count,2023-10-10,20-F,edgar_filing,29,2,0,1,113,253,2023,2024,"accelerated, egc",1,0,0,1,Services,Technology,China / Hong Kong,0,Non-US / non-state HQ,Not actual US state HQ,Not actual US state HQ,Capital Market,1,113.0,4.736198448394496,1,50
1928340,GDHG,GOLDEN HEAVEN GROUP HOLDINGS LTD.,continued,continued_same_matrix,2025-01-27,0001213900-25-006978,foreign_private_issuer,other,Non-accelerated filer<br>Emerging growth company,foreign_private_issuer; other; ordinary shares,7990,Services-Miscellaneous Amusement & Recreation,Capital Market,Nasdaq,GDHG,Nasdaq,Cayman Islands,930.0,86 0599 8508022,"NO.8 HAICHUAN ROAD, BANHOU, XIQIN TOWN, YANPING DISTRICT, NANPING CITY, FUJIAN PROVINCE, China","NANPING CITY, FUJIAN PROVINCE",China,China,,,,sec_filer_category_only,"A. History and Development of the Company Corporate History and Structure We conduct our operations in China through Nanping Golden Heaven Amusement Park Management Co., Ltd. (“Golden Heaven WFOE”) and its subsidiaries. Golden Heaven WFOE was established as a limited liability company in the PRC on December 14, 2020. Golden Heaven WFOE has 100% equity interests in the following PRC operating entities:",\bItem\s+4\.\s+Information\s+on\s+the\s+Company\b,,20-F,2025-01-27,0001213900-25-006978,https://www.sec.gov/Archives/edgar/data/1928340/000121390025006978/ea0228149-20f_golden.htm,SEC submissions API cache,2024-04-12,2024-02-15,0001213900-24-014627,missing_employee_count,2023-04-12,20-F,edgar_filing,31,4,0,1,309,57,2023,2024,"accelerated, egc",1,0,0,1,Services,Other industries,China / Hong Kong,0,Non-US / non-state HQ,Not actual US state HQ,Not actual US state HQ,Capital Market,1,113.0,4.736198448394496,1,50
1907085,ODD,Oddity Tech Ltd,not_continued,not_continued_in_reviewed_filings,,,foreign_private_issuer,other,Large accelerated filer,foreign_private_issuer; other; ordinary shares,2844,"Perfumes, Cosmetics & Other Toilet Preparations",Global Market,Nasdaq,ODD,Nasdaq,Israel,1231.0,(551) 751-7495,"8 HAHARASH, TEL AVIV-JAFFA, Israel, 6761304",TEL AVIV-JAFFA,Israel,,,,,sec_filer_category_only,"A. History and Development of the Company ODDITY’s online, direct-to-consumer business was established with a mission to transform the global beauty and wellness market through technology and entrepreneurial thinking. We have rapidly and profitably scaled since our launch of IL MAKIAGE in 2018 in the United States, and believe that today we are the world’s largest online, direct-to-consumer company in the beauty and wellness industry based on revenue. In 2017 we secured an investment from L Catterton to support the launch of our technology platform and online business in the United States. In 2020 we expanded our online platform to the U.K., followed by additional markets in continental Europe and Australia. Sales outside of the United States represented approximately 18% of our net revenue for the year ended December 31, 2025.",\bItem\s+4\.\s+Information\s+on\s+the\s+Company\b,,20-F,2026-03-17,0001104659-26-029490,https://www.sec.gov/Archives/edgar/data/1907085/000110465926029490/odd-20251231x20f.htm,SEC submissions API cache,2024-07-19,2024-03-06,0001104659-24-031179,missing_employee_count,2023-07-19,20-F,edgar_filing,16,16,0,0,231,135,2023,2024,large accelerated,0,0,1,1,Manufacturing,Other industries,Asia-Pacific / Israel,0,Non-US / non-state HQ,Not actual US state HQ,Not actual US state HQ,Global Market,1,113.0,4.736198448394496,1,50
1916241,PRZO,ParaZero Technologies Ltd.,not_continued,not_continued_in_reviewed_filings,,,foreign_private_issuer,other,Non-accelerated filer<br>Emerging growth company,foreign_private_issuer; other; ordinary shares,3728,"Aircraft Parts & Auxiliary Equipment, NEC",Capital Market,Nasdaq,PRZO,Nasdaq,Israel,1231.0,97236885252,"1 HATACHANA STREET, KFAR SABA, Israel, 4453001",KFAR SABA,Israel,,,,,sec_filer_category_only,"A. History and Development of the Company We are an Israeli corporation based in Israel and were incorporated on June 30, 2013, under the name ParaZero Ltd. On September 6, 2018, our name was changed to ParaZero Israel Ltd., and on November 4, 2018, our name was changed to our current name, ParaZero Technologies Ltd. Our principal executive offices are located at 1 Hatachana Street, Kfar Saba, 4453001, Israel. Our telephone number in Israel is +972-50-275-3666. Our website address is www.parazero.com . The information contained on our website and available through our website is not incorporated by reference into and should not be considered a part of this Annual Report, and the reference to our website in this Annual Report is an inactive textual reference only.",\bItem\s+4\.\s+Information\s+on\s+the\s+Company\b,,20-F,2025-03-21,0001013762-25-001001,https://www.sec.gov/Archives/edgar/data/1916241/000101376225001001/ea0234082-20f_parazero.htm,SEC submissions API cache,2024-07-27,2024-03-21,0001213900-24-024822,missing_employee_count,2023-07-27,20-F,edgar_filing,80,40,0,0,238,128,2023,2024,"accelerated, egc",1,0,0,1,Manufacturing,Other industries,Asia-Pacific / Israel,0,Non-US / non-state HQ,Not actual US state HQ,Not actual US state HQ,Capital Market,1,113.0,4.736198448394496,1,50
1934642,MDBH,"MDB Capital Holdings, LLC",not_continued,not_continued_in_reviewed_filings,,,domestic,operating,Non-accelerated filer<br>Smaller reporting company<br>Emerging growth company,domestic; operating; common stock,6199,Finance Services,Capital Market,Nasdaq,MDBH,Nasdaq,DE,1231.0,310-526-5000,"4209 MEADOWDALE LN, DALLAS, TX, 95229",DALLAS,TX,,,,,sec_filer_category_only,"Introduction MDB Capital Holdings, LLC (“MDB”) serves as a foundational platform specializing in financing startups, partnering with co-founders, and fostering value creation. This platform sets the stage for nascent ideas and entrepreneurial talent to take root. MDB is comprised of a group of companies that together serve as this unified foundational platform. One of the companies in our group, Public Ventures, LLC (“Public Ventures”), which operates under the D/B/A of “MDB Capital,” operates as a growth catalyst, focusing on community-driven micro and small-cap financings and is a self-clearing broker dealer. It enables companies to scale through the initial financing stages ranging from $5 million to sixty million dollars and facilitates their transition into public markets with select IPOs valued in the range of twenty to fifty million dollars.",\bItem\s+1\.\s+Business\b,,10-K,2026-03-31,0001493152-26-013924,https://www.sec.gov/Archives/edgar/data/1934642/000149315226013924/form10-k.htm,SEC submissions API cache,2024-07-26,2024-03-29,0001493152-24-012008,missing_employee_count,2023-07-26,10-K,edgar_filing,3,3,0,0,247,119,2023,2024,"accelerated, smaller reporting, egc",1,1,0,1,Finance/real estate,Finance / real estate,US,1,Actual US state HQ,TX,"Dallas, TX",Capital Market,1,113.0,4.736198448394496,1,50
1956744,TRON,Tron Inc.,continued,continued_same_matrix,2024-12-19,0001493152-24-050661,domestic,operating,<br>Emerging growth company,domestic; operating; common stock,6199,Finance Services,Capital Market,Nasdaq,TRON,Nasdaq,NV,1231.0,407-230-8100,"941 W. MORSE BLVD., SUITE 100, WINTER PARK, FL, 32789",WINTER PARK,FL,,,,,sec_filer_category_only,"General Overview SRM Entertainment, Inc. (“SRM Inc”) is a Nevada corporation and was incorporated on April 22, 2022. SRM. Entertainment Limited (“SRM Ltd”), is a limited company incorporated in the Hong Kong, now a Special Administrative Region of the People’s Republic of China, on January 23, 1981 and formerly owned by Jupiter Wellness, Inc.. Effective August 14, 2023, SRM Inc acquired SRM Ltd. The acquisition of SRM Ltd by SRM Inc has been accounted for as a Reverse Acquisition (see Basis of Presentation below). The combined SRM Inc and SRM Ltd are collectively referred to as the Company or SRM. On December 9, 2022, we entered into a stock exchange agreement (the “Exchange Agreement”) with Jupiter Wellness, Inc. (“Jupiter”) to govern the separation of our business from Jupiter.",\bItem\s+1\.\s+Business\b,,10-K/A,2024-12-19,0001493152-24-050661,https://www.sec.gov/Archives/edgar/data/1956744/000149315224050661/form10-ka.htm,SEC submissions API cache,2024-08-15,2024-04-01,0001493152-24-012449,missing_employee_count,2023-08-15,10-K,edgar_filing,4,1,0,1,230,136,2023,2024,"not stated, egc",1,0,0,0,Finance/real estate,Finance / real estate,US,1,Actual US state HQ,FL,"Winter Park, FL",Capital Market,1,113.0,4.736198448394496,1,50
1956827,ABVX,Abivax S.A.,not_continued,not_continued_in_reviewed_filings,,,foreign_private_issuer,other,Accelerated filer<br>Emerging growth company,foreign_private_issuer; other; ADS,2834,Pharmaceutical Preparations,Global Market,Nasdaq,ABVX;AAVXF,Nasdaq;OTC,France,1231.0,01 53 83 09 63,"7 BD HAUSSMANN, PARIS, France",PARIS,France,France,69.0,"December 31, 2025",small (50-249 employees),employee_count_from_sec_filing,". A. History and Development of the Company Our legal and commercial name is Abivax SA. We were incorporated as a société anonyme (limited liability company) under the laws of France on December 4, 2013 for a period of 99 years until December 22, 2112, subject to extension or early dissolution and registered at the Paris Trade and Company Register on December 27, 2013 under the number 799 363 718. Our principal executive offices are located at 7-11 boulevard Haussmann 75009 Paris, France, and our telephone number is +33 (0) 1 53 83 09 63. We have one wholly owned subsidiary, Abivax LLC, a Delaware limited liability company, formed on March 20, 2023. Our agent for service of process in the United States is CT Corporation System, 1015 15th Street N.W., Suite 1000, Washington, D.C. 20005. We have been listed on Euronext Paris since June 2015.",\bItem\s+4\.\s+Information\s+on\s+the\s+Company\b,"Employees As of December 31, 2025, we had 69 full-time employees, consisting of 49 within the research and development department 17 within the general administrative department and 3 within the sales and marketing department.",20-F,2026-03-23,0001956827-26-000012,https://www.sec.gov/Archives/edgar/data/1956827/000195682726000012/abvx-20251231.htm,SEC submissions API cache,2024-10-20,2024-04-05,0001956827-24-000007,,2023-10-20,20-F,edgar_filing,19,19,0,0,168,198,2023,2024,"accelerated, egc",1,0,0,1,Manufacturing,Life sciences / medical,Europe,0,Non-US / non-state HQ,Not actual US state HQ,Not actual US state HQ,Global Market,0,69.0,4.248495242049359,1,50
1939365,IVPR,"INSPIRE VETERINARY PARTNERS, INC.",continued,continued_other_narrative,2025-03-31,0001213900-25-026232,domestic,operating,<br>Emerging growth company,domestic; operating; common stock,700,Agricultural Services,Capital Market,Nasdaq,IVPR,OTC,NV,1231.0,(757) 288-3088,"780 LYNNHAVEN PKWY #400, VIRGINIA BEACH, VA, 23452",VIRGINIA BEACH,VA,,113.0,"March 31, 2025",small (50-249 employees),employee_count_from_sec_filing,"Company Overview Inspire Veterinary owns and operates veterinary hospitals throughout the United States. The Company specializes in small animal general practice hospitals which serve all manner of companion pets, emphasizing canine and feline breeds and including equine care. As the Company expands, it expects to acquire additional veterinary hospitals, including general practice, mixed animal facilities, and critical and emergency care. The Company completed its initial public offering on August 31, 2023 and its shares of Class A Common Stock are quoted on The Nasdaq Capital Market under the symbol “IVP.” The Company currently has thirteen veterinary hospitals located in nine states. Inspire Veterinary has expanded and plans to further expand through acquisitions of existing hospitals which have the financial track record, marketplace advantages and future growth potential.",\bItem\s+1\.\s+Business\b,"Employees As of March 31, 2025, we had 113 employees.",10-K,2025-03-31,0001213900-25-026232,https://www.sec.gov/Archives/edgar/data/1939365/000121390025026232/ea0236018-10k_inspire.htm,SEC submissions API cache,2024-08-30,2024-04-08,0001213900-24-031220,,2023-08-30,10-K,edgar_filing,3,3,0,1,222,144,2023,2024,"not stated, egc",1,0,0,0,Agriculture,Other industries,US,1,Actual US state HQ,VA,"Virginia Beach, VA",Capital Market,0,113.0,4.736198448394496,1,50
1947244,USGO,U.S. GoldMining Inc.,continued,continued_other_narrative,2025-03-27,0001641172-25-000962,domestic,operating,Non-accelerated filer<br>Smaller reporting company<br>Emerging growth company,domestic; operating; common stock,1040,Gold and Silver Ores,Capital Market,Nasdaq,USGO;USGOW,Nasdaq;Nasdaq,NV,1231.0,(604) 388 9788,"1830 - 1188 WEST GEORGIA STREET, VANCOUVER, BC, British Columbia, Canada, V6E 4A2","VANCOUVER, BC","British Columbia, Canada",,,,,sec_filer_category_only,"Business Overview We are a United States domiciled exploration stage company and our sole project is currently the Whistler Project. The Whistler Project is a gold-copper exploration project located in the Yentna Mining District, approximately 170 km northwest of Anchorage, in Alaska. See “",\bItem\s+1\.\s+Business\b,,10-K,2026-03-20,0001493152-26-011885,https://www.sec.gov/Archives/edgar/data/1947244/000149315226011885/form10-k.htm,SEC submissions API cache,2024-04-20,2024-04-11,0001493152-24-014319,missing_employee_count,2023-04-20,DEF 14A,edgar_filing,6,6,0,1,357,9,2023,2024,"accelerated, smaller reporting, egc",1,1,0,1,Mining,Other industries,US,0,Non-US / non-state HQ,Not actual US state HQ,Not actual US state HQ,Capital Market,1,113.0,4.736198448394496,1,50
1946703,WBUY,WEBUY GLOBAL LTD,continued,continued_other_narrative,2025-04-22,0001213900-25-033933,foreign_private_issuer,other,Non-accelerated filer<br>Emerging growth company,foreign_private_issuer; other; ordinary shares,5900,Retail-Miscellaneous Retail,Capital Market,Nasdaq,WBUY,Nasdaq,Cayman Islands,1231.0,65 9069 7836,"CRICKET SQUARE, HUTCHINS DRIVE, P.O. BOX 2681, GRAND CAYMAN, Cayman Islands",GRAND CAYMAN,Cayman Islands,Cayman Islands,109.0,"December 31, 2025",small (50-249 employees),employee_count_from_sec_filing,"4. A. History and Development of the Company We are a holding company incorporated in the Cayman Islands on August 29, 2022. We were established for the purpose of becoming the holding company of our subsidiaries. We do not conduct any material operations of our own and conduct substantially all of our business through our subsidiaries. Our operating subsidiary, Altitude Travel Pte. Ltd., was incorporated in Singapore on November 2, 2021. On February 3, 2026, it changed its name from Bear Bear Pte. Ltd. to Altitude Travel Pte. Ltd.. Prior to February 3, 2026, Bear Bear Pte. Ltd. was primarily engaged in the retail sale of food. Beginning in February 2026, we shifted our strategic focus to travel business, and our current operations primarily consist of travel agencies and tour operators (mainly outbound). Prior to February 3, 2026, Bear Bear Pte. Ltd.",\bItem\s+4\.\s+Information\s+on\s+the\s+Company\b,"Employees As of December 31, 2025 we had 109 full-time employees.",20-F,2026-04-29,0001213900-26-049395,https://www.sec.gov/Archives/edgar/data/1946703/000121390026049395/ea0286498-20f_webuy.htm,SEC submissions API cache,2024-10-19,2024-04-15,0001213900-24-032987,,2023-10-19,20-F,edgar_filing,38,38,0,1,179,187,2023,2024,"accelerated, egc",1,0,0,1,Retail,Retail / consumer,Other non-US,0,Non-US / non-state HQ,Not actual US state HQ,Not actual US state HQ,Capital Market,0,109.0,4.700480365792417,1,50
1329606,CETY,"Clean Energy Technologies, Inc.",continued,continued_same_matrix,2025-04-14,0001641172-25-003950,domestic,operating,Non-accelerated filer<br>Smaller reporting company,domestic; operating; common stock,4924,Natural Gas Distribution,Capital Market,Nasdaq,CETY,Nasdaq,NV,1231.0,(949) 273-4990,"1340 REYNOLDS AVE, #120, IRVINE, IRVINE, CA, 92614",IRVINE,CA,,22.0,,micro (<50 employees),employee_count_from_sec_filing,"General The Company’s business and operating results are directly affected by changes in overall customer demand, operational costs and performance and leverage of our fixed cost and selling, general and administrative (“SG&A”) infrastructure. Product sales fluctuate in response to several factors including many that are beyond the Company’s control, such as general economic conditions, interest rates, government regulations, consumer spending, labor availability, and our customers’ production rates and inventory levels. Product sales consist of demand from customers in many different markets with different levels of cyclicality and seasonality. Operating performance is dependent on the Company’s ability to manage changes in input costs for items such as raw materials, labor, and overhead operating costs.",\bItem\s+1\.\s+Business\b,We have 22 full-time employees.,10-K,2025-04-14,0001641172-25-003950,https://www.sec.gov/Archives/edgar/data/1329606/000164117225003950/form10-k.htm,SEC submissions API cache,2024-03-24,2024-04-17,0001493152-24-014897,,2023-03-24,10-K,edgar_filing,4,1,0,1,390,-24,2023,2024,"accelerated, smaller reporting",0,1,0,1,Transport/utilities,Other industries,US,1,Actual US state HQ,CA,"Irvine, CA",Capital Market,0,22.0,3.1354942159291497,1,50
1579091,CART,Maplebear Inc.,not_continued,not_continued_in_reviewed_filings,,,domestic,operating,Large accelerated filer,domestic; operating; common stock,7389,"Services-Business Services, NEC",Global Select,Nasdaq,CART,Nasdaq,DE,1231.0,(888) 246-7822,"50 BEALE STREET, SUITE 600, SAN FRANCISCO, CA, 94105",SAN FRANCISCO,CA,,3600.0,"December 31, 2025","large (1,000-9,999 employees)",employee_count_from_sec_filing,"OVERVIEW Instacart is the leading technology and enablement partner for the grocery industry — helping consumers save time, retailers run their businesses online and in-store, and connect brands with customers. Since our founding, Instacart has powered more than 1.6 billion orders. Instacart is built for the entire grocery ecosystem, improving the experiences for each of our constituents and helping them succeed: • Retailers . We enable more than 2,200 retail banners as of December 31, 2025 to grow by providing technology that can accelerate the digital transformation of their entire business both online and in-store.",\bItem\s+1\.\s+Business\b,"HUMAN CAPITAL 8 As of December 31, 2025, we had approximately 3,600 full-time employees worldwide.",10-K,2026-02-26,0001579091-26-000018,https://www.sec.gov/Archives/edgar/data/1579091/000157909126000018/cart-20251231.htm,SEC submissions API cache,2024-09-19,2024-04-17,0001579091-24-000044,,2023-09-19,DEF 14A,edgar_filing,7,7,0,0,211,155,2023,2024,large accelerated,0,0,1,1,Services,Other industries,US,1,Actual US state HQ,CA,"San Francisco, CA",Global Select,0,3600.0,8.188966863648876,1,50
1914805,BANL,CBL International Ltd,continued,continued_same_matrix,2025-04-16,0001641172-25-005027,foreign_private_issuer,other,Non-accelerated filer<br>Emerging growth company,foreign_private_issuer; other; ordinary shares,5172,Wholesale-Petroleum & Petroleum Products (No Bulk Stations),Capital Market,Nasdaq,BANL,Nasdaq,Cayman Islands,1231.0,603 2706 8280,"LEVEL 23-2, MENARA PERMATA SAPURA, KUALA LUMPUR CITY CENTRE 50088, KUALA LUMPUR, Malaysia, 0000",KUALA LUMPUR,Malaysia,,,,,sec_filer_category_only,"4.A. History and Development of the Company We were incorporated on February 8, 2022 in the Cayman Islands under Cayman Islands law under the name “CBL International Limited”. Pursuant to a reorganization of our corporate structure in August 2022, CBL International Limited became the holding company of Banle BVI and its subsidiaries. The history of our Group can be traced back to 2015 when Banle Energy HK was incorporated in Hong Kong. Dr. Teck Lim Chia, our founder, has over 17 years of experience in the oil and gas related industries and business management. Before founding our Group in 2015, he was employed by BrightOil Group, a company based in Shenzhen, PRC which was principally engaged in fuel oil business from April 2006 to June 2008, with his last position as the general director.",\bItem\s+4\.\s+Information\s+on\s+the\s+Company\b,,20-F,2025-04-16,0001641172-25-005027,https://www.sec.gov/Archives/edgar/data/1914805/000164117225005027/form20-f.htm,SEC submissions API cache,2024-03-23,2024-04-18,0001493152-24-015142,missing_employee_count,2023-03-23,20-F,edgar_filing,22,5,0,1,392,-26,2023,2024,"accelerated, egc",1,0,0,1,Wholesale,Other industries,Asia-Pacific / Israel,0,Non-US / non-state HQ,Not actual US state HQ,Not actual US state HQ,Capital Market,1,113.0,4.736198448394496,1,50
1400118,SGMT,Sagimet Biosciences Inc.,continued,continued_other_narrative,2025-04-30,0001104659-25-042560,domestic,operating,<br>Emerging growth company,domestic; operating; common stock,2834,Pharmaceutical Preparations,Global Market,Nasdaq,SGMT,Nasdaq,DE,1231.0,(650) 561-8600,"155 BOVET RD., SUITE 303, SAN MATEO, CA, 94402",SAN MATEO,CA,,,,,sec_filer_category_only,"Overview We are a clinical-stage biopharmaceutical company developing novel therapeutics called fatty acid synthase (FASN) inhibitors that target dysfunctional metabolic and fibrotic pathways in diseases resulting from the overproduction of the fatty acid, palmitate. Our lead drug candidate, denifanstat, is an oral, once-daily pill and selective FASN inhibitor in development for the treatment of metabolic dysfunction-associated steatohepatitis (MASH), acne and select forms of cancer. Our second FASN inhibitor, TVB-3567, is a potent and selective small molecule FASN inhibitor in development for acne. FASN inhibition for the treatment of MASH The critical role of FASN overactivity in MASH makes it an attractive target for drug therapy. Our FASN inhibitor, denifanstat, targets multiple drivers of MASH by reducing steatosis, inflammation and fibrosis. MASH:",\bItem\s+1\.\s+Business\b,,10-K,2026-03-11,0001104659-26-026140,https://www.sec.gov/Archives/edgar/data/1400118/000110465926026140/sgmt-20251231x10k.htm,SEC submissions API cache,2024-07-14,2024-04-18,0001104659-24-048534,missing_employee_count,2023-07-14,DEF 14A,edgar_filing,4,4,0,1,279,87,2023,2024,"not stated, egc",1,0,0,0,Manufacturing,Life sciences / medical,US,1,Actual US state HQ,CA,"San Mateo, CA",Global Market,1,113.0,4.736198448394496,1,50
1944552,ANL,Adlai Nortye Ltd.,continued,continued_other_narrative,2025-04-30,0001213900-25-037591,foreign_private_issuer,other,Non-accelerated filer<br>Emerging growth company,foreign_private_issuer; other; ADS,2834,Pharmaceutical Preparations,Global Market,Nasdaq,ANL,Nasdaq,DE,1231.0,848-230-7430,"685 U.S. HIGHWAY ONE, 2ND FLOOR, NORTH BRUNSWICK, NJ, 08902",NORTH BRUNSWICK,NJ,,,,,sec_filer_category_only,"—B. Business Overview— Our differentiated oncology portfolio.” Undesirable AEs caused by our drug candidates, or caused by our drug candidates when used in combination with other drugs, could potentially cause significant negative consequences, including but not limited to: ● regulatory authorities could interrupt, delay or halt pending clinical trials; ● we may suspend, delay or alter development or marketing of our drug candidates; ● regulatory authorities may order us to cease further development of, or deny approval of, our drug candidates for any or all targeted indications if results of our trials reveal a high and unacceptable severity or prevalence of certain AEs; ● regulatory authorities may delay or deny approval of our drug candidates;",\bItem\s+4\.\s+Information\s+on\s+the\s+Company\b,,20-F,2026-04-10,0001213900-26-042520,https://www.sec.gov/Archives/edgar/data/1944552/000121390026042520/ea0282593-20f_adlai.htm,SEC submissions API cache,2024-09-29,2024-04-19,0001104659-24-049439,missing_employee_count,2023-09-29,20-F,edgar_filing,16,16,0,1,203,163,2023,2024,"accelerated, egc",1,0,0,1,Manufacturing,Life sciences / medical,US,1,Actual US state HQ,NJ,"North Brunswick, NJ",Global Market,1,113.0,4.736198448394496,1,50
1962918,,"ACELYRIN, Inc.",continued,continued_other_narrative,2025-03-19,0001962918-25-000022,domestic,operating,<br>Emerging growth company,domestic; operating; common stock,2834,Pharmaceutical Preparations,,Nasdaq,,,DE,1231.0,805-456-4393,"4149 LIBERTY CANYON RD., AGOURA HILLS, CA, 91301",AGOURA HILLS,CA,,83.0,"March 14, 2025",small (50-249 employees),employee_count_from_sec_filing,"Overview ACELYRIN is a late-stage clinical biopharma company focused on identifying, acquiring, and accelerating the development and commercialization of transformative medicines. On February 6, 2025, we, Alumis Inc., a Delaware corporation (“Alumis”), and Arrow Merger Sub, Inc., a Delaware corporation and a wholly owned subsidiary of Alumis (“Merger Sub”), entered into an Agreement and Plan of Merger (the “Merger Agreement”), pursuant to which, among other matters, and subject to the satisfaction or waiver of the conditions set forth in the Merger Agreement, Merger Sub will merge with and into us, with us continuing as a wholly owned subsidiary of Alumis and the surviving corporation of the merger (the “Merger”).",\bItem\s+1\.\s+Business\b,"Employees and Human Capital Resources As of March 14, 2025, we had 83 full-time employees, consisting of clinical, scientific, development, technical operations, regulatory, finance, and operational personnel.",10-K,2025-03-19,0001962918-25-000022,https://www.sec.gov/Archives/edgar/data/1962918/000196291825000022/slrn-20241231.htm,SEC submissions API cache,2024-05-05,2024-04-22,0001962918-24-000045,,2023-05-05,DEF 14A,edgar_filing,4,4,0,1,353,13,2023,2024,"not stated, egc",1,0,0,0,Manufacturing,Life sciences / medical,US,1,Actual US state HQ,CA,"Agoura Hills, CA",Unknown market tier,0,83.0,4.430816798843313,0,50
1873093,GDTC,CytoMed Therapeutics Ltd,not_continued,not_continued_in_reviewed_filings,,,foreign_private_issuer,other,Non-accelerated filer<br>Emerging growth company,foreign_private_issuer; other; ordinary shares,2834,Pharmaceutical Preparations,Capital Market,Nasdaq,GDTC,Nasdaq,Singapore,1231.0,603824911,"#08-22 ONE COMMONWEALTH, 1 COMMONWEALTH LANE, Singapore, 149544",1 COMMONWEALTH LANE,Singapore,,,,,sec_filer_category_only,"A. History and Development of the Company Our legal and commercial name is CytoMed Therapeutics Limited. We are a public company limited by shares incorporated on March 9, 2018 in Singapore. On January 19, 2023, we converted from a private company limited by shares incorporated in Singapore, known as CytoMed Therapeutics Pte. Ltd. to a public company limited by shares pursuant to the provisions of the Singapore Companies Act. As a public company limited by shares incorporated in Singapore, we are governed by the Companies Act 1967 of Singapore. As of the date of this annual report, we are a holding company incorporated in Singapore which oversees our operations in Malaysia. We conduct our business activities primarily through our subsidiaries in Malaysia, CytoMed Malaysia and IPSC Depository.",\bItem\s+4\.\s+Information\s+on\s+the\s+Company\b,,20-F,2026-03-31,0001493152-26-013813,https://www.sec.gov/Archives/edgar/data/1873093/000149315226013813/form20-f.htm,SEC submissions API cache,2024-04-14,2024-04-22,0001493152-24-015594,missing_employee_count,2023-04-14,20-F,edgar_filing,23,23,0,0,374,-8,2023,2024,"accelerated, egc",1,0,0,1,Manufacturing,Life sciences / medical,Asia-Pacific / Israel,0,Non-US / non-state HQ,Not actual US state HQ,Not actual US state HQ,Capital Market,1,113.0,4.736198448394496,1,50
1764974,,Turnstone Biologics Corp.,not_continued,not_continued_in_reviewed_filings,,,domestic,operating,<br>Emerging growth company,domestic; operating; common stock,2836,"Biological Products, (No Diagnostic Substances)",,Nasdaq,,,DE,1231.0,347-897-5988,"9310 ATHENA CIRCLE, SUITE 300, LA JOLLA, CA, 92037",LA JOLLA,CA,,14.0,"March 15, 2025",micro (<50 employees),employee_count_from_sec_filing,"without infringing on the intellectual property rights of others; and • the impact of macroeconomic developments, including the ongoing conflict between Ukraine and Russia, the state of war in the Middle East and the risk of a larger regional conflict, on our business and operations as well as the business or operations of our customers, manufacturers, research partners, and other third parties with whom we conduct business.",\bOur\s+Business\b,"Employees and Human Capital Resources As of March 15, 2025, we employed 14 employees, all of whom are full-time.",10-K,2025-03-31,0000950170-25-047111,https://www.sec.gov/Archives/edgar/data/1764974/000095017025047111/tsbx-20241231.htm,SEC submissions API cache,2024-07-21,2024-04-22,0000950170-24-046454,,2023-07-21,DEF 14A,edgar_filing,1,1,0,0,276,90,2023,2024,"not stated, egc",1,0,0,0,Manufacturing,Life sciences / medical,US,1,Actual US state HQ,CA,"La Jolla, CA",Unknown market tier,0,14.0,2.70805020110221,0,50
1951667,CTNT,CHEETAH NET SUPPLY CHAIN SERVICE INC.,continued,continued_other_narrative,2025-09-26,0001104659-25-093853,domestic,operating,<br>Emerging growth company,domestic; operating; common stock,5010,Wholesale-Motor Vehicles & Motor Vehicle Parts & Supplies,Capital Market,Nasdaq,CTNT,Nasdaq,DE,1231.0,(949) 418 7804,"8707 RESEARCH DRIVE, IRVINE, CA, 92618",IRVINE,CA,,12.0,"December 31, 2025",micro (<50 employees),employee_count_from_sec_filing,". Overview We are a provider of logistics and warehousing services, historically in connection with the sale of parallel-import vehicles sourced in the U.S. to be sold in the PRC market, and more recently for the transportation of other goods between the U.S. and the PRC. Parallel-import vehicles in the PRC refer to automobiles purchased directly from overseas markets and imported for sale outside of the brand manufacturers’ official distribution networks. Between 2016 and the first half of 2022, we experienced growth in sales volume and gross profit in the parallel-import vehicle business due to favorable market conditions.",\bItem\s+1\.\s+Business\b,"As of December 31, 2025, we had 12 full-time employees, including four foreign employees who currently do not have permanent work permits in the U.",10-K,2026-03-20,0001104659-26-032699,https://www.sec.gov/Archives/edgar/data/1951667/000110465926032699/ctnt-20251231x10k.htm,SEC submissions API cache,2024-08-01,2024-04-23,0001104659-24-050619,,2023-08-01,DEF 14A,edgar_filing,7,7,0,1,266,100,2023,2024,"not stated, egc",1,0,0,0,Wholesale,Other industries,US,1,Actual US state HQ,CA,"Irvine, CA",Capital Market,0,12.0,2.5649493574615367,1,50
1974640,APGE,"Apogee Therapeutics, Inc.",continued,continued_other_narrative,2025-04-29,0000950170-25-060147,domestic,operating,Large accelerated filer,domestic; operating; common stock,2836,"Biological Products, (No Diagnostic Substances)",Global Market,Nasdaq,APGE,Nasdaq,,1231.0,650-394-5230,"221 CRESCENT ST., BUILDING 17, SUITE 102B, WALTHAM, MA, 02453",WALTHAM,MA,,261.0,"December 31, 2025",mid-size (250-999 employees),employee_count_from_sec_filing,"Overview We are a clinical stage biotechnology company advancing optimized, novel biologics with the potential for differentiated efficacy and dosing in the largest inflammatory and immunology (“I&I”) markets, including for the treatment of atopic dermatitis (“AD”), asthma, eosinophilic esophagitis (“EoE”), chronic obstructive pulmonary disease (“COPD”), and other I&I indications. Our antibody programs are designed to overcome limitations of existing therapies by targeting well-established mechanisms of action and incorporating advanced antibody engineering to optimize half-life and other properties.",\bItem\s+1\.\s+Business\b,"Employees and Human Capital Resources As of December 31, 2025, we had 261 full-time employees, 57 of whom have Ph.",10-K,2026-03-02,0001974640-26-000002,https://www.sec.gov/Archives/edgar/data/1974640/000197464026000002/apge-20251231.htm,SEC submissions API cache,2024-07-14,2024-04-24,0001104659-24-051224,,2023-07-14,DEF 14A,edgar_filing,6,6,0,1,285,81,2023,2024,large accelerated,0,0,1,1,Manufacturing,Life sciences / medical,US,1,Actual US state HQ,MA,"Waltham, MA",Global Market,0,261.0,5.568344503761097,1,50
1966494,,"CARGO Therapeutics, Inc.",continued,continued_same_matrix,2025-04-29,0001193125-25-103786,domestic,operating,<br>Emerging growth company,domestic; operating; common stock,2836,"Biological Products, (No Diagnostic Substances)",,Nasdaq,,,DE,1231.0,650-499-8950,"835 INDUSTRIAL ROAD, SUITE 400, SAN CARLOS, CA, 94070",SAN CARLOS,CA,,167.0,"December 31, 2024",small (50-249 employees),employee_count_from_sec_filing,"model and strategic plans for our business and product candidates, including additional indications for which we may pursue; • our ability to realize the level of the anticipated benefits that we expect from restructuring our operations, which may adversely impact our business and results of operations; • our ability to attract and retain key scientific and management personnel, and maintain our culture; • the scope of protection we are able to establish and maintain for intellectual property rights covering our product candidates, including the projected terms of patent protection; • potential claims relating to our intellectual property and third-party intellectual property; • estimates of our expenses, future revenue, capital requirements, our needs for additional financing and our ability to obtain additional capital;",\bOur\s+Business\b,"Employees and human capital resources As of December 31, 2024, we had approximately 167 full-time employees.",10-K,2025-03-12,0000950170-25-037929,https://www.sec.gov/Archives/edgar/data/1966494/000095017025037929/crgx-20241231.htm,SEC submissions API cache,2024-11-10,2024-04-24,0001193125-24-110173,,2023-11-10,DEF 14A,edgar_filing,3,2,0,1,166,200,2023,2024,"not stated, egc",1,0,0,0,Manufacturing,Life sciences / medical,US,1,Actual US state HQ,CA,"San Carlos, CA",Unknown market tier,0,167.0,5.123963979403259,0,50
1948294,NWGL,CL Workshop Group Ltd,continued,continued_same_matrix,2025-05-01,0001641172-25-008047,foreign_private_issuer,other,Accelerated filer<br>Emerging growth company,foreign_private_issuer; other; ADS,2400,Lumber & Wood Products (No Furniture),Capital Market,Nasdaq,NWGL,Nasdaq,"Virgin Islands, British",1231.0,852 60385546,"AVENIDA DA AMIZADE NO.1287, CHONG FOK CENTRO COMERCIAL,13 E, MACAU S.A.R, Macau",MACAU S.A.R,Macau,Macau,151.0,"December 31, 2024",small (50-249 employees),employee_count_from_sec_filing,"4.A. History and Development of the Company With more than 15 years of experience in forest land operation, our Group has become a diversified enterprise integrating the production and sales of a range of wood products, including logs, decking, flooring, sawn timber and carbon credits. Our Group has a supply chain throughout USA, South America, Africa and Europe, owning natural forest concessions and cutting rights for the exploitation of timbers of forests in Peru which covered an area of approximately 615,333 hectares and two wood processing facilities in Peru as of December, 2024. 20 With Mr. Hok Pan Se becoming our principal shareholder in June 2016, he pursued his vision of developing our Group into a vertically-integrated forestry company by acquiring more new forests with a view to reducing the impact of our business from market fluctuations on raw materials.",\bItem\s+4\.\s+Information\s+on\s+the\s+Company\b,"Employees As of December 31, 2024, we had 151 full-time employees who were employed by our Group and were based in Peru, France, Hong Kong, Macau and China, respectively.",20-F,2025-05-01,0001641172-25-008047,https://www.sec.gov/Archives/edgar/data/1948294/000164117225008047/form20-f.htm,SEC submissions API cache,2024-09-12,2024-04-25,0001493152-24-015976,,2023-09-12,20-F,edgar_filing,11,2,0,1,226,140,2023,2024,"accelerated, egc",1,0,0,1,Manufacturing,Other industries,Other non-US,0,Non-US / non-state HQ,Not actual US state HQ,Not actual US state HQ,Capital Market,0,151.0,5.0238805208462765,1,50
1885522,NMRA,"Neumora Therapeutics, Inc.",continued,continued_other_narrative,2025-04-11,0000950170-25-053346,domestic,operating,Non-accelerated filer<br>Smaller reporting company,domestic; operating; common stock,2836,"Biological Products, (No Diagnostic Substances)",Global Select,Nasdaq,NMRA,Nasdaq,DE,1231.0,(857) 760-0900,"260 ARSENAL PLACE, SUITE 1, WATERTOWN, MA, 02472",WATERTOWN,MA,,96.0,"December 31, 2025",small (50-249 employees),employee_count_from_sec_filing,", operations and financial performance and condition, as well as our plans, objectives and expectations for our business, operations and financial performance and condition. Any statements contained herein that are not statements of historical facts may be deemed to be forward-looking statements. These statements involve known and unknown risks, uncertainties and other important factors that are in some cases beyond our control and may cause our actual results, performance or achievements to be materially different from any future results, performance or achievements expressed or implied by the forward-looking statements.",\bOur\s+Business\b,"Employees and Human Capital Resources As of December 31, 2025, we had 96 full-time employees, 56 of whom were primarily engaged in research and development activities.",10-K,2026-03-30,0001193125-26-130388,https://www.sec.gov/Archives/edgar/data/1885522/000119312526130388/nmra-20251231.htm,SEC submissions API cache,2024-09-15,2024-04-25,0000950170-24-048287,,2023-09-15,DEF 14A,edgar_filing,8,8,0,1,223,143,2023,2024,"accelerated, smaller reporting",0,1,0,1,Manufacturing,Life sciences / medical,US,1,Actual US state HQ,MA,"Watertown, MA",Global Select,0,96.0,4.574710978503383,1,50
1837821,ZJYL,Jin Medical International Ltd.,continued,continued_same_matrix,2025-01-24,0001213900-25-006519,foreign_private_issuer,other,Non-accelerated filer<br>Emerging growth company,foreign_private_issuer; other; ordinary shares,3842,"Orthopedic, Prosthetic & Surgical Appliances & Supplies",Capital Market,Nasdaq,ZJYL,Nasdaq,Cayman Islands,930.0,(86)51989607972,"NO. 33 LINGXIANG ROAD, WUJIN DISTRICT, CHANGZHOU CITY, JIANGSU PROVINCE, China, 213149",JIANGSU PROVINCE,China,,269.0,"January 14, 2025",mid-size (250-999 employees),employee_count_from_sec_filing,"—B. Business Overview—Regulations” for further details on the requisite approvals license permits and certifications. 13 Adverse publicity associated with our products, materials or network marketing program, or those of similar companies, could harm our financial condition and operating results. The results of our operations may be significantly affected by the public’s perception of our product and similar companies. This perception is dependent upon opinions concerning: ● the safety and quality of our products; ● the safety and quality of similar products distributed by other companies; and ● our downstream dealers.",\bItem\s+4\.\s+Information\s+on\s+the\s+Company\b,"As of January 14, 2025, we had 269 employees.",20-F,2025-01-24,0001213900-25-006519,https://www.sec.gov/Archives/edgar/data/1837821/000121390025006519/ea0227825-20f_jinmedical.htm,SEC submissions API cache,2024-03-28,2024-04-26,0001213900-24-036700,,2023-03-28,20-F,edgar_filing,17,1,0,1,395,-29,2023,2024,"accelerated, egc",1,0,0,1,Manufacturing,Life sciences / medical,China / Hong Kong,0,Non-US / non-state HQ,Not actual US state HQ,Not actual US state HQ,Capital Market,0,269.0,5.598421958998375,1,50
1887944,SHIM,Shimmick Corp,continued,continued_other_narrative,2025-03-20,0000950170-25-042721,domestic,operating,<br>Emerging growth company,domestic; operating; common stock,1600,Heavy Construction Other Than Bldg Const - Contractors,Capital Market,Nasdaq,SHIM,Nasdaq,DE,1231.0,949.333.1500,"530 TECHNOLOGY DRIVE, SUITE 300, IRVINE, CA, 92618",IRVINE,CA,,971.0,"January 2, 2026",mid-size (250-999 employees),employee_count_from_sec_filing,"Overview Shimmick delivers turnkey solutions that are designed to strengthen the water market, as well as other critical infrastructure markets, including energy, climate resiliency and sustainable transportation. With a history and experience that spans over a century, Shimmick, headquartered in California, unites deep engineering heritage with entrepreneurial spirit to tackle today’s most complex infrastructure challenges. We integrate technical excellence with collaborative project delivery methods to provide innovative, technology-driven infrastructure solutions that seek to accelerate economic growth and empower communities nationwide. We and our legacy companies have a long history of successfully completing complex water and other critical infrastructure projects, ranging from advanced wastewater recycling and purification system to dams, locks and transit systems.",\bItem\s+1\.\s+Business\b,"As of January 2, 2026, we had 971 employees, with 381 staff and 590 craft workers.",10-K,2026-03-13,0001193125-26-105064,https://www.sec.gov/Archives/edgar/data/1887944/000119312526105064/shim-20260102.htm,SEC submissions API cache,2024-11-14,2024-04-26,0000950170-24-049088,,2023-11-14,DEF 14A,edgar_filing,4,4,0,1,164,202,2023,2024,"not stated, egc",1,0,0,0,Construction,Other industries,US,1,Actual US state HQ,CA,"Irvine, CA",Capital Market,0,971.0,6.879355804460439,1,50
1687187,METC,"Ramaco Resources, Inc.",continued,continued_other_narrative,2025-04-30,0001104659-25-041856,domestic,operating,Accelerated filer,domestic; operating; common stock,1220,Silver Ores,Global Select,Nasdaq,METC;METCB;METCI;METCZ,Nasdaq;Nasdaq;Nasdaq;Nasdaq,DE,1231.0,(859) 244-7455,"250 WEST MAIN STREET, SUITE 1800, LEXINGTON, KY, 40507",LEXINGTON,KY,,900.0,"December 31, 2025",mid-size (250-999 employees),employee_count_from_sec_filing,"General Ramaco Resources, Inc. (the “Company,” “Ramaco,” “we,” “us,” or “our”) is a Delaware corporation formed in October 2016. Our principal corporate and executive offices are located in Lexington, Kentucky with operational offices in Charleston, West Virginia and Sheridan, Wyoming. We are a dual platform critical mineral company that is both an operator and developer of high-quality, low-cost metallurgical coal in southern West Virginia and southwestern Virginia, and a developing producer of coal, rare earth elements and critical minerals in Wyoming. Our metallurgical coal development portfolio primarily includes the following properties: Elk Creek, Berwind, Knox Creek, and Maben. We believe each of these properties possesses geologic and logistical advantages that make our coal among the lowest delivered-cost U.S.",\bItem\s+1\.\s+Business\b,"We had approximately 900 employees as of December 31, 2025, including our named executive officers, and nearly all of our employees are full-time employees.",10-K,2026-02-26,0001104659-26-020479,https://www.sec.gov/Archives/edgar/data/1687187/000110465926020479/metc-20251231x10k.htm,SEC submissions API cache,2024-06-15,2024-04-29,0001558370-24-006096,,2023-06-15,DEF 14A,edgar_filing,6,6,0,1,319,47,2023,2024,accelerated,0,0,0,1,Mining,Other industries,US,1,Actual US state HQ,KY,"Lexington, KY",Global Select,0,900.0,6.803505257608338,1,50
1951294,VSME,VS MEDIA Holdings Ltd,not_continued,not_continued_in_reviewed_filings,,,foreign_private_issuer,other,Non-accelerated filer<br>Emerging growth company,foreign_private_issuer; other; ordinary shares,7311,Services-Advertising Agencies,Capital Market,Nasdaq,VSME,Nasdaq,"Virgin Islands, British",1231.0,852 2865 9992,"6/F, KOHO, 75 HUNG TO ROAD, KWUN TONG, HONG KONG, Hong Kong, 000000",HONG KONG,Hong Kong,,,,,sec_filer_category_only,"A. History and Development of the Company Corporate History and Structure We commenced operations to build a digital media network with Creators in 2013 through VS Media HK, a Hong Kong company incorporated on June 7, 2013. VS Media HK presently focuses on building our digital media network through incubating and developing Creators and growing our Marketing Services business in HK SAR. VS Media BVI was incorporated on August 22, 2013, in the BVI with limited liability and is the parent of VS Media HK. With the growth of our business, VSM was incorporated in the BVI on March 23, 2015, with limited liability and is the parent of VS Media BVI. We have since grown and incorporated various subsidiaries throughout the world and operate our various business segments through these subsidiaries.",\bItem\s+4\.\s+Information\s+on\s+the\s+Company\b,,20-F,2026-04-30,0001493152-26-019820,https://www.sec.gov/Archives/edgar/data/1951294/000149315226019820/form20-f.htm,SEC submissions API cache,2024-09-28,2024-04-30,0001493152-24-017296,missing_employee_count,2023-09-28,20-F,edgar_filing,24,24,0,0,215,151,2023,2024,"accelerated, egc",1,0,0,1,Services,Other industries,China / Hong Kong,0,Non-US / non-state HQ,Not actual US state HQ,Not actual US state HQ,Capital Market,1,113.0,4.736198448394496,1,50
1949478,DTCKF,DAVIS COMMODITIES Ltd,continued,continued_same_matrix,2025-04-30,0001683168-25-002971,foreign_private_issuer,other,Non-accelerated filer<br>Emerging growth company,foreign_private_issuer; other; ordinary shares,5150,Wholesale-Farm Product Raw Materials,,Nasdaq,DTCKF,OTC,Cayman Islands,1231.0,65-6893 5333,"10 BUKIT BATOK CRESCENT #10-01 THE SPIRE, SINGAPORE, Singapore, 658079",SINGAPORE,Singapore,,,,,sec_filer_category_only,"– B. Business Overview – Our Main Business Activities – Sugar”. Consequently, any reduction in demand or a temporary or permanent discontinuation of manufacturing of the sugar products by any of our suppliers could have an adverse effect on our business, financial condition, results of operations, cash flows and prospects. Our products are commodities in nature, and their prices are subject to fluctuations that may affect our profitability. Our earnings are, to a large extent, dependent on the prices of the sugar, rice, and oil and fat products that we sell, which are commodities in nature. These prices fluctuate due to factors beyond our control, including, among other things, world supply and demand, supply of raw materials, weather, crop yields, trade disputes between governments of key producing and consuming countries and governmental regulation.",\bItem\s+4\.\s+Information\s+on\s+the\s+Company\b,,20-F,2025-04-30,0001683168-25-002971,https://www.sec.gov/Archives/edgar/data/1949478/000168316825002971/davis_i20f-123124.htm,SEC submissions API cache,2024-09-19,2024-05-15,0001683168-24-003504,missing_employee_count,2023-09-19,20-F,edgar_filing,30,3,0,1,239,127,2023,2024,"accelerated, egc",1,0,0,1,Wholesale,Other industries,Asia-Pacific / Israel,0,Non-US / non-state HQ,Not actual US state HQ,Not actual US state HQ,Unknown market tier,1,113.0,4.736198448394496,1,50
1627282,CWD,CaliberCos Inc.,not_continued,not_continued_in_reviewed_filings,,,domestic,operating,<br>Emerging growth company,domestic; operating; common stock,6500,Real Estate,Capital Market,Nasdaq,CWD,Nasdaq,DE,1231.0,480-295-7600,"8901 E. MOUNTAIN VIEW RD., SUITE 150, SCOTTSDALE, AZ, 85258",SCOTTSDALE,AZ,,,,,sec_filer_category_only,"General Over the past 16 years, we have grown into a leading diversified alternative asset management firm, with more than $2.6 billion in Managed Assets, comprised of $0.8 billion of assets under management (“AUM”) and $1.9 billion of assets under development (“AUD”). We are an alternative asset manager investing across real and digital assets. We sponsor and manage private real estate investment funds and maintain a digital asset treasury strategy focused on blockchain infrastructure assets. Our primary goal is to drive shareholder value by enhancing the wealth of accredited investor clients seeking to make investments in real and digital assets. In 2025, we formally adopted a Board-approved digital asset treasury policy (the “Treasury Reserve Policy”) under which we accumulate and manage digital infrastructure assets, starting with Chainlink tokens (“LINK”).",\bItem\s+1\.\s+Business\b,,10-K,2026-03-26,0001627282-26-000015,https://www.sec.gov/Archives/edgar/data/1627282/000162728226000015/cwd-20251231.htm,SEC submissions API cache,2024-05-17,2024-05-16,0001627282-24-000069,missing_employee_count,2023-05-17,DEF 14A,edgar_filing,11,11,0,0,365,1,2023,2024,"not stated, egc",1,0,0,0,Finance/real estate,Finance / real estate,US,1,Actual US state HQ,AZ,"Scottsdale, AZ",Capital Market,1,113.0,4.736198448394496,1,50
1973239,ARM,ARM HOLDINGS PLC /UK,continued,continued_other_narrative,2025-05-28,0001973239-25-000016,foreign_private_issuer,other,Large accelerated filer,foreign_private_issuer; other; ADS,3674,Semiconductors & Related Devices,Global Select,Nasdaq,ARM,Nasdaq,United Kingdom,331.0,44 1223 400 400,"110 FULBOURN ROAD, CAMBRIDGE, United Kingdom, CB1 9NJ",CAMBRIDGE,United Kingdom,,,,,sec_filer_category_only,"—A. History and Development of the Company—Corporate Reorganization.” The financial information contained in this Annual Report does not amount to statutory accounts within the meaning of section 434(3) of the U.K. Companies Act 2006 (the “Companies Act”). INDUSTRY AND MARKET DATA This Annual Report contains estimates, projections and other information concerning our industry, our business and the markets for our products, including, but not limited to, our general expectations and market position, market opportunity and market size. Information that is based on estimates, forecasts, projections, market research or similar methodologies is inherently subject to uncertainties, and actual events or circumstances may differ materially from events and circumstances that are assumed in this information.",\bItem\s+4\.\s+Information\s+on\s+the\s+Company\b,,20-F,2026-05-26,0001973239-26-000097,https://www.sec.gov/Archives/edgar/data/1973239/000197323926000097/arm-20260331.htm,SEC submissions API cache,2024-09-14,2024-05-29,0001973239-24-000012,missing_employee_count,2023-09-14,20-F,edgar_filing,18,18,0,1,258,108,2023,2024,large accelerated,0,0,1,1,Manufacturing,Technology,Europe,0,Non-US / non-state HQ,Not actual US state HQ,Not actual US state HQ,Global Select,1,113.0,4.736198448394496,1,50
1946563,SXTP,"60 DEGREES PHARMACEUTICALS, INC.",continued,continued_same_matrix,2025-03-27,0001013762-25-003343,domestic,operating,<br>Emerging growth company,domestic; operating; common stock,2834,Pharmaceutical Preparations,Capital Market,Nasdaq,SXTP;SXTPW,Nasdaq;Nasdaq,DE,1231.0,202-327-5422,"1025 CONNECTICUT AVENUE NW, SUITE 1000, WASHINGTON, DC, 20036",WASHINGTON,DC,,,,,sec_filer_category_only,"and particular markets, including data regarding the estimated size of those markets. Information that is based on estimates, forecasts, projections, market research or similar methodologies is inherently subject to uncertainties and actual events or circumstances may differ materially from events and circumstances reflected in this information. Unless otherwise expressly stated, we obtained this industry, business, market and other data from reports, research surveys, studies and similar data prepared by market research firms and other third parties, industry, general publications, government data and similar sources. ii PART I Item 1. Description of Business.",\bOur\s+Business\b,,10-K,2025-03-27,0001013762-25-003343,https://www.sec.gov/Archives/edgar/data/1946563/000101376225003343/ea0232429-10k_60degrees.htm,SEC submissions API cache,2024-07-12,2024-05-30,0001213900-24-047861,missing_employee_count,2023-07-12,DEF 14A,edgar_filing,5,1,0,1,323,43,2023,2024,"not stated, egc",1,0,0,0,Manufacturing,Life sciences / medical,US,1,Actual US state HQ,DC,"Washington, DC",Capital Market,1,113.0,4.736198448394496,1,50
1891944,PMEC,Primech Holdings Ltd,continued,continued_other_narrative,2025-07-24,0001213900-25-067127,foreign_private_issuer,other,Non-accelerated filer<br>Emerging growth company,foreign_private_issuer; other; ordinary shares,7340,Services-To Dwellings & Other Buildings,Capital Market,Nasdaq,PMEC,Nasdaq,,,65 62861868,"23 UBI CRESCENT, SINGAPORE, Singapore, 408579",SINGAPORE,Singapore,,,,,sec_filer_category_only,"— B. Business Overview— Awards and Accreditation .” With implementation of the revised Cleaning Business Licensing framework from 1 January 2024, NEA will cease issuance and applications of Enhanced Clean Mark Accreditation Scheme, including the Clean Mark Gold Award. Primech A&P has applied for and obtained a class 1 licence under the revised Cleaning Business Licensing framework on March 28, 2024. As further set forth in “ Item 4. Information on the Company — B. Business Overview— Legal Proceedings ,” a 2019 workplace accident resulted in a court conviction by A&P Maintenance, for which a fine was imposed and has been paid. In 2020, A&P Maintenance and Primech Services & Engrg Pte. Ltd. amalgamated to form Primech A&P.",\bItem\s+4\.\s+Information\s+on\s+the\s+Company\b,,20-F,2025-07-24,0001213900-25-067127,https://www.sec.gov/Archives/edgar/data/1891944/000121390025067127/ea0248684-20f_primech.htm,SEC submissions API cache,2024-10-10,2024-07-23,0001213900-24-063312,missing_employee_count,2023-10-10,20-F,edgar_filing,23,23,0,1,287,79,2023,2024,"accelerated, egc",1,0,0,1,Services,Other industries,Asia-Pacific / Israel,0,Non-US / non-state HQ,Not actual US state HQ,Not actual US state HQ,Capital Market,1,113.0,4.736198448394496,1,50
1959224,AXG,"Solowin Holdings, Ltd.",continued,continued_other_narrative,2025-06-30,0001213900-25-059716,foreign_private_issuer,other,Non-accelerated filer<br>Emerging growth company,foreign_private_issuer; other; ordinary shares,6211,"Security Brokers, Dealers & Flotation Companies",Capital Market,Nasdaq,AXG,Nasdaq,Cayman Islands,331.0,202-869-0888,"ROOM 1910-1912A TOWER 3 CHINA HONG KONG, 33 CANTON RD TSIM SHA TSUI, KOWLOON, 0000, China",KOWLOON,China,China,,,,sec_filer_category_only,"A. History and Development of the Company General Information The current legal and commercial name of the Company is SOLOWIN HOLDINGS. SOLOWIN HOLDINGS is an exempted limited liability company incorporated under the laws of the Cayman Islands on July 23, 2021. The registered office of the Company is at the offices of Conyers Trust Company (Cayman) Limited, Cricket Square, Hutchins Drive, PO Box 2681, Grand Cayman, KY1-1111, Cayman Islands, which may be changed from time to time at the discretion of directors. The address of our principal place of business is Room 1910-1912A, Tower 3, China Hong Kong City, 33 Canton Road, Tsim Sha Tsui, Kowloon, Hong Kong. Our telephone number is (852)3428-3893. Our Corporate History and Structure Solowin is a holding company incorporated in the Cayman Islands without material operations of its own.",\bItem\s+4\.\s+Information\s+on\s+the\s+Company\b,,20-F,2025-06-30,0001213900-25-059716,https://www.sec.gov/Archives/edgar/data/1959224/000121390025059716/ea0247005-20f_solowin.htm,SEC submissions API cache,2024-09-07,2024-07-26,0001013762-24-001683,missing_employee_count,2023-09-07,20-F,edgar_filing,27,27,0,1,323,43,2023,2024,"accelerated, egc",1,0,0,1,Finance/real estate,Other industries,China / Hong Kong,0,Non-US / non-state HQ,Not actual US state HQ,Not actual US state HQ,Capital Market,1,113.0,4.736198448394496,1,50
1948884,,Gamer Pakistan Inc,not_continued,no_post_vacatur_relevant_filing,,,domestic,operating,<br>Emerging growth company,domestic; operating; common stock,7900,Services-Amusement & Recreation Services,,Nasdaq,,,DE,1231.0,702-905-1171,"35 E HORIZON RIDGE PKWY, SUITE 110-481, HENDERSON, NV, 89002",HENDERSON,NV,,,,,sec_filer_category_only,", operations, or reporting requirements or affect the validity or transferability of any existing stock certificates that bear the name “Gamer Pakistan Inc.” If the Name Change is approved, stockholders with certificated shares may continue to hold their existing stock certificates, and will not be required to submit their stock certificates for exchange. The rights of stockholders holding certificated shares under existing stock certificates and the number of shares represented by those certificates will remain unchanged. Direct registration accounts and any new stock certificates that are issued after the name change becomes effective will bear the name “K2 Gamer Inc.” If the Name Change is not approved, the Amendment will not be filed with the Delaware Secretary of State and our corporate name will not change.",\bOur\s+Business\b,,PRE 14A,2024-07-30,0001161697-24-000318,https://www.sec.gov/Archives/edgar/data/1948884/000116169724000318/schedule_14a.htm,SEC submissions API cache,2024-10-09,2024-07-30,0001161697-24-000318,missing_employee_count,2023-10-09,PRE 14A,edgar_filing,0,0,0,0,295,71,2023,2024,"not stated, egc",1,0,0,0,Services,Other industries,US,1,Actual US state HQ,NV,"Henderson, NV",Unknown market tier,1,113.0,4.736198448394496,0,50
1954269,GSIW,Garden Stage Ltd,continued,continued_same_matrix,2025-07-31,0001213900-25-069993,foreign_private_issuer,other,Non-accelerated filer<br>Emerging growth company,foreign_private_issuer; other; ordinary shares,6200,"Security & Commodity Brokers, Dealers, Exchanges & Services",Capital Market,Nasdaq,GSIW,Nasdaq,Cayman Islands,331.0,00852 2688 6333,"30TH FL, CHINA INSURANCE GROUP BUILDING, 141 DES VOEUX ROAD CENTRAL, CENTRAL, Hong Kong",CENTRAL,Hong Kong,Hong Kong,17.0,,micro (<50 employees),employee_count_from_sec_filing,"4.A. History and Development of the Company Corporate History Garden Stage Limited was incorporated on August 11, 2022 in the Cayman Islands under Cayman Islands law. Prior to the Reorganization as described below, we historically conducted our business through I Win Holdings Limited (“I Win Holdings HK”), a company incorporated under the laws of Hong Kong, and its subsidiaries, namely, I Win Securities Limited (“I Win Securities”) and I Win Asset Management Limited (“I Win Asset Management”), both incorporated under the laws of Hong Kong. On November 10, 2016, I Win Securities was established as a company with limited liability under the laws of Hong Kong and commenced our securities brokerage and underwriting and placing business. I Win Securities was licensed by the HKSFC to undertake Type 1 (dealing in securities) regulated activity on July 19, 2017.",\bItem\s+4\.\s+Information\s+on\s+the\s+Company\b,"Employees We had 17 employees as of the date of the annual report, including the Operating Subsidiaries.",20-F,2025-07-31,0001213900-25-069993,https://www.sec.gov/Archives/edgar/data/1954269/000121390025069993/ea0248524-20f_garden.htm,SEC submissions API cache,2024-12-01,2024-07-31,0001013762-24-003078,,2023-12-01,20-F,edgar_filing,16,6,0,1,243,123,2023,2024,"accelerated, egc",1,0,0,1,Finance/real estate,Other industries,China / Hong Kong,0,Non-US / non-state HQ,Not actual US state HQ,Not actual US state HQ,Capital Market,0,17.0,2.8903717578961645,1,50
1859199,AIRE,reAlpha Tech Corp.,continued,continued_other_narrative,2025-04-02,0001213900-25-027581,domestic,operating,<br>Emerging growth company,domestic; operating; common stock,6500,Real Estate,Capital Market,Nasdaq,AIRE,Nasdaq,DE,1231.0,6146337155,"6515 LONGSHORE LOOP #100, DUBLIN, OH, 43017",DUBLIN,OH,,54.0,"December 31, 2025",small (50-249 employees),employee_count_from_sec_filing,"Overview We are a real estate technology company developing an end-to-end homebuying platform, which we have named reAlpha (hereinafter referred to as the “reAlpha platform”). Our goal is to offer, through our AI-powered platform, a more affordable, streamlined experience for those on the journey to homeownership. The reAlpha platform integrates AI-driven tools to offer, among others, tailored property recommendations, an intuitive visual interface, and certain services, including realty services, mortgage brokering services, and digital title and escrow services within the platform. Our revenue model revolves around:",\bItem\s+1\.\s+Business\b,"As of December 31, 2025, we had 54 full-time employees in the United States, 32 full-time employees in Nepal, 14 full-time employees in Singapore, and 13 full-time employees in India.",10-K,2026-03-12,0001213900-26-026653,https://www.sec.gov/Archives/edgar/data/1859199/000121390026026653/ea0277755-10k_realpha.htm,SEC submissions API cache,2024-10-23,2024-10-30,0001213900-24-092311,,2023-10-23,DEF 14A,edgar_filing,6,6,0,1,373,-7,2023,2024,"not stated, egc",1,0,0,0,Finance/real estate,Finance / real estate,US,1,Actual US state HQ,OH,"Dublin, OH",Capital Market,0,54.0,4.007333185232471,1,50
