cik,ticker,legal_name,exchange,market_tier,issuer_type,country,sic,sic_description,nasdaq_listing_date,initial_matrix_due_date,narrow_matured_cohort,due_after_vacatur,initial_matrix_status,initial_matrix_publication_date,initial_matrix_source,source_url,source_type,form_type,matched_query,initial_matrix_confidence,observed_text_excerpt
1689731,,"Southern States Bancshares, Inc.",Nasdaq,,domestic,AL,6022,State Commercial Banks,2021-08-12,2022-08-12,1,0,published_on_time,2022-03-30,0001628280-22-007803,https://www.sec.gov/Archives/edgar/data/1689731/000162828022007803/a2022proxy-def14a.htm,edgar_filing,DEF 14A,Board Diversity Matrix;Total Number of Directors;Did Not Disclose Gender;Did Not Disclose Demographic Background,0.95,"d of director’s priority in selecting board members is the identification of persons who will further the interests of our stockholders through his or her record of professional and personal experiences and expertise relevant to our growth strategy. Board Diversity Matrix The table below contains information based on the voluntary self-identification of each member of the Company’s board as of March 30, 2022. Board Diversity Matrix (as of March 23, 2022) Total Number of Directors 11 Female Male Non-Binary Did Not Disclose Gender Part I: Gender Identity Directors 1 10 0 0 Part II: Demographic Background African American or Black 0 1 0 0 Alaskan Native or Native American 0 0 0 0 Asian 0 0 0 0 Hispanic or Latinx 0 0 0 0 Native Hawaiian or Pacific Islander 0 0 0 0 White 1 9 0 0 Two or More Races or Ethnicities 0 0 0 0 LGBTQ+ 0 Did Not Disclose Demographic Background 0 Director Independence U"
1853816,DRMA,"Dermata Therapeutics, Inc.",Nasdaq,Capital Market,domestic,CA,2834,Pharmaceutical Preparations,2021-08-13,2022-08-13,1,0,published_on_time,2022-06-01,0001654954-22-007809,https://www.sec.gov/Archives/edgar/data/1853816/000165495422007809/drma_def14a.htm,edgar_filing,DEF 14A,Board Diversity Matrix;Total Number of Directors;Did Not Disclose Gender;Did Not Disclose Demographic Background,0.95,"ders through his or her established record of professional accomplishment, the ability to contribute positively to the collaborative culture among board members, knowledge of our business and understanding of the competitive landscape. The following Board Diversity Matrix presents our board diversity statistics in accordance with Nasdaq Rule 5606. The information is based on our directors’ self-reporting. As we pursue future board recruitment efforts, our Nominating and Corporate Governance Committee will continue to seek candidates who can contribute to the diversity of views and perspectives of the board. Board Diversity Matrix (As of May 1, 2022) Total Number of Directors: 8 Female Male Non-Binary Did Not Disclose Gender Part I: Gender Identity Directors 3 5 Part II: Demographic Background African American or Black Alaskan Native or Native American Asian Hispanic or Latin Native Hawai"
1534154,AUID,authID Inc.,Nasdaq,Capital Market,domestic,CO,7372,Services-Prepackaged Software,2021-08-25,2022-08-25,1,0,published_on_time,2022-08-05,0001213900-22-044960,https://www.sec.gov/Archives/edgar/data/1534154/000121390022044960/ea163261-def14a_authidinc.htm,edgar_filing,DEF 14A,Board Diversity Matrix;Total Number of Directors,0.85,"t two diverse directors, including one who self-identifies as female and one who self-identifies as either an underrepresented minority or LGBTQ+. The chart below provides certain information regarding the diversity of the Board as of June 27, 2022. Board Diversity Matrix as of June 27, 2022 Total Number of Directors 8 Female Male Non-Binary Part I: Gender Identity Directors 2 6 - Part II: Demographic Background African American or Black - - - Alaskan Native or Native American - - - Asian 1 - - Hispanic or Latinx - 1 - Native Hawaiian or Pacific Islander - - - White 1 6 - Two or More Races or Ethnicities - - - LGBTQ+ 0 0 0 Board Leadership Structure and Role in Risk Oversight The Board recognizes that the leadership structure and combination or separation of the CEO and Chairman roles is driven by the needs of the Company at any point in time. As a result, no policy exists requiring comb"
1574094,RNXT,"RenovoRx, Inc.",Nasdaq,Capital Market,domestic,CA,2834,Pharmaceutical Preparations,2021-08-26,2022-08-26,1,0,published_on_time,2022-04-29,0001493152-22-011553,https://www.sec.gov/Archives/edgar/data/1574094/000149315222011553/formdef14-a.htm,edgar_filing,DEF 14A,Board Diversity Matrix;Total Number of Directors;Did Not Disclose Gender;Did Not Disclose Demographic Background,0.95,"on, skill, and other individual qualities and attributes that contribute to the total mix of viewpoints and experience represented on our Board of Directors. Board Diversity Our directors represent a wide variety of skills and backgrounds. The below Board Diversity Matrix reports self-identified diversity statistics for the Board in the format required by the Nasdaq Marketplace Rules. As demonstrated by the Board Diversity Matrix, the Company is compliant with the diversity requirements of Nasdaq Rule 5605(f) and the California Corporations Code. Board Diversity Matrix (as of April 29, 2022) Total Number of Directors 6 Female Male Non-Binary Did Not Disclose Gender Part I: Gender Identity Directors 2 4 0 0 Part II: Demographic Background African American or Black 0 0 0 0 Alaskan Native or Native American 0 0 0 0 Asian 0 1 0 0 Hispanic or Latinx 0 0 0 0 Native Hawaiian or Pacific Islander"
1590418,FCUV,FOCUS UNIVERSAL INC.,Nasdaq,Capital Market,domestic,CA,3823,"Industrial Instruments For Measurement, Display, and Control",2021-09-01,2022-09-01,1,0,published_on_time,2022-04-06,0001683168-22-002377,https://www.sec.gov/Archives/edgar/data/1590418/000168316822002377/focus_def14a.htm,edgar_filing,DEF 14A,Board of Directors Diversity Matrix;Directors Diversity Matrix;Did Not Disclose Demographic Background,0.85,"son of Audit Committee. (5) Chairperson of Compensation Committee. (6) Chairperson of Nominating and Corporate Governance Committee. 2 The following provides certain information with respect to the diversity of our nominees and continuing directors. Board of Directors Diversity Matrix Total Director Nominees and Continuing Directors 7 Female Male Gender Identity Directors 3 4 Demographic Background African American or Black – – Alaskan Native or Native American – – Asian 1 2 Hispanic, Latinx or Spanish Origin – – Native Hawaiian or Pacific Islander – – White 2 2 Other – – Two or More Races of Ethnicities – – LGBTQ+ – Did not Disclose Demographic Background – The Board of Directors recommends a vote FOR the election of Dr. Desheng Wang, Dr. Edward Lee, Dr. Jennifer Gu, Michael Pope, Sheri Lofgren, Carine Clark and Greg Butterfield to the Board of Directors. Biographical Information Regard"
1588978,PRCT,PROCEPT BioRobotics Corp,Nasdaq,Global Market,domestic,CA,3841,Surgical & Medical Instruments & Apparatus,2021-09-15,2022-09-15,1,0,published_on_time,2022-04-28,0001628280-22-011112,https://www.sec.gov/Archives/edgar/data/1588978/000162828022011112/procept2022proxy.htm,edgar_filing,DEF 14A,Board Diversity Matrix;Total Number of Directors;Did Not Disclose Gender;Did Not Disclose Demographic Background,0.95,"e committed to sharing information related to our corporate responsibility and ESG related programs, priorities, goals, and performance and we intend to compile and publish a report on these topics within the next year. Director Skills and Diversity Board Diversity Matrix (As of April 28, 2022) Total Number of Directors 9 Female Male Non-Binary Did Not Disclose Gender Part I: Gender Identity Directors 3 6 — — Part II: Demographic Background African American or Black — — — — Alaskan Native or Native American — — — — Asian — 1 — — Hispanic or Latinx 1 — — — Native Hawaiian or Pacific Islander — — — — White 2 5 — — Two or More Races or Ethnicities — — — — LGBTQ+ — — — — Did Not Disclose Demographic Background — — — — INFORMATION REGARDING COMMITTEES OF THE BOARD OF DIRECTORS The Board has a number of committees that perform certain functions for the Board. The current standing committees of"
1645569,,"DICE Therapeutics, Inc.",Nasdaq,Global Market,domestic,CA,2834,Pharmaceutical Preparations,2021-09-15,2022-09-15,1,0,published_on_time,2022-04-26,0001564590-22-015687,https://www.sec.gov/Archives/edgar/data/1645569/000156459022015687/dice-def14a_20220607.htm,edgar_filing,DEF 14A,Board Diversity Matrix;Total Number of Directors;Did Not Disclose Gender;Did Not Disclose Demographic Background,0.95,"d its committees. While we have not adopted a specific policy regarding Board diversity, we value diversity on a company-wide basis. The following table sets forth the diversity statistics as self-identified by the members of our Board of Directors. Board Diversity Matrix (As of March 31, 2022) Total Number of Directors 8 Female Male Non-Binary Did Not Disclose Gender Part I: Gender Identity Directors 1 5 — 2 Part II: Demographic Background Asian — 1 — — White 1 4 — — Did Not Disclose Demographic Background — — — 2 5 Committees of Our Board of Directors Our Board of Directors has established an Audit Committee, a Compensation Committee, a Nominating and Corporate Governance Committee, and a Research and Development Committee, each of which has the composition and responsibilities described below. Members serve on these committees until their resignation or until otherwise determined by o"
1817004,NXXT,"NEXTNRG, INC.",Nasdaq,Capital Market,domestic,FL,5500,Retail-Auto Dealers & Gasoline Stations,2021-09-15,2022-09-15,1,0,published_on_time,2022-04-25,0001493152-22-010860,https://www.sec.gov/Archives/edgar/data/1817004/000149315222010860/def14a.htm,edgar_filing,DEF 14A,Board Diversity Matrix;Total Number of Directors;Did Not Disclose Gender;Did Not Disclose Demographic Background,0.95,"other corporate board memberships. ● Compatibility. The Board candidate should be able to develop a good working relationship with other Board members and contribute to the Board’s working relationship with the senior management of the Company. The Board Diversity Matrix, below, provides certain highlights of the composition of our board members and nominees. Each of the categories listed in the below table has the meaning as it is used in Nasdaq Rule 5605(f). Board Diversity Matrix (as of April 15, 2022) Total Number of Directors 7 Female Male Non-Binary Did Not Disclose Gender Part I: Gender Identity Directors 1 6 African American or Black - - - - Alaskan Native or Native American - - - - Asian - - - - Hispanic or Latinx - 1 - - Native Hawaiian or Pacific Islander - - - - White 1 5 - - Two or More Races or Ethnicities - - - - LGBTQ+ - Did Not Disclose Demographic Background - Informati"
1841330,KTTA,Pasithea Therapeutics Corp.,Nasdaq,Capital Market,domestic,FL,2834,Pharmaceutical Preparations,2021-09-15,2022-09-15,1,0,published_on_time,2022-05-13,0001213900-22-026293,https://www.sec.gov/Archives/edgar/data/1841330/000121390022026293/ea159602-def14a_pasitheathe.htm,edgar_filing,DEF 14A,Board Diversity Matrix;Total Number of Directors;Did Not Disclose Gender;Did Not Disclose Demographic Background,0.95,"new listing rules relating to board diversity and disclosure. As approved by the SEC, the new Nasdaq listing rules require all Nasdaq listed companies to disclose consistent, transparent diversity statistics regarding their boards of directors. The Board Diversity Matrix below presents the Board’s diversity statistics in the format prescribed by the Nasdaq rules. Board Diversity Matrix (As of May 13, 2022) Total Number of Directors 5 Female Male Non-Binary Did Not Disclose Gender Part I: Gender Identity Directors 0 5 0 0 Part II: Demographic Background African American or Black 0 0 0 0 Alaskan Native or Native American 0 0 0 0 Asian 0 0 0 0 Hispanic or Latinx 0 0 0 0 Native Hawaiian or Pacific Islander 0 0 0 0 White 0 4 0 0 Two or More Races or Ethnicities 0 1 0 0 LGBTQ+ 0 0 0 0 Did Not Disclose Demographic Background 0 0 0 0 Section 16(a) Reporting Section 16(a) of the Exchange Act requ"
1861795,DH,Definitive Healthcare Corp.,Nasdaq,Global Select,domestic,MA,7372,Services-Prepackaged Software,2021-09-15,2022-09-15,1,0,published_on_time,2022-04-12,0001193125-22-102925,https://www.sec.gov/Archives/edgar/data/1861795/000119312522102925/d290538ddef14a.htm,edgar_filing,DEF 14A,Board Diversity Matrix;Total Number of Directors,0.85,"trading policy also prohibits directors, officers and employees from pledging the Company’s stock as collateral for loans. Board Diversity The following table sets forth certain diversity statistics concerning the members of the Board of Directors: Board Diversity Matrix (as of April 12, 2022) Total Number of Directors 10 Female Male Part I: Gender Identity Directors 3 7 Part II: Demographic Background White 3 7 Executive Officers of the Company Set forth below is certain information regarding each of our current executive officers, other than Messrs. Krantz and Musslewhite, each of whom also serve as directors of the Company. For biographical information for Messrs. Krantz and Musslewhite, see “Proposal No. 1 – Election of Class I Directors — Nominees for Election to the Board of Directors in 2022” and “Proposal No. 1 – Election of Class I Directors — Continuing Members of the Board of "
1863127,TYRA,"Tyra Biosciences, Inc.",Nasdaq,Global Select,domestic,CA,2834,Pharmaceutical Preparations,2021-09-15,2022-09-15,1,0,published_on_time,2022-04-28,0001193125-22-127537,https://www.sec.gov/Archives/edgar/data/1863127/000119312522127537/d293476ddef14a.htm,edgar_filing,DEF 14A,Board Diversity Matrix;Total Number of Directors;Did Not Disclose Gender,0.95,"nition of “independent director” under Nasdaq qualification standards. The Nominating and Corporate Governance Committee also believes it is appropriate for our Chairman and Chief Executive Officer to serve as a member of our Board. 16 The following Board Diversity Matrix presents our Board diversity statistics in accordance with Nasdaq Rule 5606, as self-disclosed by our directors. Board Diversity Matrix (As of April 10, 2022) Total Number of Directors 9 Female Male Non-Binary Did Not Disclose Gender Part I: Gender Identity Directors 3 6 0 0 Part II: Demographic Background Asian 0 3 0 0 White 3 3 0 0 Identification and Evaluation of Nominees for Directors The Nominating and Corporate Governance Committee identifies nominees for director by first evaluating the current members of our Board willing to continue in service. Current members with qualifications and skills that are consistent "
1866550,,"Thoughtworks Holding, Inc.",Nasdaq,,domestic,IL,7371,Services-Computer Programming Services,2021-09-15,2022-09-15,1,0,published_on_time,2022-04-29,0001140361-22-016768,https://www.sec.gov/Archives/edgar/data/1866550/000114036122016768/ny20003191x1_def14a.htm,edgar_filing,DEF 14A,Board Diversity Matrix;Total Number of Directors;Did Not Disclose Demographic Background,0.95,"key goals. We believe that diversity of backgrounds, life experiences and opinions not only makes us more innovative but are essential to our long-term success. As such, we believe that our Board of Directors is representative of that diversity. The Board Diversity Matrix below is as of April 18, 2022. ​ ​ ​Female ​ ​ Male Part I: Gender Identity Directors ​ ​ 3 ​ ​ 6 Part II: Demographic Background African American or Black ​ ​ 1 ​ ​ 0 Asian ​ ​ 0 ​ ​ 3 White ​ ​ 2 ​ ​ 3 Did Not Disclose Demographic Background ​ ​ 1 18 TABLE OF CONTENTS 2022 Proxy Report ​ ​ Proposal 1: Election of Directors Identifying and Evaluating Director Nominees Our Nominating and Governance Committee is responsible for identifying individuals qualified to become members of our Board of Directors and ensuring that its membership consists of persons with sufficiently diverse and independent backgrounds. The identi"
1544522,FRSH,Freshworks Inc.,Nasdaq,Global Select,domestic,CA,7372,Services-Prepackaged Software,2021-09-22,2022-09-22,1,0,published_on_time,2022-04-11,0001544522-22-000005,https://www.sec.gov/Archives/edgar/data/1544522/000154452222000005/freshworks-proxystatement2.htm,edgar_filing,DEF 14A,Board Diversity Matrix;Total Number of Directors;Did Not Disclose Gender;Did Not Disclose Demographic Background,0.95,"ersity and an M.B.A. from Harvard Business School. 8 We believe Ms. Taylor is qualified to serve as a member of our board of directors because of her product development expertise and strong experience in the technology industry. Board Diversity The Board Diversity Matrix, below, provides the diversity statistics for our board of directors. Board Diversity Matrix (As of April 11, 2022) Total Number of Directors 8 Female Male Non- Binary Did Not Disclose Gender Part I: Gender Identity Directors 3 5 — — Part II: Demographic Background African American or Black — — — — Alaskan Native or Native American — — — — Asian — 2 — — Hispanic or Latinx — — — — Native Hawaiian or Pacific Islander — — — — White 3 3 — — Two or More Races or Ethnicities — — — — LGBTQ+ 1 Did Not Disclose Demographic Background — Independence of our Board of Directors Our Class A common stock is listed on the Nasdaq Global"
1645070,,Sterling Check Corp.,Nasdaq,,domestic,OH,7374,Services-Computer Processing & Data Preparation,2021-09-23,2022-09-23,1,0,published_on_time,2022-04-29,0001140361-22-016924,https://www.sec.gov/Archives/edgar/data/1645070/000114036122016924/ny20001781x1_def14a.htm,edgar_filing,DEF 14A,Board Diversity Matrix;Total Number of Directors,0.85,"y is considered from a number of aspects, including gender, age, race, ethnicity, nationality, cultural and educational background, professional experience, skills, knowledge and length of service. Sterling Proxy Statement ​ ​ 13 TABLE OF CONTENTS ​ Board Diversity Matrix (as of April 29, 2022)* ​ ​ Total Number of Directors ​ ​ 10 ​ ​ ​ ​ Female ​ ​ Male ​ ​ Part I: Gender Identity ​ ​ ​ ​ ​ ​ Directors ​ ​ 1 ​ ​ 9 ​ ​ Part II: Demographic Background ​ ​ ​ ​ ​ ​ Asian ​ ​ — ​ ​ 2 ​ ​ White ​ ​ 1 ​ ​ 6 ​ Directors who identify as “other” demographic background per Nasdaq’s board diversity disclosure requirements: 1 *Inapplicable categories omitted as permitted by Nasdaq’s board diversity disclosure requirements. Board Leadership Our Board directs and oversees the management of the business and affairs of the Company in a manner consistent with the best interests of the Company. The Board"
1782170,RELY,"Remitly Global, Inc.",Nasdaq,Global Select,domestic,WA,7389,"Services-Business Services, NEC",2021-09-23,2022-09-23,1,0,published_on_time,2022-04-19,0001782170-22-000068,https://www.sec.gov/Archives/edgar/data/1782170/000178217022000068/relyproxystatement2022.htm,edgar_filing,DEF 14A,Board Diversity Matrix;Total Number of Directors,0.85,"tive class is set forth above in Proposal No. 1. The table below provides certain information regarding the composition of our board of directors. Each of the categories listed in the below table has the meaning as it is used in Nasdaq Rule 5605(f). Board Diversity Matrix (as of March 1, 2022) Board Size: Total Number of Directors Female Male Non-Binary Gender Undisclosed Gender: Number of Directors Based on Gender Identity 2 8 Number of Directors Who Identify in Any of the Categories Below: African American or Black Alaskan Native or Native American Asian 1 2 Hispanic or Latino/Latina Native Hawaiian or Pacific Islander White 1 6 Two or More Races or Ethnicities LGBTQ+ Demographic Background Undisclosed 12 REMITLY GLOBAL, INC. Director Independence Our common stock is listed on Nasdaq. Under the rules of Nasdaq, independent directors must comprise a majority of a listed company’s board "
1844280,,"Thorne Healthtech, Inc.",Nasdaq,,domestic,SC,2834,Pharmaceutical Preparations,2021-09-23,2022-09-23,1,0,published_on_time,2022-04-22,0001193125-22-115188,https://www.sec.gov/Archives/edgar/data/1844280/000119312522115188/d479811ddef14a.htm,edgar_filing,DEF 14A,Board Diversity Matrix;Total Number of Directors;Did Not Disclose Gender;Did Not Disclose Demographic Background,0.95,"lose why the board does not include) a certain number of “diverse” directors. The compliance period for this disclosure requirement began in 2022. Accordingly, a matrix disclosing the diversity breakdown of our board of directors is set forth below: Board Diversity Matrix (As of March 31, 2022) Total Number of Directors 7 Female Male Non- Binary Did Not Disclose Gender Part1: Gender Identity Directors 2 5 0 0 Part 2: Demographic Background African American or Black 0 0 0 0 Alaskan Native or Native American 0 0 0 0 Asian 1 2 0 0 Hispanic or Latinx 0 0 0 0 Native Hawaiian or Pacific Islander 0 0 0 0 White 1 3 0 0 Two or More Races or Ethnicities 0 0 0 0 LGBTQ+ 0 Did Not Disclose Demographic Background 0 Corporate Governance Guidelines and Code of Business Conduct and Ethics Our board of directors has adopted Corporate Governance Guidelines that address items such as the qualifications and "
1856608,,"Sovos Brands, Inc.",Nasdaq,,domestic,CO,2000,Food and Kindred Products,2021-09-23,2022-09-23,1,0,published_on_time,2022-04-25,0001558370-22-005891,https://www.sec.gov/Archives/edgar/data/1856608/000155837022005891/tmb-20220609xdef14a.htm,edgar_filing,DEF 14A,Board Diversity Matrix;Total Number of Directors,0.85,"Governance key attributes of our board ​ ​ ​ INDEPENDENCE ​ AGE ​ ​ ​ ​ ​ ​ ​ ​ GENDER ​ DIVERSITY ​ ​ ​ ​ BOARD DIVERSITY The following table sets forth certain diversity statistics concerning the members of the Board of Directors: ​ HIDDEN_ROW ​ ​ Board Diversity Matrix (as of April 25, 2022) Total Number of Directors: 8 ​ ​ ​ Female Male Part I: Gender Identity ​ ​ Directors 3 5 Part II: Demographic Background ​ ​ Asian 2 - White 1 5 ​ ​ ​ ir.sovosbrands.com 2022 Proxy Statement / 13 ​ Table of Contents Corporate Governance Class I Director Nominees (terms to expire at 2022 annual meeting) See biographical information below under “Proposal 1 – Election of Class I Directors.” Class II Directors (terms to expire at the 2023 annual meeting) ​ ​ Robert L. Graves, 55 Director Mr. Graves has served as our Vice President, Strategic Initiatives and as a director since November 2018. Mr. Grave"
1866757,BRLT,"Brilliant Earth Group, Inc.",Nasdaq,Global Market,domestic,CA,3910,"Jewelry, Silverware & Plated Ware",2021-09-23,2022-09-23,1,0,published_on_time,2022-04-26,0001866757-22-000077,https://www.sec.gov/Archives/edgar/data/1866757/000186675722000077/brltdef14a.htm,edgar_filing,DEF 14A,Board Diversity Matrix;Total Number of Directors;Did Not Disclose Gender;Did Not Disclose Demographic Background,0.95,"sors or retain search firms to assist in the search for qualified candidates, or consider director candidates recommended by our stockholders. The Nominating and Corporate Governance Committee met once during the fiscal year ended December 31, 2021. BOARD DIVERSITY MATRIX (As of April 26, 2022) Board Size: Total Number of Directors: 7 Part I: Gender Identity Male Female Non-Binary Did not Disclose Gender Directors 2 4 _ 1 Part II: Demographic Background African American or Black 1 White 5 Did Not Disclose Demographic Background 1 EXECUTIVE COMPENSATION This section discusses the material components of the executive compensation program for our executive officers who are named in the “Summary Compensation Table” below. In 2021, our chief executive officer and our two other highest-paid executive officers, or our named executive officers or ""NEOS"", were as follows: • Beth Gerstein, Co-Chie"
1628945,,Cue Health Inc.,Nasdaq,,domestic,CA,3826,Laboratory Analytical Instruments,2021-09-24,2022-09-24,1,0,published_on_time,2022-08-09,0001628945-22-000096,https://www.sec.gov/Archives/edgar/data/1628945/000162894522000096/cuehealth-proxystatement.htm,edgar_filing,DEF 14A,Board Diversity Matrix;Total Number of Directors;Did Not Disclose Demographic Background,0.95,"garding nominations of directors, the nominating and corporate governance committee may take into account the benefits of diverse viewpoints. The following chart provides summary information about the diversity of our directors as of August 5, 2022: Board Diversity Matrix (as of August 5, 2022) Total Number of Directors: 6 Female Male Gender Undisclosed Part I: Gender Identity Directors 3 3 — Part II: Demographic Background African American — 1 — Hispanic or Latinx 1 — — White 2 — — Two or More Races or Ethnicities — 2 — LGBTQ+ 1 — — Did not Disclose Demographic Background — Stockholder Recommendations for Nominations to the Board of Directors Our nominating and corporate governance committee will consider candidates for director recommended by stockholders of the Company who are stockholders of record at the time of the submission of the director recommendation and on the record date fo"
1866692,AMPL,"Amplitude, Inc.",Nasdaq,Capital Market,domestic,CA,7372,Services-Prepackaged Software,2021-09-28,2022-09-28,1,0,published_on_time,2022-04-25,0001193125-22-117799,https://www.sec.gov/Archives/edgar/data/1866692/000119312522117799/d334704ddef14a.htm,edgar_filing,DEF 14A,Board Diversity Matrix;Total Number of Directors;Did Not Disclose Demographic Background,0.95,"g substantially the same criteria, as it follows for candidates submitted by others. 2022 Proxy Statement 19 Table of Contents Board Diversity The following table summarizes our current directors’ voluntary self-identified diversity characteristics. Board Diversity Matrix as of April 25, 2022 Total Number of Directors 10 Female Male Non-Binary Did Not Disclose Part I: Gender Identity Directors 3 7 — — Part II: Demographic Background African American or Black — — — — Alaskan Native or Native American — — — — Asian 1 3 — — Hispanic or Latinx — — — — Native Hawaiian or Pacific Islander — — — — White 2 3 — — Two or More Races or Ethnicities — 1 — — LGBTQ+ — Did Not Disclose Demographic Background — Communications from Stockholders The Board will give appropriate attention to written communications that are submitted by stockholders, and will respond if and as appropriate. Our Secretary is pr"
1868726,OLPX,"OLAPLEX HOLDINGS, INC.",Nasdaq,Global Select,domestic,NY,2844,"Perfumes, Cosmetics & Other Toilet Preparations",2021-09-30,2022-09-30,1,0,published_on_time,2022-04-19,0001868726-22-000019,https://www.sec.gov/Archives/edgar/data/1868726/000186872622000019/olaplexincproxy.htm,edgar_filing,DEF 14A,Board Diversity Matrix;Total Number of Directors;Did Not Disclose Gender,0.95,"e, gender and ethnicity/race, but we do not have a formal policy with respect to diversity. We also seek to have a Board that embodies a combination of skills, professional experience and diversity of viewpoints necessary to oversee our business. 20 Board Diversity Matrix (as of April 19, 2022) Total Number of Directors 11 Female Male Non-Binary Did Not Disclose Gender Part I: Gender Identity Directors 9 2 - - Part II: Demographic Background African American or Black 1 - - - Alaskan Native or Native American - - - - Asian 1 - - - Hispanic or Latinx - - - - Native Hawaiian or Pacific Islander - - - - White 7 2 - - Two or More Races or Ethnicities - - - - LGBTQ+ - Demographic Background Undisclosed - Board and Committee Annual Performance Reviews Our Corporate Governance Guidelines provide that the Nominating and Corporate Governance Committee is responsible for reporting annually to the B"
1676047,NTRB,NutriBand Inc.,Nasdaq,Capital Market,domestic,FL,3842,"Orthopedic, Prosthetic & Surgical Appliances & Supplies",2021-10-01,2022-10-01,1,0,published_on_time,2022-10-31,0001213900-22-067690,https://www.sec.gov/Archives/edgar/data/1676047/000121390022067690/def14a1022_nutribandinc.htm,edgar_filing,DEF 14A,Board Diversity Matrix;Total Number of Directors;Did Not Disclose Gender;Did Not Disclose Demographic Background,0.95,and conflicts of interest may arise that can be resolved only through the exercise by management their best judgment as may be consistent with their fiduciary duties. Management will try to resolve conflicts to the best advantage of all concerned. 8 Board Diversity Matrix Our Nasdaq Board Diversity Matrix as filed with NASDAQ has been posted on the Internet and may be viewed at https: // nutriband.com / diversity / . Board Diversity Matrix FOR: Nutriband Inc. As of 10 / 04 / 2022 Total Number of Directors 6 Female Male Non-Binary Did Not Disclose Gender Part I: Gender Identity Directors 1 4 1 Part II: Demographic Background African American or Black Alaskan Native or Native American Asian Asian American Hispanic or Latinx Native Hawaiian or Pacific Islander White 6 Two or More Races or Ethnicities LGBTQ+ 1 Did Not Disclose Demographic Background Compliance with Section 16(a) of the Secur
1789940,FWRG,"First Watch Restaurant Group, Inc.",Nasdaq,Global Select,domestic,FL,5812,Retail-Eating  Places,2021-10-01,2022-10-01,1,0,published_on_time,2022-04-11,0001789940-22-000044,https://www.sec.gov/Archives/edgar/data/1789940/000178994022000044/fwrg-proxystatement2022.htm,edgar_filing,DEF 14A,Board Diversity Matrix;Total Number of Directors,0.85,"10b5-1 plan or outside of the three business day period following pre-clearance approval under the Company’s insider trading policy. 12 Board Diversity The following table sets forth certain diversity statistics concerning the members of the Board: Board Diversity Matrix (as of April 11, 2022) Total Number of Directors: 8 Female Male Part I: Gender Identity Directors 3 5 Part II: Demographic Background African American or Black 1 - Hispanic or Latinx - 1 White 2 4 Communications with the Company and the Board Stockholders may communicate with the Company through its Investor Relations Department by writing to: Investor Relations, First Watch Restaurant Group, Inc., 8725 Pendery Place, Ste. 201, Bradenton, FL 34201. Stockholders interested in communicating with our Board, any Board committee, any individual director, or any group of directors (such as our independent directors) should sen"
1865408,,Exscientia plc,Nasdaq,Global Select,foreign_private_issuer,X0,2836,"Biological Products, (No Diagnostic Substances)",2021-10-01,2022-10-01,1,0,published_on_time,2022-03-23,0001865408-22-000005,https://www.sec.gov/Archives/edgar/data/1865408/000186540822000005/exai-20211231.htm,edgar_filing,20-F,Board Diversity Matrix;Total Number of Directors;Did Not Disclose Gender;Did Not Disclose Demographic Background,0.95,"ersity, a master’s degree in Commerce from Waseda University and a M.B.A. from Harvard Business School. We believe Ms. Xu’s experience as an investor in the biopharma and life sciences industries qualifies her to serve on our board of directors. 176 Board Diversity Matrix (as of December 31, 2021) Country of Principal Executive Offices: United Kingdom Foreign Private Issuer: Yes Disclosure Prohibited under Home Country Law: No Total Number of Directors: 7 Part I: Gender Identity Female Male Non-Binary Did Not Disclose Gender Directors 2 5 0 0 Part II: Demographic Background Underrepresented Individual in Home Country Jurisdiction 0 LGBTQ+ 0 Did Not Disclose Demographic Background 7 Family Arrangements and Selection Arrangements There are no family relationships among any of our executive officers or directors. B. Compensation Compensation of Executive Officers and Directors For the year "
1784567,,"Harbor Custom Development, Inc.",Nasdaq,Capital Market,domestic,WA,1531,Operative Builders,2021-10-05,2022-10-05,1,0,published_on_time,2022-04-21,0001493152-22-010645,https://www.sec.gov/Archives/edgar/data/1784567/000149315222010645/formdef14a.htm,edgar_filing,DEF 14A,Board Diversity Matrix;Total Number of Directors,0.85,"out in this rule within the applicable transition period. We identified candidates for our board of directors who meet the board diversity requirement and have appointed one female independent director to our Board of Directors. The following is our Board Diversity Matrix as of April 20, 2022: Board Diversity Matrix Total Number of Directors 7 Part I: Gender Identity Female Male Directors 1 6 Number of Directors who Identify in Any of the Categories Below: Asian (other than South Asian) 0 1 White 1 5 LGBTQ+ 1 Meetings of the Board of Directors During our last fiscal year, our Company was a public company, and our Board held five meetings. It is the policy of our Board that all directors should attend the annual meeting of shareholders unless unavoidably prevented from doing so by unforeseen circumstances. 5 Board Leadership Structure Sterling Griffin is our Chief Executive Officer, Presi"
1745020,,"Theseus Pharmaceuticals, Inc.",Nasdaq,,domestic,MA,2834,Pharmaceutical Preparations,2021-10-07,2022-10-07,1,0,published_on_time,2022-04-25,0001558370-22-005880,https://www.sec.gov/Archives/edgar/data/1745020/000155837022005880/tmb-20220610xdef14a.htm,edgar_filing,DEF 14A,Board Diversity Matrix;Total Number of Directors;Did Not Disclose Gender;Did Not Disclose Demographic Background,0.95,"our 2021 Equity Incentive Plan within certain grant guidelines specified in the equity awards committee charter and equity awards grant policy or as adopted from time to time by our Board of Directors or compensation committee. 14 Table of Contents Board Diversity Matrix The following table provides information in a standardized matrix pursuant to NASDAQ Rule 5606 setting forth: (i) the total number of Company board members and (ii) how those board members self-identify regarding gender, predefined race and ethnicity categories and LGBTQ+ status. ​ Board Diversity Matrix (As of December 31, 2021) ​ ​ ​ ​ ​ Total Number of Directors ​ 5 ​ ​ ​ ​ ​ ​ Female Male Non- Binary Did Not Disclose Gender Part I: Gender Identity ​ ​ ​ ​ ​ ​ ​ ​ ​ Directors ​ 1 ​ — ​ — ​ — ​ Part II: Demographic Background ​ ​ ​ ​ ​ ​ ​ ​ ​ African American or Black ​ — ​ — ​ — ​ — ​ Alaskan Native or Native America"
1455365,CGTX,COGNITION THERAPEUTICS INC,Nasdaq,Capital Market,domestic,NY,2836,"Biological Products, (No Diagnostic Substances)",2021-10-08,2022-10-08,1,0,published_on_time,2022-04-25,0001104659-22-049727,https://www.sec.gov/Archives/edgar/data/1455365/000110465922049727/tm2213252-1_def14a.htm,edgar_filing,DEF 14A,Board Diversity Matrix;Total Number of Directors;Did Not Disclose Demographic Background,0.95,"ment. Each term used above and in the matrix below has the meaning given to it in Nasdaq Listing Rule 5605(f). The matrix below provides certain highlights of the composition of our Board members based on self-identification: 4 TABLE OF CONTENTS ​ ​ Board Diversity Matrix (As of April 25, 2022) ​ ​ Total Number of Directors : 6 ​ ​ Part I: Gender Identity ​ ​ Female ​ ​ Male ​ ​ Non-Binary ​ ​ Did Not Disclose ​ ​ Directors ​ ​ 3 ​ ​ 3 ​ ​ — ​ ​ — ​ ​ Part II: Demographic Background ​ ​ African American or Black ​ ​ — ​ ​ — ​ ​ — ​ ​ — ​ ​ Alaskan Native or Native American ​ ​ — ​ ​ — ​ ​ — ​ ​ — ​ ​ Asian ​ ​ — ​ ​ — ​ ​ — ​ ​ — ​ ​ Hispanic or Latinx ​ ​ — ​ ​ — ​ ​ — ​ ​ — ​ ​ Native Hawaiian or Pacific Islander ​ ​ — ​ ​ — ​ ​ — ​ ​ — ​ ​ White ​ ​ 3 ​ ​ 3 ​ ​ — ​ ​ — ​ ​ Two or More Races or Ethnicities ​ ​ — ​ ​ — ​ ​ — ​ ​ — ​ ​ LGBTQ+ ​ ​ — ​ ​ — ​ ​ — ​ ​ — ​ ​ Did Not Disclose "
1615055,,IsoPlexis Corp,Nasdaq,,domestic,CT,3826,Laboratory Analytical Instruments,2021-10-08,2022-10-08,1,0,published_on_time,2022-08-13,https://web.archive.org/web/20220813055156id_/https://investors.isoplexis.com/investor-resources/investor-faqs,https://web.archive.org/web/20220813055156id_/https://investors.isoplexis.com/investor-resources/investor-faqs,website_archive,,Board Diversity Matrix,0.85,"Investor FAQs | IsoPlexis Skip to main navigation Investor Relations Overview Financials SEC Filings Governance Governance Highlights Management Team Board of Directors Committee Composition Board Diversity Matrix News & Events Press Releases Investor Calendar Presentations Stock Stock Quote & Chart Historic Price Lookup Investment Calculator Analyst Coverage Resources Investor FAQs Email Alerts Contact IR INVESTOR RELATIONS Investor FAQs Show All Where is IsoPlexis’ corporate headquarters? Our corporate headquarters are located at 35 NE Industrial Rd, Branford, CT 06405. Where and when was IsoPlexis incorporated? We were incorporated in Delaware in 2013 as IsoPlexis Corporation. On what stock exchange are IsoPlexis shares traded, and what is the ticker symbol? Our ticker is ISO. Shares of our common stock are traded on the Nasdaq Global Select Market exchange. Where can I find all of Is"
1782223,PYXS,"Pyxis Oncology, Inc.",Nasdaq,Global Select,domestic,MA,2834,Pharmaceutical Preparations,2021-10-08,2022-10-08,1,0,published_on_time,2022-04-28,0001193125-22-127710,https://www.sec.gov/Archives/edgar/data/1782223/000119312522127710/d107411ddef14a.htm,edgar_filing,DEF 14A,Board Diversity Matrix;Total Number of Directors;Did Not Disclose Gender;Did Not Disclose Demographic Background,0.95,Executive Officers 8 Recommendation of Our Board of Directors 9 CORPORATE GOVERNANCE 10 Director Independence 10 Leadership Structure of the Board of Directors 10 Board of Directors’ Role in Risk Oversight 10 Evaluation of the Board of Directors 11 Board Diversity Matrix 11 Meetings of the Board of Directors 12 Committees of the Board of Directors 12 Board Membership Criteria and Nomination Process 14 Changes in Board of Directors Member Criteria 15 Term Limits and Retirement Age 15 Succession Planning 15 Compensation Committee Interlocks and Insider Participation 15 Corporate Governance Guidelines 15 Code of Business Conduct and Ethics 15 Prohibition on Hedging and Pledging of Company Securities 16 Stockholder Communications 16 CERTAIN RELATIONSHIPS AND RELATED PERSON TRANSACTIONS 17 DIRECTOR COMPENSATION 19 EXECUTIVE COMPENSATION 21 PROPOSAL TWO: RATIFICATION OF THE APPOINTMENT OF ERNS
1844971,GREE,Greenidge Generation Holdings Inc.,Nasdaq,Global Select,domestic,NY,6199,Finance Services,2021-10-12,2022-10-12,1,0,published_on_time,2022-07-28,0001140361-22-027197,https://www.sec.gov/Archives/edgar/data/1844971/000114036122027197/ny20004435x2_def14a.htm,edgar_filing,DEF 14A,Board Diversity Matrix;Total Number of Directors;Did Not Disclose Gender;Did Not Disclose Demographic Background,0.95,D ​ ​ 2 HOW TO VOTE ​ ​ 2 REVOKING A PROXY ​ ​ 2 SOLICITATION ​ ​ 3 VOTES REQUIRED ​ ​ 3 QUORUM ​ ​ 3 IMPLICATIONS OF BEING AN “EMERGING GROWTH COMPANY” ​ ​ 4 DIRECTORS AND EXECUTIVE OFFICERS ​ ​ 5 OUR EXECUTIVE OFFICERS AND BOARD OF DIRECTORS ​ ​ 5 BOARD DIVERSITY MATRIX ​ ​ 8 BOARD MEETING QUORUM REQUIREMENTS ​ ​ 8 BOARD COMMITTEES ​ ​ 8 DIRECTOR COMPENSATION ​ ​ 11 CORPORATE GOVERNANCE ​ ​ 12 BOARD LEADERSHIP STRUCTURE ​ ​ 12 DIRECTOR INDEPENDENCE ​ ​ 12 RISK OVERSIGHT ​ ​ 12 ANTI-HEDGING AND ANTI-PLEDGING POLICY ​ ​ 12 COMPENSATION COMMITTEE INTERLOCKS AND INSIDER PARTICIPATION ​ ​ 13 CODE OF BUSINESS CONDUCT AND ETHICS ​ ​ 13 DIRECTOR NOMINATIONS AND SELECTION ​ ​ 13 STOCKHOLDER RECOMMENDATIONS ​ ​ 13 BOARD SELF-ASSESSMENT ​ ​ 13 EXECUTIVE SESSIONS OF INDEPENDENT BOARD MEMBERS ​ ​ 13 COMMUNICATING WITH OUR DIRECTORS ​ ​ 13 CORPORATE GOVERNANCE GUIDELINES ​ ​ 14 DELINQUENT SECTION 16
1839285,HCTI,"Healthcare Triangle, Inc.",Nasdaq,Capital Market,domestic,CA,7373,Services-Computer Integrated Systems Design,2021-10-13,2022-10-13,1,0,published_on_time,2022-10-19,0001607062-22-000633,https://www.sec.gov/Archives/edgar/data/1839285/000160706222000633/hcti101422def14a.htm,edgar_filing,DEF 14A,Board Diversity Matrix;Total Number of Directors;Did Not Disclose Gender;Did Not Disclose Demographic Background,0.95,"ion about the gender and demographic diversity of our directors in the format required by such rule. The information in the matrix below is based solely on information provided by our directors about their gender and demographic self-identification. Board Diversity Matrix (As of September 19, 2022) Total Number of Directors Female Male Non-Binary Did Not Disclose Gender Part I: Gender Identity Directors 1 6 Part II: Demographic Background African American or Black Alaskan Native or Native American Asian 3 Hispanic or Latinx Native Hawaiian or Pacific Islander White 1 3 Two or More Races or Ethnicities LGBTQ+ Did Not Disclose Demographic Background 8 Nominees for Election for a One Year Term Ending at the 2023 Annual Meeting Based on the recommendation of the nominating and corporate governance committee of our Board of Directors, our Board of Directors has nominated Suresh Venkatachari, "
1858257,,"AvidXchange Holdings, Inc.",Nasdaq,,domestic,NC,7372,Services-Prepackaged Software,2021-10-13,2022-10-13,1,0,published_on_time,2022-04-28,0001193125-22-127975,https://www.sec.gov/Archives/edgar/data/1858257/000119312522127975/d337608ddef14a.htm,edgar_filing,DEF 14A,Board Diversity Matrix;Total Number of Directors;Did Not Disclose Gender;Did Not Disclose Demographic Background,0.95,"ctful measures we have adopted in an effort to break the glass ceiling for women in technology. The following chart provides the diversity statistics for our board of directors in accordance with Nasdaq Rule 5606, as self-disclosed by our directors. Board Diversity Matrix (As of April 28, 2022) Total Number of Directors 9 Female Male Non-Binary Did Not Disclose Gender Part I: Gender Identity Directors 2 7 0 0 Part II: Demographic Background African American or Black 0 1 0 0 Alaskan Native or Native American 0 0 0 0 Asian 0 0 0 0 Hispanic or Latinx 0 0 0 0 Native Hawaiian or Pacific Islander 0 0 0 0 White 2 6 0 0 Two or More Races or Ethnicities 0 0 0 0 LGBTQ 0 0 0 0 Did Not Disclose Demographic Background 0 0 0 0 Our commitment to our community goes beyond our commitment to diversity and inclusion. In 2005, we founded the AvidXchange Foundation in an effort to help elementary school chil"
1653482,GTLB,Gitlab Inc.,Nasdaq,Global Select,domestic,CA,7372,Services-Prepackaged Software,2021-10-14,2022-10-14,1,0,published_on_time,2022-05-05,0001653482-22-000023,https://www.sec.gov/Archives/edgar/data/1653482/000165348222000023/gitlab-def14aproxyx2022.htm,edgar_filing,DEF 14A,diversity matrix of our board;Total Number of Directors;Did Not Disclose Demographic Background,0.95,"o. 1 below includes the primary individual experience, qualifications, attributes and skills of each of our directors that led to the conclusion that each director should serve as a member of our board of directors at this time. 16 See below for the diversity matrix of our board of directors as of March 31, 2022: Total Number of Directors: 7 directors Female Male Non-Binary Did Not Disclosure Gender Gender Identity Directors 3 4 — — Demographic Background African American or Black 1 — — — Alaskan Native or Native American — — — — Asian — 1 — — Hispanic or Latinx — — — — Native Hawaiian or Pacific Islander — — — — White 2 3 — — Two or More Races or Ethnicities — — — — LGBTQ+ — — — — Did Not Disclose Demographic Background — — — — 17 PROPOSAL NO. 1 ELECTION OF DIRECTORS Our board of directors currently consists of seven directors and is divided into three classes. Each class serves for thr"
1799011,LUCD,Lucid Diagnostics Inc.,Nasdaq,Capital Market,domestic,NY,3841,Surgical & Medical Instruments & Apparatus,2021-10-14,2022-10-14,1,0,published_on_time,2022-05-02,0001493152-22-011734,https://www.sec.gov/Archives/edgar/data/1799011/000149315222011734/formdef14a.htm,edgar_filing,DEF 14A,Board Diversity Matrix;Total Number of Directors;Did Not Disclose Gender;Did Not Disclose Demographic Background,0.95,"ement of support for the nominee. The suggested nominee must also provide a statement of consent to being considered for nomination. There have been no material changes to the procedures by which security holders may recommend nominees to the Board. Board Diversity Matrix The nominating committee believes in an expansive definition of diversity that includes differences of gender, ethnicity, sexual orientation and other underrepresented groups as well as experience, education and talents, among other things. The diversity matrix required under the Nasdaq listing rules is set forth below. 41 Board Diversity Matrix (As of April 25, 2022) Total Number of Directors 6 Males Female Non-Binary Did Not Disclose Gender Part I: Gender Identity Directors 5 1 Part II: Demographic Background African American or Black 1 1 Alaskan Native or Native American 1 0 Asian 0 0 Hispanic or Latinx 0 0 Native Ha"
1874097,CYN,Cyngn Inc.,Nasdaq,Capital Market,domestic,CA,7371,Services-Computer Programming Services,2021-10-20,2022-10-20,1,0,published_on_time,2022-06-22,0001213900-22-034398,https://www.sec.gov/Archives/edgar/data/1874097/000121390022034398/def14a0622_cyngninc.htm,edgar_filing,DEF 14A,Board Diversity Matrix;Total Number of Directors;Did Not Disclose Gender;Did Not Disclose Demographic Background,0.95,"ship with the senior management of the Company. The matrix below provides certain highlights of the composition of our board members and nominees. Each of the categories listed in the below table has the meaning as it is used in Nasdaq Rule 5605(f). Board Diversity Matrix for Cyngn Inc. (as of June 21, 2022) Total Number of Directors: 5 Female Male Non-Binary Did Not Disclose Gender Part I: Gender Identity Directors 2 3 — — African American or Black — — — — Alaskan Native or Native American — — — — Asian — — — — Hispanic or Latinx — — — — Native Hawaiian or Pacific Islander — — — — White 2 3 — — Two or More Races or Ethnicities — — — — LGBTQ+ — — — — Did Not Disclose Demographic Background — — — — 10 Information Regarding Stockholder Communication with the Board of Directors; Attendance of Board Members at the Annual Meeting Stockholders may contact an individual director, the Board as a"
1482981,COCO,"Vita Coco Company, Inc.",Nasdaq,Global Select,domestic,NY,2080,Beverages,2021-10-21,2022-10-21,1,0,published_on_time,2022-04-21,0001193125-22-113049,https://www.sec.gov/Archives/edgar/data/1482981/000119312522113049/d309576ddef14a.htm,edgar_filing,DEF 14A,Board Diversity Matrix;Total Number of Directors;Did Not Disclose Gender;Did Not Disclose Demographic Background,0.95,ied Public Accountant. We believe Ms. Morreau’s extensive leadership experience as well as her particular knowledge and experience in finance and accounting as well as extensive beverage industry experience makes her qualified to serve on our Board. Board Diversity Matrix The table below reports the diversity of our Class I directors and nominee and the current Class II and III directors. Board Diversity Matrix Total Number of Directors and Nominees 9 Female Male Non-Binary Did Not Disclose Gender Part I: Gender Identity Directors 2 7 0 0 Part II: Demographic Background African American or Black 1 0 0 0 Alaskan Native or Native American 0 0 0 0 Asian 0 0 0 0 Hispanic or Latinx 0 0 0 0 Native Hawaiian or Pacific Islander 0 0 0 0 White 1 7 0 0 Two or More Races or Ethnicities 0 0 0 0 LGBTQ+ 0 Did Not Disclose Demographic Background 0 Proposal 2: Ratification of Appointment of Independent R
1851194,,"Ventyx Biosciences, Inc.",Nasdaq,,domestic,CA,2834,Pharmaceutical Preparations,2021-10-21,2022-10-21,1,0,published_on_time,2022-04-27,0001193125-22-123613,https://www.sec.gov/Archives/edgar/data/1851194/000119312522123613/d313295ddef14a.htm,edgar_filing,DEF 14A,Board Diversity Matrix;Total Number of Directors;Did Not Disclose Gender;Did Not Disclose Demographic Background,0.95,"nd corporate governance committee has discretion to decide which individuals to recommend for nomination as directors and our board of directors has the final authority in determining the selection of director candidates for nomination to our board. Board Diversity Matrix The table below provides certain highlights of the composition of the members of our board of directors as of March 31, 2022. Each of the categories listed in the table below has the meaning set forth in Nasdaq Listing Rule 5605(f). Board Size: Total Number of Directors: 7 Gender: Male Female Non-Binary Did Not Disclose Gender Number of directors based on gender identity 6 1 0 0 Number of directors who identify in any of the categories below: African American or Black 0 0 0 0 Alaskan Native or American Indian 0 0 0 0 Asian 3 0 0 0 Hispanic or Latinx 0 0 0 0 Native Hawaiian or Pacific Islander 0 0 0 0 White 3 0 0 0 Two o"
1871509,PTLO,Portillo's Inc.,Nasdaq,Global Select,domestic,IL,5812,Retail-Eating  Places,2021-10-21,2022-10-21,1,0,published_on_time,2022-05-09,0001193125-22-144334,https://www.sec.gov/Archives/edgar/data/1871509/000119312522144334/d278654ddef14a.htm,edgar_filing,DEF 14A,Board Diversity Matrix;Total Number of Directors,0.85,"cial diversity, Mses. Bordelon and Dodson each enhance the Board’s functional expertise in accounting, corporate governance, finance, and complex corporate legal matters. The following table sets forth certain diversity characteristics of our Board: Board Diversity Matrix as of May 9, 2022 Total Number of Directors 8 Female Male Part I: Gender Identity Directors 2 6 Part II: Demographic Background African American or Black 1 Alaskan Native or Native American Asian Hispanic or Latinx Native Hawaiian or Pacific Islander White 1 6 Two or More Races or Ethnicities LGBTQ+ DIRECTOR INDEPENDENCE AND CONTROLLED COMPANY EXEMPTIONS Berkshire indirectly beneficially owns more than 50% of the voting power of our common stock. As a result, we are considered a “controlled company” under the Nasdaq listing standards and we are therefore eligible to avail ourselves of the “controlled company” exemption "
1452965,,MINERVA SURGICAL INC,Nasdaq,,domestic,CA,3841,Surgical & Medical Instruments & Apparatus,2021-10-22,2022-10-22,1,0,published_on_time,2022-04-22,0001193125-22-115153,https://www.sec.gov/Archives/edgar/data/1452965/000119312522115153/d301911ddef14a.htm,edgar_filing,DEF 14A,Board Diversity Matrix;Total Number of Directors;Did Not Disclose Gender;Did Not Disclose Demographic Background,0.95,"ng to identify and recruit highly qualified director candidates with diverse experiences, perspectives, and backgrounds to join our board of directors. The table below provides certain information regarding the composition of our board of directors. Board Diversity Matrix (as of March 31, 2022) Total Number of Directors 7 Female Male Non-Binary Did Not Disclose Gender Part I: Gender Identity Directors 3 4 — — Part II: Demographic Background African American or Black 1 — — — Alaskan Native or Native American — — — — Asian — — — — Hispanic or Latinx — — — — Native Hawaiian or Pacific Islander — — — — White 2 3 — — Two or More Races or Ethnicities — — — — LGBTQ+ — — — — Did Not Disclose Demographic Background — — — — Directors who identify as Persian: 1 -7- Table of Contents Nominees for director David M. Clapper has served as our President and Chief Executive Officer since May 2011 and has"
1840233,XLO,"Xilio Therapeutics, Inc.",Nasdaq,Capital Market,domestic,MA,2834,Pharmaceutical Preparations,2021-10-22,2022-10-22,1,0,published_on_time,2022-04-26,0001558370-22-005974,https://www.sec.gov/Archives/edgar/data/1840233/000155837022005974/tmb-20220609xdef14a.htm,edgar_filing,DEF 14A,Board Diversity Matrix,0.85,"tional origin, in evaluating nominees and directors. Our nominating and corporate governance committee’s and our board of directors’ priority in selecting board members is identification of persons who will further the interests of our stockholders. Board Diversity Matrix (as of April 15, 2022) Gender Identity Lynch Russo Bonstein Curran Xu Clancy Rossi Ross Total Male ✓ ​ ​ ​ ​ ​ ​ ✓ ​ ​ ​ ​ ​ ✓ ​ ​ ​ ​ ​ ✓ 4 Female ✓ ​ ​ ✓ ​ ​ ​ ​ ​ ✓ ​ ​ ​ ​ ​ ✓ ​ ​ ​ 4 Did Not Disclose N/A Demographic Background Asian ​ ​ ​ ​ ​ ​ ​ ​ ​ ✓ ​ ​ ​ ​ ​ ​ ​ ​ ​ 1 White ✓ ✓ ​ ​ ✓ ​ ​ ✓ ​ ​ ​ ​ ​ ✓ ​ ​ ✓ ​ ​ ✓ 7 Did Not Disclose N/A ​ Stockholder Nominations Stockholders may recommend individuals to the nominating and corporate governance committee for consideration as potential director candidates. Any such proposals should be submitted to our corporate secretary at our principal executive offices and must "
1468327,RENT,"Rent the Runway, Inc.",Nasdaq,Global Market,domestic,NY,5990,"Retail-Retail Stores, NEC",2021-10-27,2022-10-27,1,0,published_on_time,2022-05-24,0001140361-22-020412,https://www.sec.gov/Archives/edgar/data/1468327/000114036122020412/ny20002604x1_def14a.htm,edgar_filing,DEF 14A,Board Diversity Matrix;Total Number of Directors;Did Not Disclose Gender,0.95,"e to the total diversity of viewpoints and experience represented on the Board. The Board also considers other factors, including issues of character, integrity, judgment, potential conflicts of interest, and other commitments, as described below. ​ Board Diversity Matrix (as of May 24, 2022) ​ ​ Total Number of Directors ​ ​ 11 ​ ​ ​ ​ ​ ​ ​ ​ Female ​ ​ Male ​ ​ Non-Binary ​ ​ Did not disclose gender ​ ​ Part I: Gender Identity ​ ​ 6 ​ ​ 5 ​ ​ — ​ ​ — ​ ​ Part II: Demographic Background ​ ​ ​ ​ ​ ​ ​ ​ ​ ​ African American or Black ​ ​ 1 ​ ​ — ​ ​ — ​ ​ — ​ ​ Alaskan Native or Native American ​ ​ — ​ ​ — ​ ​ — ​ ​ — ​ ​ Asian ​ ​ — ​ ​ — ​ ​ — ​ ​ — ​ ​ Hispanic or Latinx ​ ​ — ​ ​ — ​ ​ — ​ ​ — ​ ​ Native Hawaiian or Pacific Islander ​ ​ — ​ ​ — ​ ​ — ​ ​ — ​ ​ White ​ ​ 5 ​ ​ 5 ​ ​ — ​ ​ — ​ ​ Two or More Races or Ethnicities ​ ​ — ​ ​ — ​ ​ — ​ ​ — ​ ​ LGBTQ+ ​ ​ — ​ ​ — ​ ​ — ​ ​ —"
1667011,AIP,"Arteris, Inc.",Nasdaq,Global Market,domestic,CA,3674,Semiconductors & Related Devices,2021-10-27,2022-10-27,1,0,published_on_time,2022-04-28,0001193125-22-127538,https://www.sec.gov/Archives/edgar/data/1667011/000119312522127538/d323776ddef14a.htm,edgar_filing,DEF 14A,Board Diversity Matrix;Total Number of Directors;Did Not Disclose Gender;Did Not Disclose Demographic Background,0.95,"fy as Asian, and one Board member self-identifies as Hispanic, Latino or Latinx. One director, Claudia Fan Munce, who self-identifies as female and Asian, and who will join the Board effective as of May 1, 2022, was not included in the below matrix. Board Diversity Matrix Total Number of Directors 7 Female Male Non-Binary Did Not Disclose Gender Part I: Gender Identity Directors 1 6 — — Part II: Demographic Background African American or Black — — — — Alaskan Native or Native American — — — — Asian — 2 — — Hispanic, Latino or Latinx — 1 — — Native Hawaiian or Pacific Islander — — — — White 1 3 — — Two or More Races or Ethnicities — — — — LGBTQ+ — — — — Did Not Disclose Demographic Background — — — — 19 Table of Contents TRANSACTIONS WITH RELATED PERSONS We describe below transactions and series of similar transactions, since January 1, 2021, to which we were a party or will be a party, i"
1769804,,"Augmedix, Inc.",Nasdaq,,domestic,CA,7389,"Services-Business Services, NEC",2021-10-28,2022-10-28,1,0,published_on_time,2022-05-02,0001213900-22-023206,https://www.sec.gov/Archives/edgar/data/1769804/000121390022023206/def14a0422_augmedixinc.htm,edgar_filing,DEF 14A,Board Diversity Matrix;Total Number of Directors;Did Not Disclose Gender;Did Not Disclose Demographic Background,0.95,"e end of 2019 and are required to have at least three female directors by the end of 2021. We believe that we are presently in compliance with the diversity requirements imposed by the proposed Nasdaq listing rules as well as SB826 summarized above. Board Diversity Matrix Board Diversity Matrix (As of April 29, 2022) Total Number of Directors 9 Female Male Non- Binary Did Not Disclose Gender Directors 3 6 0 0 Number of Directors who identify in Any of the Categories Below: African American or Black 0 0 0 0 Alaskan Native or Native American 0 0 0 0 Asian 1 0 0 0 Hispanic or Latinx 0 0 0 0 Native Hawaiian or Pacific Islander 0 0 0 0 White 0 0 0 0 Two or More Races or Ethnicities 0 0 0 0 LGBTQ+ 1 Did not Disclose Demographic Background 0 In 2020, AB 979 was adopted which requires all publicly held corporations headquartered in California to diversify their boards of directors with directors"
1868941,FLNC,"Fluence Energy, Inc.",Nasdaq,Global Select,domestic,VA,3690,"Miscellaneous Electrical Machinery, Equipment & Supplies",2021-10-28,2022-10-28,1,0,published_on_time,2022-01-28,0001140361-22-003004,https://www.sec.gov/Archives/edgar/data/1868941/000114036122003004/ny20002104x1_def14a.htm,edgar_filing,DEF 14A,Board Diversity Matrix;Total Number of Directors;Did Not Disclose Gender;Did Not Disclose Demographic Background,0.95,"the attention of the Corporate Secretary at our offices at 4601 Fairfax Drive, Suite 600, Arlington, Virginia 22203. The Corporate Secretary will forward the communication to the appropriate director or directors as appropriate. 24 TABLE OF CONTENTS Board Diversity Matrix The matrix below sets forth the self-identified gender identity and demographic diversity attributes of each of our directors as of January 28, 2022. Please see “Information About Director Nominees,” above, for biographical information on each of our directors. ​ Total Number of Directors ​ ​ ​ ​ ​ ​ Female ​ ​ Male ​ ​ Non- Binary ​ ​ Did Not Disclose Gender ​ ​ Part I: Gender Identity ​ ​ Directors ​ ​ 5 ​ ​ 7 ​ ​ — ​ ​ — ​ ​ Part II: Demographic Background ​ ​ African American or Black ​ ​ — ​ ​ 1 ​ ​ ​ ​ ​ ​ Alaskan Native or Native American ​ ​ — ​ ​ — ​ ​ ​ ​ ​ ​ Asian ​ ​ — ​ ​ — ​ ​ ​ ​ ​ ​ Hispanic or Latinx ​ "
1501796,AURA,"Aura Biosciences, Inc.",Nasdaq,Global Market,domestic,MA,2836,"Biological Products, (No Diagnostic Substances)",2021-10-29,2022-10-29,1,0,published_on_time,2022-04-28,0001193125-22-127614,https://www.sec.gov/Archives/edgar/data/1501796/000119312522127614/d309116ddef14a.htm,edgar_filing,DEF 14A,Board Diversity Matrix;Total Number of Directors;Did Not Disclose Gender;Did Not Disclose Demographic Background,0.95,"creating a board of directors with diversity, including diversity of expertise, experience, background and gender, and are committed to identifying, recruiting and advancing candidates offering such diversity in future searches. 7 Table of Contents Board Diversity Matrix As of April 28, 2022 Total Number of Directors 7 Female Male Non-Binary Did Not Disclose Gender Part I: Gender Identity Directors 2 5 — — Part II: Demographic Background African American or Black — — — — Alaskan Native or Native American — — — — Asian 1 2 — — Hispanic or Latinx 1 — — — Native Hawaiian or Pacific Islander — — — — White — 3 — — Two or More Races or Ethnicities — — — — LGBTQ+ — Did Not Disclose Demographic Background — In addition to the information presented below regarding each of the nominees and continuing directors’ specific experience, qualifications, attributes and skills that our board of directors "
1607939,UDMY,"Udemy, Inc.",Nasdaq,,domestic,CA,8200,Services-Educational Services,2021-10-29,2022-10-29,1,0,published_on_time,2022-04-20,0001607939-22-000021,https://www.sec.gov/Archives/edgar/data/1607939/000160793922000021/udemyinc-definitiveproxyst.htm,edgar_filing,DEF 14A,Board Diversity Matrix;Total Number of Directors,0.85,"responsibilities on behalf of our stockholders, while Mr. Coccari’s combined role enables strong leadership, creates clear accountability and enhances our ability to communicate our message and strategy clearly and consistently to stockholders. -8- Board Diversity Matrix as of April 20, 2022 Board Size: Total number of directors: 7 Gender: Male Female Non-Binary Number of directors based on gender identity 3 1 1 Number of directors who identify in any of the categories below: African American or Black – – – Alaskan Native of American Indian – – – Asian – 1 – Hispanic or Latino – – – Native Hawaiian or Pacific Islander – – – White 3 – – Two or More Races or Ethnicities – – 1 LGBTQ+ 1 Undisclosed 2 Role of Board in Risk Oversight Process Risk is inherent with every business, and we face a number of risks, including strategic, financial, business and operational, legal and compliance and re"
1689375,TRDA,"Entrada Therapeutics, Inc.",Nasdaq,Global Market,domestic,MA,2834,Pharmaceutical Preparations,2021-10-29,2022-10-29,1,0,published_on_time,2022-04-19,0001104659-22-047338,https://www.sec.gov/Archives/edgar/data/1689375/000110465922047338/tm2212715-1_def14a.htm,edgar_filing,DEF 14A,Board Diversity Matrix;Total Number of Directors;Did Not Disclose Gender;Did Not Disclose Demographic Background,0.95,"e, conflicts of interest, and other factors. The composition of our board of directors currently includes five individuals who are diverse under the Nasdaq Stock Market LLC (“Nasdaq”) listing rule regarding board diversity, as presented in the below Board Diversity Matrix. Under the Nasdaq listing rule, directors who self-identify as (i) female, (ii) an underrepresented minority, or (iii) LGBTQ+ are defined as being diverse. 8 TABLE OF CONTENTS Board Diversity Matrix ​ ​ ​ As of April 19, 2022 ​ Total Number of Directors ​ ​ 7 ​ ​ ​ ​ Female ​ ​ Male ​ ​ ​ ​ ​ ​ ​ ​ Non- Binary ​ ​ Did Not Disclose Gender ​ Part I: Gender Identity ​ ​ ​ ​ ​ ​ ​ ​ ​ ​ ​ ​ ​ ​ ​ ​ ​ ​ ​ ​ ​ ​ ​ ​ ​ ​ ​ ​ ​ ​ ​ Directors ​ ​ ​ ​ 2 ​ ​ ​ ​ ​ 5 ​ ​ ​ ​ ​ ​ ​ ​ ​ ​ ​ — ​ ​ ​ ​ ​ — ​ ​ Part II: Demographic Background ​ ​ ​ ​ ​ ​ ​ ​ ​ ​ ​ ​ ​ ​ ​ ​ ​ ​ ​ ​ ​ ​ ​ ​ ​ ​ ​ ​ ​ ​ ​ African American or Black ​ ​ ​ ​"
1858685,BFRI,Biofrontera Inc.,Nasdaq,Capital Market,domestic,MA,2834,Pharmaceutical Preparations,2021-10-29,2022-10-29,1,0,published_on_time,2022-11-08,0001493152-22-030999,https://www.sec.gov/Archives/edgar/data/1858685/000149315222030999/formdef14a.htm,edgar_filing,DEF 14A,Board Diversity Matrix;Total Number of Directors;Did Not Disclose Gender;Did Not Disclose Demographic Background,0.95,"by law or the Nasdaq listing standards concerning any amendments to, or waivers from, any provision of the code. The information on or accessed through our website is deemed not to be incorporated in this prospectus or to be part of this prospectus. Board Diversity Matrix The matrix below summarizes certain information regarding the diversity of our Board as of the date of this proxy statement. Each of the categories listed in the table below has the meaning set forth in Nasdaq Rule 5605(f). Board Diversity Matrix for Biofrontera Inc. As of November 8, 2022 Total Number of Directors: 5 Part I: Gender Identity Female Male Non-Binary Did Not Disclose Gender Directors 2 3 Part II: Demographic Background African American or Black Alaskan Native or American Indian Asian Hispanic or Latinx Native Hawaiian or Pacific Islander White 1 3 Two or More Races or Ethnicities LGBTQ+ Did Not Disclose De"
1653909,BIRD,"Allbirds, Inc.",Nasdaq,Global Select,domestic,CA,2300,Apparel & Other Finishd Prods of  Fabrics & Similar Matl,2021-11-03,2022-11-03,1,0,published_on_time,2022-04-28,0001653909-22-000029,https://www.sec.gov/Archives/edgar/data/1653909/000165390922000029/allbirds-proxystatement202.htm,edgar_filing,DEF 14A,Board Diversity Matrix;Total Number of Directors;Did Not Disclose Gender;Did Not Disclose Demographic Background,0.95,"versity of Pennsylvania. Mr. Zwillinger was selected to serve on our Board of Directors because of the perspective and experience he brings as our co-founder and Co-Chief Executive Officer as well as his management experience. 10 BOARD DIVERSITY The Board Diversity Matrix, below, provides the diversity statistics for our Board of Directors. Board Diversity Matrix (As of April 28, 2022) Total Number of Directors 8 Female Male Non- Binary Did Not Disclose Gender Part I: Gender Identity Directors 3 4 0 1 Part II: Demographic Background African American or Black 1 0 0 0 Alaskan Native or Native American 0 0 0 0 Asian 0 0 0 0 Hispanic or Latinx 0 0 0 0 Native Hawaiian or Pacific Islander 0 0 0 0 White 2 4 0 0 Two or More Races or Ethnicities 0 0 0 0 LGBTQ+ 0 Did Not Disclose Demographic Background 1 11 INFORMATION REGARDING THE BOARD OF DIRECTORS AND CORPORATE GOVERNANCE INDEPENDENCE OF THE B"
1412558,EVO,Evotec SE,Nasdaq,Global Select,foreign_private_issuer,Germany,2834,Pharmaceutical Preparations,2021-11-04,2022-11-04,1,0,published_on_time,2022-04-26,0001104659-22-049929,https://www.sec.gov/Archives/edgar/data/1412558/000110465922049929/evo-20211231x20f.htm,edgar_filing,20-F,Board Diversity Matrix;Did Not Disclose Gender;Did Not Disclose Demographic Background,0.95,"s ensured by composing an international experienced Board with broad based skill sets rather than focusing specifically on to ethnic, gender or age diversity. The following chart provides additional diversity information about our Supervisory Board. Board Diversity Matrix (As of April 12, 2022) Country of Principal Executive Office Germany Foreign Private Issuer Yes Disclosure Prohibited Under Home Country Law No Total Number of Members 6 Female Male Non-Binary Did Not Disclose Gender Part I: Gender Identity Directors [3] [3] [0] [0] Part II: Demographic Background Underrepresented Individual in Home Country Jurisdiction 0 LGBTQ+ 0 Did Not Disclose Demographic Background 6 ​ Our Supervisory Board as a whole generally makes decisions, however decisions on certain matters may be delegated to committees of our Supervisory Board to the extent permitted by law. The chairperson, or if he or sh"
1625278,NRDS,"NERDWALLET, INC.",Nasdaq,Global Market,domestic,CA,7374,Services-Computer Processing & Data Preparation,2021-11-04,2022-11-04,1,0,published_on_time,2022-04-14,0001193125-22-104971,https://www.sec.gov/Archives/edgar/data/1625278/000119312522104971/d258585ddef14a.htm,edgar_filing,DEF 14A,Board Diversity Matrix;Total Number of Directors;Did Not Disclose Demographic Background,0.95,"MMARY A HIGHLY DIVERSE AND SKILLED BOARD We believe that our diverse Board has an appropriate mix of skills, expertise and experience to oversee critical matters of the Company and to represent the interests of our stockholders. Board and Committees Board Diversity Matrix (as of April 14, 2022) Total Number of Directors: 5 Part I: Gender Identity Male Female Non-Binary Not Disclosed Directors 3 2 — — Part II: Demographic Background African American or Black — — — — Alaskan Native or Native American — — — — Asian 1 — — — Hispanic or Latinx — — — — Native Hawaiian or Pacific Islander — — — — White 4 — — — Two or More Races or Ethnicities — LGBTQ+ — Did Not Disclose Demographic Background — 7 Table of Contents PROXY SUMMARY Executive Compensation—A Transition Year of a New Public Company We are an “emerging growth company,” as defined in the JOBS Act. As an emerging growth company, we have "
1875444,ARHS,"Arhaus, Inc.",Nasdaq,Global Select,domestic,OH,5712,Retail-Furniture Stores,2021-11-04,2022-11-04,1,0,published_on_time,2022-04-04,0001193125-22-094328,https://www.sec.gov/Archives/edgar/data/1875444/000119312522094328/d295938ddef14a.htm,edgar_filing,DEF 14A,Board Diversity Matrix;Total Number of Directors;Did Not Disclose Gender;Did Not Disclose Demographic Background,0.95,"Ms. Hyde and Messrs. Adams, Beargie, Brutocao, Doody, Kyees, Lewis and Roth qualify as “independent directors,” as defined under the rules of Nasdaq. Mr. Reed is the Company’s CEO and, therefore, not independent from the Company. Board Diversity The Board Diversity Matrix sets forth information about the diversity of the Board of Directors in accordance with the recently adopted Nasdaq board diversity disclosure rules. Each of the categories listed below has the meaning as used in Nasdaq Rule 5605. Board Diversity Matrix (as of March 1, 2022) Total Number of Directors: 9 Female Male Non-Binary Did Not Disclose Gender African American or Black - - - - Alaskan Native or Native American - - - - Asian - - - - Hispanic or Latino - - - - Native Hawaiian or Pacific Islander - - - - White 1 8 - - Two or More Races or Ethnicities - - - - LGBTQ+ - - - - Did Not Disclose Demographic Background - - "
1730773,BSFC,Blue Star Foods Corp.,Nasdaq,,domestic,FL,2092,Prepared Fresh or  Frozen Fish & Seafoods,2021-11-05,2022-11-05,1,0,published_on_time,2022-11-09,0001493152-22-031050,https://www.sec.gov/Archives/edgar/data/1730773/000149315222031050/formdef14a.htm,edgar_filing,DEF 14A,Board Diversity Matrix;Total Number of Directors,0.85,"new listing rules relating to board diversity and disclosure. As approved by the SEC, the new Nasdaq listing rules require all Nasdaq listed companies to disclose consistent, transparent diversity statistics regarding their boards of directors. The Board Diversity Matrix below presents the Board’s diversity statistics in the format prescribed by the Nasdaq rules. 9 Board Diversity Matrix (as of October 31, 2022) Total Number of Directors 7 Female Male Part I: Gender Identity Directors 1 6 Part II: Demographic Background Hispanic or Latinx 1 3 White 0 3 Code of Ethics We have adopted a code of ethics that applies to our executive officers, directors and employees. We have filed a copy of our Code of Ethics as an exhibit to our Current Report on Form 8-K filed with the SEC on July 19, 2021. Our Code of Ethics is available on the Company’s website at www.bluestarfoods.com. In addition, a co"
1865494,IOBTQ,"IO Biotech, Inc.",Nasdaq,,domestic,G7,2834,Pharmaceutical Preparations,2021-11-05,2022-11-05,1,0,published_on_time,2022-04-14,0001193125-22-105529,https://www.sec.gov/Archives/edgar/data/1865494/000119312522105529/d112845ddef14a.htm,edgar_filing,DEF 14A,Board Diversity Matrix;Total Number of Directors;Did Not Disclose Gender;Did Not Disclose Demographic Background,0.95,ntinuing Directors 6 Recommendation of Our Board of Directors 9 CORPORATE GOVERNANCE 10 Director Independence 10 Leadership Structure of the Board of Directors 10 Board of Directors’ Role in Risk Oversight 10 Evaluations of the Board of Directors 10 Board Diversity Matrix 11 Meetings of the Board of Directors 11 Committees of the Board of Directors 11 Compensation Committee Interlocks and Insider Participation 13 Board Membership Criteria and Nomination Process 14 Changes in Board of Directors Member Criteria 14 Term Limits and Retirement Age 15 Succession Planning 15 Corporate Governance Guidelines 15 Code of Business Conduct and Ethics 15 Prohibition on Hedging and Pledging of Company Stock 15 Stockholder Communications 15 Delinquent Section 16(a) Reports 16 CERTAIN RELATIONSHIPS AND RELATED PERSON TRANSACTIONS 17 DIRECTOR COMPENSATION 20 Annual Cash Compensation 20 Equity Compensation
1505497,BRTX,"BioRestorative Therapies, Inc.",Nasdaq,Capital Market,domestic,NY,8090,"Services-Misc Health & Allied Services, NEC",2021-11-09,2022-11-09,1,0,published_on_time,2022-09-23,0001021771-22-000053,https://www.sec.gov/Archives/edgar/data/1505497/000102177122000053/def14a.htm,edgar_filing,DEF 14A,Board Diversity Matrix;Total Number of Directors,0.85,"ch executive officer will hold office until the initial meeting of the Board of Directors following the next annual meeting of stockholders and until his successor is elected and qualified or until his earlier resignation or removal. Board Diversity Board Diversity Matrix (As of September 15, 2022) Board Size: Total Number of Directors: 5 Female Male Part I: Gender Identity Directors - 5 12 Part II: Demographic Background Asian - 1 White - 5 Two or More Races or Ethnicities - 1 Committees Audit Committee The Audit Committee of the Board of Directors is responsible for overseeing our accounting and financial reporting processes and the services provided by our independent registered public accounting firm. The responsibilities and duties of the Audit Committee include the following: • assist the Board of Directors in fulfilling its responsibilities by reviewing the financial reports provi"
1657853,HTZ,"HERTZ GLOBAL HOLDINGS, INC",Nasdaq,Global Select,domestic,FL,7510,Services-Auto Rental & Leasing (No Drivers),2021-11-09,2022-11-09,1,0,published_on_time,2022-04-08,0001140361-22-013707,https://www.sec.gov/Archives/edgar/data/1657853/000114036122013707/edge20001995x1_def14a.htm,edgar_filing,DEF 14A,Board Diversity Matrix;Total Number of Directors;Did Not Disclose Gender;Did Not Disclose Demographic Background,0.95,"rse backgrounds, experiences and skills as part of each director search the Board undertakes. The table below provides additional information regarding our directors’ self-identified gender and demographic background in accordance with Nasdaq Rules. Board Diversity Matrix (as of March 25, 2022) Total Number of Directors 9 Female Male Non-Binary Did Not Disclose Gender Part I: Gender Identity Directors 2 7 0 0 Part II: Demographic Background African American or Black 0 0 0 0 Alaskan Native or Native American 0 0 0 0 Asian 0 0 0 0 Hispanic or Latinx 0 0 0 0 Native Hawaiian or Pacific Islander 0 0 0 0 White 2 7 0 0 Two or More Races or Ethnicities 0 0 0 0 LGBTQ+ 0 Did Not Disclose Demographic Background 0 Director Search In identifying prospective director candidates for the Board, the Governance Committee may seek referrals from other members of the Board, management, stockholders and othe"
1781730,TCBX,"Third Coast Bancshares, Inc.",Nasdaq,,domestic,TX,6036,"Savings Institutions, Not Federally Chartered",2021-11-09,2022-11-09,1,0,published_on_time,2022-04-25,0001193125-22-117790,https://www.sec.gov/Archives/edgar/data/1781730/000119312522117790/d303316ddef14a.htm,edgar_filing,DEF 14A,Board Diversity Matrix;Total Number of Directors,0.85,NTS ABOUT THE ANNUAL MEETING 2 PROPOSAL 1. ELECTION OF DIRECTORS 7 Number of Directors; Term of Office 7 Nominees for Election 7 Election Procedures 8 Class A Directors with a Term Expiring in 2023 9 Class B Directors with a Term Expiring in 2024 10 Board Diversity Matrix 11 PROPOSAL 2. RATIFICATION OF THE APPOINTMENT OF INDEPENDENT REGISTERED PUBLIC ACCOUNTING FIRM 12 BOARD AND COMMITTEE MATTERS 13 Board Meetings 13 Director Attendance at Annual Meeting 13 Board Composition 13 Director Independence 13 Board Leadership Structure 14 Risk Management and Oversight 14 Director Nominations 14 Procedures to be Followed by Shareholders for Director Nominations 15 Committees of the Board 16 Certain Corporate Governance Matters 19 Code of Business Conduct and Ethics 19 Corporate Governance Guidelines 20 Whistleblower Policy 20 Independent Auditors 20 Fees Paid to Independent Registered Public Acc
1817511,SOPA,SOCIETY PASS INCORPORATED.,Nasdaq,,domestic,Singapore,7389,"Services-Business Services, NEC",2021-11-09,2022-11-09,1,0,published_on_time,2022-12-01,0001140361-22-044044,https://www.sec.gov/Archives/edgar/data/1817511/000114036122044044/ny20005174x1_def14a.htm,edgar_filing,DEF 14A,Board Diversity Matrix;Total Number of Directors;Did Not Disclose Demographic Background,0.95,"board memberships. • Compatibility. The Board candidate should be able to develop a good working relationship with other Board members and contribute to the Board’s working relationship with the senior management of the Company. 10 TABLE OF CONTENTS Board Diversity Matrix The matrix below summarizes certain information regarding the diversity of our Board as of the date of this proxy statement. Each of the categories listed in the table below has the meaning set forth in Nasdaq Rule 5605(f). Board Diversity Matrix for Society Pass Incorporated As of November 30, 2022 Total Number of Directors: 5 Part I: Gender Identity ​ ​ Female ​ ​ Male Directors ​ ​ 1 ​ ​ 4 ​ ​ ​ ​ Part II: Demographic Background ​ ​ ​ ​ African American or Black ​ ​ 0 ​ ​ 0 Alaskan Native or American Indian ​ ​ 0 ​ ​ 0 Asian ​ ​ 0 ​ ​ 2 Hispanic or Latinx ​ ​ 0 ​ ​ 0 Native Hawaiian or Pacific Islander ​ ​ 0 ​ ​ 0 Wh"
1872525,SWAG,"Stran & Company, Inc.",Nasdaq,Capital Market,domestic,MA,7311,Services-Advertising Agencies,2021-11-09,2022-11-09,1,0,published_on_time,2022-10-31,0001213900-22-067346,https://www.sec.gov/Archives/edgar/data/1872525/000121390022067346/ea167709-def14a_stranandco.htm,edgar_filing,DEF 14A,Board Diversity Matrix;Total Number of Directors;Did Not Disclose Gender;Did Not Disclose Demographic Background,0.95,"hnicity, gender, age, cultural background and professional experiences in evaluating candidates for Board membership. Diversity is important because a variety of points of view contribute to a more effective decision-making process. 21 The following Board Diversity Matrix presents our Board diversity statistics, as voluntarily self-identified by our directors, in accordance with Nasdaq Listing Rule 5606. Board Diversity Matrix (As of October 31, 2022) Total Number of Directors: 6 Female Male Non-Binary Did Not Disclose Gender Part I: Gender Identity Directors 1 4 0 1 Part II: Demographic Background African American or Black 0 0 0 0 Alaskan Native or Native American 0 0 0 0 Asian 0 0 0 0 Hispanic or Latinx 0 1 0 0 Native Hawaiian or Pacific Islander 0 0 0 0 White 1 3 0 0 Two or More Races or Ethnicities 0 0 0 0 LGBTQ+ 0 0 0 0 Did Not Disclose Demographic Background 0 0 0 1 Stockholder Rec"
1476840,EXFY,"Expensify, Inc.",Nasdaq,Global Select,domestic,CA,7372,Services-Prepackaged Software,2021-11-10,2022-11-10,1,0,published_on_time,2022-04-29,0001476840-22-000036,https://www.sec.gov/Archives/edgar/data/1476840/000147684022000036/def14a.htm,edgar_filing,DEF 14A,Board Diversity Matrix;Total Number of Directors,0.85,"rs of the Board of Directors the communication is intended. Such communications generally will be forwarded to the intended recipients. However, our Secretary may, in his sole discretion, decline to forward any communications that are inappropriate. BOARD DIVERSITY MATRIX The table below provides certain highlights of the composition of our Board members and nominees as of April 29, 2022. Each of the categories listed in the table below has the meaning as it is used in Nasdaq Rule 5605(f). 10 Table of Contents Board Diversity Matrix (As of April 29, 2022) Board Size: Total Number of Directors 8 Gender: Male Female Non-Binary Gender Undisclosed 5 3 Number of directors who identify in any of the categories below: African American or Black Alaskan Native or American Indian Asian 3 Hispanic or Latinx 1 Native Hawaiian or Pacific Islander White 4 Two or More Races or Ethnicities LGBTQ+ Undisc"
1704287,BJDX,"Bluejay Diagnostics, Inc.",Nasdaq,Capital Market,domestic,MA,3841,Surgical & Medical Instruments & Apparatus,2021-11-10,2022-11-10,1,0,published_on_time,2022-05-13,0001213900-22-026051,https://www.sec.gov/Archives/edgar/data/1704287/000121390022026051/ea159832-def14a_bluejaydia.htm,edgar_filing,DEF 14A,Board Diversity Matrix;Total Number of Directors,0.85,"director positions. Diversity of Directors The following table summarizes certain self-identified characteristics of our directors, utilizing the categories and terms set forth in applicable Nasdaq rules and related guidance (as of April 29, 2022): Board Diversity Matrix (As of April 29, 2022) Total Number of Directors 6 Female Male Part I: Gender Identity Directors 1 5 Part II: Demographic Information Asian 1 White 1 4 LGBTQ+ 1 Stockholder Communications with Directors Persons wishing to write to our Board of Directors, or to a specified director or committee of the Board, should send correspondence to the Corporate Secretary at 360 Massachusetts Avenue, Suite 203, Acton, MA 01720. Electronic submissions of stockholder correspondence will not be accepted. The Corporate Secretary will forward to the directors all communications that, in his or her judgment, are appropriate for considerat"
1874178,RIVN,"Rivian Automotive, Inc. / DE",Nasdaq,Global Select,domestic,CA,3711,Motor Vehicles & Passenger Car Bodies,2021-11-10,2022-11-10,1,0,published_on_time,2022-04-27,0001874178-22-000021,https://www.sec.gov/Archives/edgar/data/1874178/000187417822000021/rivian-2022proxystatement.htm,edgar_filing,DEF 14A,Board of Directors Diversity Matrix;Directors Diversity Matrix;Total Number of Directors;Did Not Disclose Gender;Did Not Disclose Demographic Background,0.95,"d relationships as they may relate to us and our management, including the beneficial ownership of our capital stock by each director. There are no family relationships among any of our directors or executive officers. Rivian 2022 Proxy Statement 21 Board of Directors Diversity Matrix (As of April 27, 2022) Total Number of Directors 7 Female Male Non-Binary Did Not Disclose Gender Part I: Gender Identity Directors 3 4 0 0 Part II: Demographic Background African American or Black 1 0 0 0 Alaskan Native or Native American 0 0 0 0 Asian 0 0 0 0 Hispanic or Latinx 0 0 0 0 Native Hawaiian or Pacific Islander 0 0 0 0 White 2 4 0 0 Two or More Races or Ethnicities 0 0 0 0 LGBTQ+ 1 Did Not Disclose Demographic Background 0 Executive Sessions Our independent directors meet in executive session on a regularly scheduled basis. Each executive session of the independent directors is presided over by "
1462056,BLZE,"Backblaze, Inc.",Nasdaq,Global Market,domestic,CA,7372,Services-Prepackaged Software,2021-11-11,2022-11-11,1,0,published_on_time,2022-04-21,0001193125-22-112978,https://www.sec.gov/Archives/edgar/data/1462056/000119312522112978/d363594ddef14a.htm,edgar_filing,DEF 14A,Board Diversity Matrix;Total Number of Directors;Did Not Disclose Gender;Did Not Disclose Demographic Background,0.95,"r removal. The classification of our Board may have the effect of delaying or preventing changes in our control or management. Board Diversity The following matrix presents the diverse composition of our Board as of the date of this proxy statement: Board Diversity Matrix Total Number of Directors 7 Female Male Non- Binary Did Not Disclose Gender Part I: Gender Identity Directors 3 4 — — Part II: Demographic Background African American or Black 1 — — — Alaskan Native or Native American — — — — Asian — — — — Hispanic or Latinx 1 — — — Native Hawaiian or Pacific Islander — — — — White 1 3 — — Two or More Races or Ethnicities — 1 — — LGBTQ+ — — — — Did Not Disclose Demographic Background — — — — Director Independence Our Class A common stock is listed on the NASDAQ Global Market (“Nasdaq”). Under Nasdaq’s rules, independent directors must comprise a majority of a listed company’s board of d"
1779372,BEAT,"HeartBeam, Inc.",Nasdaq,Capital Market,domestic,CA,3841,Surgical & Medical Instruments & Apparatus,2021-11-11,2022-11-11,1,0,published_on_time,2022-05-02,0001779372-22-000015,https://www.sec.gov/Archives/edgar/data/1779372/000177937222000015/heartbeaminc-proxystatemen.htm,edgar_filing,DEF 14A,Board Diversity Matrix;Total Number of Directors;Did Not Disclose Gender;Did Not Disclose Demographic Background,0.95,"and qualified. Board Diversity The table below provides information relating to certain voluntary self-identified characteristics of our directors. Each of the categories listed in the table below has the meaning as set forth in NASDAQ Rule 5605(f). Board Diversity Matrix (As of March 31, 2022) Total Number of Directors 5 Female Male Non-Binary Did Not Disclose Gender Part I: Gender Identity Directors 1 4 0 0 Part II: Demographic Background African American or Black Alaskan Native or Native American Asian Hispanic or Latinx 1 Native Hawaiian or Pacific Islander White 3 Two or More Races or Ethnicities 1 LGBTQ Did Not Disclose Demographic Background Director Independence The Board has affirmatively determined that four of the directors are “independent directors” under NASDAQ Listing Rule 5605(a)(2) and the related rules of the U.S. Securities and Exchange Commission (the “SEC”). In makin"
1780201,LVLU,"Lulu's Fashion Lounge Holdings, Inc.",Nasdaq,Capital Market,domestic,CA,5961,Retail-Catalog & Mail-Order Houses,2021-11-11,2022-11-11,1,0,published_on_time,2022-04-29,0001140361-22-016935,https://www.sec.gov/Archives/edgar/data/1780201/000114036122016935/ny20002680x1_def14a.htm,edgar_filing,DEF 14A,Board Diversity Matrix;Total Number of Directors;Did Not Disclose Gender;Did Not Disclose Demographic Background,0.95,"s, digital marketing/brand development, global supply chains and human capital management, and apparel and direct-to-consumer experience as our Chief Executive Officer provides him with the qualifications and skills to serve as a director. The below board diversity matrix reflects certain self-reported statistics about the current eight members of our Board of Directors. Board Diversity Matrix Board Diversity Matrix (As of April 29, 2022) Total Number of Directors ​ ​ 8 ​ ​ Female ​ ​ Male ​ ​ Non-Binary ​ ​ Did Not Disclose Gender Part I: Gender Identity ​ ​ ​ ​ ​ ​ ​ ​ Directors ​ ​ 3 ​ ​ 5 ​ ​ 0 ​ ​ 0 Part II: Demographic Background ​ ​ ​ ​ ​ ​ ​ ​ African American or Black ​ ​ 0 ​ ​ 0 ​ ​ 0 ​ ​ 0 Alaskan Native or Native American ​ ​ 0 ​ ​ 0 ​ ​ 0 ​ ​ 0 Asian ​ ​ 2 ​ ​ 1 ​ ​ 0 ​ ​ 0 Hispanic or Latinx ​ ​ 0 ​ ​ 0 ​ ​ 0 ​ ​ 0 Native Hawaiian or Pacific Islander ​ ​ 0 ​ ​ 0 ​ ​ 0 ​ ​ 0"
1787740,VBIO,"Valion Bio, Inc.",Nasdaq,Capital Market,domestic,TX,3845,Electromedical & Electrotherapeutic Apparatus,2021-11-11,2022-11-11,1,0,published_on_time,2022-05-02,0001140361-22-017248,https://www.sec.gov/Archives/edgar/data/1787740/000114036122017248/edge20002788x1_def14a.htm,edgar_filing,DEF 14A,Board Diversity Matrix;Total Number of Directors;Did Not Disclose Demographic Background,0.95,"olicy in place, our Board values diversity and supports having directors of diverse gender, race, and ethnicity, along with varied skills and experiences. Information regarding the diversity of our Board members is outlined in the below table: Tivic Board Diversity Matrix (April 18, 2022) Total Number of Directors ​ ​ 4 ​ ​ Female ​ ​ Male ​ ​ Non-Binary ​ ​ Gender Not Disclosed Part 1: Gender Identity ​ ​ ​ ​ ​ ​ ​ ​ Directors ​ ​ 3 ​ ​ 1 ​ ​ 0 ​ ​ 0 Part II: Demographic Background ​ ​ ​ ​ ​ ​ ​ ​ Hispanic or Latinx ​ ​ 0 ​ ​ 0 ​ ​ 0 ​ ​ 0 Caucasian ​ ​ 3 ​ ​ 1 ​ ​ 0 ​ ​ 0 Did Not Disclose Demographic Background ​ ​ 0 Board Leadership Structure Our Board currently consists of four directors. The positions of Chairperson of the Board and Chief Executive Officer are currently separated. Our Board does not have a policy regarding the separation of the roles of Chairperson of the Board and "
1851657,,"Vaxxinity, Inc.",Nasdaq,,domestic,FL,2834,Pharmaceutical Preparations,2021-11-11,2022-11-11,1,0,published_on_time,2022-05-02,0001562762-22-000201,https://www.sec.gov/Archives/edgar/data/1851657/000156276222000201/vaxxdef14a4292022.htm,edgar_filing,DEF 14A,Board Diversity Matrix;Total Number of Directors,0.85,"ard composition, including on director diversity. TABLE OF CONTENTS 17 The table below reports self-identified gender and demographic statistics for the board of directors, as constituted prior to the Annual Meeting, in the format adopted by Nasdaq. Board Diversity Matrix (as of May 2, 2022) Female Male Total Number of Directors 7 Part I: Gender Identity Directors 1 6 Part II: Demographic Background Asian 1 1 White - 5 Board Role in Risk Oversight The board of directors has overall responsibility for risk oversight, including, as part of regular board and committee meetings, general oversight of executives’ management of risks relevant to the Company. A fundamental part of risk oversight is not only understanding the material risks a company faces and the steps management is taking to manage those risks, but also understanding what level of risk is appropriate for the Company. The involv"
1861522,,KIDPIK CORP.,Nasdaq,,domestic,NY,5961,Retail-Catalog & Mail-Order Houses,2021-11-11,2022-11-11,1,0,published_on_time,2022-05-02,0001493152-22-011826,https://www.sec.gov/Archives/edgar/data/1861522/000149315222011826/formdef14a.htm,edgar_filing,DEF 14A,Board Diversity Matrix;Total Number of Directors;Did Not Disclose Gender;Did Not Disclose Demographic Background,0.95,orships 11 Classified board of directors 11 Committees of the Board 12 Board Committee Membership 12 Audit Committee 12 Compensation Committee and Nominating and Corporate Governance Committee 13 Nominations for Directors 13 Director Independence 13 Board Diversity Matrix 14 Website Availability of Documents 14 Executive Sessions of the Board of Directors 14 Stockholder Communications with the Board 14 Board of Directors Meetings 14 Executive Sessions of the Board of Directors 15 Policy on Equity Ownership 15 Policy Against Hedging 15 Compensation Recovery and Clawback Policies 15 Code of Ethics 15 Whistleblower Protection Policy 15 Controlled Company Exception 16 Delinquent Section 16(a) Reports 16 EXECUTIVE OFFICERS 17 General 17 Business Experience 17 EXECUTIVE COMPENSATION 18 Summary Compensation Table 18 Outstanding Equity Awards at Fiscal Year End 19 Employment Agreements and Key M
1567900,ALOY,REALLOYS INC.,Nasdaq,Capital Market,domestic,FL,1000,Metal Mining,2021-11-12,2022-11-12,1,0,published_on_time,2022-08-24,0001437749-22-021244,https://www.sec.gov/Archives/edgar/data/1567900/000143774922021244/blkbx20220812_def14a.htm,edgar_filing,DEF 14A,Board Diversity Matrix;Total Number of Directors,0.85,"ny. Board Composition and Diversity The following table sets forth certain diversity statistics as self-reported by the current members of the Board. Each of the categories listed in the below table has the meaning as it is used in the Nasdaq Rules. Board Diversity Matrix for Blackboxstocks, Inc. (As of August 24, 2022) Total Number of Directors 5 Female Male Part I: Gender Identity Directors 1 4 Part II: Demographic Background White 1 4 LGBTQ+ -- -- Board Meetings and Attendance During fiscal year 2021, the Board held two telephonic meetings. No incumbent director attended fewer than 75% of the aggregate of all meetings of the Board, for which at the time of the meeting they were a member of the Board. The Board also approved certain actions by unanimous written consent. Annual Meeting Attendance During fiscal year 2021, the Company did not hold an Annual Meeting of Stockholders. Though"
1649739,BAFN,BayFirst Financial Corp.,Nasdaq,Capital Market,domestic,FL,6022,State Commercial Banks,2021-11-12,2022-11-12,1,0,published_on_time,2022-04-07,0001649739-22-000137,https://www.sec.gov/Archives/edgar/data/1649739/000164973922000137/def14a-proxy2022.htm,edgar_filing,DEF 14A,Board Diversity Matrix;Total Number of Directors;Did Not Disclose Gender;Did Not Disclose Demographic Background,0.95,"es, the markets the Bank serves, and other stakeholders. To that end, the Board and its Nominating Committee has recruited and nominated a diverse group of directors. The diversity of the composition of the Board is disclosed in the following table. Board Diversity Matrix (as of March 31, 2022) Total Number of Directors Female Male Non-Binary Did Not Disclose Gender Part I: Gender Identity Directors 2 11 — — Part II: Demographic Background African American or Black — 1 — — Alaskan Native or Native American — — — — Asian 1 — — — Hispanic or Latinx — — — — Native Hawaiian or Pacific Islander — — — — White 1 10 — — Two or More Races or Ethnicities — — — — LGBTQ+ — — — — Did Not Disclose Demographic Background — — — — 9 Board Committees The Company’s Board is divided into five committees. The following table discloses the membership and Chair of each committee. Name Audit and Risk Management"
1850453,,Mynaric AG,Nasdaq,,foreign_private_issuer,2M,4899,"Communications Services, NEC",2021-11-12,2022-11-12,1,0,published_on_time,2022-05-06,0001193125-22-143674,https://www.sec.gov/Archives/edgar/data/1850453/000119312522143674/d310942d20f.htm,edgar_filing,20-F,Board Diversity Matrix;Total Number of Directors;Did Not Disclose Gender,0.95,"d of the equity capital markets team. He currently serves on the supervisory board of nextmarkets AG. Board Diversity The table below provides certain information regarding the diversity of the supervisory board as of the date of this Annual Report. Board Diversity Matrix Country of Principal Executive Offices Germany Foreign Private Issuer Yes Disclosure Prohibited under Home Country Law No Total Number of Directors and Board Observers 5 Female Male Non-Binary Did Not Disclose Gender Part I: Gender Identity Directors 0 3 0 2 Part II: Demographic Background Underrepresented Individual in Home Country Jurisdiction 0 LGBTQ+ 1 Did Note Disclose Demographic Backgrounds 2 B. Compensation Compensation of Management Board Members The remuneration for management board members consists of three components: • a non-performance-related remuneration (fixed remuneration), • performance-related bonuse"
1676238,BRZE,"Braze, Inc.",Nasdaq,Global Select,domestic,NY,7372,Services-Prepackaged Software,2021-11-17,2022-11-17,1,0,published_on_time,2022-05-18,0001140361-22-019788,https://www.sec.gov/Archives/edgar/data/1676238/000114036122019788/ny20003702x1_def14a.htm,edgar_filing,DEF 14A,Board Diversity Matrix;Total Number of Directors;Did Not Disclose Gender;Did Not Disclose Demographic Background,0.95,"y. 10 TABLE OF CONTENTS The table below provides additional diversity information regarding our board of directors as of April 30, 2022. Each of the categories listed in the below table has the meaning as it is used in Nasdaq Listing Rule 5605(f). ​ Board Diversity Matrix ​ ​ Total Number of Directors ​ ​ 7 ​ ​ ​ ​ Female ​ ​ Male ​ ​ Non- Binary ​ ​ Did Not Disclose Gender ​ ​ Part I: Gender Identity ​ ​ ​ ​ ​ ​ ​ ​ ​ ​ Directors ​ ​ 1 ​ ​ 6 ​ ​ ​ ​ ​ ​ Part II: Demographic Background ​ ​ ​ ​ ​ ​ ​ ​ ​ ​ African American or Black ​ ​ ​ ​ ​ ​ ​ ​ ​ ​ Alaskan Native or Native American ​ ​ ​ ​ ​ ​ ​ ​ ​ ​ Asian ​ ​ ​ ​ 1 ​ ​ ​ ​ ​ ​ Hispanic or Latinx ​ ​ ​ ​ ​ ​ ​ ​ ​ ​ Native Hawaiian or Pacific Islander ​ ​ ​ ​ ​ ​ ​ ​ ​ ​ White ​ ​ ​ ​ 5 ​ ​ ​ ​ ​ ​ Two or More Races or Ethnicities ​ ​ ​ ​ ​ ​ ​ ​ ​ ​ LGBTQ+ ​ ​ 1 ​ ​ Did Not Disclose Demographic Background ​ ​ 1 ​ 11 TABLE OF CONTENTS"
1878848,IREN,IREN Ltd,Nasdaq,Global Select,domestic,Australia,6199,Finance Services,2021-11-17,2022-11-17,1,0,published_on_time,2022-09-13,0001140361-22-033208,https://www.sec.gov/Archives/edgar/data/1878848/000114036122033208/brhc10041484_20f.htm,edgar_filing,20-F,Board Diversity Matrix;Total Number of Directors;Did Not Disclose Gender;Did Not Disclose Demographic Background,0.95,"requirements) within one year of the IPO. All members of the Audit and Risk Committee are able to read and understand fundamental financial statements, are familiar with finance and accounting practices and principles, and are financially literate. Board Diversity Matrix Board Diversity Matrix (As of June 30, 2022) Country of Principal Executive Offices: Australia Foreign Private Issuer Yes Disclosure Prohibited under Home Country Law No Total Number of Directors 5 Female Male Non- Binary Did Not Disclose Gender Part I: Gender Identity Directors — 5 — — Part II: Demographic Background Underrepresented Individual in Home Country Jurisdiction 1 LGBTQ+ ⸺ Did Not Disclose Demographic Background ⸺ D. Employees We had 102, 39 and 25 employees as of June 30, 2022, 2021 and 2020, respectively. As of June 30, 2022, we employed 21 employees in a corporate head office capacity and 81 employees focu"
1187953,CELZ,"CREATIVE MEDICAL TECHNOLOGY HOLDINGS, INC.",Nasdaq,Capital Market,domestic,AZ,2836,"Biological Products, (No Diagnostic Substances)",2021-12-06,2022-12-06,1,0,published_on_time,2022-12-08,https://web.archive.org/web/20221208001234/https://creativemedicaltechnology.com/board-diversity-matrix/,https://web.archive.org/web/20221208001234/https://creativemedicaltechnology.com/board-diversity-matrix/,website_archive,,Board Diversity Matrix;Total Number of Directors;Gender Identity;Demographic Background,0.95,"Creative Medical Technology Holdings, Inc. Board Diversity Matrix. The table states it provides information related to the composition of board members and nominees under Nasdaq Rule 5605(f). Board Diversity Matrix (As of 6/30/2022). Total Number of Directors 5. Part I: Gender Identity: Directors Female 1, Male 4, Non-Binary -, DND Gender -. Part II: Demographic Background: African American or Black -; Alaskan Native or American Indian -; Asian -; Hispanic or Latinx -; Native Hawaiian or Pacific Islander -; White Female 1, Male 4; Two or More Races or Ethnicities -; LGBTQ+ -; DND Demographic Background -."
1862150,CING,Cingulate Inc.,Nasdaq,Capital Market,domestic,KS,2834,Pharmaceutical Preparations,2021-12-08,2022-12-08,1,0,published_on_time,2022-04-22,0001493152-22-010723,https://www.sec.gov/Archives/edgar/data/1862150/000149315222010723/formdef14a.htm,edgar_filing,DEF 14A,Board Diversity Matrix;Total Number of Directors;Did Not Disclose Gender;Did Not Disclose Demographic Background,0.95,"eutic areas, and his experience serving as our Chief Executive Officer, qualifies him to serve on our Board of Directors. 10 Board Membership Diversity In accordance with Nasdaq’s new Board Diversity Rules (Rule 5605(f) and Rule 5606), the following Board Diversity Matrix presents our Board diversity statistics. The minimum diversity objective for small reporting companies listed on the Nasdaq Capital Market on or after August 6, 2021 is two diverse directors by August 6, 2026 or two years from the date of listing, whichever is later, including one who self-identifies as female, and one who self-identifies as either female, an underrepresented minority or LGBTQ+. “Underrepresented Minority” means an individual who self-identifies as one or more of the following: Black or African American, Hispanic or Latinx, Asian, Native American or Alaska Native, Native Hawaiian or Pacific Islander, or"
1875091,NRSN,NeuroSense Therapeutics Ltd.,Nasdaq,Capital Market,foreign_private_issuer,L3,2834,Pharmaceutical Preparations,2021-12-09,2022-12-09,1,0,published_on_time,2023-01-08,https://web.archive.org/web/20230327150705/https://neurosense.investorroom.com/download/NRSN+-+Diversity+Matrix.pdf,https://web.archive.org/web/20230327150705/https://neurosense.investorroom.com/download/NRSN+-+Diversity+Matrix.pdf,website_archive,,Board Diversity Matrix;Total Number of Directors;Gender Identity;Demographic Background,0.95,"NeuroSense Therapeutics Ltd. Board Diversity Matrix. Country of Principal Executive Offices: Israel. Foreign Private Issuer: Yes. Disclosure Prohibited under Home Country Law: No. Total Number of Directors: 6. Part I: Gender Identity: Directors Female 3, Male 3, Non-Binary 0, Did Not Disclose Gender 0. Part II: Demographic Background: Underrepresented Individual in Home Country Jurisdiction 1; LGBTQ+ 0; Did Not Disclose Demographic Background 0."
1084267,MOBQ,"Mobiquity Technologies, Inc.",Nasdaq,Capital Market,domestic,NY,7310,Services-Advertising,2021-12-10,2022-12-10,1,0,published_on_time,2022-12-14,https://mobiquitytechnologies.com/wp-content/uploads/2023/04/MOBQ-Board-Diversity-Matrix-2022.pdf,https://mobiquitytechnologies.com/wp-content/uploads/2023/04/MOBQ-Board-Diversity-Matrix-2022.pdf,website_archive,,Board Diversity Matrix;Total Number of Directors;Gender Identity;Demographic Background,0.95,"Board Diversity Matrix for Mobiquity Technologies, Inc. As of December 14, 2022. Total Number of Directors 5. Part I: Gender Identity: Directors Female 1, Male 4, Non-Binary 0, Did Not Disclose Gender 0. Part II: Demographic Background: African American or Black Male 1; White Female 1, Male 3; all other listed categories 0."
1191070,NEUP,Neuphoria Therapeutics Inc.,Nasdaq,Global Market,domestic,MA,2834,Pharmaceutical Preparations,2021-12-16,2022-12-16,1,0,published_on_time,2022-10-14,0000950170-22-019563,https://www.sec.gov/Archives/edgar/data/1191070/000095017022019563/bnox-20220630.htm,edgar_filing,20-F,Board Diversity Matrix;Total Number of Directors;Did Not Disclose Gender;Did Not Disclose Demographic Background,0.95,ributed to our board of directors’ conclusion that he should serve as a director of our company. 123 Board Diversity The table below provides certain information regarding the diversity of our board of directors as of the date of this Annual Report. Board Diversity Matrix Country of Principal Executive Offices: Australia Foreign Private Issuer Yes Disclosure Prohibited under Home Country Law No Total Number of Directors 6 Female Male Non-Binary Did Not Disclose Gender Part I: Gender Identity Directors 1 5 0 0 Part II: Demographic Background Underrepresented Individual in Home Country Jurisdiction 0 LGBTQ+ 0 Did Not Disclose Demographic Background 1 B. Com pensation We set out below the amount of compensation paid and benefits in kind provided by us or our subsidiaries to our executive officers and members of our board for services in all capacities to us or our subsidiaries for the fisca
1468929,NXGL,"NEXGEL, INC.",Nasdaq,Capital Market,domestic,PA,3841,Surgical & Medical Instruments & Apparatus,2021-12-22,2022-12-22,1,0,published_on_time,2022-07-18,0001493152-22-019575,https://www.sec.gov/Archives/edgar/data/1468929/000149315222019575/formdef14a.htm,edgar_filing,DEF 14A,Board Diversity Matrix;Total Number of Directors,0.85,"rate nimbly and efficiently, while maintaining new ideas, expertise, experience and diversity among its membership. As of July 7, 2022, a female comprises approximately 14% of our Board. We currently have no underrepresented minorities on our Board. Board Diversity Matrix (as of July 7, 2022) Total Number of Directors 7 Female Male Part I: Gender Identity 1 6 Part II: Demographic Background White 1 6 The biographies of the Company Nominees are as follows: Adam Levy . Mr. Levy has served as our Chief Executive Officer and President since September 10, 2019 and was our Chief Financial Officer from December 31, 2019 until June 1, 2021. Mr. Levy has also served on our Board since September 9, 2021. Mr. Levy is an investment banker associated with Cova Capital and has been a capital markets specialist for the past six years. Prior to that, he was the president and CEO of Warlock Records Inc. "
1827087,,"Vigil Neuroscience, Inc.",Nasdaq,,domestic,MA,2836,"Biological Products, (No Diagnostic Substances)",2022-01-07,2023-01-07,1,0,published_on_time,2022-04-28,0001193125-22-127499,https://www.sec.gov/Archives/edgar/data/1827087/000119312522127499/d338283ddef14a.htm,edgar_filing,DEF 14A,Board Diversity Matrix;Total Number of Directors;Did Not Disclose Gender;Did Not Disclose Demographic Background,0.95,"to serve on our board of directors. 11 Table of Contents Board Diversity Disclosure The following table provides certain self-identified personal characteristics of our Board members, in accordance with Rule 5605(f) of the Nasdaq listing standards: Board Diversity Matrix (As of April 28, 2022) Total Number of Directors 8 Female Male Non-Binary Did Not Disclose Gender Part I: Gender Identity Directors 3 — — 5 Part II: Demographic Background African American or Black — — — — Alaskan Native or Native American — — — — Asian — — — 1 Hispanic or Latinx — — — — Native Hawaiian or Pacific Islander — — — — White 1 — — — Two or More Races or Ethnicities — — — — LGBTQ+ — Did Not Disclose Demographic Background 6 12 Table of Contents PROPOSAL NO. 2 – RATIFICATION OF THE APPOINTMENT OF PRICEWATERHOUSECOOPERS LLP AS VIGIL NEUROSCIENCE’S INDEPENDENT REGISTERED PUBLIC ACCOUNTING FIRM FOR THE FISCAL YEAR"
1836242,TKLF,"Tokyo Lifestyle Co., Ltd.",Nasdaq,Capital Market,foreign_private_issuer,M0,5990,"Retail-Retail Stores, NEC",2022-01-18,2023-01-18,1,0,published_on_time,2022-08-15,0001213900-22-048050,https://www.sec.gov/Archives/edgar/data/1836242/000121390022048050/f20f2022_yoshitsucoltd.htm,edgar_filing,20-F,Board Diversity Matrix;Total Number of Directors;Did Not Disclose Gender;Did Not Disclose Demographic Background,0.95,". Kitamura received his Bachelor of Science in Literature and Science from Chiba University in 1971. Board Diversity The table below provides certain information regarding the diversity of our board of directors as of the date of this annual report. Board Diversity Matrix Country of Principal Executive Offices: Japan Foreign Private Issuer Yes Disclosure Prohibited under Home Country Law No Total Number of Directors 6 Female Male Non- Binary Did Not Disclose Gender Part I: Gender Identity Directors 0 6 0 0 Part II: Demographic Background Underrepresented Individual in Home Country Jurisdiction 0 LGBTQ+ 0 Did Not Disclose Demographic Background 0 Family Relationships None of our directors or executive officers has a family relationship as defined in Item 401 of Regulation S-K. Controlled Company Mr. Mei Kanayama, our representative director, beneficially owns approximately 75.39% of the a"
1807794,CRDO,Credo Technology Group Holding Ltd,Nasdaq,Global Select,domestic,E9,3674,Semiconductors & Related Devices,2022-01-27,2023-01-27,1,0,published_on_time,2022-08-09,0001628280-22-021966,https://www.sec.gov/Archives/edgar/data/1807794/000162828022021966/ctghproxystatementaugust20.htm,edgar_filing,DEF 14A,Board Diversity Matrix;Total Number of Directors;Did Not Disclose Gender;Did Not Disclose Demographic Background,0.95,"ee considers the composition of the Board, including the right diversity, mix of characteristics and skills for the optimal functioning of the Board in its oversight of our company. Members of our Board self-identify as set forth in the table below. Board Diversity Matrix Total Number of Directors 8 9 Table of Contents Female Male Non-Binary Did Not Disclose Gender Part I: Gender Identity Directors 1 7 — — Part II: Demographic Background African American or Black — — — — Alaskan Native or Native American — — — — Asian — 5 — — Hispanic of Latinx 1 — — — Native Hawaiian or Pacific Islander — — — — White — 2 — — Two or More Races or Ethnicities — — — — LGBTQ+ — Did Not Disclose Demographic Background — Below the biography of each nominee and continuing director, we have included an assessment of the skills and experience of such nominee or continuing director that led to the conclusion he o"
1598981,SKYX,SKYX Platforms Corp.,Nasdaq,Capital Market,domestic,FL,3640,Electric Lighting & Wiring Equipment,2022-02-10,2023-02-10,1,0,published_on_time,2022-04-19,0001493152-22-010422,https://www.sec.gov/Archives/edgar/data/1598981/000149315222010422/formdef14a.htm,edgar_filing,DEF 14A,Board Diversity Matrix;Total Number of Directors;Did Not Disclose Gender;Did Not Disclose Demographic Background,0.95,"ime by the remaining directors. Diversity Two of our directors are women, representing approximately 25% of our Board of Directors. Mr. Peter is a U.S. Army veteran. Additional information regarding director diversity is included in the table below. Board Diversity Matrix (As of April 18, 2022) Total Number of Directors 8 Female Male Non-Binary Did Not Disclose Gender Part I: Gender Identity Directors 2 6 Part II: Demographic Background African American or Black Alaskan Native or Native American Asian Hispanic or Latinx Native Hawaiian or Pacific Islander White 2 5 Two or More Races or Ethnicities LGBTQ+ Did Not Disclose Demographic Background 1 We believe that having a diverse Board of Directors can offer a breadth and depth of perspectives that enhance our performance. The Nominating and Corporate Governance Committee will, when evaluating candidates for service on the Board, consider "
1074871,MODD,"Modular Medical, Inc.",Nasdaq,Capital Market,domestic,CA,3841,Surgical & Medical Instruments & Apparatus,2022-02-11,2023-02-11,1,0,published_on_time,2022-12-20,0001019056-22-000687,https://www.sec.gov/Archives/edgar/data/1074871/000101905622000687/modular_def14a.htm,edgar_filing,DEF 14A,Board Diversity Matrix;Total Number of Directors;Did Not Disclose Demographic Background,0.95,"Paul DiPerna President, Chief Financial Officer, Treasurer and Chairman of the Board of Directors William J. Febbo Director Steven Felsher Director Morgan C. Frank Director Philip Sheibley Director Carmen Volkart Director Ellen O’Connor Vos Director Board Diversity Matrix The table below provides an enhanced disclosure regarding the diversity of the members and nominees of our Board of Directors. Each of the categories listed in the below table has the meaning as it is used in Nasdaq Rule 5605(f). Board Diversity Matrix (As of December 2, 2022) Board Size: Total number of directors 7 Male Female Non-Binary Gender Undisclosed Part I: Gender Identity Number of directors base on gender identity 5 2 0 0 Part II: Demographic Background African American or Black 0 0 0 0 Asian 0 0 0 0 Hispanic or Latinx 0 0 0 0 Native Hawaiian or Pacific Islander 0 0 0 0 White 5 2 0 0 Two or More Race or Ethnic"
1782107,ONCO,"Onconetix, Inc.",Nasdaq,Capital Market,domestic,OH,2834,Pharmaceutical Preparations,2022-02-18,2023-02-18,1,0,published_on_time,2022-07-18,0001213900-22-039898,https://www.sec.gov/Archives/edgar/data/1782107/000121390022039898/def14a0722_bluewatervacc.htm,edgar_filing,DEF 14A,Board Diversity Matrix;Total Number of Directors;Did Not Disclose Gender;Did Not Disclose Demographic Background,0.95,"ption Awards ($) Total ($) Kimberly Murphy — — — — James Sapirstein — — — — Allan Shaw — — — — Michael Venerable — — — — John Rice, Phd. (1) — — — — ____________ (1) Mr. Rice resigned from our Board, effective February 24, 2022. 28 Table of Contents Board Diversity Matrix The following Board Diversity Matrix presents our Board diversity statistics in accordance with Nasdaq Rule 5606, as self -disclosed by our Directors. Board Diversity Matrix as of July 18, 2022 Total Number of Directors 5 Female Male Non-Binary Did Not Disclose Gender Part I: Gender Identity Directors 1 4 Part II: Demographic Background African American or Black Alaskan Native or Native American Asian Hispanic or Latinx 2 Native Hawaiian or Pacific Islander White 1 3 Two or More Races or Ethnicities LGBTQ+ Did Not Disclose Demographic Background 29 Table of Contents PROPOSAL 2 APPROVAL OF AMENDMENTS TO THE 2022 PLAN Bac"
1875547,LCFY,Locafy Ltd,Nasdaq,Capital Market,foreign_private_issuer,C3,7370,"Services-Computer Programming, Data Processing, Etc.",2022-03-25,2023-03-25,1,0,published_on_time,2022-11-15,0001493152-22-032533,https://www.sec.gov/Archives/edgar/data/1875547/000149315222032533/form20f.htm,edgar_filing,20-F,Board Diversity Matrix;Total Number of Directors;Did Not Disclose Gender;Did Not Disclose Demographic Background,0.95,"board of directors as of the date of this Annual Report. Additional biographical information of our directors and executive officers is set forth above under “ Item 6. Directors, Senior Management and Employees—A. Directors and Senior Management ”. Board Diversity Matrix Country of Principal Executive Offices: Australia Foreign Private Issuer Yes Disclosure Prohibited under Home Country Law No Total Number of Directors 4 Female Male Non- Binary Did Not Disclose Gender Part I: Gender Identity Directors 0 4 0 0 Part II: Demographic Background Underrepresented Individual in Home Country Jurisdiction 0 LGBTQ+ 0 Did Not Disclose Demographic Background 4 57 Code of Conduct We have adopted a Code of Conduct and Ethics applicable to all of our directors, officers and employees. We post on our website all disclosures that are required by law or the listing standards of Nasdaq concerning any amend"
1743905,RVSN,Rail Vision Ltd.,Nasdaq,Capital Market,foreign_private_issuer,L3,3743,Railroad Equipment,2022-03-31,2023-03-31,1,0,published_on_time,2023-03-23,0001213900-23-022437,https://www.sec.gov/Archives/edgar/data/1743905/000121390023022437/f20f2022_railvisionltd.htm,edgar_filing,20-F,Board Diversity Matrix;Total Number of Directors;Did Not Disclose Gender;Did Not Disclose Demographic Background,0.95,"d in its oversight role by an internal auditor. The internal auditor undertakes both regular and ad hoc reviews of risk management controls and procedures, the results of which are reported to the audit committee. Diversity of the Board of Directors Board Diversity Matrix (As of March 23, 2023) Country of Principal Executive Offices Israel Foreign Private Issuer Yes Disclosure Prohibited under Home Country Law No Total Number of Directors 8 Part I: Gender Identity Female Male Non-Binary Did Not Disclose Gender Directors 2 6 - - Part II: Demographic Background Underrepresented Individual in Home Country Jurisdiction - LGBTQ+ - Did Not Disclose Demographic Background 8 External Directors Under the Companies Law, an Israeli company whose shares have been offered to the public or whose shares are listed for trading on a stock exchange in or outside of Israel is required to appoint at least t"
1144879,APLD,Applied Digital Corp.,Nasdaq,Global Select,domestic,TX,7374,Services-Computer Processing & Data Preparation,2022-04-13,2023-04-13,1,0,published_on_time,2022-09-27,0001144879-22-000038,https://www.sec.gov/Archives/edgar/data/1144879/000114487922000038/appliedblockchaininc-drafp.htm,edgar_filing,DEF 14A,Board Diversity Matrix;Total Number of Directors;Did Not Disclose Gender;Did Not Disclose Demographic Background,0.95,"rules also require most Nasdaq-listed companies to have, or explain why they do not have, at least two diverse directors, including one who self-identifies as female and one who self identifies as either an under-represented minority or LGBTQ+. The Board Diversity Matrix below presents the Board’s diversity statistics in the format prescribed by the Nasdaq rules. 2022 Proxy Statement 5 Proposal One As of August 30, 2022, the composition of our Board was as follows: Board Diversity Matrix (As of August 30, 2022) Total Number of Directors 7 Female Male Non-Binary Did Not Disclose Gender Gender Identity Directors 2 5 0 0 Demographic Background African American or Black 0 0 0 0 Alaskan Native or Native American 0 0 0 0 Asian 0 1 0 0 Hispanic or Latinx 1 0 0 0 Native Hawaiian or Pacific Islander 0 0 0 0 White 1 4 0 0 Two or More Races or Ethnicities 0 0 0 0 Other (Race or Ethnicity) 0 0 0 0 L"
1803407,OST,"Ostin Technology Group Co., Ltd.",Nasdaq,Capital Market,foreign_private_issuer,F4,3679,"Electronic Components, NEC",2022-04-27,2023-04-27,1,0,published_on_time,2023-02-16,0001213900-23-012263,https://www.sec.gov/Archives/edgar/data/1803407/000121390023012263/f20f2022_ostintechnology.htm,edgar_filing,20-F,Board Diversity Matrix;Total Number of Directors;Did Not Disclose Gender;Did Not Disclose Demographic Background,0.95,"inancial management) from Jinan University in China. Mr. He is a CPA in China and the United States. Board Diversity The table below provides certain information regarding the diversity of our board of directors as of the date of this annual report. Board Diversity Matrix Country of Principal Executive Offices: China Foreign Private Issuer Yes Disclosure Prohibited under Home Country Law No Total Number of Directors 5 Female Male Non- Binary Did Not Disclose Gender Part I: Gender Identity Directors 0 5 0 0 Part II: Demographic Background Underrepresented Individual in Home Country Jurisdiction 0 LGBTQ+ 0 Did Not Disclose Demographic Background 0 77 Family Relationships There are no family relationships, or other arrangements or understandings between or among any of the directors, executive officers or other person pursuant to which such person was selected to serve as a director or offi"
1888012,,"HilleVax, Inc.",Nasdaq,,domestic,MA,2836,"Biological Products, (No Diagnostic Substances)",2022-04-29,2023-04-29,1,0,published_on_time,2023-04-28,0001193125-23-127221,https://www.sec.gov/Archives/edgar/data/1888012/000119312523127221/d499278ddef14a.htm,edgar_filing,DEF 14A,Board Diversity Matrix;Total Number of Directors,0.85,"in our proxy statement for the 2024 annual meeting, the recommendation should be received by our corporate secretary at our principal executive offices in accordance with our procedures detailed in the section below entitled “Stockholder Proposals.” Board Diversity Matrix The following Board Diversity Matrix presents our board of directors diversity statistics in accordance with Nasdaq Rule 5606, as self-disclosed by our directors. Board Diversity Matrix (As of April 1, 2023) Total Number of Directors 9 Female Male Part I: Gender Identity Directors 4 5 Part II: Demographic Background Asian 1 1 Hispanic of Latinx 1 White 3 3 LGBTQ+ 1 0 Director Attendance at Annual Meetings Although we do not have a formal policy regarding attendance by members of our board of directors at our annual meeting, we encourage all of our directors to attend the meeting. Communications with our Board of Directo"
1889109,BLTE,"BELITE BIO, INC",Nasdaq,Capital Market,foreign_private_issuer,CA,2834,Pharmaceutical Preparations,2022-04-29,2023-04-29,1,0,published_on_time,2023-03-31,0001104659-23-040145,https://www.sec.gov/Archives/edgar/data/1889109/000110465923040145/blte-20221231x20f.htm,edgar_filing,20-F,Board Diversity Matrix;Total Number of Directors;Did Not Disclose Gender;Did Not Disclose Demographic Background,0.95,"e previously served as Remuneration Committee Chair of Chinachem Group. He also runs charity 10k races. Board Diversity The table below provides certain information regarding the diversity of our Board of Directors as of the Latest Practicable Date. Board Diversity Matrix Country of Principal Executive Offices: United States Foreign Private Issuer Yes Disclosure Prohibited under Home Country Law No Total Number of Directors 7 Female Male Non-Binary Did Not Disclose Gender Part I: Gender Identity Directors 2 5 0 0 Part II: Demographic Background Underrepresented Individual in Home Country Jurisdiction 0 LGBTQ+ 0 Did Not Disclose Demographic Background 0 ​ B. Compensation For the fiscal year ended December 31, 2022, we paid an aggregate of approximately US$1.3 million in cash to our executive officers and an aggregate of US$58,000 to our independent directors. We did not pay any cash compe"
1809750,EDBL,Edible Garden AG Inc,Nasdaq,Capital Market,domestic,NJ,0100,Agricultural Production-Crops,2022-05-05,2023-05-05,1,0,published_on_time,2023-04-26,0001477932-23-002884,https://www.sec.gov/Archives/edgar/data/1809750/000147793223002884/edbl_def14a.htm,edgar_filing,DEF 14A,Board Diversity Matrix;Total Number of Directors,0.85,"of regularly conducting executive sessions of independent directors at scheduled meetings led by the lead independent director and at such other times requested by other independent directors. Executive sessions do not include Messrs. Kras or James. Board Diversity Matrix The table below provides certain highlights of the composition of our Board as of April 12, 2023. Each of the categories listed in the table below has the meaning as it is used in Nasdaq Rule 5605(f). Board Diversity Matrix As of April 12, 2023 Total Number of Directors 5 Female Male Part I: Gender Identity Directors 1 4 Part II: Demographic Background White 1 4 Information Regarding Meetings of the Board and Committees During 2022, our Board held seven meetings. All of our directors attended at least 75% of the aggregate of all meetings of the Board and the committees on which they served during 2022. We do not have a "
1835597,PEPG,PepGen Inc.,Nasdaq,Global Select,domestic,MA,2834,Pharmaceutical Preparations,2022-05-06,2023-05-06,1,0,published_on_time,2023-04-28,0000950170-23-015751,https://www.sec.gov/Archives/edgar/data/1835597/000095017023015751/pepg-def14a-2023.htm,edgar_filing,DEF 14A,Board Diversity Matrix;Did Not Disclose Gender;Did Not Disclose Demographic Background,0.95,"embers and nominees based on their voluntary 8 self-identified demographic characteristics. The categories “Female,” “LGBTQ+,” and “Two or More Races or Ethnicities” as used in the below table have the definitions as provided in Nasdaq Rule 5605(f). Board Diversity Matrix (As of April 15, 2023) Board Size: 6 Directors Part I: Gender Identity Male Female Non-Binary Did Not Disclose Gender Number of directors based on gender identity 4 2 — — Part II: Demographic Background: African American or Black — — — — Alaskan Native or American Indian — — — — Asian — — — — Hispanic or Latinx — — — — Native Hawaiian or Pacific Islander — — — — White 6 — — — Two or More Races or Ethnicities — — — — LGBTQ+ — — — — Did Not Disclose Demographic Background — — — — Nominees for Election as Class I Directors The following table and narrative information identifies our nominees for Class I directors, and sets"
1828588,HNVR,"Hanover Bancorp, Inc. /MD",Nasdaq,Global Select,domestic,NY,6022,State Commercial Banks,2022-05-11,2023-05-11,1,0,published_on_time,2023-01-27,0001104659-23-007553,https://www.sec.gov/Archives/edgar/data/1828588/000110465923007553/tm234384d1_def14a.htm,edgar_filing,DEF 14A,Total Number of Directors;Did Not Disclose Gender;Did Not Disclose Demographic Background,0.85,"tion, experience and leadership qualities. [Remainder of Page Intentionally Blank] 8 As part of these efforts to promote corporate social responsibility, the following graphics summarize certain demographic characteristics of the Board of Directors: Total Number of Directors: Nine (9) PART 1 – Gender Identity Female Male Non-Binary Did Not Disclose Gender Number of Directors 1 8 PART II: Demographic Background African American or Black Alaskan Native or Native American Asian South Asian 1 Hispanic or Latino 1 Native Hawaiian or Pacific Islander Caucasian / White 6 Two or more Races or Ethnicities LGBTQ+ Did Not Disclose Demographic Background 1 9 Security Ownership of Management Security Ownership of Management The following table sets forth information as of January 19, 2023, regarding the number of common shares beneficially owned by all directors, executive officers and by all directo"
1141284,ASNS,ACTELIS NETWORKS INC,Nasdaq,,domestic,CA,3669,"Communications Equipment, NEC",2022-05-13,2023-05-13,1,0,published_on_time,2023-05-13,https://ir.actelis.com/corporate-governance/board-diversity-matrix,https://ir.actelis.com/corporate-governance/board-diversity-matrix,website_archive,,Board Diversity Matrix;Total Number of Directors;Gender Identity;Demographic Background,0.9,"Board Diversity Matrix for Actelis Networks, Inc. As of May 13, 2023. Total Number of Directors 5. Part I: Gender Identity: Directors Female 2, Male 3, Non-Binary 0, Did Not Disclose Gender 0. Part II: Demographic Background: White Female 2, Male 3; all other listed categories 0."
1881487,ACDC,ProFrac Holding Corp.,Nasdaq,Global Select,domestic,TX,1389,"Oil & Gas Field Services, NEC",2022-05-13,2023-05-13,1,0,published_on_time,2023-05-01,0001193125-23-130426,https://www.sec.gov/Archives/edgar/data/1881487/000119312523130426/d450096ddef14a.htm,edgar_filing,DEF 14A,Board Diversity Matrix;Total Number of Directors;Did Not Disclose Gender;Did Not Disclose Demographic Background,0.95,"ndustry acumen to the Board and make him qualified to serve as a director. Family Relationships Johnathan L. Wilks and Matthew D. Wilks are first cousins and the sons of our founders and principal stockholders, Farris and Dan Wilks, respectively. 13 Board Diversity Matrix as of May 1, 2023 Total Number of Directors 6 Female Male Non-Binary Did Not Disclose Gender Part I: Gender Identity Directors 2 2 - 2 Part II: Demographic Background - - - - African American or Black - - - - Alaskan Native or Native American - 1 - - Asian - - - - Hispanic or Latinx - 1 - - Native Hawaiian or Pacific Islander - - - - White 2 2 - - Two or More Races or Ethnicities - 2 - - LGBTQ+ - Did Not Disclose Demographic Background 2 Director Compensation We have adopted a comprehensive director compensation program in order to attract and retain qualified non-employee directors who are essential to our future succe"
1425627,SOBR,"SOBR Safe, Inc.",Nasdaq,Capital Market,domestic,CO,2721,Periodicals: Publishing or  Publishing & Printing,2022-05-17,2023-05-17,1,0,published_on_time,2023-04-28,0001477932-23-002946,https://www.sec.gov/Archives/edgar/data/1425627/000147793223002946/sobr_def14a.htm,edgar_filing,DEF 14A,Board Diversity Matrix;Total Number of Directors;Did Not Disclose Gender;Did Not Disclose Demographic Background,0.95,"diverse directors. The table below provides certain highlights of the composition of our Board members and nominees as of March 14, 2023. Each of the categories listed in the table below has the meaning as it is used in Nasdaq Listing Rule 5605(f). Board Diversity Matrix (As of March 14, 2023) Total Number of Directors 5 Female Male Non-Binary Did Not Disclose Gender Gender Identity Directors 2 3 — — Demographic Background African American or Black — — — — Alaskan Native or Native American — — — — Asian — — — — Hispanic or Latinx — — — — Native Hawaiian or Pacific Islander — — — — White 2 3 — — Two or More Races or Ethnicities — — — — LGBTQ+ — Did Not Disclose Demographic Background 5* * Did not disclose with respect to LGBTQ+ background. 10 DIRECTOR NOMINATIONS The Board nominates directors for election at each annual meeting of stockholders, appoints new directors to fill vacancies whe"
1848275,TOP,TOP Financial Group Ltd,Nasdaq,Capital Market,foreign_private_issuer,Singapore,6200,"Security & Commodity Brokers, Dealers, Exchanges & Services",2022-06-01,2023-06-01,1,0,published_on_time,2022-08-16,0001213900-22-048570,https://www.sec.gov/Archives/edgar/data/1848275/000121390022048570/f20f2022_topfinancial.htm,edgar_filing,20-F,Board Diversity Matrix;Total Number of Directors;Did Not Disclose Gender,0.95,"ime as his successor takes office or until the earlier of his death, resignation or removal from office by ordinary resolution or the affirmative vote of a simple majority of the other directors present and voting at a board meeting. Board Diversity Board Diversity Matrix (As of the date of this annual report) Country of Principal Executive Offices: Hong Kong Foreign Private Issuer Yes Disclosure Prohibited Under Home Country Law No Total Number of Directors 5 Female Male Non-Binary Did Not Disclose Gender Part I: Gender Identity Directors 2 3 0 0 Part II: Demographic Background Underrepresented Individual in Home Country Jurisdiction — LGBTQ+ — 6.D. Employees We had 11 employees as of March 31, 2022. We enter into individual employment contracts with selected employees to cover matters including non-competition and confidentiality arrangements. We generally formulate our employees’ remu"
1894693,SVRE,SaverOne 2014 Ltd.,Nasdaq,Capital Market,foreign_private_issuer,L3,7371,Services-Computer Programming Services,2022-06-03,2023-06-03,1,0,published_on_time,2023-04-27,0001213900-23-033272,https://www.sec.gov/Archives/edgar/data/1894693/000121390023033272/f20f2022_saverone2014.htm,edgar_filing,20-F,Board Diversity Matrix;Total Number of Directors;Did Not Disclose Gender;Did Not Disclose Demographic Background,0.95,"s. Our board of directors has determined that we require at least one director with the requisite financial and accounting expertise and Sharon Schreiber, Shlomo Shalev and Yehoshua Abramovich have such expertise. DIVERSITY OF THE BOARD OF DIRECTORS Board Diversity Matrix (As of April 23, 2023) Country of Principal Executive Offices Israel Foreign Private Issuer Yes Disclosure Prohibited under Home Country Law No Total Number of Directors 5 Part I: Gender Identity Female Male Non- Binary Did Not Disclose Gender Directors 1 4 0 0 Part II: Demographic Background Underrepresented Individual in Home Country Jurisdiction 0 LGBTQ+ 0 Did Not Disclose Demographic Background 0 Alternate Directors Our articles of association provide, as allowed by the Companies Law, that any director may, by written notice to us, appoint another person who is qualified to serve as a director to serve as an alterna"
1826376,GSUN,Golden Sun Technology Group Ltd.,Nasdaq,Capital Market,foreign_private_issuer,China,8200,Services-Educational Services,2022-06-22,2023-06-22,1,0,published_on_time,2023-07-20,https://ir.jtyjyjt.com/images/boarddiversity.jpg,https://ir.jtyjyjt.com/images/boarddiversity.jpg,website_archive,,Board Diversity Matrix;Total Number of Directors;Gender Identity;Demographic Background,0.9,"Golden Sun Technology Group Ltd. Board Diversity Matrix. Country of Principal Executive Offices China; Foreign Private Issuer Yes; Disclosure Prohibited Under Home Country Law No. As of July 20, 2023, Total Number of Directors 7. Part I: Gender Identity: Directors Female 1, Male 6, Non-Binary 0, Did Not Disclose Gender 0. Part II: Demographic Background: Underrepresented Individual in Home Country Jurisdiction 0; LGBTQ+ 0; Did Not Disclose Demographic Background 0."
1814963,ILAG,Intelligent Living Application Group Inc.,Nasdaq,Capital Market,foreign_private_issuer,K3,2540,"Partitions, Shelvg, Lockers, & of fice & Store Fixtures",2022-07-13,2023-07-13,1,0,published_on_time,2023-04-28,0001410578-23-000841,https://www.sec.gov/Archives/edgar/data/1814963/000141057823000841/ilag-20221231x20f.htm,edgar_filing,20-F,Board Diversity Matrix;Total Number of Directors;Did Not Disclose Gender;Did Not Disclose Demographic Background,0.95,"consists of 5 directors. We have established an audit committee, a compensation committee and a corporate governance and nominating committee. Each of the committees of the board of directors has the composition and responsibilities described below. Board Diversity Matrix The following table sets forth Board level diversity statistics based on self-identification of members of our Board as of April 28, 2023. Board Diversity Matrix (As of April 28, 2023) Country of Principal Executive Offices: Hong Kong, China Foreign Private Issuer: Yes Disclosure Prohibited Under Home Country Law: No Total Number of Directors 5 Female Male Non-Binary Did Not Disclose Gender Part I: Gender Identity Directors 2 3 0 0 Part II: Demographic Background Underrepresented Individual in Home Country Jurisdiction 1 LGBTQ+ 0 Did Not Disclose Demographic Background 0 ​ Audit Committee Ms. Carina Chui, Mr. Jochem Koe"
1414767,NCPL,Netcapital Inc.,Nasdaq,Capital Market,domestic,MA,6199,Finance Services,2022-07-14,2023-07-14,1,0,published_on_time,2023-07-26,0001903596-23-000560,https://www.sec.gov/Archives/edgar/data/1414767/000190359623000560/ncpl_10-k.htm,edgar_filing,10-K,Board Diversity Matrix;Total Number of Directors;Did Not Disclose Gender;Did Not Disclose Demographic Background,0.95,"rmance awards. The terms and conditions of each other stock-based award will be determined by the 2021 Plan administrator. Payment under any other stock-based awards will be made in common stock or cash, as determined by the 2021 Plan administrator. Board Diversity Matrix Our Nominating and Corporate Governance Committee is committed to promoting diversity on our Board of Directors. We have surveyed our current directors and asked each director to self-identify their race, ethnicity, and gender using one or more of the below categories. The results of this survey as of July 26, 2023 are included in the matrix below. Board Diversity Matrix (As of July 26, 2023) Total Number of Directors: 5 Part I: Gender Identity Female Male Non-Binary Did Not Disclose Gender Directors 1 4 Part II: Demographic Background African American or Black Alaskan Native or Native American Asian Hispanic or Latinx "
1784970,NXTT,Next Technology Holding Inc.,Nasdaq,Capital Market,domestic,Japan,7374,Services-Computer Processing & Data Preparation,2022-07-19,2023-07-19,1,0,published_on_time,2023-07-14,0001477932-23-005290,https://www.sec.gov/Archives/edgar/data/1784970/000147793223005290/wetg_10k.htm,edgar_filing,10-K,Board Diversity Matrix;Total Number of Directors;Did Not Disclose Gender,0.95,"ive and experience so as to facilitate robust debate and broad thinking on strategies and tactics pursued by us. The following table provides certain information regarding the diversity of our Board of Directors as of the date of this annual report. Board Diversity Matrix (As of the date of this annual report) Country of Principal Executive Offices: China Foreign Private Issuer No Disclosure Prohibited Under Home Country Law No Total Number of Directors 5 Female Male Non-Binary Did Not Disclose Gender Part I: Gender Identity Directors 1 4 0 0 Part II: Demographic Background Underrepresented Individual in Home Country Jurisdiction — LGBTQ+ — 26 Table of Contents ITEM 11. EXECUTIVE COMPENSATION The following table sets forth certain information with respect to compensation for the years ended December 31, 2022 and 2021, earned by or paid to our chief executive officer and principal executi"
1893311,,LUXURBAN HOTELS INC.,Nasdaq,Capital Market,domestic,FL,6500,Real Estate,2022-08-12,2023-08-12,1,0,published_on_time,2023-04-18,0001829126-23-002795,https://www.sec.gov/Archives/edgar/data/1893311/000182912623002795/luxurbanhotels_def14a.htm,edgar_filing,DEF 14A,Board Diversity Matrix;Total Number of Directors;Did Not Disclose Gender;Did Not Disclose Demographic Background,0.95,"s, practical and mature business judgment, including the ability to make independent analytical inquiries, and such factors as age, sex, race, place of residence and specialized experience and any other relevant qualifications, attributes or skills. Board Diversity Matrix (As of April 18, 2023) Total Number of Directors 7 Female Male Non-Binary Did Not Disclose Gender Part I: Gender Identity Directors 1 6 0 0 Part II: Demographic Background African American or Black 0 1 0 0 Alaskan Native or Native American 0 0 0 0 Asian 0 0 0 0 Hispanic or Latinx 0 0 0 0 Native Hawaiian or Pacific Islander 0 0 0 0 White 1 5 0 0 Two or More Races or Ethnicities 0 0 0 0 LGBTQ+ 0 Did Not Disclose Demographic Background 0 15 Communications with the Board of Directors Stockholders and other interested parties who wish to communicate with the Board of Directors or any of its committees may do so by writing to"
1901305,,"Forza X1, Inc.",Nasdaq,,domestic,FL,3730,Ship & Boat Building & Repairing,2022-08-12,2023-08-12,1,0,published_on_time,2023-08-28,0001731122-23-001609,https://www.sec.gov/Archives/edgar/data/1901305/000173112223001609/e4988_def14a.htm,edgar_filing,DEF 14A,Board Diversity Matrix;Total Number of Directors;Did Not Disclose Gender;Did Not Disclose Demographic Background,0.95,"or executive officers. 7 INFORMATION REGARDING THE BOARD OF DIRECTORS AND CORPORATE GOVERNANCE Below is information regarding certain characteristics of our Board, utilizing the template included in the related Nasdaq Stock Market (“Nasdaq”) rules. Board Diversity Matrix (as of August 18, 2023) Total Number of Directors 5 Female Male Non-Binary Did Not Disclose Gender Part I: Gender Identity Directors 1 4 0 0 Part II: Demographic Background African American or Black Alaskan Native or Native American Asian Hispanic or Latinx Native Hawaiian or Pacific Islander White 1 4 Two or More Races or Ethnicities LGBTQ+ -- Did Not Disclose Demographic Background -- Board of Directors Composition Our board of directors currently consists of five members. Each of our current directors will continue to serve as a director until the election and qualification of his or her successor, or until his or her"
1857816,GCT,GigaCloud Technology Inc,Nasdaq,Global Market,domestic,CA,5961,Retail-Catalog & Mail-Order Houses,2022-08-18,2023-08-18,1,0,published_on_time,2023-04-24,0001193125-23-112830,https://www.sec.gov/Archives/edgar/data/1857816/000119312523112830/d353289d20f.htm,edgar_filing,20-F,Board Diversity Matrix;Total Number of Directors;Did Not Disclose Gender;Did Not Disclose Demographic Background,0.95,"or benefits upon termination of service. Pursuant to our seventh amended and restated memorandum and articles of association, our officers will be appointed or removed by and at the discretion of our board of directors. Board Diversity The following board diversity matrix sets forth the information concerning the gender and demographic background of our board of directors, as self-identified by its members, in accordance with Nasdaq Stock Market listing rules. Country of Principal Executive Offices Hong Kong Foreign Private Issuer Yes Disclosure Prohibited Under Home Country Law No Total Number of Directors 7 Part I: Gender Identity Female Male Non- Binary Did Not Disclose Gender Directors 0 7 0 0 Part II: Demographic Background Underrepresented Individual in Home Country Jurisdiction 7 LGBTQ+ NA Did Not Disclose Demographic Background 0 In this section, • “Diverse” means an individual w"
1914818,STBXF,Starbox Group Holdings Ltd.,Nasdaq,,foreign_private_issuer,N8,7310,Services-Advertising,2022-08-23,2023-08-23,1,0,published_on_time,2023-01-18,0001493152-23-001784,https://www.sec.gov/Archives/edgar/data/1914818/000149315223001784/form20-f.htm,edgar_filing,20-F,Board Diversity Matrix;Total Number of Directors;Did Not Disclose Gender;Did Not Disclose Demographic Background,0.95,"ysia. Ms. Law received her bachelor of law degree from the University of Sheffield, England in 2000. Board Diversity The table below provides certain information regarding the diversity of our board of directors as of the date of this annual report. Board Diversity Matrix Country of Principal Executive Offices: Malaysia Foreign Private Issuer Yes Disclosure Prohibited under Home Country Law No Total Number of Directors 5 Female Male Non- Binary Did Not Disclose Gender Part I: Gender Identity Directors 2 3 0 0 Part II: Demographic Background Underrepresented Individual in Home Country Jurisdiction 0 LGBTQ+ 0 Did Not Disclose Demographic Background 0 Family Relationships None of our directors or executive officers has a family relationship as defined in Item 401 of Regulation S-K. B. Compensation For the fiscal year ended September 30, 2022, we paid an aggregate of MYR268,800 ($62,452) as "
1811623,,"Kuvatris Therapeutics, Inc.",Nasdaq,,domestic,NY,2834,Pharmaceutical Preparations,2022-08-26,2023-08-26,1,0,published_on_time,2023-04-06,0001104659-23-042685,https://www.sec.gov/Archives/edgar/data/1811623/000110465923042685/tm2311118d2_def14a.htm,edgar_filing,DEF 14A,Board Diversity Matrix;Total Number of Directors;Did Not Disclose Gender;Did Not Disclose Demographic Background,0.95,"oard of directors candidates are chosen. The below table provides information related to the composition of our board of directors members and nominees. Each of the categories listed in the table has the meaning as it is used in Nasdaq Rule 5605(f). Board Diversity Matrix (As of March 1, 2023)* Total Number of Directors 6 Female Male Non-Binary Did Not Disclose Gender Part I: Gender Identity Directors 1 4 - 1 Part II: Demographic Background White 1 3 - - Asian - 1 - - Two or More Races or Ethnicities - - - - Did Not Disclose Demographic Background - - - 1 * Per Nasdaq’s board diversity requirements, inapplicable categories have been omitted. Board Committees Our board of directors has established an Audit Committee, a Compensation Committee, and a Nominating and Corporate Governance Committee. Our board of directors may establish other committees to facilitate the management of our busin"
1825452,ONFO,"Onfolio Holdings, Inc",Nasdaq,Capital Market,domestic,DE,7374,Services-Computer Processing & Data Preparation,2022-08-26,2023-08-26,1,0,published_on_time,2023-05-22,0001654954-23-006957,https://www.sec.gov/Archives/edgar/data/1825452/000165495423006957/onfolio_def14a.htm,edgar_filing,DEF 14A,Board Diversity Matrix;Total Number of Directors;Did Not Disclose Gender;Did Not Disclose Demographic Background,0.95,"teral for loan; and (iv) engaging in hedging or monetization transactions or similar arrangements with respect to our securities; unless unless advance approval for the transaction is obtained from the compliance officer of the policy. The following Board Diversity Matrix presents our Board diversity statistics, as voluntarily self-identified by our directors, in accordance with Nasdaq Listing Rule 5606. 17 Board Diversity Matrix (As of April 20, 2023) Total Number of Directors: 5 Female Male Non-Binary Did Not Disclose Gender Part I: Gender Identity Directors 0 5 0 0 Part II: Demographic Background African American or Black 0 0 0 0 Alaskan Native or Native American 0 0 0 0 Asian 0 0 0 0 Hispanic or Latinx 0 0 0 0 Native Hawaiian or Pacific Islander 0 0 0 0 White 0 5 0 0 Two or More Races or Ethnicities 0 0 0 0 LGBTQ+ 0 0 0 0 Did Not Disclose Demographic Background 0 0 0 0 In the process"
1757499,SHPH,"Shuttle Pharmaceuticals Holdings, Inc.",Nasdaq,Capital Market,domestic,MD,2834,Pharmaceutical Preparations,2022-08-31,2023-08-31,1,0,published_on_time,2022-11-21,0001493152-22-033175,https://www.sec.gov/Archives/edgar/data/1757499/000149315222033175/formdef14a.htm,edgar_filing,DEF 14A,Board Diversity Matrix;Board of Directors Diversity Matrix;Directors Diversity Matrix;Total Number of Directors;Did Not Disclose Gender,0.95,"and lecturer at several acclaimed universities worldwide. Her wealth of experience in research, administration and serving on boards coupled with her unique background and perspectives makes her ideally suited to serving as a member of our Board . 7 BOARD DIVERSITY matrix We believe that our Board of Directors should consist of individuals reflecting the diversity represented by our employees, customers and the communities in which we operate. The below table provides information related to the composition of our Board members and nominees. Each of the categories listed in the below table has the meaning as it is used in Nasdaq Rule 5605(f). Total Number of Directors: XX Female Male Non-Binary Did Not Disclose Gender Part I: Gender Identity Directors 1 5 - - Part II: Demographic Background African American or Black - 1 - - Alaskan Native or Native American 1 - - - Asian - 1 - - Hispanic "
1887673,WLDS,Wearable Devices Ltd.,Nasdaq,Capital Market,foreign_private_issuer,L3,3576,Computer Communications Equipment,2022-09-13,2023-09-13,1,0,published_on_time,2023-08-04,https://www.wearabledevices.co.il/_files/ugd/fd494d_b8bd0202161346f58cfc2d669130c313.pdf,https://www.wearabledevices.co.il/_files/ugd/fd494d_b8bd0202161346f58cfc2d669130c313.pdf,website_archive,,Board Diversity Matrix;Total Number of Directors;Gender Identity;Demographic Background,0.9,"Wearable Devices Ltd. Board Diversity Matrix. Company Name Wearable Devices Ltd.; Country of Principal Executive Offices State of Israel; Foreign Private Issuer Yes; Disclosure Prohibited Under Home Country Law No. As of August 4, 2023, Total Number of Directors 6. Gender Identity: Directors Female 1, Male 4, Non-Binary 0, Did Not Disclose Gender 0. Did Not Disclose Demographic Background 1."
1756701,LNKB,"LINKBANCORP, Inc.",Nasdaq,,domestic,PA,6022,State Commercial Banks,2022-09-14,2023-09-14,1,0,published_on_time,2023-04-18,0001193125-23-104985,https://www.sec.gov/Archives/edgar/data/1756701/000119312523104985/d453386ddef14a.htm,edgar_filing,DEF 14A,Board Diversity Matrix;Total Number of Directors;Did Not Disclose Gender;Did Not Disclose Demographic Background,0.95,"mpany must annually disclose information on each director’s voluntary self-identified characteristics. The table below includes information on the diversity of the Board of Directors based upon such information voluntarily provided by each director. Board Diversity Matrix (as of March 1, 2023) Board Size: Total Number of Directors 14 Female Male Non-Binary Did not Disclose Gender Part I: Gender Identity: Directors 4 10 — — Part II: Demographic Background African American or Black — — — — Alaskan Native or Native American — — — — Asian — 1 — — Hispanic or Latinx — — — — Native Hawaiian or Pacific Islander — — — — White 4 9 — — Two or More Races or Ethnicities — — — — LGBTQ+ — Did Not Disclose Demographic Background — Board Independence Based on information provided by each director concerning his or her background, employment and affiliations, LINK believes that all of the directors other"
1923840,,"Third Harmonic Bio, Inc.",Nasdaq,,domestic,CA,2834,Pharmaceutical Preparations,2022-09-15,2023-09-15,1,0,published_on_time,2023-04-24,0000950170-23-014106,https://www.sec.gov/Archives/edgar/data/1923840/000095017023014106/thrd-def_14a-2023.htm,edgar_filing,DEF 14A,Board Diversity Matrix;Total Number of Directors;Did Not Disclose Demographic Background,0.95,"d its committees. While we have not adopted a specific policy regarding Board diversity, we value diversity on a company-wide basis. The following table sets forth the diversity statistics as self-identified by the members of our Board of Directors. Board Diversity Matrix (As of April 24, 2023) Total Number of Directors 7 Female Male Non-Binary Did Not Disclose Part I: Gender Identity Directors 1 4 — 2 Part II: Demographic Background Asian — — — — White 1 2 — — Black or African American — 1 — — Two or More Races or Ethnicities 1 Did Not Disclose Demographic Background — — — 2 Committees of Our Board of Directors Our Board of Directors has established an Audit Committee, a Compensation Committee, and a Nominating and Governance Committee each of which has the composition and responsibilities described below. Members serve on these committees until their resignation or until otherwise dete"
1527352,NXL,"Nexalin Technology, Inc.",Nasdaq,Capital Market,domestic,TX,3845,Electromedical & Electrotherapeutic Apparatus,2022-09-16,2023-09-16,1,0,published_on_time,2023-10-06,0001829126-23-006467,https://www.sec.gov/Archives/edgar/data/1527352/000182912623006467/nexalintech_def14a.htm,edgar_filing,DEF 14A,Board Diversity Matrix;Total Number of Directors,0.85,"t vary based on whether a candidate is recommended by a stockholder, although, as stated above, the Board may take into consideration the number of shares held by the recommending stockholder and the length of time that such shares have been held. 8 Board Diversity Matrix The table below provides an enhanced disclosure regarding the diversity of the members of our Board of Directors. Each of the categories listed in the below table has the meaning as it is used in Nasdaq Rule 5605(f). Board Diversity Matrix (As of October 6, 2023) Total Number of Directors 5 Female Male Non-Binary Gender Undisclosed Directors - 5 - - Demographic Information: African American or Black - - - - Alaskan Native or Native American - - - - Asian - 1 - - Hispanic or Latinx - - - - Native Hawaiian or Pacific Islander - - - - White - 4 - - LGBTQ+ - - - - Attendance at Committee and Board Meetings In 2022, the Boar"
1514183,SILO,"Silo Pharma, Inc.",Nasdaq,Capital Market,domestic,FL,2834,Pharmaceutical Preparations,2022-09-28,2023-09-28,1,0,published_on_time,2023-10-23,0001013762-23-005850,https://www.sec.gov/Archives/edgar/data/1514183/000101376223005850/ea187109-def14a_silopharma.htm,edgar_filing,DEF 14A,Board Diversity Matrix;Total Number of Directors;Did Not Disclose Gender;Did Not Disclose Demographic Background,0.95,"chelor of Art degree in Political Science from John Hopkins University. We believe that Dr. Pavell is qualified to serve as a member of our board of directors due to his medical background and experience practicing in the healthcare industry. - 14 - Board Diversity Matrix Our Nominating and Corporate Governance Committee is committed to promoting diversity on our Board of Directors. We have surveyed our current directors and asked each director to self-identify their race, ethnicity, and gender using one or more of the below categories. The results of this survey as of the Record Date are included in the matrixes below. Board Diversity Matrix (As of October 10, 2023) Total Number of Directors 4 Part I: Gender Identity Female Male Non-Binary Did Not Disclose Gender Directors 4 Part II: Demographic Background African American or Black Alaskan Native or Native American Asian Hispanic or Lat"
1894562,PRME,"Prime Medicine, Inc.",Nasdaq,Global Market,domestic,MA,2836,"Biological Products, (No Diagnostic Substances)",2022-10-20,2023-10-20,1,0,published_on_time,2023-04-28,0001628280-23-013811,https://www.sec.gov/Archives/edgar/data/1894562/000162828023013811/fy2022proxystatement.htm,edgar_filing,DEF 14A,Board Diversity Matrix;Total Number of Directors,0.85,"l of our current Board members possess the professional and personal qualifications necessary for Board service and have highlighted particularly noteworthy attributes for each Board member in the individual biographies above. 10 Board Diversity The Board diversity matrix below provides the diversity statistics for our Board as of April 28, 2023: Total Number of Directors: 7 Part I: Gender Identity Female Male Non-Binary Did Not Disclose Part II: Demographic Background African American or Black 1 1 Alaskan Native or Native American Asian Hispanic or Latinx Native Hawaiian or Pacific Islander White 3 Two or More Races or Ethnicities 1 LGBTQ+ Did Not Disclose 1 Director Independence Our common stock is listed on the Nasdaq Global Market. Under the Nasdaq listing rules, independent directors must comprise a majority of a listed company’s board of directors within twelve months from the date"
1910139,MBLY,Mobileye Global Inc.,Nasdaq,Global Select,domestic,Israel,7372,Services-Prepackaged Software,2022-10-26,2023-10-26,1,0,published_on_time,2023-04-28,0001104659-23-052939,https://www.sec.gov/Archives/edgar/data/1910139/000110465923052939/tm2311724d2_def14a.htm,edgar_filing,DEF 14A,Board Matrix;Did Not Disclose Gender,0.85,"set forth in our Corporate Governance Guidelines, the Nominating and Corporate Governance Committee and the Board periodically review and assess the effectiveness of these practices for considering potential director candidates. 5 TABLE OF CONTENTS Board Matrix Listed below is detailed information regarding Board diversity required by Nasdaq’s listing standards. ​ ​ ​ Female ​ ​ Male ​ ​ Non-Binary ​ ​ Did Not Disclose Gender ​ Gender Diversity ​ ​ ​ ​ ​ ​ ​ ​ ​ ​ ​ ​ ​ ​ ​ ​ ​ ​ ​ Directors ​ ​ ​ ​ 2 ​ ​ ​ ​ ​ 6 ​ ​ ​ ​ ​ ​ ​ ​ Racial/Ethnic/Nationality/Other Forms of Diversity ​ ​ ​ ​ ​ ​ ​ ​ ​ ​ ​ ​ ​ ​ ​ ​ ​ ​ ​ African American/Black ​ ​ ​ ​ ​ ​ ​ ​ ​ ​ 1 ​ ​ ​ ​ ​ ​ ​ ​ Alaskan Native/Native American ​ ​ ​ ​ ​ ​ ​ ​ ​ ​ ​ ​ ​ ​ ​ ​ ​ ​ ​ Asian/South Asian ​ ​ ​ ​ ​ ​ ​ ​ ​ ​ ​ ​ ​ ​ ​ ​ ​ ​ ​ Hispanic/Latinx ​ ​ ​ ​ ​ ​ ​ ​ ​ ​ ​ ​ ​ ​ ​ ​ ​ ​ ​ Native Hawaiian/Pacific Islander ​ ​"
1886894,SNAL,"Snail, Inc.",Nasdaq,Capital Market,domestic,CA,7372,Services-Prepackaged Software,2022-11-10,2023-11-10,1,0,published_on_time,2023-04-28,0001104659-23-052917,https://www.sec.gov/Archives/edgar/data/1886894/000110465923052917/tm239057-1_def14a.htm,edgar_filing,DEF 14A,Board Diversity Matrix;Total Number of Directors;Did Not Disclose Gender;Did Not Disclose Demographic Background,0.95,"tted to diversity and inclusion, and the highly diverse nature of our Board reflects that commitment. We believe that a variety of experiences and points of view contributes to a more effective decision-making process. 11 TABLE OF CONTENTS The below Board Diversity Matrix reports self-identified diversity statistics for the Board in the format required by Nasdaq’s rules. ​ Board Diversity Matrix (as of April 28, 2023) ​ ​ Total Number of Directors ​ ​ 7 ​ ​ ​ ​ ​ Female ​ ​ ​ Male ​ ​ ​ Non- Binary ​ ​ ​ Did Not Disclose Gender ​ ​ ​ Part I: Gender Identity ​ ​ ​ ​ ​ ​ ​ ​ ​ ​ ​ ​ ​ ​ Directors ​ ​ 3 ​ ​ 4 ​ ​ 0 ​ ​ 0 ​ ​ Part II: Demographic Background ​ ​ ​ ​ ​ ​ ​ ​ ​ ​ ​ ​ ​ ​ African American or Black ​ ​ 0 ​ ​ 0 ​ ​ 0 ​ ​ 0 ​ ​ Alaskan Native or Native American ​ ​ 0 ​ ​ 0 ​ ​ 0 ​ ​ 0 ​ ​ Asian ​ ​ 2 ​ ​ 3 ​ ​ 0 ​ ​ 0 ​ ​ Hispanic or Latinx ​ ​ 0 ​ ​ 0 ​ ​ 0 ​ ​ 0 ​ ​ Native Hawaii"
1921865,ASPI,ASP Isotopes Inc.,Nasdaq,Capital Market,domestic,TX,2890,Miscellaneous Chemical Products,2022-11-10,2023-11-10,1,0,published_on_time,2023-10-23,https://ir.aspisotopes.com/corporate-governance/board-diversity-matrix,https://ir.aspisotopes.com/corporate-governance/board-diversity-matrix,website_archive,,Board Diversity Matrix;Total Number of Directors;Gender Identity;Demographic Background,0.85,"ASP Isotopes Inc. Board Diversity Matrix as of October 23, 2023. Total Number of Directors 6. Part I: Gender Identity: Directors Female 0, Male 6, Non-Binary 0, Did Not Disclose Gender 0. Part II: Demographic Background categories include African American or Black, Alaskan Native or American Native, Asian, Hispanic or Latinx, Native Hawaiian or Pacific Islander, with no directors reported in those categories in the indexed primary page excerpt."
1781174,ACRV,"Acrivon Therapeutics, Inc.",Nasdaq,Global Market,domestic,MA,2834,Pharmaceutical Preparations,2022-11-15,2023-11-15,1,0,published_on_time,2023-05-01,0000950170-23-016268,https://www.sec.gov/Archives/edgar/data/1781174/000095017023016268/acrivon_proxy_2023.htm,edgar_filing,DEF 14A,Board Diversity Matrix;Total Number of Directors;Did Not Disclose Gender;Did Not Disclose Demographic Background,0.95,ote 2 Quorum 2 Voting Methods 3 Vote Requirements 3 How your Shares will be Voted 3 Revocability of Proxies 4 Solicitation of Proxies 4 Proposal No. 1: Election of the Class I Director 5 Overview 5 Director Qualifications 5 Stockholder Nominations 6 Board Diversity Matrix 6 Nominee and Continuing Directors 6 Corporate Governance and Our Board of Directors 12 Board Leadership and Governance Structure 12 Board Committees 13 Meeting Attendance 16 Other Governance Matters 16 Communications with the Board 17 Director Compensation 18 Proposal No. 2: Ratification of Appointment of Independent Registered Public Accounting Firm 20 Relationship with Independent Registered Public Accounting Firm 20 Audit Committee Pre-Approval Policies and Procedures 21 Audit Committee Report 21 Executive Officers 22 Executive Compensation 23 Ownership Of Our Common Stock 29 Certain Relationships And Related Person
1889823,DFSC,DEFSEC Technologies Inc.,Nasdaq,Capital Market,foreign_private_issuer,"Ontario, Canada",7372,Services-Prepackaged Software,2022-12-08,2023-12-08,1,0,published_on_time,2023-01-27,0001062993-23-001487,https://www.sec.gov/Archives/edgar/data/1889823/000106299323001487/form20f.htm,edgar_filing,20-F,Board Diversity Matrix;Total Number of Directors;Did Not Disclose Gender,0.95,"as Interim CEO and as a director of Foremost Ventures Corp., a position he held from 2018 until the Qualifying Transaction with KWESST Inc. Finally, Mr. McCoach is an active crew member, and Vice Chairman of, Royal Canadian Marine Search and Rescue. Board Diversity Matrix Board Diversity Matrix (As of January 27, 2023) Country of Principal Executive Offices: Canada Foreign Private Issuer Yes Disclosure Prohibited under Home Country Law No Total Number of Directors 5 Female Male Non-Binary Did Not Disclose Gender Part I: Gender Identity Directors 0 5 - - Part II: Demographic Background Under-represented person in Home Country 0 LGBTQ+ 0 White 5 57 While we have not adopted a formal board diversity policy, we are mindful of the benefit that diversity can provide in maximizing the effectiveness and decision-making abilities of our board. In this regard, we are committed to increasing divers"
1825875,RAYA,Erayak Power Solution Group Inc.,Nasdaq,Capital Market,foreign_private_issuer,F4,3621,Motors & Generators,2022-12-14,2023-12-14,1,0,published_on_time,2023-05-15,0001213900-23-039841,https://www.sec.gov/Archives/edgar/data/1825875/000121390023039841/f20f2022_erayakpow.htm,edgar_filing,20-F,Board Diversity Matrix;Total Number of Directors;Did Not Disclose Gender,0.95,"ive and experience so as to facilitate robust debate and broad thinking on strategies and tactics pursued by us. The following table provides certain information regarding the diversity of our Board of Directors as of the date of this annual report. Board Diversity Matrix (As of the date of this annual report) Country of Principal Executive Offices: China Foreign Private Issuer Yes Disclosure Prohibited Under Home Country Law No Total Number of Directors 5 Female Male Non-Binary Did Not Disclose Gender Part I: Gender Identity Directors 2 3 0 0 Part II: Demographic Background Underrepresented Individual in Home Country Jurisdiction — LGBTQ+ — 91 6.D. Employees As of December 31, 2021 and December 31, 2022, we have a total of 132 employees in the following departments: As of December 31, 2022 Administration 18 Research and Development 23 Manufacture 82 Business Operations 9 Total 132 Our e"
1347242,LIPO,LIPELLA PHARMACEUTICALS INC.,Nasdaq,,domestic,PA,2834,Pharmaceutical Preparations,2022-12-20,2023-12-20,1,0,published_on_time,2023-10-10,0001753926-23-001309,https://www.sec.gov/Archives/edgar/data/1347242/000175392623001309/g083786_def14a.htm,edgar_filing,DEF 14A,Board Diversity Matrix;Total Number of Directors;Did Not Disclose Demographic Background,0.95,"Board Composition and Diversity The following table sets forth certain diversity statistics as self-reported by the current members of the Board. Each of the categories listed in the below table has the meaning as it is used in the Nasdaq Rules. 15 Board Diversity Matrix for Lipella Pharmaceuticals Inc. (As of September 30, 2023) Total Number of Directors 7 Female Male Non-Binary Did Not Disclosure Gender Part I: Gender Identity Directors 1 6 — — Part II: Demographic Background African American or Black — — — — Alaskan Native or Native American — — — — Asian — 2 — — Hispanic or Latinx — — — — Native Hawaiian or Pacific Islander — — — — White 1 4 — — Two or More Races or Ethnicities — — — — LGBTQ+ — Did Not Disclose Demographic Background — Board Meetings and Attendance During the 2022 fiscal year, the Board conducted all matters by a unanimous written consent and did not have any board m"
1835022,COYA,"Coya Therapeutics, Inc.",Nasdaq,Capital Market,domestic,TX,2834,Pharmaceutical Preparations,2022-12-29,2023-12-29,1,0,published_on_time,2023-05-19,0001193125-23-149377,https://www.sec.gov/Archives/edgar/data/1835022/000119312523149377/d403468ddef14a.htm,edgar_filing,DEF 14A,Board Diversity Matrix;Total Number of Directors;Did Not Disclose Gender;Did Not Disclose Demographic Background,0.95,"ders through his or her established record of professional accomplishment, the ability to contribute positively to the collaborative culture among board members, knowledge of our business and understanding of the competitive landscape. The following Board Diversity Matrix presents our Board diversity statistics in accordance with Nasdaq Rule 5606. The information is based on our directors’ self-reporting and reflects compliance with the objectives of Nasdaq Rule 5605(f)(3) by having at least one director who identifies as female and at least one director who identifies as a member of an Underrepresented Minority or LGBTQ+ (as defined by Nasdaq Rules). As we pursue future Board recruitment efforts, our Nominating and Corporate Governance Committee will continue to seek candidates who can contribute to the diversity of views and perspectives of the Board. This includes seeking 12 Table of "
1937993,CVKD,"Cadrenal Therapeutics, Inc.",Nasdaq,Capital Market,domestic,FL,2834,Pharmaceutical Preparations,2023-01-20,2024-01-20,1,0,published_on_time,2023-08-28,0001213900-23-071281,https://www.sec.gov/Archives/edgar/data/1937993/000121390023071281/ea184268-def14a_cadrenal.htm,edgar_filing,DEF 14A,Board Diversity Matrix;Total Number of Directors;Did Not Disclose Gender;Did Not Disclose Demographic Background,0.95,"officers. 9 INFORMATION REGARDING THE BOARD OF DIRECTORS AND CORPORATE GOVERNANCE Below is information regarding certain characteristics of our Board of Directors, utilizing the template included in the related Nasdaq Stock Market (“Nasdaq”) rules. Board Diversity Matrix (as of August 25, 2023) Total Number of Directors 5 Female Male Non-Binary Did Not Disclose Gender Part I: Gender Identity 0 5 Directors Part II: Demographic Background African American or Black Alaskan Native or Native American Asian 1 Hispanic or Latinx Native Hawaiian or Pacific Islander White 4 Two or More Races or Ethnicities LGBTQ+ 0 Did Not Disclose Demographic Background Independence of the Board of Directors Under the rules of Nasdaq, independent directors must comprise a majority of our Board of Directors. The rules of Nasdaq, as well as those of the SEC, impose several requirements with respect to the independ"
1932770,HERE,Here Group Ltd,Nasdaq,Global Market,foreign_private_issuer,China,5945,"Retail-Hobby, Toy & Game Shops",2023-01-25,2024-01-25,1,0,published_on_time,2023-10-27,0001013762-23-007052,https://www.sec.gov/Archives/edgar/data/1932770/000101376223007052/f20f2023_quantasing.htm,edgar_filing,20-F,Board Diversity Matrix;Total Number of Directors;Did Not Disclose Demographic Background,0.95,"uncalled capital or any part thereof, to issue debentures, debenture stock and other securities, whether outright or as collateral security for any debt, liability or obligation of the company or of any third party. 110 Board Diversity The following board diversity matrix sets forth the information concerning the gender, demographic background and certain other characteristics of our board of directors as of the date of this annual report, as self-identified by its members, in accordance with Rule 5606 of the Nasdaq Listing Rules. Country of Principal Executive Offices People’s Republic of China Foreign Private Issuer Yes Disclosure Prohibited under Home Country Law No Total Number of Directors 7 Did Not Disclose Female Male Non-Binary Gender Part I: Gender Identity Directors 2 5 0 0 Part II: Demographic Background Underrepresented Individual in Home Country Jurisdiction 0 LGBTQ+ 0 Did N"
1231457,GNLX,GENELUX Corp,Nasdaq,Capital Market,domestic,CA,2834,Pharmaceutical Preparations,2023-01-26,2024-01-26,1,0,published_on_time,2023-07-20,0001493152-23-025087,https://www.sec.gov/Archives/edgar/data/1231457/000149315223025087/formdef14a.htm,edgar_filing,DEF 14A,Board Diversity Matrix;Total Number of Directors;Did Not Disclose Gender;Did Not Disclose Demographic Background,0.95,"elieve Mr. Zindrick’s extensive experience managing and leading companies within the pharmaceutical and biotechnology industries qualify him to serve on our Board. Board Diversity The following matrix provides the diversity statistics for our Board. Board Diversity Matrix (As of July 20, 2023) Total Number of Directors 5 Female Male Non- Binary Did Not Disclose Gender Part I: Gender Identity Directors 1 3 - - Part II: Demographic Background African American or Black - - - - Alaskan Native or Native American - - - - Asian - 1 - - Hispanic or Latinx - - - - Native Hawaiian or Pacific Islander - - - - White 1 2 - - Two or More Races or Ethnicities - - - - LGBTQ+ - Did Not Disclose Demographic Background - information regarding the board of directors and corporate governance Independence of the Board of Directors As required under the listing rules of The Nasdaq Stock Market LLC (“Nasdaq”) ,"
1945711,LVROF,Lavoro Ltd,Nasdaq,,foreign_private_issuer,Brazil,5900,Retail-Miscellaneous Retail,2023-02-03,2024-02-03,1,0,published_on_time,2023-11-01,0001945711-23-000004,https://www.sec.gov/Archives/edgar/data/1945711/000194571123000004/lvro-20230630.htm,edgar_filing,20-F,Board Diversity Matrix;Total Number of Directors;Did Not Disclose Gender;Did Not Disclose Demographic Background,0.95,"Related Party Transactions—A. Major Shareholders.” Board Diversity The following matrix outlines the gender identity and the demographic background of the members of our board of directors in accordance with the Nasdaq rules to which we are subject: Board Diversity Matrix (as of June 30, 2023) Country of Principal Executive Offices: Brazil Foreign Private Issuer: Yes (the Cayman Islands) Disclosure Prohibited under Home Country Law: No Total Number of Directors: 7 Part I: Gender Identity Female Male Non-Binary Did Not Disclose Gender Directors: 1 6 Part II: Demographic Background Underrepresented Individual in Home Country Jurisdiction: LGBTQ+: Did not Disclose Demographic Background: 7 140 B. Compensation Compensation of Directors and Officers Under Cayman Islands law, we are not required to disclose compensation paid to our senior management on an individual basis and we have not other"
1852131,NXT,Nextpower Inc.,Nasdaq,Global Select,domestic,CA,3674,Semiconductors & Related Devices,2023-02-09,2024-02-09,1,0,published_on_time,2023-07-31,0001140361-23-036830,https://www.sec.gov/Archives/edgar/data/1852131/000114036123036830/ny20009782x1_def14a.htm,edgar_filing,DEF 14A,Board Diversity Matrix;Total Number of Directors;Did Not Disclose Gender;Did Not Disclose Demographic Background,0.95,"pability with respect to the directors serving on the Board. The Board considers each candidate’s ability to contribute to the diversity of the Board (including diversity of experience, viewpoints, backgrounds, gender, race and ethnicity). The below Board Diversity Matrix reports self-identified diversity statistics for the Board in the format required by the Nasdaq rules. Board Diversity Matrix (as of June 30, 2023) Total Number of Directors ​ ​ 13 ​ ​ Female ​ ​ Male ​ ​ Non-Binary ​ ​ Did Not Disclose Gender Part I: Gender Identity ​ ​ ​ ​ ​ ​ ​ ​ Directors ​ ​ 3 ​ ​ 10 ​ ​ 0 ​ ​ 0 Part II: Demographic Background ​ ​ ​ ​ ​ ​ ​ ​ African American or Black ​ ​ 1 ​ ​ 0 ​ ​ 0 ​ ​ 0 Alaskan Native or Native American ​ ​ 0 ​ ​ 0 ​ ​ 0 ​ ​ 0 Asian ​ ​ 0 ​ ​ 1 ​ ​ 0 ​ ​ 0 Hispanic or Latinx ​ ​ 0 ​ ​ 0 ​ ​ 0 ​ ​ 0 Native Hawaiian or Pacific Islander ​ ​ 0 ​ ​ 0 ​ ​ 0 ​ ​ 0 White ​ ​ 2 ​ ​ 9 ​"
1861737,HSAI,Hesai Group,Nasdaq,Global Select,foreign_private_issuer,F4,3569,"General Industrial Machinery & Equipment, NEC",2023-02-09,2024-02-09,1,0,published_on_time,2023-04-20,0001104659-23-047439,https://www.sec.gov/Archives/edgar/data/1861737/000110465923047439/hsai-20221231x20f.htm,edgar_filing,20-F,Board Diversity Matrix;Total Number of Directors;Did Not Disclose Gender;Did Not Disclose Demographic Background,0.95,"rectors resolve that his or her office be vacated, or (v) is removed from office pursuant to any other provision of our articles of association. Our officers are elected by and serve at the discretion of our board of directors. 105 Table of Contents Board Diversity Matrix ​ ​ Board Diversity Matrix (As of February 28, 2023) Country of Principal Executive Offices PRC Foreign Private Issuer Yes Disclosure Prohibited Under Home Country Law No Total Number of Directors 7 Female Male Non-Binary Did Not Disclose Gender Part I: Gender Identity ​ ​ ​ ​ ​ ​ ​ ​ Directors ​ 3 ​ 4 ​ N /A ​ N /A Part II: Demographic Background ​ ​ ​ ​ Underrepresented Individual in Home Country Jurisdiction ​ ​ ​ ​ 0 LGBTQ+ ​ ​ ​ ​ 0 Did Not Disclose Demographic Background ​ ​ ​ ​ 0 ​ D. Employees We had a total of 1,020 employees as of December 31, 2022, of which 75 held doctorate degrees. The following table sets "
1922641,ENLT,Enlight Renewable Energy Ltd.,Nasdaq,Global Select,foreign_private_issuer,L3,4911,Electric Services,2023-02-10,2024-02-10,1,0,published_on_time,2023-03-30,0001178913-23-001223,https://www.sec.gov/Archives/edgar/data/1922641/000117891323001223/zk2329436.htm,edgar_filing,20-F,Board Diversity Matrix;Total Number of Directors;Did Not Disclose Gender;Did Not Disclose Demographic Background,0.95,"anof (2009) Ltd., as general manager of Bank Hapoalim in the United States and as general manager of Bank Otsar Hachayal. Mr. Furman holds a B.A. in Economics and Political Science and a M.A. in Business Administration both from Tel Aviv University. Board Diversity Matrix The table below provides certain information regarding the diversity of our board of directors as of the date of this Annual Report. Board Diversity Matrix As of the date of this Annual Report Country of Principal Executive Offices: Israel Foreign Private Issuer Yes Disclosure Prohibited under Home Country Law No Total Number of Directors 8 Female Male Non-Binary/Transgender Did Not Disclose Gender Part I: Gender Identity Directors 2 6 0 0 Part II: Demographic Background Underrepresented Individual in Home Country Jurisdiction 0 LGBTQ+ 0 Did Not Disclose Demographic Background 0 B. Compensation Directors . Under the Com"
1935172,AIXI,Xiao-I Corp,Nasdaq,Global Market,foreign_private_issuer,F4,7372,Services-Prepackaged Software,2023-03-09,2024-03-09,1,0,published_on_time,2023-04-28,0001213900-23-033683,https://www.sec.gov/Archives/edgar/data/1935172/000121390023033683/f20f2022_xiaoicorp.htm,edgar_filing,20-F,Board Diversity Matrix;Total Number of Directors;Did Not Disclose Gender;Did Not Disclose Demographic Background,0.95,"aculty of the Sloan School of Management at Massachusetts Institute of Technology from 1981 to 1984. Board Diversity The table below provides certain information regarding the diversity of our board of directors as of the date of this annual report. Board Diversity Matrix Country of Principal Executive Offices China Foreign Private Issuer Yes Disclosure Prohibited Under Home Country Law No Total Number of Directors 5 Part I: Gender Identity Female Male Non-Binary Did Not Disclose Gender Directors 1 4 0 0 Part II: Demographic Background Underrepresented Individual in Home Country Jurisdiction 1 LGBTQ+ 0 Did Not Disclose Demographic Background 0 86 Family Relationships There are no family relationships among the directors and executive officers of the Company. B. Compensation. Compensation of Directors and Executive Officers For the fiscal year ended December 31, 2021, we paid an aggregate"
1854572,IZM,ICZOOM Group Inc.,Nasdaq,Capital Market,foreign_private_issuer,F4,5731,"Retail-Radio, Tv & Consumer Electronics Stores",2023-03-15,2024-03-15,1,0,published_on_time,2023-10-31,0001213900-23-081728,https://www.sec.gov/Archives/edgar/data/1854572/000121390023081728/f20f2023_iczoom.htm,edgar_filing,20-F,Board Diversity Matrix;Total Number of Directors;Did Not Disclose Gender;Did Not Disclose Demographic Background,0.95,"to mortgage or charge our undertakings and property or any part thereof, to issue debentures, debenture stock and other securities whenever money is borrowed or as security for any debt, liability or obligation of the company or of any third party. Board Diversity Matrix Board Diversity Matrix (As of October 31, 2023) Country of Principal Executive Offices People’s Republic of China Foreign Private Issuer Yes Disclosure Prohibited Under Home Country Law No Total Number of Directors 5 Part I: Gender Identity Female Male Non-Binary Did Not Disclose Gender Directors 1 4 0 0 Part II: Demographic Background Underrepresented Individual in Home Country Jurisdiction 0 LGBTQ+ 0 Did Not Disclose Demographic Background 0 D. Employees As of the date of this Annual Report, we have a total of 109 full-time employees, of which 13 are in research and development, 27 are in sales and marketing, 41 are in"
1944902,OMH,Ohmyhome Ltd,Nasdaq,Capital Market,foreign_private_issuer,U0,6531,Real Estate Agents & Managers (For Others),2023-03-21,2024-03-21,1,0,published_on_time,2023-04-27,0001493152-23-013845,https://www.sec.gov/Archives/edgar/data/1944902/000149315223013845/form20-f.htm,edgar_filing,20-F,Board Diversity Matrix;Total Number of Directors;Did Not Disclose Gender,0.95,"ime as his successor takes office or until the earlier of his death, resignation or removal from office by ordinary resolution or the affirmative vote of a simple majority of the other directors present and voting at a board meeting. Board Diversity Board Diversity Matrix (As of the date of this annual report) Country of Principal Executive Offices: Singapore Foreign Private Issuer Yes Disclosure Prohibited Under Home Country Law No Total Number of Directors 6 Female Male Non-Binary Did Not Disclose Gender Part I: Gender Identity Directors 2 4 0 0 Part II: Demographic Background Underrepresented Individual in Home Country Jurisdiction — LGBTQ+ — 6.D. Employees We employed 48 persons as December 31, 2022, 49 persons as of December 31, 2021, and 43 persons as of December 31, 2020, who were mostly located in Singapore. Our employees are not covered by collective bargaining agreements. We co"
1914805,BANL,CBL International Ltd,Nasdaq,Capital Market,foreign_private_issuer,N8,5172,Wholesale-Petroleum & Petroleum Products (No Bulk Stations),2023-03-23,2024-03-23,1,0,published_on_time,2024-04-18,0001493152-24-015142,https://www.sec.gov/Archives/edgar/data/1914805/000149315224015142/form20-f.htm,edgar_filing,20-F,Board Diversity Matrix;Total Number of Directors;Did Not Disclose Gender;Did Not Disclose Demographic Background,0.95,"d the composition of our board of directors has remained unchanged since then. The table below provides certain information regarding the diversity of our board of directors as of March 23, 2023, December 31, 2023 and the date of this annual report. Board Diversity Matrix Country of Principal Executive Office Malaysia Foreign Private Issuer Yes Disclosure Prohibited Under Home Country Law No Total Number of Directors 7 Part I: Gender Identity Female Male Non-Binary Did Not Disclose Gender 1 6 0 0 Part II: Demographic Background ● Underrepresented individual in home country jurisdiction 0 ● LGBTQ+ 0 ● Did not disclose demographic background 7 As at the date of this report, the number of Directors who are male and female are six and one, respectively. Our Company is in the course of identifying suitable female board candidates and intends to have at least two diverse Directors by December "
1329606,CETY,"Clean Energy Technologies, Inc.",Nasdaq,Capital Market,domestic,CA,4924,Natural Gas Distribution,2023-03-24,2024-03-24,1,0,published_on_time,2024-04-17,0001493152-24-014897,https://www.sec.gov/Archives/edgar/data/1329606/000149315224014897/form10-k.htm,edgar_filing,10-K,Board Diversity Matrix,0.85,"any of our nominees or directors and any other person pursuant to which any of our nominees or directors have been selected for their respective positions. No nominee or director is related to any executive officer or any other nominee or director. Board Diversity Matrix (As of April 15, 2024) Did Not Disclose Female Male Gender Gender Identity Directors 1 4 0 Demographic Background Asian 0 2 0 White 1 2 0 Corporate Governance Director Attendance at Meetings of the Board of Directors Our Board of Directors held 4 meetings during the fiscal year ended December 31, 2023. Each of our incumbent directors attended at least 75.0% of the aggregate total number of meetings of our Board of Directors held during the period for which he served as a director. Director Attendance at Annual Meetings of the Shareholders Although we have no policy with regard to attendance by the members of our Board of"
1837821,ZJYL,Jin Medical International Ltd.,Nasdaq,Capital Market,foreign_private_issuer,F4,3842,"Orthopedic, Prosthetic & Surgical Appliances & Supplies",2023-03-28,2024-03-28,1,0,published_on_time,2024-04-26,0001213900-24-036700,https://www.sec.gov/Archives/edgar/data/1837821/000121390024036700/f20f2023_jinmedical.htm,edgar_filing,20-F,Board Diversity Matrix;Total Number of Directors;Did Not Disclose Gender;Did Not Disclose Demographic Background,0.95,"gs To the best of our knowledge, none of our directors or executive officers has, during the past 10 years, been involved in any legal proceedings described in subparagraph (f) of Item 401 of Regulation S-K. 97 Diversity Matrix of Board of Directors Board Diversity Matrix as at the date of this Annual Report Country of Principal Executive Offices: China Foreign Private Issuer Yes Disclosure Prohibited Under Home Country Law No Total Number of Directors 5 Female Male Non-Binary Did Not Disclose Gender Part I: Gender Identity Directors 1 4 0 0 Part II: Demographic Background Underrepresented Individual in China 3 LGBTQ+ 0 Did Not Disclose Demographic Background 0 B. Compensation Compensation of Directors and Executive Officers The following table sets forth certain information with respect to compensation for the fiscal year ended September 30, 2023, earned by or paid to our chief executiv"
1855557,HLP,Hongli Group Inc.,Nasdaq,Capital Market,foreign_private_issuer,China,3569,"General Industrial Machinery & Equipment, NEC",2023-03-29,2024-03-29,1,0,published_on_time,2023-05-16,0001213900-23-040060,https://www.sec.gov/Archives/edgar/data/1855557/000121390023040060/f20f2022_hongli.htm,edgar_filing,20-F,Board Diversity Matrix;Total Number of Directors;Did Not Disclose Gender;Did Not Disclose Demographic Background,0.95,"to mortgage or charge our undertakings and property or any part thereof, to issue debentures, debenture stock and other securities whenever money is borrowed or as security for any debt, liability or obligation of the company or of any third party. Board Diversity Matrix Board Diversity Matrix (As of May 15, 2022) Country of Principal Executive Offices People’s Republic of China Foreign Private Issuer Yes Disclosure Prohibited Under Home Country Law No Total Number of Directors 4 Part I: Gender Identity Female Male Non-Binary Did Not Disclose Gender Directors 1 3 0 0 Part II: Demographic Background Underrepresented Individual in Home Country Jurisdiction 0 LGBTQ+ 0 Did Not Disclose Demographic Background 0 D. Employees As of the date of this Annual Report, we have a total of 207 full-time employees, of which 144 are in manufacturing department, 25 are in research and development departme"
1825349,CHSN,Chanson International Holding,Nasdaq,Capital Market,foreign_private_issuer,F4,2000,Food and Kindred Products,2023-03-30,2024-03-30,1,0,published_on_time,2023-05-01,0001213900-23-034610,https://www.sec.gov/Archives/edgar/data/1825349/000121390023034610/f20f2022_chansoninter.htm,edgar_filing,20-F,Board Diversity Matrix;Total Number of Directors;Did Not Disclose Gender;Did Not Disclose Demographic Background,0.95,"University in 2015 and his Master in Science in Financial Management from Boston University in 2017. Board Diversity The table below provides certain information regarding the diversity of our board of directors as of the date of this annual report. Board Diversity Matrix Country of Principal Executive Offices: China Foreign Private Issuer Yes Disclosure Prohibited under Home Country Law No Total Number of Directors 5 Female Male Non- Binary Did Not Disclose Gender Part I: Gender Identity Directors 0 5 0 0 Part II: Demographic Background Underrepresented Individual in Home Country Jurisdiction 0 LGBTQ+ 0 Did Not Disclose Demographic Background 0 Family Relationships None of our directors or executive officers has a family relationship as defined in Item 401 of Regulation S-K. 110 Controlled Company Mr. Gang Li, our chief executive officer, director, and chairman, currently beneficially o"
1742341,HKIT,HiTek Global Inc.,Nasdaq,Capital Market,foreign_private_issuer,F4,7372,Services-Prepackaged Software,2023-03-31,2024-03-31,1,0,published_on_time,2023-04-27,0001213900-23-032977,https://www.sec.gov/Archives/edgar/data/1742341/000121390023032977/f20f2022_hitekglobalinc.htm,edgar_filing,20-F,Board Diversity Matrix;Total Number of Directors;Did Not Disclose Gender;Did Not Disclose Demographic Background,0.95,"s, including reviewing the adequacy and effectiveness of our procedures to ensure proper compliance. Board Diversity The table below provides certain information regarding the diversity of our board of directors as of the date of this annual report. Board Diversity Matrix Country of Principal Executive Offices: China Foreign Private Issuer Yes Disclosure Prohibited under Home Country Law No Total Number of Directors 5 Female Male Non- Binary Did Not Disclose Gender Part I: Gender Identity Directors 1 4 0 0 Part II: Demographic Background Underrepresented Individual in Home Country Jurisdiction 0 LGBTQ+ 0 Did Not Disclose Demographic Background 0 Family Relationships None of our directors or executive officers has a family relationship as defined in Item 401 of Regulation S-K. D. Employees We had 60, 66 and 75 employees as of December 31, 2022, 2021 and 2020, respectively. The following t"
1863218,SFWL,SHENGFENG DEVELOPMENT Ltd,Nasdaq,Capital Market,foreign_private_issuer,F4,4210,Trucking & Courier Services (No Air),2023-03-31,2024-03-31,1,0,published_on_time,2023-05-01,0001213900-23-034752,https://www.sec.gov/Archives/edgar/data/1863218/000121390023034752/f20f2022_shengfeng.htm,edgar_filing,20-F,Board Diversity Matrix;Total Number of Directors;Did Not Disclose Gender;Did Not Disclose Demographic Background,0.95,"because of his knowledge and extensive experience in financial, accounting, governance and business. Board Diversity The table below provides certain information regarding the diversity of our board of directors as of the date of this annual report. Board Diversity Matrix Country of Principal Executive Offices: China Foreign Private Issuer Yes Disclosure Prohibited under Home Country Law No Total Number of Directors 5 Female Male Non- Binary Did Not Disclose Gender Part I: Gender Identity Directors 2 3 0 0 Part II: Demographic Background Underrepresented Individual in Home Country Jurisdiction 0 LGBTQ+ 0 Did Not Disclose Demographic Background 0 112 Family Relationships None of our directors or executive officers has a family relationship as defined in Item 401 of Regulation S-K. Controlled Company Mr. Yongxu Liu, our chief executive officer, president and chairman of the board of direct"
1946216,,"SYLA Technologies Co., Ltd.",Nasdaq,,foreign_private_issuer,M0,6500,Real Estate,2023-03-31,2024-03-31,1,0,published_on_time,2023-04-18,0001493152-23-012779,https://www.sec.gov/Archives/edgar/data/1946216/000149315223012779/form20-f.htm,edgar_filing,20-F,Board Diversity Matrix;Total Number of Directors;Did Not Disclose Gender;Did Not Disclose Demographic Background,0.95,"five or fewer members, is required to have at least one diverse board member or explain the reasons for not meeting this objective by the end of 2022. The table below provides certain demographic information regarding our current board of directors: Board Diversity Matrix (As of April 7, 2023) Country of Principal Executive Offices Japan Foreign Private Issuer Yes Disclosure Prohibited under Home Country Law No Total Number of Directors 2 Female Male Non-Binary Did Not Disclose Gender Part I: Gender Identity Directors - 2 - - Part II: Demographic Background Underrepresented Individual in Home Country Jurisdiction - LGBTQ+ - Did Not Disclose Demographic Background - While we have not adopted a formal board diversity policy, we are mindful of the benefit that diversity can provide in maximizing the effectiveness and decision-making abilities of our board. In this regard, we are committed t"
1903995,MGIH,Millennium Group International Holdings Ltd,Nasdaq,Capital Market,foreign_private_issuer,K3,2750,Commercial Printing,2023-04-04,2024-04-04,1,0,published_on_time,2023-10-30,0001213900-23-081558,https://www.sec.gov/Archives/edgar/data/1903995/000121390023081558/f20f2023_millennium.htm,edgar_filing,20-F,Board Diversity Matrix;Total Number of Directors;Did Not Disclose Gender,0.95,"round, perspective and experience so as to facilitate robust debate and broad thinking on strategies and tactics pursued by us. The following table provides certain information regarding the diversity of our Board of Directors as of the date hereof. Board Diversity Matrix (As of the date hereof) Country of Principal Executive Offices: Hong Kong Foreign Private Issuer Yes Disclosure Prohibited Under Home Country Law No Total Number of Directors 7 Female Male Non-Binary Did Not Disclose Gender Part I: Gender Identity Directors 0 7 0 0 Part II: Demographic Background Underrepresented Individual in Home Country Jurisdiction — LGBTQ+ — 6.D. Employees We had a total of 792 and 861 employees as of June 30, 2023 and 2022, respectively. The following table gives a breakdown of our employees by function: As of June 30, 2023 As of June 30, 2022 Administration and Management 8 9 Engineering 6 7 Rese"
1928340,GDHG,GOLDEN HEAVEN GROUP HOLDINGS LTD.,Nasdaq,Capital Market,foreign_private_issuer,China,7990,Services-Miscellaneous Amusement & Recreation,2023-04-12,2024-04-12,1,0,published_on_time,2024-02-15,0001213900-24-014627,https://www.sec.gov/Archives/edgar/data/1928340/000121390024014627/f20f2023_golden.htm,edgar_filing,20-F,Board Diversity Matrix;Total Number of Directors;Did Not Disclose Gender;Did Not Disclose Demographic Background,0.95,"ant to which any person referred to above was selected as a director or member of senior management. Board Diversity The table below provides certain information regarding the diversity of our board of directors as of the date of this annual report. Board Diversity Matrix Country of Principal Executive Offices: China Foreign Private Issuer Yes Disclosure Prohibited under Home Country Law No Total Number of Directors 5 Female Male Non- Binary Did Not Disclose Gender Part I: Gender Identity Directors 1 4 0 0 Part II: Demographic Background Underrepresented Individual in Home Country Jurisdiction 0 LGBTQ+ 0 Did Not Disclose Demographic Background 0 B. Compensation During the fiscal year ended September 30, 2023, we paid an aggregate of RMB1,509,000 (US$213,978) to our executive officers and directors. We have set aside or accrued an aggregate of RMB54,964 (US$7,794) to provide pension, reti"
1930510,VCIG,VCI Global Ltd,Nasdaq,Capital Market,foreign_private_issuer,Malaysia,8744,Services-Facilities Support Management Services,2023-04-13,2024-04-13,1,0,published_on_time,2023-05-15,0001575872-23-000741,https://www.sec.gov/Archives/edgar/data/1930510/000157587223000741/vcig-20221231.htm,edgar_filing,20-F,Board Diversity Matrix;Total Number of Directors;Did Not Disclose Demographic Background,0.95,"execution of strategic marketing plans for the company. Ms. Liew has a diploma in Art and Design. 47 Board Diversity The table below provides certain information regarding the diversity of our board of directors as of the date of this annual report. Board Diversity Matrix Country of Principal Executive Offices: Malaysia Foreign Private Issuer Yes Disclosure Prohibited under Home Country Law No Total Number of Directors 9 Non- Did Not Disclose Female Male Binary Gender Part I: Gender Identity Directors 2 7 0 0 Part II: Demographic Background Underrepresented Individual in Home Country Jurisdiction 0 LGBTQ+ 0 Did Not Disclose Demographic Background 0 Family Relationships Victor Hoo, our Chairman, and Karen Liew, our Executive Director, are spouses. Other than that, there are no family relationships among our directors or executive officers, as defined in Item 401 of Regulation S-K. B. Comp"
1873093,GDTC,CytoMed Therapeutics Ltd,Nasdaq,Capital Market,foreign_private_issuer,U0,2834,Pharmaceutical Preparations,2023-04-14,2024-04-14,1,0,published_on_time,2024-04-22,0001493152-24-015594,https://www.sec.gov/Archives/edgar/data/1873093/000149315224015594/form20-f.htm,edgar_filing,20-F,Board Diversity Matrix;diversity matrix of our board;Total Number of Directors;Did Not Disclose Gender;Did Not Disclose Demographic Background,0.95,"ittee and a Compensation Committee on April 18, 2023. We adopted a charter for each of the three committees. Each of the committees of our Board has the composition and responsibilities described below. Board Diversity The table below sets forth the board diversity matrix of our board of directors as of the date of this annual report pursuant to NASDAQ’s Board Diversity Rule: Board Diversity Matrix (As of April 22, 2024) Country of Principal Executive Offices: Singapore Foreign Private Issuer: Yes Disclosure Prohibited under Home Country Law: No Total Number of Directors: 9 Female Male Non-Binary Did Not Disclose Gender Part I: Gender Identity Directors 0 9 0 0 Part II: Demographic Background Underrepresented in Home Country Jurisdiction 0 LGBTQ+ 0 Did Not Disclose Demographic Background 0 Audit Committee The Board has established an audit committee of the Board. Our audit committee is c"
1938865,WAI,Top KingWin Ltd,Nasdaq,Capital Market,foreign_private_issuer,F4,7389,"Services-Business Services, NEC",2023-04-18,2024-04-18,1,0,published_on_time,2023-05-16,0001213900-23-040532,https://www.sec.gov/Archives/edgar/data/1938865/000121390023040532/f20f2022_topkingwin.htm,edgar_filing,20-F,Board Diversity Matrix;Total Number of Directors;Did Not Disclose Gender;Did Not Disclose Demographic Background,0.95,"ty, assets (present and future) and uncalled capital or any part thereof, to issue debentures, debenture stock and other securities whenever money is borrowed or as security for any debt, liability or obligation of the company or of any third party. Board Diversity Matrix Board Diversity Matrix (As of May 1, 2023) Country of Principal Executive Offices People’s Republic of China Foreign Private Issuer Yes Disclosure Prohibited Under Home Country Law No Total Number of Directors 5 Part I: Gender Identity Female Male Non-Binary Did Not Disclose Gender Directors 0 5 0 0 Part II: Demographic Background Underrepresented Individual in Home Country Jurisdiction 0 LGBTQ+ 0 Did Not Disclose Demographic Background 0 79 D. Employees As of the date of this Annual Report, we have a total of 71 full-time employees, of which 31 are in sales and marketing, 17 are in client services, 8 are in finance dep"
1899658,WLGSF,"WANG & LEE GROUP, Inc.",Nasdaq,,foreign_private_issuer,K3,1700,Construction - Special Trade Contractors,2023-04-20,2024-04-20,1,0,published_on_time,2024-01-19,https://www.wangnleegroup.com/_files/ugd/cda0ed_69638031a5b741be9767a91aa6b7b3f3.pdf,https://www.wangnleegroup.com/_files/ugd/cda0ed_69638031a5b741be9767a91aa6b7b3f3.pdf,website_archive,,Board Diversity Matrix;Total Number of Directors;Gender Identity;Demographic Background,0.9,"WANG & LEE GROUP, Inc. Board Diversity Matrix as of January 19, 2024. Total Number of Directors 5. Part I: Gender Identity: Directors Female 1, Male 4. Part II: Demographic Background: Asian 3; White 1; Did Not Disclose Demographic Background 1."
1939780,UCAR,U Power Ltd,Nasdaq,Capital Market,foreign_private_issuer,China,3690,"Miscellaneous Electrical Machinery, Equipment & Supplies",2023-04-20,2024-04-20,1,0,published_on_time,2023-08-22,0001213900-23-069924,https://www.sec.gov/Archives/edgar/data/1939780/000121390023069924/f20f2022_upowerlimited.htm,edgar_filing,20-F,Board Diversity Matrix;Total Number of Directors;Did Not Disclose Gender;Did Not Disclose Demographic Background,0.95,"lso holds the Certificate of Board Secretary from Shenzhen Stock Exchange and is a CFA II candidate. Board Diversity The table below provides certain information regarding the diversity of our board of directors as of the date of this annual report. Board Diversity Matrix Country of Principal Executive Offices: China Foreign Private Issuer Yes Disclosure Prohibited under Home Country Law No Total Number of Directors 5 Female Male Non- Binary Did Not Disclose Gender Part I: Gender Identity Directors 2 3 0 0 Part II: Demographic Background Underrepresented Individual in Home Country Jurisdiction 0 LGBTQ+ 0 Did Not Disclose Demographic Background 0 Family Relationships None of our directors or executive officers has a family relationship as defined in Item 401 of Regulation S-K. 90 Controlled Company Mr. Jia Li, our chief executive officer, director and chairman of the board of directors, c"
1947244,USGO,U.S. GoldMining Inc.,Nasdaq,Capital Market,domestic,A1,1040,Gold and Silver Ores,2023-04-20,2024-04-20,1,0,published_on_time,2024-04-11,0001493152-24-014319,https://www.sec.gov/Archives/edgar/data/1947244/000149315224014319/formdef14a.htm,edgar_filing,DEF 14A,Board Diversity Matrix;Total Number of Directors;Did Not Disclose Gender;Did Not Disclose Demographic Background,0.95,"ted from entering into hedging transactions involving our securities, such as short sales, puts and calls. Furthermore, we permit executives, including our Named Executive Officers, to trade in our securities, only during prescribed trading windows. Board Diversity Matrix Our current board composition reflects gender diversity as shown by the Board Diversity Matrix below. Board Diversity Matrix (as of April 11, 2024) Total Number of Directors 6 Female Male Non-Binary Did Not Disclose Gender Part I: Gender Identity 3 3 Directors Part II: Demographic Background African American or Black Alaskan Native or Native American Asian Hispanic or Latinx Native Hawaiian or Pacific Islander White 3 3 Two or More Races or Ethnicities LGBTQ+ Did Not Disclose Demographic Background Representation of Women Three of our six directors (50%) and none of our two executive officers are women. We do not have a"
1938186,JYD,Jayud Global Logistics Ltd,Nasdaq,Capital Market,foreign_private_issuer,China,4731,Arrangement of  Transportation of  Freight & Cargo,2023-04-21,2024-04-21,1,0,published_on_time,2023-05-15,0001213900-23-039570,https://www.sec.gov/Archives/edgar/data/1938186/000121390023039570/f20f2022_jayudglobal.htm,edgar_filing,20-F,Board Diversity Matrix;Total Number of Directors;Did Not Disclose Gender;Did Not Disclose Demographic Background,0.95,"e graduated from Jiangxi Shangrao Education College with a major in computer application in 2001. 83 Board Diversity The table below provides certain information regarding the diversity of our board of directors as of the date of this annual report. Board Diversity Matrix Country of Principal Executive Offices People’s Republic of China Foreign Private Issuer Yes Disclosure Prohibited under Home Country Law No Total Number of Directors 5 Female Male Non-Binary Did Not Disclose Gender Part I: Gender Identity Directors 0 5 0 0 Part II: Demographic Background Underrepresented Individual in Home Country Jurisdiction 0 LGBTQ+ 0 Did Not Disclose Demographic Background 0 B. Compensation For the year ended December 31, 2022, we paid an aggregate of approximately RMB1.6 million (US$0.2 million) in cash and benefits to our directors and executive officers. We have not set aside or accrued any amou"
1962918,,"ACELYRIN, Inc.",Nasdaq,,domestic,CA,2834,Pharmaceutical Preparations,2023-05-05,2024-05-05,1,0,published_on_time,2024-04-22,0001962918-24-000045,https://www.sec.gov/Archives/edgar/data/1962918/000196291824000045/acelyrinincproxy.htm,edgar_filing,DEF 14A,Board Diversity Matrix;Total Number of Directors;Did Not Disclose Gender;Did Not Disclose Demographic Background,0.95,"a B.A. from Princeton University and a J.D. from the University of Virginia Law School. We believe Ms. Tetrault’s decades of experience in the pharmaceutical industry makes her well qualified to serve as a member of our Board. 10 Board Diversity The Board Diversity Matrix, below, provides the diversity statistics for our Board. Board Diversity Matrix (As of March 31, 2024) Total Number of Directors 9 Female Male Non- Binary Did Not Disclose Gender Part I: Gender Identity Directors 4 5 — — Part II: Demographic Background African American or Black — — — — Alaskan Native or Native American — — — — Asian 1 — — — Hispanic or Latinx — — — — Native Hawaiian or Pacific Islander — — — — White 2 5 — — Two or More Races or Ethnicities — — — — LGBTQ+ 2 Did Not Disclose Demographic Background 1 11 INFORMATION REGARDING THE BOARD OF DIRECTORS AND CORPORATE GOVERNANCE Independence of the Board of Direc"
1627282,CWD,CaliberCos Inc.,Nasdaq,Capital Market,domestic,AZ,6500,Real Estate,2023-05-17,2024-05-17,1,0,published_on_time,2024-05-16,0001627282-24-000069,https://www.sec.gov/Archives/edgar/data/1627282/000162728224000069/caliberproxy2024votewithpr.htm,edgar_filing,DEF 14A,Board Diversity (as of;Total Number of Directors;Did Not Disclose Gender;Did Not Disclose Demographic Background,0.95,"hough they will be considered present for the purpose of determining the presence of a quorum. THE BOARD OF DIRECTORS RECOMMENDS A VOTE FOR THE ELECTION OF EACH NOMINEE UNDER PROPOSAL ONE Information Concerning the Board of Directors Board Diversity Board Diversity (as of May 3, 2024) Total Number of Directors 6 John C. “Chris” Loeffler, II Jennifer Schrader William J. Gerber Michael Trzupek Daniel P. Hansen Lawrence Taylor Part I: Gender Identity Male X X X X X Female X Non-Binary Did Not Disclose Gender Part II: Demographic Background African American or Black X Alaskan Native or Native American Asian Hispanic or Latinx Native Hawaiian or Pacific Islander White X X X X X Two or More Races or Ethnicities LGBTQ+ Did Not Disclose Demographic Background Board Leadership Structure and Risk Oversight Our Board of Directors does not have a policy on whether or not the role of the Chief Execut"
1951067,CISS,C3is Inc.,Nasdaq,Capital Market,foreign_private_issuer,J3,4412,Deep Sea Foreign Transportation of  Freight,2023-06-12,2024-06-12,1,0,published_on_time,2024-06-14,https://c3is.pro/DataRoom/C3isBoardDiversityMatrix2024.pdf,https://c3is.pro/DataRoom/C3isBoardDiversityMatrix2024.pdf,website_archive,,Board Diversity Matrix;Total Number of Directors;Gender Identity;Demographic Background,0.9,"C3is Inc. Board Diversity Matrix as of June 14, 2024. Country of Principal Executive Offices Greece; Foreign Private Issuer Yes; Disclosure Prohibited Under Home Country Law No. Total Number of Directors 4. Part I: Gender Identity: Directors Male 4, Female 0, Non-Binary 0, Did Not Disclose Gender 0."
1687187,METC,"Ramaco Resources, Inc.",Nasdaq,Global Select,domestic,KY,1220,Silver Ores,2023-06-15,2024-06-15,1,0,published_on_time,2024-04-29,0001558370-24-006096,https://www.sec.gov/Archives/edgar/data/1687187/000155837024006096/metc-20240626xdef14a.htm,edgar_filing,DEF 14A,Board Diversity Matrix;Total Number of Directors;Did Not Disclose Gender;Did Not Disclose Demographic Background,0.95,"least two diverse board members by December 31, 2025. This table provides certain highlights of the composition of our Board members as of April 29, 2024. Each of the categories listed in the table below reflects the meanings in NASDAQ Rule 5605(f). Board Diversity Matrix (as of April 29, 2024) Total Number of Directors 9 Female Male Non-Binary Did Not Disclose Gender Part I: Gender Identity Directors 1 8 - - Part II: Demographic Background Number of Directors Who Identify in Any of the Categories Below: African American or Black 1 - - - Alaskan Native or Native American - - - - Asian - - - - Hispanic or Latinx - - - - Native Hawaiian or Pacific Islander - - - - White - 8 - - Two or More Races or Ethnicities - - - - LGBTQ+ - Did Not Disclose Demographic Background - ​ Director Independence Our Board is composed of a majority of independent directors in accordance with the NASDAQ Global S"
1765850,AURE,Aurelion Inc.,Nasdaq,Capital Market,foreign_private_issuer,Hong Kong,6199,Finance Services,2023-07-06,2024-07-06,1,0,published_on_time,2024-07-09,https://ir.aurelion.com/download/PWM+-+board+diversity+matrix+disclosure.pdf,https://ir.aurelion.com/download/PWM+-+board+diversity+matrix+disclosure.pdf,website_archive,,Board Diversity Matrix;Total Number of Directors;Gender Identity;Demographic Background,0.9,"Aurelion Inc. / Prestige Wealth Inc. Board Diversity Matrix as of July 9, 2024. Country of Principal Executive Offices Hong Kong; Foreign Private Issuer Yes; Disclosure Prohibited Under Home Country Law No. Total Number of Directors 5. Part I: Gender Identity: Directors Female 0, Male 5. Part II: Demographic Background: Underrepresented Individual in Home Country Jurisdiction 0; LGBTQ+ 0; Did Not Disclose Demographic Background 0."
1946563,SXTP,"60 DEGREES PHARMACEUTICALS, INC.",Nasdaq,Capital Market,domestic,DC,2834,Pharmaceutical Preparations,2023-07-12,2024-07-12,1,0,published_on_time,2024-05-30,0001213900-24-047861,https://www.sec.gov/Archives/edgar/data/1946563/000121390024047861/ea0206994-def14a_60degrees.htm,edgar_filing,DEF 14A,Board Diversity Matrix;Total Number of Directors;Did Not Disclose Gender;Did Not Disclose Demographic Background,0.95,"Executive Officer and President Washington, D.C. May 30, 2024 TABLE OF CONTENTS QUESTIONS AND ANSWERS ABOUT THE ANNUAL MEETING 2 PROPOSAL 1: ELECTION OF DIRECTORS 8 DIRECTORS AND EXECUTIVE OFFICERS 8 CORPORATE GOVERNANCE 10 AUDIT COMMITTEE REPORT 15 BOARD DIVERSITY MATRIX 16 DIRECTOR COMPENSATION 17 EXECUTIVE COMPENSATION 17 DELINQUENT SECTION 16(A) REPORTS 20 SECURITY OWNERSHIP OF CERTAIN BENEFICIAL OWNERS AND MANAGEMENT AND RELATED STOCKHOLDER MATTERS 20 CERTAIN RELATIONSHIPS AND RELATED TRANSACTIONS 21 PROPOSAL 2: APPROVAL OF AMENDMENT TO THE 2022 EQUITY INCENTIVE PLAN TO INCREASE TOTAL NUMBER OF AUTHORIZED SHARES BY 5,000,000 SHARES 22 PROPOSAL 3: APPROVAL OF AMENDMENT OF CERTIFICATE OF INCORPORATION TO EFFECT A REVERSE STOCK SPLIT AT A SPLIT RATIO OF 1:5 TO 1:12, INCLUSIVE, AS DETERMINED BY THE BOARD OF DIRECTORS IN ITS SOLE DISCRETION 28 PROPOSAL 4: APPROVAL OF A MODIFICATION TO TH"
1400118,SGMT,Sagimet Biosciences Inc.,Nasdaq,Global Market,domestic,CA,2834,Pharmaceutical Preparations,2023-07-14,2024-07-14,1,0,published_on_time,2024-04-18,0001104659-24-048534,https://www.sec.gov/Archives/edgar/data/1400118/000110465924048534/tm2411865-1_def14.htm,edgar_filing,DEF 14A,Board Diversity Matrix;Total Number of Directors;Did Not Disclose Gender;Did Not Disclose Demographic Background,0.95,"nies, two female directors. The matrix below provides certain highlights of the composition of our Board members based on self-identification. Each term used above and in the matrix below has the meaning given to it in Nasdaq Listing Rule 5605(f). ​ Board Diversity Matrix (As of April 18, 2024) ​ ​ Total Number of Directors ​ ​ 9 ​ Part I: Gender Identity ​ ​ Female ​ ​ Male ​ ​ Non-Binary ​ ​ Did Not Disclose Gender ​ Directors ​ ​ ​ ​ 2 ​ ​ ​ ​ ​ 7 ​ ​ ​ ​ ​ — ​ ​ ​ ​ ​ — ​ ​ Part II: Demographic Background ​ ​ ​ ​ ​ ​ ​ ​ ​ ​ ​ ​ ​ ​ ​ ​ ​ ​ ​ ​ ​ ​ ​ ​ ​ ​ African American or Black ​ ​ ​ ​ — ​ ​ ​ ​ ​ — ​ ​ ​ ​ ​ — ​ ​ ​ ​ ​ — ​ ​ Alaskan Native or Native American ​ ​ ​ ​ — ​ ​ ​ ​ ​ — ​ ​ ​ ​ ​ — ​ ​ ​ ​ ​ — ​ ​ Asian ​ ​ ​ ​ — ​ ​ ​ ​ ​ — ​ ​ ​ ​ ​ — ​ ​ ​ ​ ​ — ​ ​ Hispanic or Latinx ​ ​ ​ ​ — ​ ​ ​ ​ ​ — ​ ​ ​ ​ ​ — ​ ​ ​ ​ ​ — ​ ​ Native Hawaiian or Pacific Islander ​ ​ ​ ​ — ​ "
1974640,APGE,"Apogee Therapeutics, Inc.",Nasdaq,Global Market,domestic,MA,2836,"Biological Products, (No Diagnostic Substances)",2023-07-14,2024-07-14,1,0,published_on_time,2024-04-24,0001104659-24-051224,https://www.sec.gov/Archives/edgar/data/1974640/000110465924051224/tm2412467-1_def14a.htm,edgar_filing,DEF 14A,Board Diversity Matrix;Total Number of Directors;Did Not Disclose Gender;Did Not Disclose Demographic Background,0.95,"ard diversity listing standards, we are disclosing aggregated statistical information about our Board’s self-identified gender and racial characteristics and LGBTQ+ status as voluntarily confirmed to us by each of our directors. 15 TABLE OF CONTENTS Board Diversity Matrix (as of the date of this Proxy Statement) ​ ​ ​ ​ ​ ​ ​ ​ ​ ​ ​ ​ ​ Total number of directors — 8 ​ ​ ​ ​ ​ ​ ​ ​ ​ ​ ​ ​ ​ ​ ​ ​ ​ ​ ​ ​ ​ ​ ​ Gender identity: ​ ​ Female ​ ​ Male ​ ​ Non-Binary ​ ​ Did Not Disclose Gender ​ ​ ​ ​ ​ Directors ​ ​ 1 ​ ​ 7 ​ ​ ​ ​ — ​ ​ ​ ​ ​ — ​ ​ ​ ​ ​ ​ Number of directors who identify in any of the categories below: ​ ​ ​ ​ ​ ​ ​ ​ ​ ​ ​ ​ ​ ​ ​ ​ ​ ​ ​ ​ ​ ​ ​ African American or Black ​ ​ — ​ ​ 1 ​ ​ ​ ​ — ​ ​ ​ ​ ​ — ​ ​ ​ ​ ​ ​ Alaskan Native or Native American ​ ​ — ​ ​ — ​ ​ ​ ​ — ​ ​ ​ ​ ​ — ​ ​ ​ ​ ​ ​ Asian ​ ​ — ​ ​ 1 ​ ​ ​ ​ — ​ ​ ​ ​ ​ — ​ ​ ​ ​ ​ ​ Hispanic or Latinx ​ ​ "
1907085,ODD,Oddity Tech Ltd,Nasdaq,Global Market,foreign_private_issuer,L3,2844,"Perfumes, Cosmetics & Other Toilet Preparations",2023-07-19,2024-07-19,1,0,published_on_time,2024-03-06,0001104659-24-031179,https://www.sec.gov/Archives/edgar/data/1907085/000110465924031179/tmb-20231231x20f.htm,edgar_filing,20-F,Board Diversity Matrix;Total Number of Directors;Did Not Disclose Gender;Did Not Disclose Demographic Background,0.95,"edge of our business qualify him to serve on our board of directors. Family Relationships Oran Holtzman and Shiran Holtzman-Erel, our co-founders and Chief Executive Officer and Chief Product Officer, respectively, are siblings. 94 Table of Contents Board Diversity Matrix Our philosophy regarding diversity of candidates for the board of directors is to identify, nominate and elect the most qualified individuals available to us, regardless of race, creed, sexual orientation, nationality, ethnicity, language and religion. Board Diversity Matrix (As of December 31, 2023) Country of Principal Executive Offices: Israel Foreign Private Issuer ​ Yes Disclosure Prohibited Under Home Country Law ​ No Total Number of Directors ​ 5 ​ ​ Female Male Non-Binary Did Not Disclose Gender Part I: Gender Identity ​ ​ Directors ​ 2 3 — — Part II: Demographic Background ​ ​ Underrepresented Individual in Hom"
1764974,,Turnstone Biologics Corp.,Nasdaq,,domestic,CA,2836,"Biological Products, (No Diagnostic Substances)",2023-07-21,2024-07-21,1,0,published_on_time,2024-04-22,0000950170-24-046454,https://www.sec.gov/Archives/edgar/data/1764974/000095017024046454/tsbx_proxy_2024.htm,edgar_filing,DEF 14A,Board Diversity Matrix;Total Number of Directors;Did Not Disclose Demographic Background,0.95,"a public accountant (inactive), after working at PricewaterhouseCoopers LLP and Deloitte LLP. We believe that Mr. Waddill is qualified to serve on our Board due to his financial expertise and his extensive experience in the biotechnology field. The Board Diversity Matrix, below, provides the diversity statistics for our Board of Directors. Board Diversity Matrix (As of April 12, 2024) Total Number of Directors 7 Female Male Part I: Gender Identity Directors 1 6 Part II: Demographic Background African American or Black — — Alaskan Native or Native American — — Asian 1 1 Hispanic or Latinx — — Native Hawaiian or Pacific Islander — — White — 3 Other: Middle Eastern — 1 Two or More Races or Ethnicities — — LGBTQ+ — 1 Did Not Disclose Demographic Background — 1 Information regard ing the board of directors and corporate governance Independ ence of The Board of Directors As required under the "
1944399,PDC,Perpetuals.com Ltd,Nasdaq,Capital Market,foreign_private_issuer,Japan,7371,Services-Computer Programming Services,2023-07-25,2024-07-25,1,0,published_on_time,2023-09-15,0001213900-23-077074,https://www.sec.gov/Archives/edgar/data/1944399/000121390023077074/f20f2023_earlyworks.htm,edgar_filing,20-F,Board Diversity Matrix;Total Number of Directors;Did Not Disclose Gender;Did Not Disclose Demographic Background,0.95,"or any other person pursuant to which our directors and members of senior management are appointed. Board Diversity The table below provides certain information regarding the diversity of our board of directors as of the date of this annual report. Board Diversity Matrix Country of Principal Executive Offices: Japan Foreign Private Issuer Yes Disclosure Prohibited under Home Country Law No Total Number of Directors 4 Female Male Non- Binary Did Not Disclose Gender Part I: Gender Identity Directors 0 4 0 0 Part II: Demographic Background Underrepresented Individual in Home Country Jurisdiction 0 LGBTQ+ 0 Did Not Disclose Demographic Background 0 Controlled Company As of the date of this annual report, Mr. Satoshi Kobayashi, our Chief Executive Officer and Representative Director, beneficially owns more than 50% of the voting power of our outstanding Ordinary Shares. As a result, we are a "
1934642,MDBH,"MDB Capital Holdings, LLC",Nasdaq,Capital Market,domestic,TX,6199,Finance Services,2023-07-26,2024-07-26,1,0,published_on_time,2024-03-29,0001493152-24-012008,https://www.sec.gov/Archives/edgar/data/1934642/000149315224012008/form10-k.htm,edgar_filing,10-K,Board Diversity Matrix;Total Number of Directors;Did Not Disclose Gender;Did Not Disclose Demographic Background,0.95,"ity and experience, area of expertise, as well as other individual attributes that contribute to the total diversity of viewpoints and experience represented on the board of directors. The following is a table indicating the current board diversity. Board Diversity Matrix (As of March 29, 2024) Total Number of Directors - Female Male Non-Binary Did Not Disclose Gender Part I: Gender Identity Directors 1 6 - - Part II: Demographic Background African American or Black - - - - Alaskan Native or Native American - - - - Asian - 1 - - Hispanic or Latinx - - - - Native Hawaiian or Pacific Islander - - - - White 1 3 - - Two or More Races or Ethnicities - 1 - - LGBTQ+ - - - - Did Not Disclose Demographic Background - 1 - - 71 Audit Committee . We have established an audit committee. The audit committee is be responsible for, among other things: (i) retaining and overseeing our independent account"
1916241,PRZO,ParaZero Technologies Ltd.,Nasdaq,Capital Market,foreign_private_issuer,L3,3728,"Aircraft Parts & Auxiliary Equipment, NEC",2023-07-27,2024-07-27,1,0,published_on_time,2024-03-21,0001213900-24-024822,https://www.sec.gov/Archives/edgar/data/1916241/000121390024024822/ea0201876-20f_parazero.htm,edgar_filing,20-F,Board Diversity Matrix;Total Number of Directors;Did Not Disclose Gender;Did Not Disclose Demographic Background,0.95,"d in its oversight role by an internal auditor. The internal auditor undertakes both regular and ad hoc reviews of risk management controls and procedures, the results of which are reported to our audit committee. DIVERSITY OF THE BOARD OF DIRECTORS Board Diversity Matrix (As of March 21, 2024) Country of Principal Executive Offices Israel Foreign Private Issuer Yes Disclosure Prohibited under Home Country Law No Total Number of Directors 6 Part I: Gender Identity Female Male Non- Binary Did Not Disclose Gender Directors 2 4 0 0 Part II: Demographic Background Underrepresented Individual in Home Country Jurisdiction 0 LGBTQ+ 0 Did Not Disclose Demographic Background 0 External Directors Under the Companies Law, companies incorporated under the laws of the State of Israel that are publicly traded, including Israeli companies with shares listed on the Nasdaq, are generally required to appo"
1951667,CTNT,CHEETAH NET SUPPLY CHAIN SERVICE INC.,Nasdaq,Capital Market,domestic,CA,5010,Wholesale-Motor Vehicles & Motor Vehicle Parts & Supplies,2023-08-01,2024-08-01,1,0,published_on_time,2024-04-23,0001104659-24-050619,https://www.sec.gov/Archives/edgar/data/1951667/000110465924050619/tm2411614d2_def14a.htm,edgar_filing,DEF 14A,Board Diversity Matrix;Total Number of Directors,0.85,"0% Executive Sessions of Independent Directors Yes Committee Independence 100% Anonymous Reporting Yes Committee Chair Independence 100% Insider Trading Policy Yes Number of Financial Experts One Clawback Policy Yes Board Gender Diversity 20% Female Board Diversity Matrix (As of April 23, 2024) Female Male Total Number of Directors 5 Part I: Gender Identity Directors 1 4 Part II: Demographic Background Asian 1 2 White 0 2 v In addition, we intend to implement additional corporate governance principles in the future, including: ● developing our executive compensation policies; ● enhancing public disclosure; and ● enhancing stockholder communication. Director Nominees You are being asked to vote to elect the following five director nominees to our Board of Directors. Detailed information about each of these nominees begins on page 7 of the Proxy Statement. Name Age Director Since Independe"
1962845,,"PIXIE DUST TECHNOLOGIES, INC.",Nasdaq,,foreign_private_issuer,M0,3845,Electromedical & Electrotherapeutic Apparatus,2023-08-01,2024-08-01,1,0,published_on_time,2023-11-16,0001193125-23-278289,https://www.sec.gov/Archives/edgar/data/1962845/000119312523278289/d507335d20f.htm,edgar_filing,20-F,Board Diversity Matrix;Total Number of Directors;Did Not Disclose Gender;Did Not Disclose Demographic Background,0.95,"s proposal to amend its listing standards to encourage greater board diversity and to require board diversity disclosures for NASDAQ-listed companies. The table below provides certain demographic information regarding our current board of directors: Board Diversity Matrix (As of April 30, 2023) Country of Principal Executive Offices Japan Foreign Private Issuer Yes Disclosure Prohibited under Home Country Law No Total Number of Directors 6 Female Male Non-Binary Did Not Disclose Gender Part I: Gender Identity Directors 1 5 — — Part II: Demographic Background Underrepresented Individual in Home Country Jurisdiction — LGBTQ+ — Did Not Disclose Demographic Background — While we have not adopted a formal board diversity policy, we are mindful of the benefit that diversity can provide in maximizing the effectiveness and decision-making abilities of our board. In this regard, we are committed "
1843165,YHC,LQR House Inc.,Nasdaq,Capital Market,domestic,FL,2080,Beverages,2023-08-10,2024-08-10,1,0,published_on_time,2024-08-10,https://invest.lqrhouse.com/board-diversity-matrix/,https://invest.lqrhouse.com/board-diversity-matrix/,website_archive,,Board Diversity Matrix;Total Number of Directors;Gender Identity;Demographic Background,0.9,"LQR House Inc. Board Diversity Matrix as of August 10, 2024. Total Number of Directors 6. Part I: Gender Identity: Directors Female 1, Male 5, Non-Binary 0, Did Not Disclose Gender 0. Part II: Demographic Background: White Female 1, Male 5; all other listed categories 0; LGBTQ+ 0; Did Not Disclose Demographic Background 0."
1956744,TRON,Tron Inc.,Nasdaq,Capital Market,domestic,FL,6199,Finance Services,2023-08-15,2024-08-15,1,0,published_on_time,2024-04-01,0001493152-24-012449,https://www.sec.gov/Archives/edgar/data/1956744/000149315224012449/form10-k.htm,edgar_filing,10-K,Board Diversity Matrix;Total Number of Directors;Did Not Disclose Gender;Did Not Disclose Demographic Background,0.95,"of directors. Board Diversity The table below provides information relating to certain voluntary self-identified characteristics of our directors. Each of the categories listed in the table below has the meaning as set forth in NASDAQ Rule 5605(f). Board Diversity Matrix (As of December 31, 2023) Total Number of Directors 5 Female Male Non-Binary Did Not Disclose Gender Part I: Gender Identity Directors Part II: Demographic Background African American or Black Alaskan Native or Native American Asian Hispanic or Latinx Native Hawaiian or Pacific Islander White 5 Two or More Races or Ethnicities LGBTQ Did Not Disclose Demographic Background Term of Office Our Board is elected annually by our stockholders. Each director shall hold office until a successor is duly elected and qualified or until his or her earlier death, resignation or removal. Family Relationships There are no family relatio"
1939365,IVPR,"INSPIRE VETERINARY PARTNERS, INC.",Nasdaq,Capital Market,domestic,VA,0700,Agricultural Services,2023-08-30,2024-08-30,1,0,published_on_time,2024-04-08,0001213900-24-031220,https://www.sec.gov/Archives/edgar/data/1939365/000121390024031220/ea0202969-10k_inspire.htm,edgar_filing,10-K,Board Diversity Matrix;Total Number of Directors;Did Not Disclose Gender;Did Not Disclose Demographic Background,0.95,"rd believes that diversity brings a variety of ideas, judgments and considerations that benefit the Company and its stockholders. Although there are many other factors, the Board seeks individuals with experience on operating and growing businesses. Board Diversity Matrix (as of the date of this prospectus) Total Number of Directors: 8 Female Male Non- Binary Did Not Disclose Gender Part 1: Gender Identity Directors 2 5 0 1 Part II: Demographic Background African American or Black 1 0 0 0 Alaskan Native or Native American 0 0 0 0 Asian 0 1 0 0 Hispanic or Latino/Latina 0 0 0 0 Native Hawaiian or Pacific Islander 0 0 0 0 White 1 4 0 0 Two or More Races or Ethnicities 0 0 0 0 LGBTQ+ 0 Did Not Disclose Demographic Background 1 Board Leadership Structure Kimball Carr serves as the Chair of the Board and regularly communicates with other members of management, the Board and Company counsel. M"
1959224,AXG,"Solowin Holdings, Ltd.",Nasdaq,Capital Market,foreign_private_issuer,China,6211,"Security Brokers, Dealers & Flotation Companies",2023-09-07,2024-09-07,1,0,published_on_time,2024-07-26,0001013762-24-001683,https://www.sec.gov/Archives/edgar/data/1959224/000101376224001683/ea0209715-20f_solowin.htm,edgar_filing,20-F,Board Diversity Matrix;Total Number of Directors;Did Not Disclose Gender;Did Not Disclose Demographic Background,0.95,"office pursuant to the laws of the Cayman Islands or any other provisions of the amended and restated memorandum and articles of association. - 112 - Board Diversity The matrix below summarizes the gender and ethnic diverse attributes on our Board. Board Diversity Matrix (as of the date of this report) Country of Principal Executive Offices Hong Kong Foreign Private Issuer Yes Disclosure Prohibited under Home Country Law No Total Number of Directors 5 Female Male Non-Binary Did Not Disclose Gender Part I: Gender Identity Directors 1 4 0 0 Part II: Demographic Background Underrepresented Individual in Home Country Jurisdiction 0 LGBTQ+ 0 Did Not Disclose Demographic Background 0 D. Employees We had 25, 16 and 17 employees as of March 31, 2024, 2023 and 2022, respectively. As of March 31, 2024, we had a total of 25 full-time employees in Hong Kong to support our business operations. The fo"
1948294,NWGL,CL Workshop Group Ltd,Nasdaq,Capital Market,foreign_private_issuer,Macau,2400,Lumber & Wood Products (No Furniture),2023-09-12,2024-09-12,1,0,published_on_time,2024-04-25,0001493152-24-015976,https://www.sec.gov/Archives/edgar/data/1948294/000149315224015976/form20-f.htm,edgar_filing,20-F,Board Diversity Matrix;Total Number of Directors;Did Not Disclose Gender;Did Not Disclose Demographic Background,0.95,"Orain worked as a wood trader in other companies, being responsible for exports of wood products. 53 Board Diversity The table below provides certain information regarding the diversity of our board of directors as of the date of this annual report. Board Diversity Matrix Country of Principal Executive Office Macau Foreign Private Issuer Yes Disclosure Prohibited Under Home Country Law No Total Number of Directors Five Part I: Gender Identity Female Male Non-Binary Did Not Disclose Gender 0 5 0 0 Part II: Demographic Background ● Underrepresented individual in home country jurisdiction 0 ● LGBTQ+ 0 ● Did not disclose demographic background 0 As at the date of this report, our Company is in the course of identifying suitable female board candidates and intends to have at least two diverse Directors by December 31, 2026. Family Relationships Mr. Zhihua Liang, our Director and senior consul"
1973239,ARM,ARM HOLDINGS PLC /UK,Nasdaq,Global Select,foreign_private_issuer,X0,3674,Semiconductors & Related Devices,2023-09-14,2024-09-14,1,0,published_on_time,2024-05-29,0001973239-24-000012,https://www.sec.gov/Archives/edgar/data/1973239/000197323924000012/arm-20240331.htm,edgar_filing,20-F,Board Diversity Matrix;Total Number of Directors;Did Not Disclose Gender;Did Not Disclose Demographic Background,0.95,"iversity The table below reflects certain diversity information based on self-identification by each member of our Board of Directors. Each of the categories listed in the below table has the meaning as it is used in the listing standards of Nasdaq. Board Diversity Matrix (as of the date of this Annual Report) Country of Principal Executive Offices United Kingdom Foreign Private Issuer Yes Disclosure Prohibited Under Home Country Law No Total Number of Directors 8 Female Male Non-Binary Did Not Disclose Gender Part I: Gender Identity Directors 2 3 0 3 Part II: Demographic Background LGBTQ+ 0 Underrepresented in Home Country Jurisdiction 0 Did Not Disclose Demographic Background 3 B. Compensation Except for the information under “ Remuneration of Senior Management, ” “ Senior Management Employment Agreements ” and “ Description of Incentive Plans, ” the following information on remunerati"
1885522,NMRA,"Neumora Therapeutics, Inc.",Nasdaq,Global Select,domestic,MA,2836,"Biological Products, (No Diagnostic Substances)",2023-09-15,2024-09-15,1,0,published_on_time,2024-04-25,0000950170-24-048287,https://www.sec.gov/Archives/edgar/data/1885522/000095017024048287/nmra_-_2024_proxy_-_def1.htm,edgar_filing,DEF 14A,Board Diversity Matrix;Total Number of Directors;Did Not Disclose Gender;Did Not Disclose Demographic Background,0.95,"members as of April 15, 2024, in accordance with Nasdaq diversity criteria, one Board member self-identifies as a woman, four Board members self-identify as white, one Board member self-identifies as Asian, and one member self-identifies as LGBTQ+. Board Diversity Matrix as of April 15, 2024 Total Number of Directors 7 Female Male Non-Binary Did Not Disclose Gender Part I: Gender Identity Directors 1 5 — 1 Part II: Demographic Background African American or Black — — — — Alaskan Native or Native American — — — — Asian 1 — — — Hispanic, Latino or Latinx — — — — Native Hawaiian or Pacific Islander — — — — White — 4 — — Two or More Races or Ethnicities — — — — LGBTQ+ — 1 — — Did Not Disclose Demographic Background — 1 — 1 18 TRANSACTIONS WITH R ELATED PERSONS We describe below transactions and series of similar transactions, since January 1, 2022, to which we were a party or will be a party"
1579091,CART,Maplebear Inc.,Nasdaq,Global Select,domestic,CA,7389,"Services-Business Services, NEC",2023-09-19,2024-09-19,1,0,published_on_time,2024-04-17,0001579091-24-000044,https://www.sec.gov/Archives/edgar/data/1579091/000157909124000044/cart-20240417.htm,edgar_filing,DEF 14A,Board Diversity Matrix;Total Number of Directors;Did Not Disclose Demographic Background,0.95,"ds of our Board of Directors and respective committees of our Board of Directors, as well as such factors as diversity, independence, area of expertise, experience, potential conflicts of interest, other commitments, and the like. 14 Board Diversity Board Diversity Matrix (as of April 12, 2024) (1) Board Size: Total Number of Directors 10 Part I: Gender Identity Female Male Directors 4 6 Part II: Demographic Background African American or Black — — Alaskan Native or Native American — — Asian — 1 Hispanic or Latinx — — Native Hawaiian or Pacific Islander — — White 3 5 Two or More Races or Ethnicities — — Middle Eastern (2) 1 — LGBTQ+ — Did Not Disclose Demographic Background — (1) The above matrix includes Jeffrey Jordan and Barry McCarthy, who will retire from and not stand for re-election to our Board of Directors when their terms expire at the Annual Meeting, but who served on our Boar"
1949478,DTCKF,DAVIS COMMODITIES Ltd,Nasdaq,,foreign_private_issuer,U0,5150,Wholesale-Farm Product Raw Materials,2023-09-19,2024-09-19,1,0,published_on_time,2024-05-15,0001683168-24-003504,https://www.sec.gov/Archives/edgar/data/1949478/000168316824003504/davis_i20f-123123.htm,edgar_filing,20-F,Board Diversity Matrix;Total Number of Directors;Did Not Disclose Gender;Did Not Disclose Demographic Background,0.95,"r. Long received his Bachelor of Commerce Degree from the University of Adelaide, Australia in 1999. Board Diversity The table below provides certain information regarding the diversity of our board of directors as of the date of this annual report. Board Diversity Matrix Country of Principal Executive Offices: Singapore Foreign Private Issuer Yes Disclosure Prohibited under Home Country Law No Total Number of Directors 5 Female Male Non- Binary Did Not Disclose Gender Part I: Gender Identity Directors 2 3 0 0 Part II: Demographic Background Underrepresented Individual in Home Country Jurisdiction 0 LGBTQ+ 0 Did Not Disclose Demographic Background 0 Family Relationships None of our directors or executive officers has a family relationship as defined in Item 401 of Regulation S-K. 86 B. Compensation For the fiscal year ended December 31, 2023, we paid an aggregate of US$235,555, as compen"
1888980,LRE,"LEAD REAL ESTATE CO., LTD",Nasdaq,Capital Market,foreign_private_issuer,M0,1531,Operative Builders,2023-09-27,2024-09-27,1,0,published_on_time,2023-11-15,0001104659-23-118675,https://www.sec.gov/Archives/edgar/data/1888980/000110465923118675/lre-20230630x20f.htm,edgar_filing,20-F,Board Diversity Matrix;Total Number of Directors;Did Not Disclose Gender;Did Not Disclose Demographic Background,0.95,"directors or executive officers has a family relationship as defined in Item 401 of Regulation S-K. Board Diversity The table below provides certain information regarding the diversity of our board of directors as of the date of this annual report. Board Diversity Matrix Country of Principal Executive Offices: Japan Foreign Private Issuer Yes Disclosure Prohibited under Home Country Law No Total Number of Directors 6 46 Table of Contents Female Male Non- Binary Did Not Disclose Gender Part I: Gender Identity ​ ​ ​ ​ ​ ​ Directors 0 ​ 6 ​ 0 ​ 0 Part II: Demographic Background Underrepresented Individual in Home Country Jurisdiction 0 LGBTQ+ 0 Did Not Disclose Demographic Background 0 ​ B. Compensation In accordance with the Companies Act, compensation for our directors, including bonuses, retirement allowances, and incentive stock options, must be approved at our general meeting of shareh"
1951294,VSME,VS MEDIA Holdings Ltd,Nasdaq,Capital Market,foreign_private_issuer,K3,7311,Services-Advertising Agencies,2023-09-28,2024-09-28,1,0,published_on_time,2024-04-30,0001493152-24-017296,https://www.sec.gov/Archives/edgar/data/1951294/000149315224017296/form20-f.htm,edgar_filing,20-F,Board Diversity Matrix;Total Number of Directors;Did Not Disclose Gender;Did Not Disclose Demographic Background,0.95,"ns team from 2009 to 2011, based in Menlo Park, California. Mr. Liao currently resides in China. 111 Board Diversity The table below provides certain information regarding the diversity of our board of directors as of the date of this annual report. Board Diversity Matrix Country of Principal Executive Offices: Hong Kong Foreign Private Issuer Yes Disclosure Prohibited under Home Country Law No Total Number of Directors 4 Female Male Non- Binary Did Not Disclose Gender Part I: Gender Identity Directors 3 1 0 0 Part II: Demographic Background Underrepresented Individual in Home Country Jurisdiction 0 LGBTQ+ 0 Did Not Disclose Demographic Background 0 Election of Officers Our executive officers are appointed by, and serve at the discretion of, our board of directors. Family Relationships None of the directors or executive officers has a family relationship as defined in Item 401 of Regulat"
1922335,SYRA,Syra Health Corp,Nasdaq,,domestic,IN,7361,Services-Employment Agencies,2023-09-29,2024-09-29,1,0,published_on_time,2024-10-01,https://ir.syrahealth.com/assets/governance/Board-Diversity-Matrix.pdf,https://ir.syrahealth.com/assets/governance/Board-Diversity-Matrix.pdf,website_archive,,Board Diversity Matrix;Total Number of Directors;Gender Identity;Demographic Background,0.9,"Syra Health Corp. Board Diversity Matrix as of October 1, 2024. Total Number of Directors 8. Part I: Gender Identity: Directors Female 3, Male 5. Part II: Demographic Background: African American or Black Female 1; Asian Female 2, Male 4; White Male 1."
1944552,ANL,Adlai Nortye Ltd.,Nasdaq,Global Market,foreign_private_issuer,NJ,2834,Pharmaceutical Preparations,2023-09-29,2024-09-29,1,0,published_on_time,2024-04-19,0001104659-24-049439,https://www.sec.gov/Archives/edgar/data/1944552/000110465924049439/anl-20231231x20f.htm,edgar_filing,20-F,Board Diversity Matrix;Total Number of Directors;Did Not Disclose Gender;Did Not Disclose Demographic Background,0.95,"se agreements, we agree to indemnify our directors and executive officers against certain liabilities and expenses incurred by such persons in connection with claims made by reason of their being a director or officer of our company. Board Diversity Board Diversity Matrix ​ (As of the date of this annual report) Country of Principal Executive Offices Cayman Islands Foreign Private Issuer Yes Disclosure Prohibited Under Home Country Law No Total Number of Directors 6 ​ Female Male Non-Binary Did Not Disclose Gender Part I: Gender Identity Directors 1 5 — — Part II: Demographic Background Underrepresented Individual in Home Country Jurisdiction — LGBTQ+ — Did Not Disclose Demographic Background 6 ​ D. Employees As of December 31, 2021, 2022 and 2023, we had 113, 129 and 127 full-time employees, respectively. Our employees are mainly based in China and the United States. The following table"
1948884,,Gamer Pakistan Inc,Nasdaq,,domestic,NV,7900,Services-Amusement & Recreation Services,2023-10-09,2024-10-09,1,0,published_on_time,2024-07-30,0001161697-24-000318,https://www.sec.gov/Archives/edgar/data/1948884/000116169724000318/schedule_14a.htm,edgar_filing,PRE 14A,Board Diversity Matrix;Total Number of Directors;Did Not Disclose Gender;Did Not Disclose Demographic Background,0.95,"he Board of Directors or any director, c/o Gamer Pakistan Inc., 35 E Horizon Ridge Pkwy, Suite 110-481, Henderson, NV 89002. These communications will be delivered to the Board, or any individual director, as specified. Board Diversity The following Board Diversity Matrix presents our Board diversity statistics, as voluntarily self-identified by our directors, in accordance with Nasdaq Listing Rule 5606. Board Diversity Matrix (As of August 27, 2024) Total Number of Directors: 4 Part I: Gender Identity Female Male Non-Binary Did Not Disclose Gender Directors 1 3 0 0 Part II: Demographic Background African American or Black - - 0 0 Alaskan Native or Native American - - 0 0 Asian - - 0 0 Hispanic or Latinx - - 0 0 Native Hawaiian or Pacific Islander - - 0 0 White - 3 0 0 Two or More Races or Ethnicities - - 0 0 LGBTQ+ - - 0 0 Did Not Disclose Demographic Background 1 3 0 0 - 11 - In the pr"
1891944,PMEC,Primech Holdings Ltd,Nasdaq,Capital Market,foreign_private_issuer,U0,7340,Services-To Dwellings & Other Buildings,2023-10-10,2024-10-10,1,0,published_on_time,2024-07-23,0001213900-24-063312,https://www.sec.gov/Archives/edgar/data/1891944/000121390024063312/ea0209416-20f_primech.htm,edgar_filing,20-F,Board Diversity Matrix;Total Number of Directors;Did Not Disclose Gender;Did Not Disclose Demographic Background,0.95,"University in 2007 and his doctorate in Doctor of Education at The University of Bristol in 2010. 65 Board Diversity The table below provides certain information regarding the diversity of our board of directors as of the date of this annual report. Board Diversity Matrix Country of Principal Executive Offices: Singapore Foreign Private Issuer Yes Disclosure Prohibited under Home Country Law No Total Number of Directors 5 Female Male Non- Binary Did Not Disclose Gender Part I: Gender Identity Directors 0 5 0 0 Part II: Demographic Background Underrepresented Individual in Home Country Jurisdiction 0 LGBTQ+ 0 Did Not Disclose Demographic Background 0 Directors who are Aboriginal Peoples: 0 Directors with Disabilities: 0 Election of Officers Our executive officers are appointed by, and serve at the discretion of, our board of directors. Family Relationships None of the directors or executi"
1913749,GMM,Global Mofy AI Ltd,Nasdaq,Capital Market,foreign_private_issuer,F4,7370,"Services-Computer Programming, Data Processing, Etc.",2023-10-10,2024-10-10,1,0,published_on_time,2024-01-31,0001213900-24-008515,https://www.sec.gov/Archives/edgar/data/1913749/000121390024008515/f20f2023_globalmofy.htm,edgar_filing,20-F,Board Diversity Matrix;Total Number of Directors;Did Not Disclose Gender,0.95,"will be given specific information on how they can direct communications to the officers and directors of the Company at our annual shareholders’ meetings. All communications from shareholders are relayed to the members of the Board. Board Diversity Board Diversity Matrix (As of the date of this annual report) Country of Principal Executive Offices: PRC Foreign Private Issuer Yes Disclosure Prohibited Under Home Country Law No Total Number of Directors 5 Part I: Gender Identity Female Male Non-Binary Did Not Disclose Gender Directors 2 3 0 0 Part II: Demographic Background Underrepresented Individual in Home Country Jurisdiction — LGBTQ+ — 6.D. Employees As of the date of this annual report, September 30, 2023, and September 30, 2022, we have 38, 38, and 31 full-time employees, respectively, in the following departments: Departments As of the date of this annual report As of September 30"
1946703,WBUY,WEBUY GLOBAL LTD,Nasdaq,Capital Market,foreign_private_issuer,Cayman Islands,5900,Retail-Miscellaneous Retail,2023-10-19,2024-10-19,1,0,published_on_time,2024-04-15,0001213900-24-032987,https://www.sec.gov/Archives/edgar/data/1946703/000121390024032987/ea0203869-20f_webuy.htm,edgar_filing,20-F,Board Diversity Matrix;Total Number of Directors;Did Not Disclose Gender,0.95,"ive and experience so as to facilitate robust debate and broad thinking on strategies and tactics pursued by us. The following table provides certain information regarding the diversity of our Board of Directors as of the date of this annual report. Board Diversity Matrix (As of the date of this annual report) Country of Principal Executive Offices: Singapore Foreign Private Issuer Yes Disclosure Prohibited Under Home Country Law No Total Number of Directors 5 Female Male Non-Binary Did Not Disclose Gender Part I: Gender Identity Directors 2 3 0 0 Part II: Demographic Background Underrepresented Individual in Home Country Jurisdiction — LGBTQ+ — 57 6.B. Compensation Executive Compensation The Compensation Committee of the Board of Directors determined the compensation to be paid to our executive officers based on our financial and operating performance and prospects, and contributions ma"
1956827,ABVX,Abivax S.A.,Nasdaq,Global Market,foreign_private_issuer,France,2834,Pharmaceutical Preparations,2023-10-20,2024-10-20,1,0,published_on_time,2024-04-05,0001956827-24-000007,https://www.sec.gov/Archives/edgar/data/1956827/000195682724000007/abvx-20231231.htm,edgar_filing,20-F,Board Diversity Matrix;Total Number of Directors;Did Not Disclose Gender;Did Not Disclose Demographic Background,0.95,"versity of Copenhagen. We believe that Ms. Soenderby is qualified to serve on our Board because of her extensive experience as an executive and as a member of the boards of companies in the life sciences industry. Diversity of the Board of Directors Board Diversity Matrix (As of December 31, 2023) Total Number of Directors 8 Female Male Non-Binary Did Not Disclose Gender Part I: Gender Identity Directors 4 4 0 0 Part II: Demographic Background African American or Black Alaskan Native or Native American Asian 1 121 Hispanic or Latinx Native Hawaiian or Pacific Islander White 3 3 Two or More Races or Ethnicities LGBTQ+ Did Not Disclose Demographic Background 1 Family Relationships There are no family relationships among any of our executive officers or directors. B. Compensation Compensation of Chief Executive Officer The following table sets out the compensation awarded to our Chief Execu"
1859199,AIRE,reAlpha Tech Corp.,Nasdaq,Capital Market,domestic,OH,6500,Real Estate,2023-10-23,2024-10-23,1,0,published_on_time,2024-10-30,0001213900-24-092311,https://www.sec.gov/Archives/edgar/data/1859199/000121390024092311/ea0218289-04.htm,edgar_filing,DEF 14A,Board of Directors Diversity Matrix;Directors Diversity Matrix;Total Number of Directors;Did Not Disclose Gender;Did Not Disclose Demographic Background,0.95,"ed . Our policy also establishes certain trading windows and black -out periods, to facilitate compliance with our policy. Additionally, mandatory pre -clearance is required from all our executive officers and directors, even during trading windows. Board of Directors Diversity Matrix As a Nasdaq listed company, we are required to disclose board level diversity statistics. The following table sets forth the relevant information of the current members of the board of directors. Board of Directors Diversity Matrix (as of October 30, 2024) Total Number of Directors 5 Female Male Non-Binary Did Not Disclose Gender Part I: Gender Identity Directors 1 4 0 0 Part II: Demographic Background Hispanic or Latino 0 0 0 0 Native American or Alaskan Native 0 0 0 0 Asian 1 2 0 0 Black or African American 0 0 0 0 Native Hawaiian or Pacific Islander 0 0 0 0 White 0 2 0 0 Two or More Races or Ethnicities "
1967621,ATGL,Alpha Technology Group Ltd,Nasdaq,Capital Market,foreign_private_issuer,Hong Kong,7371,Services-Computer Programming Services,2023-10-31,2024-10-31,1,0,published_on_time,2024-01-31,0001213900-24-008526,https://www.sec.gov/Archives/edgar/data/1967621/000121390024008526/f20f2023_alphatech.htm,edgar_filing,20-F,Board Diversity Matrix;Total Number of Directors;Did Not Disclose Gender;Did Not Disclose Demographic Background,0.95,"rectors or executive officers has a family relationship as defined in Item 401 of Regulation S-K. 80 Board Diversity The table below provides certain information regarding the diversity of our board of directors as of the date of this annual report. Board Diversity Matrix Country of Principal Executive Offices: China Foreign Private Issuer Yes Disclosure Prohibited under Home Country Law No Total Number of Directors 5 Female Male Non- Binary Did Not Disclose Gender Part I: Gender Identity Directors 1 4 0 0 Part II: Demographic Background Underrepresented Individual in Home Country Jurisdiction 0 LGBTQ+ 0 Did Not Disclose Demographic Background 0 B. Compensation Compensation For the year ended September 30, 2023, we paid an aggregate of HK705,000 (approximately US$90,029) as compensation to our executive officers and directors. Our Operating Subsidiaries are required by law to make contri"
1978527,GVH,Globavend Holdings Ltd,Nasdaq,Capital Market,foreign_private_issuer,Australia,4731,Arrangement of  Transportation of  Freight & Cargo,2023-11-08,2024-11-08,1,0,published_on_time,2024-01-30,0001493152-24-004309,https://www.sec.gov/Archives/edgar/data/1978527/000149315224004309/form20-f.htm,edgar_filing,20-F,Board Diversity Matrix;Total Number of Directors;Did Not Disclose Gender;Did Not Disclose Demographic Background,0.95,"directors or executive officers have a family relationship as defined in Item 401 of Regulation S-K. Board Diversity The table below provides certain information regarding the diversity of our board of directors as of the date of this annual report. Board Diversity Matrix Country of Principal Executive Offices Australia Foreign Private Issuer Yes Disclosure Prohibited under Home Country Law No Total Number of Directors 4 111 Table of Contents Female Male Non-Binary Did Not Disclose Gender Part I: Gender Identity Directors 1 3 0 0 Part II: Demographic Background Underrepresented Individual in Home Country Jurisdiction 0 LGBTQ+ 0 Did Not Disclose Demographic Background 0 B. Compensation For the year ended September 30, 2023, we paid an aggregate of US$85,000 (including salaries, bonus and mandatory provident fund) to our directors. Our Hong Kong subsidiary is required by law to contribute "
1966494,,"CARGO Therapeutics, Inc.",Nasdaq,,domestic,CA,2836,"Biological Products, (No Diagnostic Substances)",2023-11-10,2024-11-10,1,0,published_on_time,2024-04-24,0001193125-24-110173,https://www.sec.gov/Archives/edgar/data/1966494/000119312524110173/d818839ddef14a.htm,edgar_filing,DEF 14A,Board Diversity Matrix;Total Number of Directors;Did Not Disclose Gender;Did Not Disclose Demographic Background,0.95,"l. Board Diversity Among our seven Board members as of April 24, 2024, in accordance with Nasdaq diversity criteria, one Board member self-identifies as a woman, four Board members self-identify as white and two Board members self-identify as Asian. Board Diversity Matrix as of April 24, 2024 Total Number of Directors 7 Female Male Non-Binary Did Not Disclose Gender Part I: Gender Identity Directors 1 6 — — Part II: Demographic Background African American or Black — — — — Alaskan Native or Native American — — — — Asian — 2 — — Hispanic, Latino or Latinx — — — — Native Hawaiian or Pacific Islander — — — — White 1 3 — — Two or More Races or Ethnicities — — — — LGBTQ+ — — — — Did Not Disclose Demographic Background 1 18 Table of Contents TRANSACTIONS WITH RELATED PERSONS We describe below transactions and series of similar transactions, since January 1, 2022, to which we were a party or wil"
1887944,SHIM,Shimmick Corp,Nasdaq,Capital Market,domestic,CA,1600,Heavy Construction Other Than Bldg Const - Contractors,2023-11-14,2024-11-14,1,0,published_on_time,2024-04-26,0000950170-24-049088,https://www.sec.gov/Archives/edgar/data/1887944/000095017024049088/shimmick_proxy_2024.htm,edgar_filing,DEF 14A,Board Diversity Matrix;Total Number of Directors;Did Not Disclose Gender;Did Not Disclose Demographic Background,0.95,"e guidance to the Chief Executive Officer. Director Diversity Matrix Our Board believes that its composition appropriately reflects the knowledge, experience, skills, diversity, and other characteristics required to fulfill its duties. The following Board Diversity Matrix presents information regarding our Board diversity in accordance with Nasdaq Rule 5606, as self-disclosed by our directors. We satisfy the current requirements under Nasdaq Rule 5605(f)(2) by having at least one director who self-identifies as female. Board Diversity Matrix (as of April 23, 2024) Total Number of Directors 6 Female Male Non-Binary Did Not Disclose Gender Part I: Gender Identity Directors 1 5 0 0 Part II: Demographic Background 11 African American or Black 0 0 0 0 Alaskan Native or Native American 0 0 0 0 Asian 0 0 0 0 Hispanic or Latinx 0 0 0 0 Native Hawaiian or Pacific Islander 0 0 0 0 White 1 5 0 0 Tw"
1840563,ELAB,PMGC Holdings Inc.,Nasdaq,Capital Market,domestic,CA,2834,Pharmaceutical Preparations,2023-11-21,2024-11-21,1,0,published_on_time,2024-12-03,https://www.pmgcholdings.com/images/PDF/Domestic_Initial_Disclosure_Y1_1.pdf,https://www.pmgcholdings.com/images/PDF/Domestic_Initial_Disclosure_Y1_1.pdf,website_archive,,Board Diversity Matrix;Total Number of Directors;Gender Identity;Demographic Background,0.9,"PMGC Holdings Inc. / Elevai Labs Inc. Board Diversity Matrix as of December 3, 2024. Total Number of Directors 6. Part I: Gender Identity: Directors Female 1, Male 5. Part II: Demographic Background: White Female 1, Male 4; Two or More Races or Ethnicities Male 1."
1954269,GSIW,Garden Stage Ltd,Nasdaq,Capital Market,foreign_private_issuer,Hong Kong,6200,"Security & Commodity Brokers, Dealers, Exchanges & Services",2023-12-01,2024-12-01,1,0,published_on_time,2024-07-31,0001013762-24-003078,https://www.sec.gov/Archives/edgar/data/1954269/000101376224003078/ea0209110-20f_garden.htm,edgar_filing,20-F,Board Diversity Matrix;Total Number of Directors;Did Not Disclose Gender,0.95,"eason of any act done, concurred in or omitted in or about the execution of their duty or supposed duty in their respective offices or trusts, except such (if any) as they shall incur or sustain through their own fraud or dishonesty. Board Diversity Board Diversity Matrix (As of the date of this annual report) Country of Principal Executive Offices: Hong Kong Foreign Private Issuer Yes Disclosure Prohibited Under Home Country Law No Total Number of Directors 6 Female Male Non-Binary Did Not Disclose Gender Part I: Gender Identity Directors 1 5 0 0 Part II: Demographic Background Underrepresented Individual in Home Country Jurisdiction — LGBTQ+ — 6.D. Employees We had 17 employees as of the date of the annual report, including the Operating Subsidiaries. All of the employees (other than self-employed account executives) are employed under employment contracts which set out fully, among ot"
