cik,ticker,legal_name,issuer_type,nasdaq_listing_date,initial_matrix_due_date,initial_matrix_publication_date,initial_matrix_source,continuation_status,continuation_date,continuation_source,continuation_source_url,continuation_form_type,continuation_confidence,matched_signal,evidence_excerpt,post_vacatur_candidate_filings,reviewed_post_vacatur_filings,fetch_failed_filings
1868941,FLNC,"Fluence Energy, Inc.",domestic,2021-10-28,2022-10-28,2022-01-28,0001140361-22-003004,continued_same_matrix,2025-01-24,0001868941-25-000007,https://www.sec.gov/Archives/edgar/data/1868941/000186894125000007/flnc-20250124.htm,DEF 14A,0.9,"\b(?:director|directors|board|nominee|nominees)\s+(?:diversity|demographics?)\s+matrix\b;\bgender identity\b;\bdemographic background\b;\bfemale\b.{0,80}\bmale\b","X X X X X X X X X X DisruptTech X X X X X X X Global Citizenship X X X X X X X X Operational Experience X X X X X X X X X X X Financial Expertise X X X X X X X X X X X X Corporate Governance X X X X X X X X X X X Board Experience X X X X X X X X X X Director Nominee Diversity Matrix The Board believes that diversity and inclusion are important considerations in board composition. In considering any potential director nominees, our Nominating and Corporate Governance Committee considers a number of factors including, but not limited to, personal and professional integrity, ethics and values; diversity of expertise and experience in substantive matters pertaining to the Company’s business relative to other board members; and diversity of background and perspective. The matrix below sets forth the self-identified gender identity and demographic diversity attributes of each of our Director Nominees. Please see “ Information About Director Nominees ” above, for biographical information on each of our Director Nominees. Total Number of Director Nominees 12 Female Male Part I: Gender Identity Director Nominees 4 8 Part II: Demographic Background African American or Black — 1 Asian — 1 Hispanic or Latinx 1 2 White 3 4 Boa",6,1,0
1865408,,Exscientia plc,foreign_private_issuer,2021-10-01,2022-10-01,2022-03-23,0001865408-22-000005,no_post_vacatur_relevant_filing,,,,,0.65,,,0,0,0
1689731,,"Southern States Bancshares, Inc.",domestic,2021-08-12,2022-08-12,2022-03-30,0001628280-22-007803,continued_other_narrative,2025-04-18,0001628280-25-018318,https://www.sec.gov/Archives/edgar/data/1689731/000162828025018318/ssbk-20241231.htm,10-K/A,0.75,\bdiversity of (?:our|the) board\b,"ector candidates, our board also considers the candidate’s independence, character, judgment, diversity, age, skills, including financial literacy, and experience in the context of our needs and those of our board. While we have no formal policy regarding the diversity of our board, our board may consider a broad range of factors relating to the qualifications and background of director nominees, which may include personal characteristics. Our board of director’s priority in selecting board members is the identification of persons who will further the interests of our stockholders through his or her record of professional and personal experiences and expertise relevant to our growth strategy. Director Independence Under the rules of NASDAQ, independent directors must comprise a majority of our board. The rules of NASDAQ, as well as those of the SEC, also impose several other requirements with respect to the independence of our directors. Our board has undertaken a review of the independence of each non-employee director based upon these rules and the charter of our Nominating and Corporate Governance Committee. App",2,2,0
1875444,ARHS,"Arhaus, Inc.",domestic,2021-11-04,2022-11-04,2022-04-04,0001193125-22-094328,continued_other_narrative,2025-04-10,0001193125-25-077328,https://www.sec.gov/Archives/edgar/data/1875444/000119312525077328/d791153ddef14a.htm,DEF 14A,0.75,\bboard diversity\b,"tees, regularly discusses with management our major risk exposures, their potential impact on the Company, and the steps we take to monitor and control such exposures. The Board’s role in the Company’s risk oversight has not affected our leadership structure. Board Diversity Of our total number of ten directors, we have two female directors. As further described below, when considering director candidates, our Nominating and Corporate Governance Committee considers diversifying factors they deem appropriate, including, among other things, age, skills, gender, ethnicity, areas of expertise, and other relevant factors. 9 Table of Contents BOARD COMMITTEES AND MEETINGS Our Board of Directors has an Audit Committee, a Compensation Committee, and a Nominating & Corporate Governance Committee, each of which operates under a charter that is posted on our website at https://ir.arhaus.com/corporate-governance/governance-overview. Our Board of Directors also has a Real Estate Committee and a Technology Committee. Directors who are members of these committees serve until their resignation or until as otherwise determin",4,4,0
1590418,FCUV,FOCUS UNIVERSAL INC.,domestic,2021-09-01,2022-09-01,2022-04-06,0001683168-22-002377,continued_same_matrix,2025-04-18,0001683168-25-002686,https://www.sec.gov/Archives/edgar/data/1590418/000168316825002686/focus_ipre14a-062025.htm,PRE 14A,0.95,Board of Directors Diversity Matrix;Directors Diversity Matrix;Did Not Disclose Gender;Did Not Disclose Demographic Background,"ating and Corporate Governance Committee. 13 The following chart provides certain self-identified characteristics of our nominees and current directors utilizing the categories and terms set forth in the applicable Nasdaq rules and related guidance. Board of Directors Diversity Matrix (as of April 18, 2025) Total Director Nominees and Continuing Directors 5 Female Male Non-Binary Did Not Disclose Gender Gender Identity Directors 1 4 – – Demographic Background African American or Black – – Alaskan Native or Native American – – Asian – 2 Hispanic, Latinx or Spanish Origin – – Native Hawaiian or Pacific Islander – – White 1 2 Other – – Two or More Races of Ethnicities – – LGBTQ+ – – Did not Disclose Demographic Background – – Vote Required and Recommendation of the Board Directors are elected by a plurality of the votes cast at the Annual Meeting. If a quorum is present, the nominees receiving the highest number of “FOR” votes will be elected to the Board. Shares represented by executed proxies will be voted for which no contrary instruction is given, if authority to do so is not withheld, “FOR” the election of each of the nominees nam",7,2,0
1649739,BAFN,BayFirst Financial Corp.,domestic,2021-11-12,2022-11-12,2022-04-07,0001649739-22-000137,continued_other_narrative,2025-04-04,0001649739-25-000110,https://www.sec.gov/Archives/edgar/data/1649739/000164973925000110/def14a-proxy2025.htm,DEF 14A,0.75,"\bdiversity\b.{0,220}\b(?:director|directors|nominee|nominees|board)\b","ility to serve as effective Board members and to determine whether they are independent in accordance with applicable SEC and Nasdaq rules (to ensure that, at all times, at least a majority of our directors are independent). Although we do not have a separate diversity policy, the Nominating Committee may consider the diversity of the Company’s directors and nominees in terms of knowledge, experience, skills, expertise, and other factors that may contribute to the effectiveness of our Board. 10 Our Nominating Committee has adopted a written charter, which sets forth the committee’s duties and responsibilities. This charter is available in the Investor Relations section of our website at www.bayfirstfinancial.com . Bank Directors The Board of Directors of the Bank is comprised of each Company director except for Mark S. Berset. Board Recommendation Our Board recommends that our shareholders vote “for” the nominees named above. PROPOSAL TWO ADJOURNMENT OF THE ANNUAL MEETING General The Board of Directors is asking for your approval to adjourn the Annual Meeting in the event that there are an insufficient number of votes to approve Proposal 1 at the Annual Meeting. In order to permit proxies to be voted",4,4,0
1657853,HTZ,"HERTZ GLOBAL HOLDINGS, INC",domestic,2021-11-09,2022-11-09,2022-04-08,0001140361-22-013707,not_continued_in_reviewed_filings,,,,,0.7,,,6,6,0
1789940,FWRG,"First Watch Restaurant Group, Inc.",domestic,2021-10-01,2022-10-01,2022-04-11,0001789940-22-000044,continued_other_narrative,2025-04-08,0001789940-25-000031,https://www.sec.gov/Archives/edgar/data/1789940/000178994025000031/fwrg-20250407.htm,DEF 14A,0.75,\bboard diversity\b,"Capital Management ○ ○ ○ ○ ○ ○ ● ○ ○ Legal ○ ○ ○ ○ Social & Environmental Responsibility ○ ○ ○ ○ ○ ● C-Suite/Executive Management ● ● ● ● ● ● ● ● ● 14 ● Integral element of career ○ Meaningful involvement during career, including directorships/certifications Board Diversity In addition to the broad diversity of experience and expertise reflected above, our Board consists of three female directors, seven male directors, and we have two self-identified directors from an underrepresented minority. Communications with the Company and the Board Stockholders may communicate with the Company through its Investor Relations Department by writing to: Investor Relations, First Watch Restaurant Group, Inc., 8725 Pendery Place, Ste. 201, Bradenton, FL 34201. Stockholders interested in communicating with our Board, any Board committee, any individual director, or any group of directors (such as our independent directors) should send written correspondence to First Watch Restaurant Group, Inc. Board of Directors, 8725 Pendery Place, Ste. 201, Bradenton, FL 34201, Attn: Secretary. At the direction of the Board, all mail re",6,6,0
1544522,FRSH,Freshworks Inc.,domestic,2021-09-22,2022-09-22,2022-04-11,0001544522-22-000005,continued_other_narrative,2025-04-17,0001544522-25-000015,https://www.sec.gov/Archives/edgar/data/1544522/000154452225000015/frsh-20250417.htm,DEF 14A,0.75,\bboard diversity\b,"in Public Policy from Brown University and an M.B.A. from Harvard Business School. We believe Ms. Taylor is qualified to serve as a member of our board of directors because of her product development expertise and strong experience in the technology industry. Board Diversity Our board of directors values diversity and believes that a board that collectively reflects a diversity of background, thought and experience enhances a board's effectiveness. To that end, we consider a broad range of backgrounds and experiences and the benefits of diverse viewpoints. Fifty percent (50%) of our board of directors (inclusive of the three director nominees) are diverse based on gender and/or race/ethnicity. (1)(2) (1) Director Diversity calculations are as of April 17, 2025. (2) Based on gender and racial/ethnic diversity of director nominees and incumbent directors. Independence of our Board of Directors Under the Nasdaq listing standards, a majority of the members of a listed company’s board of directors must satisfy the Nasdaq independence criteria. The Nasdaq listing standards also generally require that each member o",7,7,0
1861795,DH,Definitive Healthcare Corp.,domestic,2021-09-15,2022-09-15,2022-04-12,0001193125-22-102925,continued_other_narrative,2025-04-23,0000950170-25-057364,https://www.sec.gov/Archives/edgar/data/1861795/000095017025057364/dh-20250422.htm,DEF 14A,0.75,\bdiverse board\b,"ound judgment, leadership, courage, and diversity of experience (for example, in relation to finance and accounting, strategy, risk management, technical expertise, policymaking, etc.). In addition, the Company recognizes and embraces the benefits of having a diverse Board. In evaluating the Board’s composition, although the Board does not have a formal policy specifying how diversity of background and personal experience should be applied in identifying or evaluating director candidates, the Nominating and Corporate Governance Committee considers diversity among other relevant considerations, including, but not limited to, diversity of gender, age, race, ethnicity, cultural and educational background, professional experience, skills, knowledge, and length of service. The Nominating and Corporate Governance Committee values the input of stockholders in identifying director candidates. The Nominating and Corporate Governance Committee considers recommendations for Board candidates submitted by stockholders using the same criteria it applies to recommendations from the committee, directors, and members of ma",6,6,0
1865494,IOBTQ,"IO Biotech, Inc.",domestic,2021-11-05,2022-11-05,2022-04-14,0001193125-22-105529,continued_other_narrative,2025-03-31,0000950170-25-047744,https://www.sec.gov/Archives/edgar/data/1865494/000095017025047744/iobt-20241231.htm,10-K,0.75,"\b(?:director|directors|nominee|nominees|board)\b.{0,220}\bdiversity\b","to grow and evolve. If our approach to these matters fail to meet the expectations and standards of investors, employees, other stakeholders and governmental authorities regarding responsible corporate citizenship in areas including environmental stewardship, Board of Directors and employee diversity, human capital management, corporate governance and transparency, we may face not only reputational harm but also regulatory scrutiny, litigation risk, and loss of business opportunities, which could have a material adverse effect on our business or financial condition. The biopharmaceutical industry is subject to extensive regulatory obligations and policies that are subject to change, including due to judicial challenges. On June 28, 2024, the U.S. Supreme Court issued an opinion holding that courts reviewing agency action pursuant to the Administrative Procedure Act (the “APA”) “must exercise their independent judgment” and “may not defer to an agency interpretation of the law simply because a statute is ambiguous.” The decision will have a significant impact on how lower courts evaluate challenges to agency interpretations of law, in",3,3,0
1625278,NRDS,"NERDWALLET, INC.",domestic,2021-11-04,2022-11-04,2022-04-14,0001193125-22-104971,continued_same_matrix,2025-04-14,0001625278-25-000056,https://www.sec.gov/Archives/edgar/data/1625278/000162527825000056/def14aandproxycard2025.htm,DEF 14A,0.85,Total Number of Directors;Did Not Disclose Demographic Background,"ublic Company Board Experience • • • Operations & Strategy • • • Corporate Governance • Former CEO • • Diversity • Finance/Capital Allocation • • COMMITTEES Audit Committee Compensation Committee CHAIR MEMBER Board Composition (as of March 24, 2025) Total Number of Directors: 5 Part I: Gender Identity Male Female Non-Binary Not Disclosed Directors 3 2 — — Part II: Demographic Background African American or Black 1 — — — Alaskan Native or Native American — — — — Asian 1 — — — Hispanic or Latinx — — — — Native Hawaiian or Pacific Islander — — — — White 1 2 — — Two or More Races or Ethnicities — — — — LGBTQ+ — — — — Did Not Disclose Demographic Background — — — — 6 PROXY STATEMENT 2025 PROXY SUMMARY Executive Compensation We are an “emerging growth company,” as defined in the JOBS Act. As an emerging growth company, we have reduced disclosure and are exempt from certain requirements related to executive compensation, including the requirements to hold non-binding advisory votes on executive compensation, to provide information relating to the ratio of total compensation of our Chief Executive Officer to the median of the annual total c",6,2,0
1689375,TRDA,"Entrada Therapeutics, Inc.",domestic,2021-10-29,2022-10-29,2022-04-19,0001104659-22-047338,not_continued_in_reviewed_filings,,,,,0.7,,,8,8,0
1868726,OLPX,"OLAPLEX HOLDINGS, INC.",domestic,2021-09-30,2022-09-30,2022-04-19,0001868726-22-000019,continued_same_matrix,2025-04-23,0001868726-25-000048,https://www.sec.gov/Archives/edgar/data/1868726/000186872625000048/olpx-20250423.htm,DEF 14A,0.85,Total Number of Directors;Did Not Disclose Gender,"Board considers the qualifications of directors and director candidates individually and in the broader context of its overall diversity and composition and the Company's current and future needs. 26 Board Demographics Matrix (as of April 23, 2025) Total Number of Directors 11 Female Male Non-Binary Did Not Disclose Gender Part I: Gender Identity Directors 8 3 - - Part II: Demographic Background African American or Black 2 - - - Alaskan Native or Native American - - - - Asian - - - - Hispanic or Latinx - - - - Native Hawaiian or Pacific Islander - - - - White 6 3 - - Two or More Races or Ethnicities - - - - LGBTQ+ - Demographic Background Undisclosed - Board and Committee Annual Performance Reviews Our Corporate Governance Guidelines provide that the Nominating and Corporate Governance Committee is responsible for reporting annually to the Board an evaluation of the overall performance of the Board. In addition, the written charters of each of the Audit Committee, Compensation Committee and Nominating and Corporate Governance Committee provide that each such committee shall evaluate its performance as well as its role and responsib",7,2,0
1782170,RELY,"Remitly Global, Inc.",domestic,2021-09-23,2022-09-23,2022-04-19,0001782170-22-000068,not_continued_in_reviewed_filings,,,,,0.7,,,6,6,0
1598981,SKYX,SKYX Platforms Corp.,domestic,2022-02-10,2023-02-10,2022-04-19,0001493152-22-010422,continued_other_narrative,2025-05-16,0001641172-25-011274,https://www.sec.gov/Archives/edgar/data/1598981/000164117225011274/formdef14a.htm,DEF 14A,0.75,\bdiverse board\b,"y, to maintain a balance of knowledge, experience and capability. The Nominating and Corporate Governance Committee does not have a diversity policy (however that term may be defined). The Nominating and Corporate Governance Committee recognizes that having a diverse Board with a variety of viewpoints, backgrounds, and experiences provides a more comprehensive decision-making process. In the case of incumbent directors, the Nominating and Corporate Governance Committee reviews these directors’ overall service to us during their terms, including the number of meetings attended, level of participation, quality of performance, and any other relationships and transactions that might impair the directors’ independence. In the case of new director candidates, the Nominating and Corporate Governance Committee will assess the independence of the nominee under applicable SEC rules and regulations and Nasdaq listing standards and conduct any appropriate and necessary inquiries into the backgrounds and qualifications of possible candidates after considering the function and needs of the Board. If a candidate passes t",7,7,0
1607939,UDMY,"Udemy, Inc.",domestic,2021-10-29,2022-10-29,2022-04-20,0001607939-22-000021,continued_other_narrative,2025-04-02,0001607939-25-000040,https://www.sec.gov/Archives/edgar/data/1607939/000160793925000040/ude-20250402.htm,PRE 14A,0.75,"\bdiversity\b.{0,220}\b(?:director|directors|nominee|nominees|board)\b","pt our CEO and former CEO) • Fully independent standing Board committees • Independent Board chairperson • Robust Board oversight of long-term strategy, risk management, cybersecurity, executive compensation, and governance matters • Healthy mix of tenure and diversity represented on our Board (4 of our independent directors joined since 2022 and 2 new independent directors in 2024, all of whom are diverse in race, ethnicity, or gender) • Robust annual self-evaluation process for our Board, its committees and our directors • Board members encouraged to limit participation on other public company boards • Anti-hedging and anti-pledging policy for directors, officers, and employees • Meaningful stock ownership guidelines for our Board and executive officers • Incentive compensation recovery policy for accounting restatements • Board policy for CEO succession planning Executive Compensation Highlights We believe that our long-term success depends, in part, on attracting, motivating, and retaining talented executive leadership through compensation incentives that are closely aligned with Udemy's performance and the interests of our stockholders. Our compensation programs emphasize long-term performance and the creation of stockholder value by significantly weighting the compensation of our named executive officers towards equi",6,6,0
1462056,BLZE,"Backblaze, Inc.",domestic,2021-11-11,2022-11-11,2022-04-21,0001193125-22-112978,continued_other_narrative,2025-04-14,0001140361-25-013748,https://www.sec.gov/Archives/edgar/data/1462056/000114036125013748/ny20044236x1_def14a.htm,DEF 14A,0.75,"\bdiversity\b.{0,220}\b(?:director|directors|nominee|nominees|board)\b","system experience, length of service, potential conflicts of interest, availability, other commitments and the like; industry best practices; and such other factors as the Nominating and Corporate Governance Committee may consider appropriate. With respect to diversity, the Board believes that a diverse boardroom provides a number of benefits, including greater diversity of thought which can help lead to a stronger decision-making process, enhanced breadth of personal experiences and viewpoints, and better representation of different stockholders and other stakeholders. The Board and its committees consider the effectiveness of such policies and procedures as part of its annual evaluation process. The Nominating and Corporate Governance Committee has established certain minimum qualifications for director candidates: (i) high personal and professional ethics and integrity, (ii) proven achievement and competence in the nominee’s field and the ability to exercise sound business judgment, (iii) skills that are beneficial to those of existing Board members, (iv) the ability to assist and support management and make s",7,7,0
1784567,,"Harbor Custom Development, Inc.",domestic,2021-10-05,2022-10-05,2022-04-21,0001493152-22-010645,no_post_vacatur_relevant_filing,,,,,0.65,,,0,0,0
1482981,COCO,"Vita Coco Company, Inc.",domestic,2021-10-21,2022-10-21,2022-04-21,0001193125-22-113049,continued_same_matrix,2025-04-23,0001482981-25-000073,https://www.sec.gov/Archives/edgar/data/1482981/000148298125000073/coco-20250423.htm,DEF 14A,0.95,Board Diversity Matrix;Total Number of Directors;Did Not Disclose Gender;Did Not Disclose Demographic Background,"nificant background in the consumer, food and beverage industries and technology and security, and her experience serving on other boards make her qualified to serve on our Board. The Vita Coco Company, Inc. 17 2025 Proxy Statement Table of Contents Board Diversity Matrix Throughout the director selection and nomination process, the Nominating, Environmental, Social and Corporate Governance Committee (the “Nominating and ESG Committee”) and the Board seek to achieve diversity within the Board with a broad array of viewpoints and perspectives that are representative of our global business. The Nominating and ESG Committee adheres to the Company’s philosophy of maintaining an environment free from discrimination on the basis of race, color, religion, sex, sexual orientation, gender identity, age, national origin, disability, veteran status or any other protected category under applicable law. This process is designed to provide that the Board includes members with diverse backgrounds, perspectives and experience, including appropriate financial and other expertise relevant to the business of the Company. The table below reports the di",7,2,0
1862150,CING,Cingulate Inc.,domestic,2021-12-08,2022-12-08,2022-04-22,0001493152-22-010723,continued_other_narrative,2025-03-27,0001641172-25-000970,https://www.sec.gov/Archives/edgar/data/1862150/000164117225000970/form10-k.htm,10-K,0.75,"\bdiversity\b.{0,220}\b(?:director|directors|nominee|nominees|board)\b","ved only for cause, and that any vacancy on our Board, including a vacancy resulting from an enlargement of our Board, may be filled only by vote of a majority of our directors then in office. We do not have a formal policy with regard to the consideration of diversity in identifying director nominees. The Board evaluates each individual in the context of the Board as a whole, with the objective of assembling a group that can best perpetuate the success of the business and represent stockholder interests through the exercise of sound judgment using its diversity of experience in these various areas. Audit Committee and Audit Committee Financial Expert Our Audit Committee consists of Messrs. Ervin, Lawrence and Roberts, with Mr. Roberts serving as the Chairman of the Audit Committee. Our Board has determined that the three directors currently serving on our Audit Committee are independent within the meaning of the NASDAQ Marketplace Rules and Rule 10A-3 under the Exchange Act. In addition, our Board has determined that Mr. Roberts qualifies as an audit committee financial expert within the meaning of SEC regulations and The NASDAQ Marketplace Rules. 116 Delinquent Section 16(a) Reports Section 16(a)",13,13,0
1452965,,MINERVA SURGICAL INC,domestic,2021-10-22,2022-10-22,2022-04-22,0001193125-22-115153,no_post_vacatur_relevant_filing,,,,,0.65,,,0,0,0
1844280,,"Thorne Healthtech, Inc.",domestic,2021-09-23,2022-09-23,2022-04-22,0001193125-22-115188,no_post_vacatur_relevant_filing,,,,,0.65,,,0,0,0
1866692,AMPL,"Amplitude, Inc.",domestic,2021-09-28,2022-09-28,2022-04-25,0001193125-22-117799,not_continued_in_reviewed_filings,,,,,0.7,,,6,6,0
1455365,CGTX,COGNITION THERAPEUTICS INC,domestic,2021-10-08,2022-10-08,2022-04-25,0001104659-22-049727,continued_other_narrative,2025-04-28,0001104659-25-040193,https://www.sec.gov/Archives/edgar/data/1455365/000110465925040193/tm252486-4_def14a.htm,DEF 14A,0.75,"\bdiversity\b.{0,220}\b(?:director|directors|nominee|nominees|board)\b","such as other positions the director or candidate holds, including other boards of directors on which he or she serves, and the independence of each director and candidate, to ensure that a substantial majority of our Board is independent. Board Commitment to Diversity Our Board is committed to building a Board that consists of the optimal mix of skills and experience capable of effectively overseeing the execution of our business and meeting our evolving needs.. The Nominating and Corporate Governance Committee considers the value of diversity on our Board in evaluating director nominees. Accordingly, the Nominating and Corporate Governance Committee’s evaluation of director nominees includes consideration of their ability to contribute to the diversity of personal and professional experiences, opinions, perspectives and backgrounds on our Board. As presently constituted, our Board represents a deliberate mix of members who have a deep understanding of our business as well as members who have different skill sets and points of view. Potential Director Candidates On an ongoing basis, the Nominating and Corporate Governance Committee will consid",6,6,0
1817004,NXXT,"NEXTNRG, INC.",domestic,2021-09-15,2022-09-15,2022-04-25,0001493152-22-010860,continued_same_matrix,2024-12-31,0001493152-24-052756,https://www.sec.gov/Archives/edgar/data/1817004/000149315224052756/formdef14a.htm,DEF 14A,0.95,Board Diversity Matrix;Did Not Disclose Gender;Did Not Disclose Demographic Background,"mmittee Bennett Kurtz Chair Member Member Jack Leibler Member Chair Member Sean Oppen Member Member Chair The following matrices provide race/ethnicity, as well as gender, of the members of our Board, as self-identified by members of our Board. 2024 Board Diversity Matrix Female Male Non-Binary Did Not Disclose Gender Part I Gender Identity Directors - 5 - - Part II: Demographic Background African American or Black - - - - Alaskan Native or Native American - - - - Asian - - - - Hispanic or Latinx - - - - Native Hawaiian or Pacific Islander - - - - White - - - - Middle Eastern - - - - Scandinavian - - - - Two or More Races or Ethnicities - - - - LGBTQ+ - - - - Did Not Disclose Demographic Background - - - - 2023 Board Diversity Matrix Female Male Non-Binary Did Not Disclose Gender Part I Gender Identity Directors - 5 - - Part II: Demographic Background African American or Black - - - - Alaskan Native or Native American - - - - Asian - - - - Hispanic or Latinx - - - - Native Hawaiian or Pacific Islander - - - - White - - - - Middle Eastern - - - - Scandinavian - - - - Two or More Races or Ethnicities - - - - LGBTQ+ - - - - Did Not Dis",7,1,0
1856608,,"Sovos Brands, Inc.",domestic,2021-09-23,2022-09-23,2022-04-25,0001558370-22-005891,no_post_vacatur_relevant_filing,,,,,0.65,,,0,0,0
1745020,,"Theseus Pharmaceuticals, Inc.",domestic,2021-10-07,2022-10-07,2022-04-25,0001558370-22-005880,no_post_vacatur_relevant_filing,,,,,0.65,,,0,0,0
1781730,TCBX,"Third Coast Bancshares, Inc.",domestic,2021-11-09,2022-11-09,2022-04-25,0001193125-22-117790,continued_other_narrative,2025-04-17,0001193125-25-083409,https://www.sec.gov/Archives/edgar/data/1781730/000119312525083409/d903817ddef14a.htm,DEF 14A,0.75,"\bdiversity\b.{0,220}\b(?:director|directors|nominee|nominees|board)\b","and such other relevant factors that the Corporate Governance and Nominating Committee considers appropriate in the context of the needs of the board of directors. The Corporate Governance and Nominating Committee does not have a formal policy with respect to diversity; however, the board of directors and Corporate Governance and Nominating Committee believe that it is essential that the board members represent diverse viewpoints. In addition, prior to nominating an existing director for re-election to the board of directors, the Corporate Governance and Nominating Committee considers and reviews such director’s board of directors and committee attendance and performance; length of board of directors service; experience, skills and contributions that the existing director brings to the board of directors; independence; and any significant change in the director’s status, including the attributes considered for initial membership on our board of directors. Process for Identifying and Evaluating Director Nominees Pursuant to the Corporate Governance and Nominating Committee Charter as approved by the board of directors, the Corporate Governance and Nominating Committee is responsible for the process relating to 16 Table of Contents director nominations, including identifying, recommending, interviewing and selecting in",4,4,0
1866757,BRLT,"Brilliant Earth Group, Inc.",domestic,2021-09-23,2022-09-23,2022-04-26,0001866757-22-000077,continued_other_narrative,2025-03-13,0001866757-25-000038,https://www.sec.gov/Archives/edgar/data/1866757/000186675725000038/brlt-20241231.htm,10-K,0.75,"\bdiversity\b.{0,220}\b(?:director|directors|nominee|nominees|board)\b","anies on ESG topics. Topics taken into account in such assessments include, among others, the company’s efforts and impacts, including impacts associated with our suppliers or other partners, on climate change and human rights, ethics and compliance with law, diversity, and the role of the Board in supervising various ESG issues. In light of investors’ increased focus on ESG matters, there can be no certainty that we will manage such issues successfully, or that we will successfully meet society’s expectations as to our proper role or our own ESG goals and values, including in respect of our diamond sourcing standards. This could lead to risk of litigation or reputational damage relating to our ESG policies or performance. As we continue to focus on developing ESG practices, and as investor and other stakeholder expectations, voluntary and regulatory ESG disclosure standards and policies continue to evolve, we have made disclosures in these areas. Such disclosures may reflect aspirational goals, targets, and other expectations and assumptions, which are necessarily uncertain and may not be realized. Standards for tracking and re",7,7,0
1645569,,"DICE Therapeutics, Inc.",domestic,2021-09-15,2022-09-15,2022-04-26,0001564590-22-015687,no_post_vacatur_relevant_filing,,,,,0.65,,,0,0,0
1412558,EVO,Evotec SE,foreign_private_issuer,2021-11-04,2022-11-04,2022-04-26,0001104659-22-049929,continued_same_matrix,2025-04-17,0001104659-25-035638,https://www.sec.gov/Archives/edgar/data/1412558/000110465925035638/evo-20241231x20f.htm,20-F,0.95,Board Diversity Matrix;Did Not Disclose Gender;Did Not Disclose Demographic Background,"thoughts” is ensured by composing internationally experienced Management and Supervisory Boards with broad and complementary skill sets. 81 Table of Contents The following chart provides additional diversity information about our Supervisory Board. Board Diversity Matrix (As of December 31, 2024) Country of Principal Executive Office Germany Foreign Private Issuer Yes Disclosure Prohibited Under Home Country Law No Total Number of Members 6 Female Male Non-Binary Did Not Disclose Gender Part I: Gender Identity Directors [3] [3] [0] [0] Part II: Demographic Background Underrepresented Individual in Home Country Jurisdiction 0 LGBTQ+ 0 Did Not Disclose Demographic Background 6 ​ Our Supervisory Board as a whole generally makes decisions, however decisions on certain matters may be delegated to committees of our Supervisory Board to the extent permitted by law. The chairperson, or if he or she is prevented from doing so, the vice chairperson, chairs the meetings of the Supervisory Board and determines the order in which the agenda items are discussed, the method and order of voting, as well as any adjournment of the discussion and pas",25,1,0
1840233,XLO,"Xilio Therapeutics, Inc.",domestic,2021-10-22,2022-10-22,2022-04-26,0001558370-22-005974,not_continued_in_reviewed_filings,,,,,0.7,,,11,11,0
1874178,RIVN,"Rivian Automotive, Inc. / DE",domestic,2021-11-10,2022-11-10,2022-04-27,0001874178-22-000021,continued_other_narrative,2025-04-18,0001874178-25-000015,https://www.sec.gov/Archives/edgar/data/1874178/000187417825000015/rivn-20250418.htm,PRE 14A,0.75,"\bdiversity\b.{0,220}\b(?:director|directors|nominee|nominees|board)\b","such as serving as an officer or former officer of a publicly held company; professional and academic experience relevant to the Company’s industry, operations, business lines, and target markets; experience as a board member of another publicly held company; diversity of expertise and experience in substantive matters pertaining to the Company’s business relative to other directors; ability to make mature business judgments, including the ability to make independent analytical inquiries; and any other relevant qualifications, attributes, or skills. The Board of Directors evaluates each individual in the context of the Board of Directors as a whole, with the objective of ensuring that the Board of Directors, as a whole, has the necessary tools to perform its oversight function effectively in light of the Company’s business and structure. Stockholders may recommend individuals to the Nominating and Governance Committee for consideration as potential director candidates by submitting the names of the recommended individuals, together with appropriate biographical information and background materials, to the Nominating and Governance Committee, c/o Secretary, Rivian Automotive, Inc., 14600 Myford Road, Irvine, Californ",7,7,0
1851194,,"Ventyx Biosciences, Inc.",domestic,2021-10-21,2022-10-21,2022-04-27,0001193125-22-123613,continued_other_narrative,2025-04-23,0000950170-25-057384,https://www.sec.gov/Archives/edgar/data/1851194/000095017025057384/vtyx-20250423.htm,DEF 14A,0.75,\bboard diversity\b,"nal background, age and geography, as well as other individual qualities and attributes that contribute to the total mix of viewpoints and experience represented on our board. Although our board of directors does not maintain a specific policy with respect to board diversity, our board of directors believes that the board should be a diverse body, and the nominating and corporate governance committee considers a broad range of perspectives, backgrounds and experiences. If our nominating and corporate governance committee determines that an additional or replacement director is required, then the committee may take such measures as it considers appropriate in connection with its evaluation of a director candidate, including candidate interviews, inquiry of the person or persons making the recommendation or nomination, engagement of an outside search firm to gather additional information, or reliance on the knowledge of the members of the committee, board or management. After completing its review and evaluation of director candidates, our nominating and corporate governance committee recommends to our full bo",14,14,0
1653909,BIRD,"Allbirds, Inc.",domestic,2021-11-03,2022-11-03,2022-04-28,0001653909-22-000029,continued_other_narrative,2025-04-24,0001653909-25-000014,https://www.sec.gov/Archives/edgar/data/1653909/000165390925000014/bird-20250423.htm,DEF 14A,0.75,"\bdiversity\b.{0,220}\b(?:director|directors|nominee|nominees|board)\b","orporation status. Candidates for director nominees are reviewed in the context of the current composition of the Board, the operating requirements of the Company, and the long-term interests of stockholders. In conducting this assessment, the Board considers diversity (including diversity of gender, ethnic background, and country of origin), age, skills, and other factors that it deems appropriate to maintain a balance of knowledge, experience, and capability on the Board. From time to time, the Board in its discretion may change the criteria for Board membership. Board and Committee Self-Evaluations The SNG Committee annually oversees a self-evaluation of the Board to determine whether the Board and its committees are functioning effectively. As appropriate, the SNG Committee will make recommendations to the Board for areas of improvement. The self-evaluation includes evaluation of (a) the Board’s and each committee’s contribution as a whole and effectiveness in serving the best interests of the Company and its stockholders, (b) specific areas in which the Board and management believe that the performance of the Board and its committees could be improved, and (c) overall Board composition and makeup. The factors to be considered shall include whether the directors can and do provide the integrity, experi",8,8,0
1667011,AIP,"Arteris, Inc.",domestic,2021-10-27,2022-10-27,2022-04-28,0001193125-22-127538,continued_other_narrative,2025-04-23,0001193125-25-091349,https://www.sec.gov/Archives/edgar/data/1667011/000119312525091349/d880245ddef14a.htm,DEF 14A,0.75,\bboard diversity\b,"derivative instruments related to our securities, (iii) engaging in any hedging or similar transaction designed to decrease the risks associated with holding our securities and (iv) purchasing our securities on margin or pledging our securities as collateral. Board Diversity Among our seven Board members as of April 23, 2025, one Board member self-identifies as female, and six Board members self-identify as male. One Board member self-identifies as white, three Board members self-identify as Asian, one Board member self-identifies as Hispanic, Latino or Latinx, and two Board members do not disclose demographic background. 22 Table of Contents TRANSACTIONS WITH RELATED PERSONS We describe below transactions and series of similar transactions, since January 1, 2022, to which we were a party or will be a party, in which the amount involved exceeded or will exceed the lesser of $120,000 or one percent of the average of our total assets at year-end for the last two completed years with any of our directors, executive officers or holders of more than 5% of our common stock, or an affiliate or immediate family memb",6,6,0
1501796,AURA,"Aura Biosciences, Inc.",domestic,2021-10-29,2022-10-29,2022-04-28,0001193125-22-127614,continued_other_narrative,2025-04-24,0000950170-25-058062,https://www.sec.gov/Archives/edgar/data/1501796/000095017025058062/aura-20250424.htm,DEF 14A,0.75,"\bdiversity\b.{0,220}\b(?:director|directors|nominee|nominees|board)\b","ative culture among board members and their knowledge of our business and understanding of the competitive landscape in which we operate and adherence to high ethical standards. Although our Nominating and Corporate Governance Committee does not have a formal diversity policy and does not follow any ratio or formula with respect to diversity in order to determine the appropriate composition of the Board of Directors, the Nominating and Corporate Governance Committee and the full Board of Directors are committed to creating a board of directors with diverse expertise, experience and background. In addition to the information presented below regarding each of the nominees and continuing directors’ specific experience, qualifications, attributes and skills that our Board of Directors and our Nominating and Corporate Governance Committee considered in determining that he or she should serve as a director, we also believe that each of our directors has demonstrated business acumen, integrity and an ability to exercise sound judgment, as well as a commitment of service to our Company and our Board of Directors. Nominee for Election as Class I Director The following table identifies our director nominees, and sets forth their principal occupation and business experience during the last five years and age as of March 31, 2025",7,7,0
1858257,,"AvidXchange Holdings, Inc.",domestic,2021-10-13,2022-10-13,2022-04-28,0001193125-22-127975,not_continued_in_reviewed_filings,,,,,0.7,,,16,16,0
1588978,PRCT,PROCEPT BioRobotics Corp,domestic,2021-09-15,2022-09-15,2022-04-28,0001628280-22-011112,continued_same_matrix,2025-04-25,0001588978-25-000028,https://www.sec.gov/Archives/edgar/data/1588978/000158897825000028/prct-20250425.htm,DEF 14A,0.85,Total Number of Directors;Did Not Disclose Gender;Did Not Disclose Demographic Background,"our corporate responsibility and ESG related programs, priorities, goals, and performance and we have published a report on these topics available on our website. Director Skills and Board Composition Board Composition Matrix (As of April 25, 2025) Total Number of Directors 9 Female Male Non-Binary Did Not Disclose Gender Part I: Gender Identity Directors 3 6 — — Part II: Demographic Background African American or Black — — — — Alaskan Native or Native American — — — — Asian — 1 — — Hispanic or Latinx 1 — — — Native Hawaiian or Pacific Islander — — — — White 2 5 — — Two or More Races or Ethnicities — — — — Did Not Disclose Demographic Background 1 INFORMATION REGARDING COMMITTEES OF THE BOARD OF DIRECTORS The Board has a number of committees that perform certain functions for the Board. The current standing committees of the Board are the Audit Committee, the Compensation Committee and the Nominating and ESG Committee. Below is a description of each committee of the Board. Each of the committees has authority to engage legal counsel or other experts or consultants, as it deems appropriate to carry out its responsibilities. 11 Audit",7,3,0
1782223,PYXS,"Pyxis Oncology, Inc.",domestic,2021-10-08,2022-10-08,2022-04-28,0001193125-22-127710,not_continued_in_reviewed_filings,,,,,0.7,,,6,6,0
1863127,TYRA,"Tyra Biosciences, Inc.",domestic,2021-09-15,2022-09-15,2022-04-28,0001193125-22-127537,not_continued_in_reviewed_filings,,,,,0.7,,,6,6,0
1827087,,"Vigil Neuroscience, Inc.",domestic,2022-01-07,2023-01-07,2022-04-28,0001193125-22-127499,continued_other_narrative,2025-03-31,0001193125-25-067733,https://www.sec.gov/Archives/edgar/data/1827087/000119312525067733/d918323ddef14a.htm,DEF 14A,0.75,\bboard diversity\b,"ce committee recommends candidates for the board of directors’ approval to fill a vacancy or as director nominees for election to the board of directors by our stockholders each year in the class of directors whose term expires at the relevant annual meeting. Board Diversity Policies Our Director Guidelines provide that the value of diversity should be considered in determining director candidates as well as other factors such as a candidate’s character, judgment, skills, education, expertise and absence of conflicts of interest. Our priority in selection of board members is identification of members who will further the interests of our stockholders through their established records of professional accomplishment, their ability to contribute positively to the collaborative culture among board members, and their knowledge of our business and understanding of the competitive landscape in which we operate and adherence to high ethical standards. The nominating and corporate governance committee and the full board of directors are committed to creating a board of directors with diversity, including diversity of",8,8,0
1476840,EXFY,"Expensify, Inc.",domestic,2021-11-10,2022-11-10,2022-04-29,0001476840-22-000036,continued_other_narrative,2025-02-27,0001476840-25-000018,https://www.sec.gov/Archives/edgar/data/1476840/000147684025000018/exfy-20241231.htm,10-K,0.75,"\bdiversity\b.{0,220}\b(?:director|directors|nominee|nominees|board)\b","alue-added manufacturer providing prototyping and tooling, production fabrication, coating, assembly, and aftermarket services across diverse industries Ellen Pao 55 Director Cofounder and Chief Executive Officer of Project Include, a nonprofit advocating for diversity, equity and inclusion in technology companies Ying (Vivian) Liu 49 Director Former President, Chief Operating Officer, and Chief Financial Officer of ContextLogic, Inc. (d/b/a Wish), a mobile e-commerce platform We have adopted an insider trading policy that governs the purchase, sale, and/or other dispositions of our securities by officers, directors, contractors, consultants and employees that is reasonably designed to promote compliance with insider trading laws, rules and regulations, and the listing requirements of Nasdaq. A copy of our insider trading policy is filed as Exhibit 19.1 to this Annual Report on Form 10-K. The other information required by this Item will be set forth in, and is incorporated by reference to, our 2025 Proxy Statement (the “2025 Proxy Statement”) to be filed with the SEC within 120 days after December 31, 2024. 151 Table of Contents Item 11. Executive Compensation The information",7,7,0
1780201,LVLU,"Lulu's Fashion Lounge Holdings, Inc.",domestic,2021-11-11,2022-11-11,2022-04-29,0001140361-22-016935,continued_other_narrative,2025-04-14,0001140361-25-013751,https://www.sec.gov/Archives/edgar/data/1780201/000114036125013751/ny20042374x1_pre14a.htm,PRE 14A,0.75,"\bdiversity\b.{0,220}\b(?:director|directors|nominee|nominees|board)\b","s evaluates each individual in the context of the Board of Directors as a whole, with the objective of assembling a group that can best perpetuate the success of the business and represent stockholder interests through the exercise of sound judgment using its diversity of experience in these various areas. In determining whether to recommend a director for re-election, the Nominating and Corporate Governance Committee may also consider the director’s past attendance at meetings and participation in and contributions to the activities of the Board of Directors. Stockholders may recommend individuals to the Nominating and Corporate Governance Committee for consideration as potential director candidates by submitting the names of the recommended individuals, together with written consent by the potential director candidate to being named in the proxy statement, a description of any direct or indirect material interest in any material contract or agreement between the stockholder nominating the potential director candidate and the potential director candidate, and appropriate biographical information and background materials, including a completed and signed questionnaire, representation and agreement, as provided in Lulus’ Amended and Restated Bylaws to the Nominating and Corporate Go",8,8,0
1574094,RNXT,"RenovoRx, Inc.",domestic,2021-08-26,2022-08-26,2022-04-29,0001493152-22-011553,continued_other_narrative,2025-04-30,0001641172-25-007884,https://www.sec.gov/Archives/edgar/data/1574094/000164117225007884/formdef14a.htm,DEF 14A,0.75,\bboard diversity\b,"ed excellence in his/her field; and ● nominees should have the ability to exercise sound business judgment and have the commitment to represent the long-term interests of our stockholders. Although our Board does not maintain a specific policy with respect to board diversity, it believes that our Board should be a diverse body, and our Nominating and Corporate Governance Committee may consider such factors as differences in professional background, education, skill, and other individual qualities and attributes that contribute to the total mix of viewpoints and experience represented on our Board. Process for Identifying and Evaluating Nominees Candidates for director may come to the attention of the Nominating and Corporate Governance Committee through current members of the Board, professional search firms, stockholders or industry sources. The Nominating and Corporate Governance Committee first evaluates director candidates by reviewing their biographical information and qualifications. Potentially qualified candidates will meet with our Chief Executive Officer and at least one member of the Nominating an",5,5,0
1645070,,Sterling Check Corp.,domestic,2021-09-23,2022-09-23,2022-04-29,0001140361-22-016924,no_post_vacatur_relevant_filing,,,,,0.65,,,0,0,0
1866550,,"Thoughtworks Holding, Inc.",domestic,2021-09-15,2022-09-15,2022-04-29,0001140361-22-016768,no_post_vacatur_relevant_filing,,,,,0.65,,,0,0,0
1769804,,"Augmedix, Inc.",domestic,2021-10-28,2022-10-28,2022-05-02,0001213900-22-023206,no_post_vacatur_relevant_filing,,,,,0.65,,,0,0,0
1779372,BEAT,"HeartBeam, Inc.",domestic,2021-11-11,2022-11-11,2022-05-02,0001779372-22-000015,continued_other_narrative,2025-03-13,0001628280-25-012614,https://www.sec.gov/Archives/edgar/data/1779372/000162828025012614/beat-20241231.htm,10-K,0.75,"\bdiversity\b.{0,220}\b(?:director|directors|nominee|nominees|board)\b","ting and reporting to the Board on the performance and effectiveness of the directors, committees and the Board as a whole; • working with the Board to determine the appropriate and desirable mix of characteristics, skills, expertise and experience, including diversity considerations, for the full Board and each committee; • annually presenting to the Board a list of individuals recommended to be nominated for election to the Board; • reviewing, evaluating, and recommending changes to the Company’s Corporate Governance Principles and Committee Charters; • recommending to the Board individuals to be elected to fill vacancies and newly created directorships; • overseeing the Company’s compliance program, including the Code of Conduct; and • overseeing and evaluating how the Company’s corporate governance and legal and regulatory compliance policies and practices, including leadership, structure, and succession planning, may affect the Company’s major risk exposures. The Nominating and Corporate Governance Committee will consist of Ms. Ortigas-Wedekind, Mr. Elfrink and Mr. Jaff. Ms. Ortigas-Wedekind will serve as chairperson. The Company’s board of directors has determined that each member of the Nominating and Corporate Governance Committee is independent within the",4,4,0
1861522,,KIDPIK CORP.,domestic,2021-11-11,2022-11-11,2022-05-02,0001493152-22-011826,no_post_vacatur_relevant_filing,,,,,0.65,,,0,0,0
1799011,LUCD,Lucid Diagnostics Inc.,domestic,2021-10-14,2022-10-14,2022-05-02,0001493152-22-011734,continued_other_narrative,2025-04-18,0001641172-25-005446,https://www.sec.gov/Archives/edgar/data/1799011/000164117225005446/formpre14a.htm,PRE 14A,0.75,"\bdiversity\b.{0,220}\b(?:director|directors|nominee|nominees|board)\b","board needs that arise from time to time and will also consider the overall experience and makeup of its members to obtain a broad and diverse mix of board members. Though the nominating and corporate governance committee does not have specific guidelines on diversity, it is one of many criteria considered by the nominating and corporate governance committee when evaluating candidates. The nominating and corporate governance committee does not distinguish among nominees recommended by stockholders and other persons. The nominating and corporate governance committee does not have a written policy or formal procedural requirements for stockholders to submit recommendations for director nominations. However, the nominating and corporate governance committee will consider recommendations from stockholders. Stockholders should communicate nominee suggestions directly to the nominating and corporate governance committee and accompany the recommendation with biographical details and a statement of support for the nominee. The suggested nominee must also provide a statement of consent to being considered for nomination. There have been no material changes to the procedures by which security holders may recommend nominees to the Board. 29 In addition to being responsible for selecting nominees to serve on the Bo",8,8,0
1787740,VBIO,"Valion Bio, Inc.",domestic,2021-11-11,2022-11-11,2022-05-02,0001140361-22-017248,continued_other_narrative,2025-03-21,0000950170-25-043234,https://www.sec.gov/Archives/edgar/data/1787740/000095017025043234/tivc-20241231.htm,10-K,0.75,"\bdiversity\b.{0,220}\b(?:director|directors|nominee|nominees|board)\b","than the foregoing, there are no stated minimum criteria for director nominees, although the Nominations and Corporate Governance Committee may also consider such other factors as it deems to be in the Company’s and its stockholders’ best interests, including diversity. The Nominations and Corporate Governance Committee does, however, believe it appropriate for at least one member of the Board to meet the criteria for an “audit committee financial expert,” as defined by Commission rules, and for a majority of the members of the Board to meet the definition of an “independent director” under Nasdaq listing standards. The Nominations and Corporate Governance Committee also believes it is appropriate for our chief executive officer to serve on our Board. The Nominations and Corporate Governance Committee identifies nominees by first evaluating the current members of the relevant class of our Board that are willing to continue in service. Current members of our Board with skills and experience that are relevant to our business and who are willing to continue in service are considered for re-nomination, but the committee at all times seeks to balance the value of continuity of service by existing members of the Board with that of o",11,11,0
1851657,,"Vaxxinity, Inc.",domestic,2021-11-11,2022-11-11,2022-05-02,0001562762-22-000201,no_post_vacatur_relevant_filing,,,,,0.65,,,0,0,0
1653482,GTLB,Gitlab Inc.,domestic,2021-10-14,2022-10-14,2022-05-05,0001653482-22-000023,continued_other_narrative,2025-05-01,0001628280-25-021573,https://www.sec.gov/Archives/edgar/data/1653482/000162828025021573/gtlb-20250501.htm,DEF 14A,0.75,"\bdiversity\b.{0,220}\b(?:director|directors|nominee|nominees|board)\b","believes must be met by a committee-recommended nominee for membership on our board of directors and any specific qualities or skills that the committee believes are necessary for one or more of the members of our board of directors to possess. We also value diversity on a company-wide basis and seek to achieve a mix of members to our board of directors that represent a broad range of backgrounds and experiences, including with respect to age, gender, race, ethnicity, and occupation. Because the identification, evaluation and selection of qualified directors is a complex and subjective process that requires consideration of many intangible factors, and will be significantly influenced by the particular needs of our board of directors from time to time, our board of directors has not adopted a specific set of minimum qualifications, qualities or skills that are necessary for a nominee to possess, other than those that are necessary to meet U.S. legal and regulatory rules and the Nasdaq listing requirements and the provisions of our restated certificate of incorporation, and amended and restated bylaws, Corporate Governance Guidelines, and charters of the committees of our board of direct",6,6,0
1850453,,Mynaric AG,foreign_private_issuer,2021-11-12,2022-11-12,2022-05-06,0001193125-22-143674,not_continued_in_reviewed_filings,,,,,0.7,,,15,15,0
1871509,PTLO,Portillo's Inc.,domestic,2021-10-21,2022-10-21,2022-05-09,0001193125-22-144334,continued_other_narrative,2025-04-28,0001871509-25-000071,https://www.sec.gov/Archives/edgar/data/1871509/000187150925000071/ptlo-20250428.htm,DEF 14A,0.75,"\bdiversity\b.{0,220}\b(?:director|directors|nominee|nominees|board)\b","Board has significant industry or operational experience, as well as brand management or marketing experience, among other key skills. For a description of our Board's nomination and selection process, see pg. 22 of this proxy statement. Board Overview Gender Diversity 25% of our Directors are women Board Service > 63% Have Prior or Current Public Company Board Service Age 59 years Average Age g <50 Years g 50-60 Years g >60 Years Director Tenure ~7 years Average Tenure g 0–3 Years g 4–7 Years g 8+ Years The Board of Directors recommends a vote “FOR” each of the Director Nominees. See Page 15 2025 Proxy Statement 11 Voting Roadmap Proposal 2 Advisory Vote on Executive Compensation You are being asked to vote for the approval, on an advisory basis, of the compensation for our Named Executive Officers as disclosed in this Proxy Statement. Compensation Philosophy The Company's compensation philosophy prioritizes performance and aims to align executive compensation with shareholders' interests while ensuring that the Company can retain key talent. To achieve this alignment, the Compensation Committee focuses on maintaining market-competitive base salaries and structuring short-term and long-term incentives to directly tie to Company performance on strategic objectives within m",9,9,0
1704287,BJDX,"Bluejay Diagnostics, Inc.",domestic,2021-11-10,2022-11-10,2022-05-13,0001213900-22-026051,continued_other_narrative,2025-04-29,0001213900-25-036783,https://www.sec.gov/Archives/edgar/data/1704287/000121390025036783/ea0239880-10ka1_bluejay.htm,10-K/A,0.75,"\bdiversity\b.{0,220}\b(?:director|directors|nominee|nominees|board)\b","any; experience on other boards of directors, preferably public company boards; and time available for meetings and consultation on Company matters. Our Nominating and Corporate Governance Committee does not have a formal policy regarding the consideration of diversity in identifying director candidates but seeks a diverse group of candidates who possess the background, skills and expertise to make a significant contribution to the Board, to the Company and our stockholders. Candidates whose evaluations are favorable are recommended by our Nominating and Corporate Governance Committee to the full Board for consideration. The full Board selects and recommends candidates for nomination as directors for stockholders to consider and vote upon at the annual meeting. 6 A stockholder wishing to nominate a candidate for election to our Board at any annual meeting at which the Board has determined that one or more directors will be elected must submit a written notice of his or her nomination of a candidate to the Chairperson of the Nominating and Corporate Governance Committee (c/o the Corporate Secretary), providing the candidates name, biographical data and other relevant information together with a consent from the nominee. Pursuant to our Bylaws, the submission must be recei",8,8,0
1841330,KTTA,Pasithea Therapeutics Corp.,domestic,2021-09-15,2022-09-15,2022-05-13,0001213900-22-026293,continued_other_narrative,2025-07-14,0001213900-25-063716,https://www.sec.gov/Archives/edgar/data/1841330/000121390025063716/ea0248813-pre14a_pasithea.htm,PRE 14A,0.75,"\bdiversity\b.{0,220}\b(?:director|directors|nominee|nominees|board)\b","strong finance experience; relevant social policy concerns; experience relevant to our industry; experience as a board member or executive officer of another publicly held company; relevant academic expertise or other proficiency in an area of our operations; diversity of expertise and experience in substantive matters pertaining to our business relative to other board members; diversity of background and perspective, including, but not limited to, with respect to age, gender, race, place of residence and specialized experience; practical and mature business judgment, including, but not limited to, the ability to make independent analytical inquiries; and any other relevant qualifications, attributes or skills. We evaluate each individual in the context of the Board as a whole, with the objective of assembling a group that can best perpetuate the success of the business and represent stockholder interests through the exercise of sound judgment using its diversity of experience in these various areas. In determining whether to recommend a director for re-election, the Nominating and Corporate Governance Committee may also consider the director’s past attendance at meetings and participation in and contr",6,6,0
1676238,BRZE,"Braze, Inc.",domestic,2021-11-17,2022-11-17,2022-05-18,0001140361-22-019788,continued_other_narrative,2025-05-15,0001140361-25-019268,https://www.sec.gov/Archives/edgar/data/1676238/000114036125019268/ny20045978x1_def14a.htm,DEF 14A,0.75,"\bdiversity\b.{0,220}\b(?:director|directors|nominee|nominees|board)\b","our board of directors or the board of directors may reduce its size. Our nominating and corporate governance committee seeks to assemble a board that, as a whole, possesses the appropriate balance of professional and industry knowledge, financial expertise, diversity and high-level management experience necessary to oversee and direct our business. To that end, the committee has identified and evaluated nominees in the broader context of the board’s overall composition, with the goal of recruiting members who possess relevant expertise and experience upon which to be able to offer advice and guidance to management, have sufficient time to devote to the affairs of Braze, demonstrate excellence in his or her field, have the ability to exercise sound business judgment, have experience as a board member or executive officer of another publicly held company, and have the commitment to rigorously represent the long-term interests of our stockholders. To provide a mix of experience and perspective on the board, the committee also takes into account diversity (including diversity of gender, ethnic background and country of origin), skills and such other factors that it deems appropriate to maintain a balance of knowledge, experience and capability on the board. The biographies below under",7,7,0
1468327,RENT,"Rent the Runway, Inc.",domestic,2021-10-27,2022-10-27,2022-05-24,0001140361-22-020412,continued_other_narrative,2025-04-15,0001468327-25-000056,https://www.sec.gov/Archives/edgar/data/1468327/000146832725000056/wdq-20250131.htm,10-K,0.75,"\bdiversity\b.{0,220}\b(?:director|directors|nominee|nominees|board)\b","measures to their investment decisions. Topics taken into account in such assessments include, among others, the Company’s efforts and impacts on climate change and the environment and human and labor rights, ethics and compliance with law, human capital and diversity, equity and inclusion matters, and the role of the Company’s board of directors in supervising ESG issues. Unfavorable ESG ratings could lead to negative investor sentiment toward us and/or our industry, which could have a negative impact on our access to and costs of capital. In light of investors’ and other stakeholders’ increased focus on ESG matters, there can be no certainty that we will manage such issues successfully, or that we will successfully meet our stakeholders’ or society’s ESG expectations or achieve our ESG goals and financial goals. Additionally, many of our third-party suppliers and vendors may be subject to similar expectations, which may augment or create additional risks, including risks that may not be known to us. We rely on the experience and expertise of our Co-Founder and Chief Executive Officer, senior management team, key technical and strategic employees and hourly personnel. We believe",8,8,0
1853816,DRMA,"Dermata Therapeutics, Inc.",domestic,2021-08-13,2022-08-13,2022-06-01,0001654954-22-007809,continued_other_narrative,2025-05-23,0001641172-25-012257,https://www.sec.gov/Archives/edgar/data/1853816/000164117225012257/pre14a.htm,PRE 14A,0.75,"\bdiversity\b.{0,220}\b(?:director|directors|nominee|nominees|board)\b","strong finance experience; relevant social policy concerns; experience relevant to the Company’s industry; experience as a board member of another publicly held company; relevant academic expertise or other proficiency in an area of the Company’s operations; diversity of expertise and experience in substantive matters pertaining to the Company’s business relative to other Board members; diversity of background and perspective, including, but not limited to, with respect to age, gender, race and ethnicity; practical and mature business judgment, including, but not limited to, the ability to make independent analytical inquiries; and any other relevant qualifications, attributes or skills In determining whether to recommend a director for re-election, the Nominating and Corporate Governance Committee may also consider the director’s past attendance at meetings and participation in and contributions to the activities of the Board. We do not have a formal policy with regard to the consideration of diversity in identifying director nominees. The Board evaluates each individual in the context of the Board as a whole, with the objective of assembling a group that can best perpetuate the success of the business and rep",8,8,0
1874097,CYN,Cyngn Inc.,domestic,2021-10-20,2022-10-20,2022-06-22,0001213900-22-034398,continued_other_narrative,2025-08-08,0001213900-25-073730,https://www.sec.gov/Archives/edgar/data/1874097/000121390025073730/ea0252444-01.htm,PRE 14A,0.75,"\bdiversity\b.{0,220}\b(?:director|directors|nominee|nominees|board)\b","an annual basis to determine the appropriate and desirable mix of characteristics, skills, expertise, and experience for the full Board and each committee, taking into account both existing directors and all nominees for election as directors, as well as any diversity considerations and the membership criteria applied by the Nominating and Corporate Governance Committee. The Nominating and Corporate Governance Committee and the Board, which do not have a formal diversity policy, consider diversity in a broad sense when evaluating board composition and nominations; and they seek to include directors with a diversity of experience, professions, viewpoints, skills, and backgrounds that will enable them to make significant contributions to the Board and the Company, both as individuals and as part of a group of directors. The Board evaluates each individual in the context of the full Board, with the objective of recommending a group that can best contribute to the success of the business and represent stockholder interests through the exercise of sound judgment. In determining whether to recommend a director for re -election , the Nominating and Corporate Governance Committee also considers the director’s attendance at meetings and participation in and contributions to t",11,11,0
1468929,NXGL,"NEXGEL, INC.",domestic,2021-12-22,2022-12-22,2022-07-18,0001493152-22-019575,continued_same_matrix,2025-04-30,0001641172-25-007863,https://www.sec.gov/Archives/edgar/data/1468929/000164117225007863/def14a.htm,DEF 14A,0.85,Board Diversity Matrix;Total Number of Directors,"optimal size and composition of the Board to allow it to operate nimbly and efficiently, while maintaining new ideas, expertise, experience and diversity among its membership. We currently have no females or underrepresented minorities on our Board. Board Diversity Matrix (as of April 30, 2025) Total Number of Directors 5 Female Male Part I: Gender Identity 0 5 Part II: Demographic Background White 0 5 The biographies of the Company Nominees are as follows: Adam Levy . Mr. Levy has served as our Chief Executive Officer and President since September 10, 2019 and was our Chief Financial Officer from December 31, 2019 until June 1, 2021. Mr. Levy has also served on our Board since September 9, 2021. Mr. Levy was an investment banker associated with Cova Capital for six years prior to joining NexGel and has significant capital markets experience. Prior to that, he was the president and CEO of Warlock Records Inc. and its related companies from its inception in 1985. While at Warlock, he led the successful turn-around of several financially distressed music companies as part of a roll up strategy. Mr. Levy has expertise in consumer produ",7,2,0
1782107,ONCO,"Onconetix, Inc.",domestic,2022-02-18,2023-02-18,2022-07-18,0001213900-22-039898,continued_other_narrative,2025-06-02,0001213900-25-049687,https://www.sec.gov/Archives/edgar/data/1782107/000121390025049687/ea0244122-10k_onconetix.htm,10-K,0.75,\bboard diversity\b,"whether the roles of Chief Executive Officer and Chairman of our Board should be separate. The primary responsibilities of our Board are to provide oversight, strategic guidance, counselling, and direction to our management. We have no formal policy regarding board diversity. Our priority in selection of board members is identification of members who will further the interests of our stockholders through his or her established record of professional accomplishment, the ability to contribute positively to the collaborative culture among board members, knowledge of our business and understanding of the competitive landscape. Directors and Executive Officers Qualifications We believe that the collective skills, experiences, and qualifications of our directors provide our Board with the expertise and experience necessary to advance the interests of our stockholders. In selecting directors, the Board considers candidates that possess qualifications and expertise that will enhance the composition of the Board. Nominees for director will be selected on the basis of, among other things, leadership experience, knowle",11,11,0
1844971,GREE,Greenidge Generation Holdings Inc.,domestic,2021-10-12,2022-10-12,2022-07-28,0001140361-22-027197,continued_other_narrative,2025-04-28,0001193805-25-000565,https://www.sec.gov/Archives/edgar/data/1844971/000119380525000565/def14a14132002_04282025.htm,DEF 14A,0.75,"\b(?:director|directors|nominee|nominees|board)\b.{0,220}\bdiversity\b","S AND SELECTION Our Board is responsible for reviewing, at least annually, the appropriate skills and experience required of Board members. We have not formally established any specific, minimum qualifications that must be met or skills that are necessary for directors to possess. In general, in identifying and evaluating nominees for director, our Board considers educational background, diversity of professional experience, knowledge of our business, integrity, professional reputation, independence, wisdom, and the ability to represent the best interests of our stockholders. In accordance with Nasdaq Rule 5605, a majority of the independent directors may recommend a new director nominee for selection by the Board of Directors. Our Board believes that the independent directors can satisfactorily carry out the responsibility of properly selecting or approving director nominees without the formation of a standing nominating and corporate governance committee. The directors who will participate in the consideration and recommendation of director nominees are Messrs. Fearn, Krug, Lowe, Neuscheler and Rogers. Our Board recommends candidates for election to the Board in accordance with the policies, principles and criteria described in",7,7,0
1534154,AUID,authID Inc.,domestic,2021-08-25,2022-08-25,2022-08-05,0001213900-22-044960,not_continued_in_reviewed_filings,,,,,0.7,,,3,3,0
1807794,CRDO,Credo Technology Group Holding Ltd,domestic,2022-01-27,2023-01-27,2022-08-09,0001628280-22-021966,continued_other_narrative,2025-08-25,0001807794-25-000010,https://www.sec.gov/Archives/edgar/data/1807794/000180779425000010/crdo-20250825.htm,DEF 14A,0.75,"\bdiversity\b.{0,220}\b(?:director|directors|nominee|nominees|board)\b","tor is provided as of the Record Date. Board Skills and Experience In connection with nominating Class I directors for election at the Annual Meeting and periodically throughout the year, our NCG Committee considers the composition of the Board, including the diversity of backgrounds, skills, experience, viewpoints, and leadership styles to allow the Board to most effectively execute its oversight responsibilities. In the below table and biographies, we have included an assessment of the skills and experience of each such nominee or continuing director that led to the conclusion he or she should serve as a director, in light of the Company’s business, strategy and goals. Cybersecurity and Information Technology ✔ ✔ Expertise in information security and cybersecurity, including cyber risk management and implementation of new information technology systems. ESG ✔ ✔ ✔ ✔ ✔ Experience in environmental, sustainability and social responsibility. Executive Leadership ✔ ✔ ✔ ✔ ✔ ✔ CEO or executive officer reporting to the CEO of a publicly traded company. 2025 Proxy | 11 Table of Contents Financial Expert ✔ ✔ ✔ ✔ Experience as an executive with oversight responsibility for financial reporting, accou",3,3,0
1628945,,Cue Health Inc.,domestic,2021-09-24,2022-09-24,2022-08-09,0001628945-22-000096,no_post_vacatur_relevant_filing,,,,,0.65,,,0,0,0
1836242,TKLF,"Tokyo Lifestyle Co., Ltd.",foreign_private_issuer,2022-01-18,2023-01-18,2022-08-15,0001213900-22-048050,not_continued_in_reviewed_filings,,,,,0.7,,,12,12,0
1848275,TOP,TOP Financial Group Ltd,foreign_private_issuer,2022-06-01,2023-06-01,2022-08-16,0001213900-22-048570,not_continued_in_reviewed_filings,,,,,0.7,,,12,12,0
1567900,ALOY,REALLOYS INC.,domestic,2021-11-12,2022-11-12,2022-08-24,0001437749-22-021244,continued_same_matrix,2024-12-13,0001437749-24-037441,https://www.sec.gov/Archives/edgar/data/1567900/000143774924037441/blkbx20241212_def14a.htm,DEF 14A,0.85,Board Diversity Matrix;Total Number of Directors,"ny. Board Composition and Diversity The following table sets forth certain diversity statistics as self-reported by the current members of the Board. Each of the categories listed in the below table has the meaning as it is used in the Nasdaq Rules. Board Diversity Matrix for Blackboxstocks, Inc. (As of December 13, 2024) Total Number of Directors 5 Female Male Part I: Gender Identity Directors 1 4 Part II: Demographic Background White 1 4 LGBTQ+ -- -- Board Meetings and Attendance During fiscal year 2023, the Board held 4 telephonic meetings. No incumbent director attended fewer than 75% of the aggregate of all meetings of the Board, for which at the time of the meeting they were a member of the Board. The Board also approved certain actions by unanimous written consent. Annual Meeting Attendance During fiscal year 2023, the Company held an Annual Meeting of Stockholders on December 29, 2023. Though attendance is encouraged, the Company does not currently maintain a policy with regard to Board members’ attendance at the Annual Meeting of Stockholders. 4 Board members attended our 2023 annual meeting of stockholders. Family Relation",7,1,0
1878848,IREN,IREN Ltd,domestic,2021-11-17,2022-11-17,2022-09-13,0001140361-22-033208,continued_other_narrative,2025-09-22,0001140361-25-035738,https://www.sec.gov/Archives/edgar/data/1878848/000114036125035738/ny20053824x1_pre14a.htm,PRE 14A,0.75,"\bdiversity\b.{0,220}\b(?:director|directors|nominee|nominees|board)\b","inance and marketing; senior leadership experience; and international experience. The Board then determines whether a nominee’s background, experience, personal characteristics and skills will advance the Board’s goal of creating and sustaining a Board with a diversity of perspectives and viewpoints that can support and oversee IREN’s complex activities. 8 TABLE OF CONTENTS Board of Directors Leadership Structure The Board periodically evaluates our leadership structure and the combination or separation of the chief executive officer and chair of the board of director roles. The combination or separation of the chief executive officer and chair of the board of director roles is and will be driven by IREN’s governance and leadership needs at any point in time. At this time, IREN has two chief executive officers, Daniel Roberts and William Roberts (the “ Co-Chief Executive Officers ”), and a separate Chair of the Board, David Bartholomew, who is independent. IREN believes that having an independent Chair provides strong independent leadership and oversight for IREN and the Board. We believe that the separation of the Chair and Co-Chief Executive Officer positions allows our independent Chair to focus on the governance of the Board, Board meeting agenda plann",25,25,0
1505497,BRTX,"BioRestorative Therapies, Inc.",domestic,2021-11-09,2022-11-09,2022-09-23,0001021771-22-000053,continued_other_narrative,2025-08-08,0001641172-25-022812,https://www.sec.gov/Archives/edgar/data/1505497/000164117225022812/formdef14a.htm,DEF 14A,0.75,"\bdiversity\b.{0,220}\b(?:director|directors|nominee|nominees|board)\b","essrs. Rosa (Chair) and Williams and Dr. Kukekov. Our Board has adopted a written charter for the Nominating Committee. A copy of the charter is available on our website, www.biorestorative.com . While the Nominating Committee does not have a formal policy on diversity for members of the Board of Directors, the Nominating Committee considers diversity of background, experience and qualifications in evaluating prospective Board members. The Nominating Committee will consider qualified director candidates recommended by stockholders if such recommendations are provided in accordance with the procedures set forth in the section entitled “Stockholder Proposals - Stockholder Nominees” below. The Nominating Committee evaluates all candidates based upon, among other factors, a candidate’s financial literacy, knowledge of our industry, other relevant background experience, judgment, skill, integrity, the interplay of a candidate’s experience with the experience of other Board members, ‘independence’ (for purposes of compliance with the NASDAQ Marketplace Rules), and willingness, ability and availability for service. After conducting an initial evaluation of a prospective nominee, the Nominating Committee will interview that candidate if it believes the candidate might be suitable to be a director. The Nominating Committee may also as",5,5,0
1144879,APLD,Applied Digital Corp.,domestic,2022-04-13,2023-04-13,2022-09-27,0001144879-22-000038,continued_other_narrative,2025-09-12,0001493152-25-013198,https://www.sec.gov/Archives/edgar/data/1144879/000149315225013198/formpre14a.htm,PRE 14A,0.75,\bboard diversity\b,"our Nominating and Corporate Governance Committee will consider factors including, without limitation, an individual’s character, integrity, judgment, potential conflicts of interest, other commitments, and diversity. While we have no formal policy regarding board diversity for our Board as a whole nor for each individual member, the Nominating and Corporate Governance Committee does consider such factors as gender, race, ethnicity, experience, and area of expertise, as well as other individual attributes that contribute to the total diversity of viewpoints and experience represented on the Board. Board of Director Meetings Our Board met twenty-three (23) times in fiscal 2025. Each director attended at least 75% of the aggregate of (i) the total number of meetings of our Board (held during the period for which such director served on the Board) and (ii) the total number of meetings of all committees of our Board on which such director served (during the periods for which the director served on such committee or committees). We do not have a formal policy requiring members of the Board to attend our annual m",5,5,0
1191070,NEUP,Neuphoria Therapeutics Inc.,domestic,2021-12-16,2022-12-16,2022-10-14,0000950170-22-019563,not_continued_in_reviewed_filings,,,,,0.7,,,9,9,0
1839285,HCTI,"Healthcare Triangle, Inc.",domestic,2021-10-13,2022-10-13,2022-10-19,0001607062-22-000633,continued_other_narrative,2025-02-25,0001213900-25-017146,https://www.sec.gov/Archives/edgar/data/1839285/000121390025017146/ea0232172-pre14a_health.htm,PRE 14A,0.75,\bboard diversity\b,hies of Nominees For Director 5 Recommendation of the Board of Directors 6 CORPORATE GOVERNANCE 7 Meetings of the Board of Directors 7 Code of Business Conduct and Ethics 7 Independence of the Board of Directors 7 Identifying and Evaluating Director Nominees; Board Diversity 8 Minimum Qualifications 8 Procedures For Submitting Stockholder Proposals 9 Securityholder and Interested Party Communications 9 Board Leadership Structure and Board’s Role in Risk Oversight 9 Risks Related to Compensation Policies and Practices 10 Board Committees 10 Board and Committee Evaluations 10 Director Attendance at Annual Meeting of Stockholders 10 Audit Committee 11 Report of The Audit Committee of the Board of Directors 11 Compensation Committee 12 Nominating and Corporate Governance Committee 13 SECURITY OWNERSHIP OF CERTAIN BENEFICIAL OWNERS AND MANAGEMENT 14 PROPOSAL TWO: PROPOSAL FOR THE AUTOMATIC INCREASE IN THE NUMBER OF SHARES SUBJECT TO THE 2020 STOCK INCENTIVE PLAN 15 PROPOSAL THREE: RATIFICATION OF THE APPOINTMENT OF OUR INDEPENDENT REGISTERED PUBLIC ACCOUNTING FIRM 17 Policy on Audit Committee Pre-Approval of Audi,12,12,0
1676047,NTRB,NutriBand Inc.,domestic,2021-10-01,2022-10-01,2022-10-31,0001213900-22-067690,continued_same_matrix,2024-12-16,0001213900-24-109109,https://www.sec.gov/Archives/edgar/data/1676047/000121390024109109/ea0221125-01.htm,DEF 14A,0.95,Board Diversity Matrix;Total Number of Directors;Did Not Disclose Gender;Did Not Disclose Demographic Background,"of losses that we could incur relating to such indemnities. Historically, any amounts payable pursuant to such director and officer indemnities have not had a material negative effect on our business, financial condition or results of operations. 8 Board Diversity Matrix Our Nasdaq Board Diversity Matrix as filed with NASDAQ has been posted on the Internet and may be viewed at https: // nutriband.com / diversity / . Board Diversity Matrix FOR: Nutriband Inc. As of 12 / 01 / 2024 Total Number of Directors 7 Female Male Non-Binary Did Not Disclose Gender Part I: Gender Identity Directors 1 5 1 Part II: Demographic Background African American or Black Alaskan Native or Native American Asian Asian American Hispanic or Latinx Native Hawaiian or Pacific Islander White 7 Two or More Races or Ethnicities LGBTQ+ 1 Did Not Disclose Demographic Background Compliance with Section 16(a) of the Securities Exchange Act of 1934 Section 16(a) of the Exchange Act requires our officers and directors, and persons who beneficially own more than ten percent of our Common Stock, to file reports of ownership and changes of ownership of such securities wit",6,1,0
1872525,SWAG,"Stran & Company, Inc.",domestic,2021-11-09,2022-11-09,2022-10-31,0001213900-22-067346,continued_other_narrative,2025-07-11,0001213900-25-062961,https://www.sec.gov/Archives/edgar/data/1872525/000121390025062961/ea024561701-def14a_stran.htm,DEF 14A,0.75,\bboard diversity\b,"ominations, see “— Stockholder Recommendations ” below. Each of the director nominees included in this proxy statement and the Company’s proxy card for the Annual Meeting was recommended for such inclusion by the Nominating and Corporate Governance Committee. Board Diversity The Board and the Nominating and Corporate Governance Committee do not have a specific diversity policy, but consider diversity of race, ethnicity, gender, age, cultural background and professional experiences in evaluating candidates for Board membership. Diversity is important because a variety of points of view contribute to a more effective decision-making process. Stockholder Recommendations The Nominating and Corporate Governance Committee is responsible for the consideration of any written stockholder recommendations for candidates for the Board, which recommendations should be delivered or mailed, postage prepaid, to: Nominating and Corporate Governance Committee Stran & Company, Inc. 500 Victory Road, Suite 301 Quincy, MA 02171 20 Stockholder recommendations must include the following information to be considered by the Nominati",5,5,0
1858685,BFRI,Biofrontera Inc.,domestic,2021-10-29,2022-10-29,2022-11-08,0001493152-22-030999,continued_other_narrative,2025-04-18,0001641172-25-005431,https://www.sec.gov/Archives/edgar/data/1858685/000164117225005431/formpre14a.htm,PRE 14A,0.75,"\bdiversity\b.{0,220}\b(?:director|directors|nominee|nominees|board)\b","he proposed nominee to be named as a nominee and to serve as a director if elected. The nominating and corporate governance committee and the Board of Directors have not established any specific minimum qualification standards for director nominees (including diversity characteristics); rather, in evaluating the suitability of individuals for board membership, the nominating and corporate governance committee and the Board of Directors consider the way in which it believes the individual can assist the Company in pursuing its goals and advancing its strategies. During the year ended December 31, 2024, our nominating and corporate governance committee held two meetings. Compensation Committee Our compensation committee consists of Mr. Weber (Chairperson), Mr. Borer, and Dr. Hoffman. Our compensation committee charter details the principal functions of the compensation committee, including: ● reviewing and approving on an annual basis the corporate goals and objectives relevant to the compensation of our President and Chief Executive Officer (and Executive Chairman, when applicable), evaluating the performance of our President and Chief Executive Officer (and Executive Chairman, when applicable) in light of such goals and objectives, and determining and approving the rem",8,8,0
1730773,BSFC,Blue Star Foods Corp.,domestic,2021-11-05,2022-11-05,2022-11-09,0001493152-22-031050,continued_other_narrative,2025-06-23,0001641172-25-015976,https://www.sec.gov/Archives/edgar/data/1730773/000164117225015976/form10-k.htm,10-K,0.75,\bboard diversity\b,"risks facing us. Director Independence Our board of directors currently consists of five members. We were not subject to listing requirements of any national securities exchange that has requirements that a majority of the board of directors be “independent.” Board Diversity The board of directors’ reviews, on an annual basis, the appropriate characteristics, skills and experience required for the board of directors as a whole and its individual members. In evaluating the suitability of individual candidates (both new candidates and current members), the board of directors, in approving (and, in the case of vacancies, appointing) such candidates, will take into account many factors, including the following: ● personal and professional integrity; ● ethics and values; ● experience in the industries in which we compete; ● experience as a director or executive officer of another publicly held company; ● diversity of expertise and experience in substantive matters pertaining to our business relative to other board members; ● conflicts of interest; and ● practical business judgment. 46 The board of directors revie",2,2,0
1875547,LCFY,Locafy Ltd,foreign_private_issuer,2022-03-25,2023-03-25,2022-11-15,0001493152-22-032533,continued_same_matrix,2025-08-22,0001641172-25-025206,https://www.sec.gov/Archives/edgar/data/1875547/000164117225025206/form20-fa.htm,20-F/A,0.95,Board Diversity Matrix;Total Number of Directors;Did Not Disclose Gender;Did Not Disclose Demographic Background,"board of directors as of the date of this Annual Report. Additional biographical information of our directors and executive officers is set forth above under “ Item 6. Directors, Senior Management and Employees—A. Directors and Senior Management ”. Board Diversity Matrix Country of Principal Executive Offices: Australia Foreign Private Issuer Yes Disclosure Prohibited under Home Country Law No Total Number of Directors 5 Female Male Non-Binary Did Not Disclose Gender Part I: Gender Identity Directors 0 5 0 0 Part II: Demographic Background Underrepresented Individual in Home Country Jurisdiction 1 LGBTQ+ 0 Did Not Disclose Demographic Background 4 53 Code of Conduct We have adopted a Code of Conduct and Ethics applicable to all of our directors, officers and employees. We post on our website all disclosures that are required by law or the listing standards of Nasdaq concerning any amendments to, or waivers from, any provision of the Code of Conduct and Ethics. The reference to our website address does not constitute incorporation by reference of the information contained at or available through our website, and you should not consi",13,6,0
1757499,SHPH,"Shuttle Pharmaceuticals Holdings, Inc.",domestic,2022-08-31,2023-08-31,2022-11-21,0001493152-22-033175,continued_other_narrative,2025-02-26,0001493152-25-008300,https://www.sec.gov/Archives/edgar/data/1757499/000149315225008300/form10-k.htm,10-K,0.75,"\bdiversity\b.{0,220}\b(?:director|directors|nominee|nominees|board)\b","nd to the board of directors a set of corporate governance principles applicable to the Company, and to oversee the evaluation of the board of directors and the Company’s management. In addition, the nominating and corporate governance committee will consider diversity of background including diversity of race, ethnicity, international background, gender and age when evaluating candidates for board of directors membership. Further, the nominating and corporate governance committee, to the extent it deems necessary or appropriate, among its several other responsibilities will: ● recommend to the board of directors and for approval by a majority of independent directors for election by stockholders or appointment by the board of directors as the case may be, pursuant to our bylaws and consistent with the board of director’s evidence for selecting new directors; ● review the suitability for continued service as a director of each member of the board of directors when his or her term expires or when he or she has a significant change in status; ● review annually the composition of the board of directors and to review periodically the size of the board of directors; ● make recommendations on the frequency and structure of board of directors meetings",11,11,0
1817511,SOPA,SOCIETY PASS INCORPORATED.,domestic,2021-11-09,2022-11-09,2022-12-01,0001140361-22-044044,continued_other_narrative,2025-08-29,0001641172-25-025901,https://www.sec.gov/Archives/edgar/data/1817511/000164117225025901/formdef14a.htm,DEF 14A,0.75,"\bdiversity\b.{0,220}\b(?:director|directors|nominee|nominees|board)\b","an annual basis to determine the appropriate and desirable mix of characteristics, skills, expertise, and experience for the full Board and each committee, taking into account both existing directors and all nominees for election as directors, as well as any diversity considerations and the membership criteria applied by the Nominating and Corporate Governance Committee. The Nominating and Corporate Governance Committee and the Board, which do not have a formal diversity policy, consider diversity in a broad sense when evaluating board composition and nominations; and they seek to include directors with a diversity of experience, professions, viewpoints, skills, and backgrounds that will enable them to make significant contributions to the Board and the Company, both as individuals and as part of a group of directors. The Board evaluates each individual in the context of the full Board, with the objective of recommending a group that can best contribute to the success of the business and represent stockholder interests through the exercise of sound judgment. In determining whether to recommend a director for re-election, the Nominating and Corporate Governance Committee also considers the director’s attendance at meetings and participation in and contributions to the",2,2,0
1074871,MODD,"Modular Medical, Inc.",domestic,2022-02-11,2023-02-11,2022-12-20,0001019056-22-000687,continued_other_narrative,2025-01-24,0001213900-25-006614,https://www.sec.gov/Archives/edgar/data/1074871/000121390025006614/ea0228195-01.htm,DEF 14A,0.75,"\bdiversity\b.{0,220}\b(?:director|directors|nominee|nominees|board)\b","entify and evaluate nominees for the Board, including nominees recommended by stockholders, based on numerous factors it considers appropriate, some of which may include strength of character, mature judgment, career specialization, relevant technical skills, diversity, and the extent to which the nominee would fill a present need on the Board. There are no differences in the manner in which the Nominating and Governance Committee evaluates nominees for director based on whether the nominee is recommended by a stockholder. The Nominating and Governance Committee held one meeting during the fiscal year ended March 31, 2024. Board Meetings and Attendance; Annual Meeting Attendance During fiscal 2024, the Board of Directors held two meetings. While they served as a director, each director attended at least 75% of the total number of meetings of the Board of Directors and the committees of which he or she was a member during fiscal 2024. The Board of Directors and each of the committees also acted at times by unanimous written consent, as authorized by our Bylaws and the Nevada General Corporate Law. Members of the Board of Directors are encouraged, but are not required, to attend our annual meetings of shareholders. Two members of the Board of Directors attended the prior year’s annual meeting. Delinquent Section 16(a) Reports",4,4,0
1914818,STBXF,Starbox Group Holdings Ltd.,foreign_private_issuer,2022-08-23,2023-08-23,2023-01-18,0001493152-23-001784,continued_same_matrix,2025-02-14,0001493152-25-006520,https://www.sec.gov/Archives/edgar/data/1914818/000149315225006520/form20-f.htm,20-F,0.95,Board Diversity Matrix;Total Number of Directors;Did Not Disclose Gender;Did Not Disclose Demographic Background,"and she also holds a Diploma in Nursing from the College of Nursing, Hospital Lam Wah Ee, Malaysia. Board Diversity The table below provides certain information regarding the diversity of our board of directors as of the date of this annual report. Board Diversity Matrix Country of Principal Executive Offices: Malaysia Foreign Private Issuer Yes Disclosure Prohibited under Home Country Law No Total Number of Directors 5 Female Male Non- Binary Did Not Disclose Gender Part I: Gender Identity Directors 2 3 0 0 Part II: Demographic Background Underrepresented Individual in Home Country Jurisdiction 0 LGBTQ+ 0 Did Not Disclose Demographic Background 0 Family Relationships None of our directors or executive officers has a family relationship as defined in Item 401 of Regulation S-K. B. Compensation For the fiscal year ended September 30, 2024, we paid an aggregate of MYR920,717 ($198,029) as compensation to our executive officers and directors. In the fiscal year ended September 30, 2024, we accrued a director fee amounting to MYR360,000 ($87,357), designated for payment to our independent directors. None of our non-employee directors h",16,6,0
1889823,DFSC,DEFSEC Technologies Inc.,foreign_private_issuer,2022-12-08,2023-12-08,2023-01-27,0001062993-23-001487,not_continued_in_reviewed_filings,,,,,0.7,,,38,38,0
1828588,HNVR,"Hanover Bancorp, Inc. /MD",domestic,2022-05-11,2023-05-11,2023-01-27,0001104659-23-007553,continued_same_matrix,2025-03-26,0001104659-25-028261,https://www.sec.gov/Archives/edgar/data/1828588/000110465925028261/tm252546-2_def14a.htm,DEF 14A,0.85,Total Number of Directors;Did Not Disclose Gender;Did Not Disclose Demographic Background,"which includes gender, ethnicity, education, experience and leadership qualities. 8 As part of these efforts to promote corporate social responsibility, the following graphics summarize certain demographic characteristics of the Board of Directors: Total Number of Directors: Ten (10) PART 1 – Gender Identity Female Male Non-Binary Did Not Disclose Gender Number of Directors 1 8 1 PART II: Demographic Background African American or Black Alaskan Native or Native American Asian South Asian 1 Hispanic or Latino 1 Native Hawaiian or Pacific Islander Caucasian / White 6 Two or more Races or Ethnicities 1 LGBTQ+ Did Not Disclose Demographic Background 1 [Remainder of Page Intentionally Blank] 9 Security Ownership of Management The following table sets forth information as of March 11, 2025 regarding the number of common shares beneficially owned by all directors, executive officers described and by all directors and executive officers as a group. Beneficial ownership includes shares, if any, held in the name of the spouse, minor children or other relatives of the nominee living in such person’s home, as well as shares, if any, held in th",5,3,0
1803407,OST,"Ostin Technology Group Co., Ltd.",foreign_private_issuer,2022-04-27,2023-04-27,2023-02-16,0001213900-23-012263,not_continued_in_reviewed_filings,,,,,0.7,,,24,24,0
1743905,RVSN,Rail Vision Ltd.,foreign_private_issuer,2022-03-31,2023-03-31,2023-03-23,0001213900-23-022437,not_continued_in_reviewed_filings,,,,,0.7,,,38,38,0
1922641,ENLT,Enlight Renewable Energy Ltd.,foreign_private_issuer,2023-02-10,2024-02-10,2023-03-30,0001178913-23-001223,continued_same_matrix,2025-03-28,0001178913-25-001094,https://www.sec.gov/Archives/edgar/data/1922641/000117891325001094/zk2532889.htm,20-F,0.95,Board Diversity Matrix;Total Number of Directors;Did Not Disclose Gender;Did Not Disclose Demographic Background,"(2009) Ltd., as general manager of Bank Hapoalim in the United States and as general manager of Bank Otsar Hachayal. Mr. Furman holds a B.A. in Economics and Political Science and a M.A. in Business Administration, both from Tel Aviv University. 100 Board Diversity Matrix The table below provides certain information regarding the diversity of our board of directors as of the date of this Annual Report. Board Diversity Matrix As of the date of this Annual Report Country of Principal Executive Offices: Israel Foreign Private Issuer Yes Disclosure Prohibited under Home Country Law No Total Number of Directors 8 Female Male Non-Binary/Transgender Did Not Disclose Gender Part I: Gender Identity Directors 3 5 0 0 Part II: Demographic Background Underrepresented Individual in Home Country Jurisdiction 0 LGBTQ+ 0 Did Not Disclose Demographic Background 1 B. Compensation Unless otherwise indicated, the US Dollar exchange rate used in this section refers to the average exchange rate for 2024 reported by the Bank of Israel, which was NIS 3.70 to $1.00. Directors. Under the Companies Law, the compensation of our directors requires the approval",45,8,0
1889109,BLTE,"BELITE BIO, INC",foreign_private_issuer,2022-04-29,2023-04-29,2023-03-31,0001104659-23-040145,continued_same_matrix,2025-03-17,0001410578-25-000356,https://www.sec.gov/Archives/edgar/data/1889109/000141057825000356/blte-20241231x20f.htm,20-F,0.95,Board Diversity Matrix;Total Number of Directors;Did Not Disclose Gender;Did Not Disclose Demographic Background,"ved as Independent Non-Executive Director of listed and private companies for over 40 cumulative years. Board Diversity The table below provides certain information regarding the diversity of our Board of Directors as of the Latest Practicable Date. Board Diversity Matrix Country of Principal Executive Offices: United States Foreign Private Issuer Yes Disclosure Prohibited under Home Country Law No Total Number of Directors 7 Female Male Non-Binary Did Not Disclose Gender Part I: Gender Identity Directors 2 5 0 0 Part II: Demographic Background Underrepresented Individual in Home Country Jurisdiction 0 LGBTQ+ 0 Did Not Disclose Demographic Background 0 ​ B. Compensation For the fiscal year ended December 31, 2024, we paid an aggregate of approximately US$1.9 million in cash to our executive officers and an aggregate of US$87,000 to our independent directors. We did not pay any cash compensation to non-executive directors, and the compensation of our independent directors is comprised of cash payment and stock options. For the fiscal year ended December 31, 2024, we have not set aside or accrued any amount to provide pension, retirem",25,3,0
1811623,,"Kuvatris Therapeutics, Inc.",domestic,2022-08-26,2023-08-26,2023-04-06,0001104659-23-042685,no_post_vacatur_relevant_filing,,,,,0.65,,,0,0,0
1756701,LNKB,"LINKBANCORP, Inc.",domestic,2022-09-14,2023-09-14,2023-04-18,0001193125-23-104985,continued_other_narrative,2025-04-17,0001193125-25-083608,https://www.sec.gov/Archives/edgar/data/1756701/000119312525083608/d888555ddef14a.htm,DEF 14A,0.75,"\bdiversity\b.{0,220}\b(?:director|directors|nominee|nominees|board)\b",", charitable and religious organizations; (4) personal and professional integrity, honesty and reputation; (5) the ability to represent the best interests of the Company’s shareholders and the best interests of the Company; (6) the amount of gender and ethnic diversity on the Board; and (7) independence, as that term is defined under applicable Securities and Exchange Commission and NASDAQ listing criteria. The Company’s goal is to have a Board of Directors whose members have diverse professional backgrounds and have demonstrated professional achievement with the highest personal and professional ethics and integrity and whose values are compatible with those of LINK. The Nominating and Corporate Governance Committee may consider qualified candidates for director suggested by shareholders. Shareholders can suggest qualified candidates for director by writing to the Corporate Secretary at 1250 Camp Hill Bypass, Suite 202, Camp Hill, PA 17011. Shareholders wishing to suggest a candidate for director should write to the Company’s Secretary and must include: • A statement that the writer is a shareholder and is proposing a candidate for consideration by the Board of Directors; • The name and address of the shareholder as they appear on the Company’s books, and of the beneficial owner, if any, o",3,3,0
1893311,,LUXURBAN HOTELS INC.,domestic,2022-08-12,2023-08-12,2023-04-18,0001829126-23-002795,not_continued_in_reviewed_filings,,,,,0.7,,,2,2,0
1946216,,"SYLA Technologies Co., Ltd.",foreign_private_issuer,2023-03-31,2024-03-31,2023-04-18,0001493152-23-012779,not_continued_in_reviewed_filings,,,,,0.7,,,10,10,0
1861737,HSAI,Hesai Group,foreign_private_issuer,2023-02-09,2024-02-09,2023-04-20,0001104659-23-047439,continued_same_matrix,2025-04-01,0001410578-25-000614,https://www.sec.gov/Archives/edgar/data/1861737/000141057825000614/hsai-20241231x20f.htm,20-F,0.95,Board Diversity Matrix;Total Number of Directors;Did Not Disclose Gender;Did Not Disclose Demographic Background,"rectors resolve that his or her office be vacated, or (v) is removed from office pursuant to any other provision of our articles of association. Our officers are elected by and serve at the discretion of our board of directors. 112 Table of Contents Board Diversity Matrix ​ ​ Country of Principal Executive Offices PRC Foreign Private Issuer Yes Disclosure Prohibited Under Home Country Law No Total Number of Directors 6 ​ As of February 28, 2025 ​ Female Male Non-Binary Did Not Disclose Gender Part I: Gender Identity ​ ​ ​ ​ ​ ​ ​ ​ Directors ​ 3 ​ 3 ​ N/A ​ N/A Part II: Demographic Background ​ ​ ​ ​ ​ ​ ​ ​ Underrepresented Individual in Home Country Jurisdiction ​ ​ ​ ​ ​ 0 ​ ​ LGBTQ+ ​ ​ ​ ​ ​ 0 ​ ​ Did Not Disclose Demographic Background ​ ​ ​ ​ ​ 0 ​ ​ ​ D. EMPLOYEES We had 1,020 and 1,122 employees as of December 31, 2022 and 2023, respectively. We had a total of 1,142 employees as of December 31, 2024 of which 75 held doctorate degrees. The following table sets forth the numbers of our employees categorized by function as of December 31, 2024. ​ ​ ​ ​ Function Number of Employees Research and development 602 Production and su",37,3,0
1857816,GCT,GigaCloud Technology Inc,domestic,2022-08-18,2023-08-18,2023-04-24,0001193125-23-112830,continued_same_matrix,2025-04-29,0001857816-25-000053,https://www.sec.gov/Archives/edgar/data/1857816/000185781625000053/gct-20250429.htm,DEF 14A,0.95,Board Diversity Matrix;Total Number of Directors;Did Not Disclose Gender;Did Not Disclose Demographic Background,"rs in the selection process. For more details, please see “—Director Nominations.” For a better understanding of the qualifications of each of our directors, we encourage you to read their biographies set forth in this proxy statement. The following board diversity matrix sets forth the information concerning the gender and demographic background of our board of directors, as self-identified by its members. PROXY STATEMENT 19 Country of Principal Executive Offices CA, USA Foreign Private Issuer No Disclosure Prohibited Under Home Country Law No Total Number of Directors 5 Part I: Gender Identity Female Male Non- Binary Did Not Disclose Gender Directors 1 4 — — Part II: Demographic Background Underrepresented Individual in Home Country Jurisdiction — 2 — — LGBTQ+ — — — — Did Not Disclose Demographic Background — — — — In this section, • “Diverse” means an individual who self-identifies in one or more of the following categories: Female, Underrepresented Minority, or LGBTQ+; • “Female” means an individual who self-identifies her gender as a woman, without regard to the individual’s designated sex at birth; • “Underrepresented Minority",6,2,0
1923840,,"Third Harmonic Bio, Inc.",domestic,2022-09-15,2023-09-15,2023-04-24,0000950170-23-014106,continued_other_narrative,2025-04-14,0000950170-25-053490,https://www.sec.gov/Archives/edgar/data/1923840/000095017025053490/thrd-20250414.htm,PRE 14A,0.75,\bboard diversity\b,"ability to devote 12 adequate time and effort to our Board of Directors, ability to contribute to our Board of Directors’ overall effectiveness, and the needs of our Board of Directors and its committees. While we have not adopted a specific policy regarding Board diversity, we value diversity on a company-wide basis. Committees of Our Board of Directors Our Board of Directors has established an Audit Committee, a Compensation Committee, and a Nominating and Governance Committee each of which has the composition and responsibilities described below. Members serve on these committees until their resignation or until otherwise determined by our Board of Directors. Each of these committees has a written charter, copies of which are available on the investor relations section of our website at https://ir.thirdharmonicbio.com/governance/documents-and-charters. Audit Committee Our Audit Committee is composed of Geoff McDonough M.D., Dr. H. Martin Seidel, Ph.D., and Mr. Thomas M. Soloway. Mr. Soloway is the Chair of our Audit Committee. The composition of our Audit Committee meets the requirements for independence",4,4,0
1809750,EDBL,Edible Garden AG Inc,domestic,2022-05-05,2023-05-05,2023-04-26,0001477932-23-002884,not_continued_in_reviewed_filings,,,,,0.7,,,8,8,0
1742341,HKIT,HiTek Global Inc.,foreign_private_issuer,2023-03-31,2024-03-31,2023-04-27,0001213900-23-032977,not_continued_in_reviewed_filings,,,,,0.7,,,17,17,0
1944902,OMH,Ohmyhome Ltd,foreign_private_issuer,2023-03-21,2024-03-21,2023-04-27,0001493152-23-013845,continued_same_matrix,2025-04-29,0001641172-25-006592,https://www.sec.gov/Archives/edgar/data/1944902/000164117225006592/form20-f.htm,20-F,0.95,Board Diversity Matrix;Total Number of Directors;Did Not Disclose Gender,"ime as his successor takes office or until the earlier of his death, resignation or removal from office by ordinary resolution or the affirmative vote of a simple majority of the other directors present and voting at a board meeting. Board Diversity Board Diversity Matrix (As of the date of this annual report) Country of Principal Executive Offices: Singapore Foreign Private Issuer Yes Disclosure Prohibited Under Home Country Law No Total Number of Directors 6 Female Male Non-Binary Did Not Disclose Gender Part I: Gender Identity Directors 3 3 0 0 Part II: Demographic Background Underrepresented Individual in Home Country Jurisdiction — LGBTQ+ — 6.D. Employees We employed 108 persons as of December 31, 2024, 112 persons as of December 31, 2023, 48 persons as of December 31, 2022, 49 persons as of December 31, 2021, and 43 persons as of December 31, 2020, who were mostly located in Singapore. Our employees are not covered by collective bargaining agreements. We consider our labor practices and employee relations to be good. 6.E. Share Ownership The following table sets forth information regarding beneficial ownership of our share cap",25,9,0
1894693,SVRE,SaverOne 2014 Ltd.,foreign_private_issuer,2022-06-03,2023-06-03,2023-04-27,0001213900-23-033272,not_continued_in_reviewed_filings,,,,,0.7,,,50,40,0
1888012,,"HilleVax, Inc.",domestic,2022-04-29,2023-04-29,2023-04-28,0001193125-23-127221,not_continued_in_reviewed_filings,,,,,0.7,,,3,3,0
1814963,ILAG,Intelligent Living Application Group Inc.,foreign_private_issuer,2022-07-13,2023-07-13,2023-04-28,0001410578-23-000841,continued_same_matrix,2025-04-28,0001641172-25-006445,https://www.sec.gov/Archives/edgar/data/1814963/000164117225006445/form20-f.htm,20-F,0.95,Board Diversity Matrix;Total Number of Directors;Did Not Disclose Gender;Did Not Disclose Demographic Background,". Our BOD currently consists of 7 directors. We established an audit committee, a compensation committee and a corporate governance and nominating committee. Each of the committees of the BOD has the composition and responsibilities described below. Board Diversity Matrix The following table sets forth Board level diversity statistics based on self-identification of members of our Board as of April 28, 2025. Board Diversity Matrix (As of April 28, 2025) Country of Principal Executive Offices: Hong Kong, China Foreign Private Issuer: Yes Disclosure Prohibited Under Home Country Law: No Total Number of Directors 7 Female Male Non-Binary Did Not Disclose Gender Part I: Gender Identity Directors 2 5 — — Part II: Demographic Background Underrepresented Individual in Home Country Jurisdiction — — — — LGBTQ+ — — — — Did Not Disclose Demographic Background — — — — Audit Committee Ms. Carina Chui, Ms. Monique Ho and Mr. Kenneth Liu are members of our Audit Committee, where Ms. Carina Chui serves as the chairlady. All members of our Audit Committee satisfy the independence standards promulgated by the SEC and by Nasdaq as such standards apply",19,7,0
1910139,MBLY,Mobileye Global Inc.,domestic,2022-10-26,2023-10-26,2023-04-28,0001104659-23-052939,continued_other_narrative,2025-04-25,0001104659-25-039006,https://www.sec.gov/Archives/edgar/data/1910139/000110465925039006/tm252523-5_def14a.htm,DEF 14A,0.75,\bboard diversity\b,"and others as it deems appropriate. A stockholder who wishes to suggest a candidate for the committee’s consideration should send the candidate’s name and qualifications to our Secretary. Although our Board does not maintain a specific policy with respect to board diversity, pursuant to our Corporate Governance Guidelines, our Board seeks to have directors that collectively reflect a wide range of backgrounds, which may include factors such as experience and expertise, and the Nominating and Corporate Governance Committee considers a broad range of backgrounds and experiences. Director nominations by stockholders must also satisfy certain other requirements specified in our bylaws. The Secretary’s contact information can be found in this proxy statement under the heading “Other Matters; Communicating with Us” on page 57 . Director Skills, Experience, and Background As we discuss below under “Board Committees” on page 9 , the Nominating and Corporate Governance Committee is responsible for assessing with the Board the appropriate skills, experience, and background that we seek in Board members in the context",6,6,0
1835597,PEPG,PepGen Inc.,domestic,2022-05-06,2023-05-06,2023-04-28,0000950170-23-015751,continued_same_matrix,2025-04-25,0000950170-25-058337,https://www.sec.gov/Archives/edgar/data/1835597/000095017025058337/pepg-20250424.htm,DEF 14A,0.95,Board Diversity Matrix;Did Not Disclose Gender;Did Not Disclose Demographic Background,"ding of our business and industry, conflicts of interest, and other commitments. 8 The table below provides certain highlights of the composition of our board members and nominees based on their voluntary self-identified demographic characteristics. Board Diversity Matrix (As of April 25, 2025) Board Size: 8 Directors Part I: Gender Identity Male Female Non-Binary Did Not Disclose Gender Number of directors based on gender identity 5 3 — — Part II: Demographic Background: African American or Black — — — — Alaskan Native or American Indian — — — — Asian — — — — Hispanic or Latinx — — — — Native Hawaiian or Pacific Islander — — — — White 5 3 — — Two or More Races or Ethnicities — — — — LGBTQ+ — — — — Did Not Disclose Demographic Background — — — — Nominees for Election as Class III Directors The following table and narrative information identify our nominees for Class III directors and set forth their principal occupation and business experience during the last five years and their ages as of March 31, 2025. Name Positions and Offices Held with PepGen Director Since Age Mitchell H. Finer, Ph.D. Director 2025 66 Heidi Henson Director 2",6,2,0
1894562,PRME,"Prime Medicine, Inc.",domestic,2022-10-20,2023-10-20,2023-04-28,0001628280-23-013811,not_continued_in_reviewed_filings,,,,,0.7,,,9,9,0
1425627,SOBR,"SOBR Safe, Inc.",domestic,2022-05-17,2023-05-17,2023-04-28,0001477932-23-002946,continued_other_narrative,2025-04-15,0001477932-25-002746,https://www.sec.gov/Archives/edgar/data/1425627/000147793225002746/sobr_10k.htm,10-K,0.75,"\b(?:director|directors|nominee|nominees|board)\b.{0,220}\bdiversity\b","diversity efforts, business ethics and compliance training, team member benefit programs and initiatives, including healthcare and other benefits, as well as our management development and succession planning practices. Management periodically reports to the Board and the Compensation Committee regarding our human capital measures and results that guide how we attract, compensate, retain and develop a workforce to enable our business strategies. Diversity, Equity and Inclusion We believe that a diverse workforce is critical to our success, and we continue to monitor and improve the application of our recruiting and hiring, retention, compensation and advancement processes for women and underrepresented populations across our workforce to enhance our inclusive and diverse culture. 8 Table of Contents Workplace Safety and Health A vital part of our business is providing our workforce with a safe, healthy and sustainable working environment. We focus on implementing changes through workforce observation and feedback channels to recognize risk and continuously improve our processes. Available Information As a public company, we are required to file our annual reports on Form 10-K, quarterly reports on Form 10-Q, current reports on Form 8-K, proxy statements on Schedule 14A and other informati",6,6,0
1886894,SNAL,"Snail, Inc.",domestic,2022-11-10,2023-11-10,2023-04-28,0001104659-23-052917,continued_other_narrative,2025-04-25,0001641172-25-006181,https://www.sec.gov/Archives/edgar/data/1886894/000164117225006181/formdef14a.htm,DEF 14A,0.75,\bboard diversity\b,"ard to each director’s business and personal activities and current and prior relationships as they may relate to us and our management, including the beneficial ownership of our capital stock by each non-employee director and any transactions involving them. Board Diversity We are committed to diversity and inclusion, and the highly diverse nature of our Board reflects that commitment. We believe that a variety of experiences and points of view contributes to a more effective decision-making process. 11 Meetings of the Board of Directors The Board oversees our business. It establishes overall policies and standards and reviews the performance of management. During the fiscal year ended December 31, 2024, the Board held five meetings. Each Board member attended 75% or more of the aggregate meetings of the Board and of the committees on which they served held during the period for which they were a director or committee member. The Company’s directors are encouraged to attend our annual meetings of stockholders, but we do not currently have a policy relating to director attendance. Our Independent Directors m",5,5,0
1935172,AIXI,Xiao-I Corp,foreign_private_issuer,2023-03-09,2024-03-09,2023-04-28,0001213900-23-033683,continued_same_matrix,2025-05-15,0001213900-25-044439,https://www.sec.gov/Archives/edgar/data/1935172/000121390025044439/ea0238811-20f_xiaoicorp.htm,20-F,0.95,Board Diversity Matrix;Total Number of Directors;Did Not Disclose Gender;Did Not Disclose Demographic Background,"his Doctorate Degree in Accounting and Accountability Systems from Harvard Business School in 1981. Board Diversity The table below provides certain information regarding the diversity of our board of directors as of the date of this annual report. Board Diversity Matrix Country of Principal Executive Offices China Foreign Private Issuer Yes Disclosure Prohibited Under Home Country Law No Total Number of Directors 4 Part I: Gender Identity Female Male Non-Binary Did Not Disclose Gender Directors 0 4 0 0 Part II: Demographic Background Underrepresented Individual in Home Country Jurisdiction 0 LGBTQ+ 0 Did Not Disclose Demographic Background 0 92 Family Relationships There are no family relationships among the directors and executive officers of the Company. B. Compensation. Compensation of Directors and Executive Officers For the fiscal year ended December 31, 2024, we paid an aggregate of US$404,072.43 in cash to our executive officers, and we paid US$93,008.36 to our non-executive director. We have not set aside or accrued any amount to provide pension, retirement or other similar benefits to our directors and executive officers.",15,3,0
1781174,ACRV,"Acrivon Therapeutics, Inc.",domestic,2022-11-15,2023-11-15,2023-05-01,0000950170-23-016268,continued_same_matrix,2025-04-25,0000950170-25-058352,https://www.sec.gov/Archives/edgar/data/1781174/000095017025058352/acrv-20250424.htm,DEF 14A,0.95,Board Diversity Matrix;Total Number of Directors;Did Not Disclose Demographic Background,ote 2 Quorum 2 Voting Methods 2 Vote Requirements 3 How your Shares will be Voted 3 Revocability of Proxies 4 Solicitation of Proxies 4 Proposal No. 1: Election of Class III Director s 5 Overview 5 Director Qualifications 5 Stockholder Nominations 6 Board Diversity Matrix 6 Nominees and Continuing Directors 6 Corporate Governance and Our Board of Directors 15 Board Leadership and Governance Structure 15 Board Committees 16 Meeting Attendance 19 Other Governance Matters 19 Communications with the Board 20 Director Compensation 21 Proposal No. 2: Ratification of Appointment of Independent Registered Public Accounting Firm 23 Relationship with Independent Registered Public Accounting Firm 23 Audit Committee Pre-Approval Policies and Procedures 24 Audit Committee Report 24 Executive Officers 25 Executive Compensation 27 Equity Compensation Plan Information 33 Ownership Of Our Common Stock 33 Certain Relationships And Related Person Transactions 37 Policies and Procedures for Related Person Transactions 37 Related Person Transactions 37 Additional Information 39 Availability of Certain Information 39 Householding 39 Other Matters 39 Stoc,7,2,0
1825349,CHSN,Chanson International Holding,foreign_private_issuer,2023-03-30,2024-03-30,2023-05-01,0001213900-23-034610,not_continued_in_reviewed_filings,,,,,0.7,,,25,25,0
1881487,ACDC,ProFrac Holding Corp.,domestic,2022-05-13,2023-05-13,2023-05-01,0001193125-23-130426,continued_other_narrative,2025-04-29,0001558370-25-005849,https://www.sec.gov/Archives/edgar/data/1881487/000155837025005849/acdc-20250528xdef14a.htm,DEF 14A,0.75,"\bdiversity\b.{0,220}\b(?:director|directors|nominee|nominees|board)\b","r Board. When considering nominees, our Board may take into consideration many factors including, among other things, a candidate’s experience in corporate management, professional and academic experience relevant to the Company’s industry and strategic plan, diversity, skills, financial and other expertise, breadth of experience, knowledge about our business or industry and ability to devote adequate time and effort to responsibilities of our Board in the context of its existing composition. The brief biographical description of each director set forth in “ Proposal No. 1: Election of Directors ” below includes the primary individual experience, qualifications, attributes and skills of each of our directors that led to the conclusion that each director should serve as a member of our Board at this time. ​ 12 Table of Contents PROPOSAL NO. 1: ELECTION OF DIRECTORS Our Board currently consists of six (6) directors. All of our current directors will stand for re-election at the Annual Meeting. Our Board proposes that each of the nominees named below be elected as a director for a one-year term expiring at our 2026 Annual Meeting of Stockholders, or until such director’s successor is duly elected and qualified or until such director’s earlier death, resignation, disqualification or rem",4,4,0
1863218,SFWL,SHENGFENG DEVELOPMENT Ltd,foreign_private_issuer,2023-03-31,2024-03-31,2023-05-01,0001213900-23-034752,not_continued_in_reviewed_filings,,,,,0.7,,,4,4,0
1825875,RAYA,Erayak Power Solution Group Inc.,foreign_private_issuer,2022-12-14,2023-12-14,2023-05-15,0001213900-23-039841,continued_other_narrative,2025-04-23,0001213900-25-034605,https://www.sec.gov/Archives/edgar/data/1825875/000121390025034605/ea0238121-20f_erayak.htm,20-F,0.75,"\bdiversity\b.{0,220}\b(?:director|directors|nominee|nominees|board)\b","d recommending to the board nominees for election by the shareholders or appointment by the board; ● reviewing annually with the board the current composition of the board with regards to characteristics such as independence, knowledge, skills, experience and diversity; ● making recommendations on the frequency and structure of board meetings and monitoring the functioning of the committees of the board; and ● advising the board periodically with regards to significant developments in the law and practice of corporate governance as well as our compliance with applicable laws and regulations, and making recommendations to the board on all matters of corporate governance and on any remedial action to be taken. 103 Duties of Directors Under Cayman Islands law, all of our directors owe three types of duties to us: (i) statutory duties, (ii) fiduciary duties, and (iii) common law duties. The Cayman Islands Companies Act imposes a number of statutory duties on a director. A Cayman Islands director’s fiduciary duties are not codified, however the courts of the Cayman Islands have held that a director owes the following fiduciary duties: (a) a duty to act in what the director bona fide considers to be in the best interests of the company, (b) a duty to exercise their po",30,30,0
1938186,JYD,Jayud Global Logistics Ltd,foreign_private_issuer,2023-04-21,2024-04-21,2023-05-15,0001213900-23-039570,not_continued_in_reviewed_filings,,,,,0.7,,,23,23,0
1930510,VCIG,VCI Global Ltd,foreign_private_issuer,2023-04-13,2024-04-13,2023-05-15,0001575872-23-000741,continued_same_matrix,2025-05-13,0001213900-25-042476,https://www.sec.gov/Archives/edgar/data/1930510/000121390025042476/ea0239288-20f_vciglobal.htm,20-F,0.95,Board Diversity Matrix;Total Number of Directors;Did Not Disclose Demographic Background,"nagement protocols, demonstrating her adeptness in managing complex financial services environments. Board Diversity The table below provides certain information regarding the diversity of our board of directors as of the date of this annual report. Board Diversity Matrix Country of Principal Executive Offices: Malaysia Foreign Private Issuer Yes Disclosure Prohibited under Home Country Law No Total Number of Directors 8 Non- Did Not Disclose Female Male Binary Gender Part I: Gender Identity Directors 3 5 0 0 Part II: Demographic Background Underrepresented Individual in Home Country Jurisdiction 0 LGBTQ+ 0 Did Not Disclose Demographic Background 0 Family Relationships Victor Hoo, our Chairman, and Karen Liew, our Executive Director, are spouses. Other than that, there are no family relationships among our directors or executive officers, as defined in Item 401 of Regulation S-K. B. Compensation Under British Virgin Islands law, we are not required to disclose compensation paid to our executive offices on an individual basis and we have not otherwise publicly disclosed this information elsewhere. Employment Agreements The Company ha",39,13,0
1855557,HLP,Hongli Group Inc.,foreign_private_issuer,2023-03-29,2024-03-29,2023-05-16,0001213900-23-040060,continued_same_matrix,2025-05-12,0001213900-25-042120,https://www.sec.gov/Archives/edgar/data/1855557/000121390025042120/ea0241030-20f_hongli.htm,20-F,0.95,Board Diversity Matrix;Total Number of Directors;Did Not Disclose Gender;Did Not Disclose Demographic Background,"to mortgage or charge our undertakings and property or any part thereof, to issue debentures, debenture stock and other securities whenever money is borrowed or as security for any debt, liability or obligation of the company or of any third party. Board Diversity Matrix Board Diversity Matrix (As of May 5, 2025) Country of Principal Executive Offices People’s Republic of China Foreign Private Issuer Yes Disclosure Prohibited Under Home Country Law No Total Number of Directors 4 Part I: Gender Identity Female Male Non-Binary Did Not Disclose Gender Directors 1 3 - - Part II: Demographic Background Underrepresented Individual in Home Country Jurisdiction 4 LGBTQ+ - Did Not Disclose Demographic Background - D. Employees As of May 5, 2025, we have a total of 167 full-time employees, of which 99 are in the manufacturing department, 29 are in research and development department, and 39 are in administrative department. We have standard employment, comprehensive confidentiality and non-compete agreements with our management and standard confidentiality and non-compete terms with all other employees. As required by laws and regulations in",13,2,0
1938865,WAI,Top KingWin Ltd,foreign_private_issuer,2023-04-18,2024-04-18,2023-05-16,0001213900-23-040532,continued_same_matrix,2025-04-17,0001213900-25-033010,https://www.sec.gov/Archives/edgar/data/1938865/000121390025033010/ea0235573-20f_topkingwin.htm,20-F,0.95,Board Diversity Matrix;Total Number of Directors;Did Not Disclose Gender;Did Not Disclose Demographic Background,"ed. Awards outstanding at the time of the Equity Incentive Plan’s termination may continue to be exercised in accordance with their terms and shall continue to be governed by and interpreted consistent with the terms of the Equity Incentive Plan. 77 Board Diversity Matrix Board Diversity Matrix (As of Dec 31, 2024) Country of Principal Executive Offices People’s Republic of China Foreign Private Issuer Yes Disclosure Prohibited Under Home Country Law No Total Number of Directors 5 Part I: Gender Identity Female Male Non-Binary Did Not Disclose Gender Directors 1 4 0 0 Part II: Demographic Background Underrepresented Individual in Home Country Jurisdiction 0 LGBTQ+ 0 Did Not Disclose Demographic Background 0 D. Employees As of the date of this Annual Report, we have a total of 85 full-time employees, of which 47 are in sales and marketing, 6 are in client services, 12 are in the finance department, and 20 are in general administration. We have standard employment, comprehensive confidentiality with our management and standard confidentiality and non-compete terms with all other employees. As required by laws and regulations in China,",21,7,0
1835022,COYA,"Coya Therapeutics, Inc.",domestic,2022-12-29,2023-12-29,2023-05-19,0001193125-23-149377,continued_other_narrative,2025-04-28,0001193125-25-100816,https://www.sec.gov/Archives/edgar/data/1835022/000119312525100816/d892593d10ka.htm,10-K/A,0.75,"\bdiversity\b.{0,220}\b(?:director|directors|nominee|nominees|board)\b","strong finance experience; relevant social policy concerns; experience relevant to the Company’s industry; experience as a board member of another publicly held company; relevant academic expertise or other proficiency in an area of the Company’s operations; diversity of expertise and experience in substantive matters pertaining to the Company’s business relative to other Board members; diversity of background and perspective, including, but not limited to, with respect to age, gender, race and ethnicity; practical and mature business judgment, including, but not limited to, the ability to make independent analytical inquiries; and any other relevant qualifications, attributes or skills In determining whether to recommend a director for re-election, the Nominating and Corporate Governance Committee may also consider the director’s past attendance at meetings and participation in and contributions to the activities of the Board. We do not have a formal policy with regard to the consideration of diversity in identifying director nominees. The Board evaluates each individual in the context of the Board as a whole, with the objective of assembling a group that can best perpetuate the success of the business and rep",7,7,0
1825452,ONFO,"Onfolio Holdings, Inc",domestic,2022-08-26,2023-08-26,2023-05-22,0001654954-23-006957,continued_other_narrative,2025-06-24,0001654954-25-007365,https://www.sec.gov/Archives/edgar/data/1825452/000165495425007365/onfo_def14a.htm,DEF 14A,0.75,"\bdiversity\b.{0,220}\b(?:director|directors|nominee|nominees|board)\b","director nominees, our Board of Directors generally seeks to identify individuals with diverse, yet complementary backgrounds. Our directors consider both the personal characteristics and experience of director nominees, including each nominee’s independence, diversity, age, skills, expertise, time availability and industry background in the context of the needs of the Board of Directors and the Company. The Board of Directors believes that director nominees should exhibit proven leadership capabilities and experience at a high level of responsibility within their chosen fields, and have the experience and ability to analyze business issues facing our Company. In addition to business expertise, the Board of Directors requires that director nominees have the highest personal and professional ethics, integrity and values and, above all, are committed to representing the long-term interests of our stockholders and other stakeholders. Our Policy Guide on Director Qualifications is available on the “Investor Relations-Corporate Governance” page our principal corporate website located at https://www.onfolio.com . To date, all new candidates have been identified and recommended by members of our Board of Directors, including management and non-management directors, our principal executive officer,",8,8,0
1784970,NXTT,Next Technology Holding Inc.,domestic,2022-07-19,2023-07-19,2023-07-14,0001477932-23-005290,continued_same_matrix,2025-03-27,0001013762-25-003282,https://www.sec.gov/Archives/edgar/data/1784970/000101376225003282/ea0233807-10k_nexttech.htm,10-K,0.95,Board Diversity Matrix;Total Number of Directors;Did Not Disclose Gender,"ive and experience so as to facilitate robust debate and broad thinking on strategies and tactics pursued by us. The following table provides certain information regarding the diversity of our Board of Directors as of the date of this annual report. Board Diversity Matrix (As of the date of this annual report) Country of Principal Executive Offices: China Foreign Private Issuer No Disclosure Prohibited Under Home Country Law No Total Number of Directors 4 Female Male Non-Binary Did Not Disclose Gender Part I: Gender Identity Directors 0 4 0 0 Part II: Demographic Background Underrepresented Individual in Home Country Jurisdiction — LGBTQ+ — ITEM 11. EXECUTIVE COMPENSATION The following table sets forth certain information with respect to compensation for the years ended December 31, 2024 and 2023, earned by or paid to our chief executive officer and principal executive officer, our principal financial officer, and our other most highly compensated executive officers whose total compensation exceeded US$2,000 (the “named executive officers”). 39 Name and Principal Position Year Salary ($) Bonus ($) Stock Awards ($) Non-Equity Plan Co",8,1,0
1231457,GNLX,GENELUX Corp,domestic,2023-01-26,2024-01-26,2023-07-20,0001493152-23-025087,continued_other_narrative,2025-03-28,0001641172-25-001184,https://www.sec.gov/Archives/edgar/data/1231457/000164117225001184/form10-k.htm,10-K,0.75,"\bdiversity\b.{0,220}\b(?:director|directors|nominee|nominees|board)\b","at embraces diversity and inclusion. We monitor our success with insights across human capital metrics such as employee engagement, vacancy rates, time to hire, promotion rates, performance ratings, succession depth, retention, EEO compliance, pay equity, and diversity representation. The principal purposes of our compensation policies and equity incentive plans are to attract, retain and motivate employees and directors by paying for performance through the granting of stock-based compensation awards and cash-based performance bonus awards. None of our employees are represented by a labor union or are a party to a collective bargaining agreement and we consider our relations with our employees to be good. CORPORATE INFORMATION We incorporated in Delaware in September 2001. Our principal executive offices are located at 2625 Townsgate Road, Suite 230, Westlake Village, California 91361, and our telephone number is (805) 267-9889. We completed our initial public offering in January 2023, and our common stock is listed on the Nasdaq Capital Market under the symbol “GNLX.” We are an “emerging growth company” as defined in the Jumpstart Our Business Startups Act of 2012 (JOBS Act). We will remain an emerging growth company until the earlier of (1) the last d",7,7,0
1414767,NCPL,Netcapital Inc.,domestic,2022-07-14,2023-07-14,2023-07-26,0001903596-23-000560,not_continued_in_reviewed_filings,,,,,0.7,,,4,4,0
1852131,NXT,Nextpower Inc.,domestic,2023-02-09,2024-02-09,2023-07-31,0001140361-23-036830,continued_same_matrix,2025-06-25,0001852131-25-000036,https://www.sec.gov/Archives/edgar/data/1852131/000185213125000036/nxt-20250625.htm,DEF 14A,0.95,Board Diversity Matrix;Total Number of Directors;Did Not Disclose Gender;Did Not Disclose Demographic Background,"pability with respect to the directors serving on the Board. The Board considers each candidate’s ability to contribute to the diversity of the Board (including diversity of experience, viewpoints, backgrounds, gender, race and ethnicity). The below Board Diversity Matrix reports self-identified diversity statistics for the Board. Board Diversity Matrix (as of June 25, 2025) Total Number of Directors 11 Female Male Non-Binary Did Not Disclose Gender Part I: Gender Identity Directors 3 8 0 0 Part II: Demographic Background African American or Black 1 0 0 0 Alaskan Native or Native American 0 0 0 0 Asian 1 1 0 0 Hispanic or Latinx 0 0 0 0 Native Hawaiian or Pacific Islander 0 0 0 0 White 1 6 0 0 Two or More Races or Ethnicities 0 0 0 0 LGBTQ+ 0 0 0 0 Did Not Disclose Demographic Background 0 1 0 0 Role of the Board in Risk Oversight An important function of the Board is oversight of risk management at Nextracker. Risk is inherent in business, and the Board’s oversight, assessment and decisions regarding risks occur in the context of and in conjunction with the other activities of the Board and its committees. The Board believes that i",4,2,0
1939780,UCAR,U Power Ltd,foreign_private_issuer,2023-04-20,2024-04-20,2023-08-22,0001213900-23-069924,continued_same_matrix,2025-05-15,0001213900-25-044284,https://www.sec.gov/Archives/edgar/data/1939780/000121390025044284/ea0239478-20f_upower.htm,20-F,0.95,Board Diversity Matrix;Total Number of Directors;Did Not Disclose Gender;Did Not Disclose Demographic Background,"1989, respectively, and a Dipl. Eng. in Geophysics from the Institute de Physique du Globe in 1990. Board Diversity The table below provides certain information regarding the diversity of our board of directors as of the date of this annual report. Board Diversity Matrix Country of Principal Executive Offices: China Foreign Private Issuer Yes Disclosure Prohibited under Home Country Law No Total Number of Directors 5 Female Male Non- Binary Did Not Disclose Gender Part I: Gender Identity Directors 2 3 0 0 Part II: Demographic Background Underrepresented Individual in Home Country Jurisdiction 0 LGBTQ+ 0 Did Not Disclose Demographic Background 0 101 Family Relationships None of our directors or executive officers has a family relationship as defined in Item 401 of Regulation S-K. B. Compensation For the year ended December 31, 2024, we paid an aggregate of approximately RMB1.25 million in cash to our executive officers and directors and we did not pay any compensation to our non-executive directors. We have not set aside or accrued any amount to provide pension, retirement or other similar benefits to our directors and executive off",18,2,0
1937993,CVKD,"Cadrenal Therapeutics, Inc.",domestic,2023-01-20,2024-01-20,2023-08-28,0001213900-23-071281,continued_other_narrative,2025-03-13,0001213900-25-023759,https://www.sec.gov/Archives/edgar/data/1937993/000121390025023759/ea0232553-10k_cadrenal.htm,10-K,0.75,"\bdiversity\b.{0,220}\b(?:director|directors|nominee|nominees|board)\b","between nominees recommended by our stockholders and those recommended by other parties. The Nominating and Corporate Governance Committee evaluates the suitability of potential nominees, taking into account the current board composition, including expertise, diversity and the balance of inside and independent directors. The Nominating and Corporate Governance Committee does not have a set policy or process for considering diversity in identifying nominees, but endeavors to establish a diversity of background and experience in a number of areas of core competency, including business judgment, management, accounting, finance, knowledge of our industry, strategic vision, research and development and other areas relevant to our business. In considering any person recommended by one of our stockholders, the Nominating and Corporate Governance Committee will look for the same qualifications that it looks for in any other person that it is considering for a position on the Board of Directors. Compensation Committee Interlocks and Insider Participation No member of our Compensation Committee will be serving, or will have ever served, as an officer or employee of ours. None of our executive officers currently serves, or has served during the last completed year, as a member of the Board of Directo",4,4,0
1901305,,"Forza X1, Inc.",domestic,2022-08-12,2023-08-12,2023-08-28,0001731122-23-001609,no_post_vacatur_relevant_filing,,,,,0.65,,,0,0,0
1944399,PDC,Perpetuals.com Ltd,foreign_private_issuer,2023-07-25,2024-07-25,2023-09-15,0001213900-23-077074,not_continued_in_reviewed_filings,,,,,0.7,,,27,27,0
1527352,NXL,"Nexalin Technology, Inc.",domestic,2022-09-16,2023-09-16,2023-10-06,0001829126-23-006467,continued_other_narrative,2025-06-17,0001829126-25-004535,https://www.sec.gov/Archives/edgar/data/1527352/000182912625004535/nexalintech_def14a.htm,DEF 14A,0.75,"\bdiversity\b.{0,220}\b(?:director|directors|nominee|nominees|board)\b","er personal or professional activities. The Nominating Committee’s criteria for evaluating potential candidates include the following: (i) an understanding of the Company’s business environment; and (ii) the possession of such knowledge, skills, expertise and diversity of experience so as to enhance the Board’s ability to manage and direct the affairs and business of the Company including, when applicable, to enhance the ability of committees of the Board to fulfill their duties and/or satisfy any independence requirements imposed by law, regulation or listing requirements. The Nominating Committee considers director candidates recommended by stockholders. In considering candidates submitted by stockholders, the Committee will take into consideration the needs of the Board and the qualifications of the candidate. The Nominating Committee may also take into consideration the number of shares held by the recommending stockholder and the length of time that such shares have been held. To have a candidate considered by the Nominating Committee, a stockholder must submit the recommendation in writing and must include the following information: the name of the stockholder and evidence of the person’s ownership of Company stock, including the number of shares owned and the length of time of owne",5,5,0
1347242,LIPO,LIPELLA PHARMACEUTICALS INC.,domestic,2022-12-20,2023-12-20,2023-10-10,0001753926-23-001309,continued_same_matrix,2025-06-10,0001753926-25-000952,https://www.sec.gov/Archives/edgar/data/1347242/000175392625000952/g084843_pre14a.htm,PRE 14A,0.95,Board Diversity Matrix;Total Number of Directors;Did Not Disclose Demographic Background,"sition and Diversity The following table sets forth certain diversity statistics as self-reported by the current members of the Board. Each of the categories listed in the below table has the meaning as it is used in the Nasdaq Rules. 14 To view our board diversity matrix as of August 9, 2024, please see our definitive proxy statement on Schedule 14A for our 2024 annual meeting of stockholders, filed with the SEC on August 12, 2024. Board Diversity Matrix for Lipella Pharmaceuticals Inc. (As of June 9, 2025) Total Number of Directors 7 Female Male Non-Binary Did Not Disclosure Gender Part I: Gender Identity Directors 1 6 — — Part II: Demographic Background African American or Black — — — — Alaskan Native or Native American — — — — Asian — 2 — — Hispanic or Latinx — — — — Native Hawaiian or Pacific Islander — — — — White 1 4 — — Two or More Races or Ethnicities — — — — LGBTQ+ — Did Not Disclose Demographic Background Board Meetings and Attendance During the 2024 fiscal year, the Board conducted its annual meeting virtually in September 2024. Ongoing and ad-hoc business throughout 2024 was conducted remotely on an as needed basis, and",3,3,0
1514183,SILO,"Silo Pharma, Inc.",domestic,2022-09-28,2023-09-28,2023-10-23,0001013762-23-005850,continued_other_narrative,2025-03-28,0001013762-25-004139,https://www.sec.gov/Archives/edgar/data/1514183/000101376225004139/ea0234891-10k_silopharma.htm,10-K,0.75,\bboard diversity\b,"tee and our board of directors may consider a broad range of factors relating to the qualifications and background of board nominees, which may include diversity, which is not only limited to race, gender or national origin. We have no formal policy regarding board diversity. Our nominating and corporate governance committee’s and our board of directors’ priority in selecting board members is identification of persons who will further the interests of our stockholders through his or her established record of professional accomplishment, the ability to contribute positively to the collaborative culture among board members, knowledge of our business, understanding of the competitive landscape and professional and personal experiences and expertise relevant to our growth strategy. Our directors hold office until their successors have been elected and qualified or until the earlier of their death, resignation or removal. Our articles of incorporation and amended and restated bylaws also provide that our directors may be removed only for cause by the affirmative vote of the holders of 2/3 of the votes that all ou",5,5,0
1932770,HERE,Here Group Ltd,foreign_private_issuer,2023-01-25,2024-01-25,2023-10-27,0001013762-23-007052,not_continued_in_reviewed_filings,,,,,0.7,,,12,12,0
1903995,MGIH,Millennium Group International Holdings Ltd,foreign_private_issuer,2023-04-04,2024-04-04,2023-10-30,0001213900-23-081558,continued_other_narrative,2025-10-28,0001213900-25-103120,https://www.sec.gov/Archives/edgar/data/1903995/000121390025103120/ea0261607-20f_millennium.htm,20-F,0.75,"\bdiversity\b.{0,220}\b(?:director|directors|nominee|nominees|board)\b","recommending to the board nominees for election by the shareholders or appointment by the board ； ● reviewing annually with the board the current composition of the board with regards to characteristics such as independence, knowledge, skills, experience and diversity; ● making recommendations on the frequency and structure of board meetings and monitoring the functioning of the committees of the board; and ● advising the board periodically with regards to significant developments in the law and practice of corporate governance as well as our compliance with applicable laws and regulations, and making recommendations to the board on all matters of corporate governance and on any remedial action to be taken. 99 Duties of Directors Under Cayman Islands law, all of our directors owe three types of duties to us: (i) statutory duties, (ii) fiduciary duties, and (iii) common law duties. The Cayman Islands Companies Act imposes a number of statutory duties on a director. A Cayman Islands director’s fiduciary duties are not codified, however the courts of the Cayman Islands have held that a director owes the following fiduciary duties: (a) a duty to act in what the director bona fide considers to be in the best interests of the company, (b) a duty to exercise their pow",6,6,0
1854572,IZM,ICZOOM Group Inc.,foreign_private_issuer,2023-03-15,2024-03-15,2023-10-31,0001213900-23-081728,continued_other_narrative,2025-10-24,0001213900-25-102243,https://www.sec.gov/Archives/edgar/data/1854572/000121390025102243/ea0262215-20f_iczoom.htm,20-F,0.75,"\bdiversity\b.{0,220}\b(?:director|directors|nominee|nominees|board)\b","ittee of the board is responsible for the assessment of the performance of the board, considering and making recommendations to the board with respect to the nominations or elections of directors and other governance issues. The nominating committee considers diversity of opinion and experience when nominating directors. Audit Committee The Audit Committee is responsible for, among other matters: ● appointing, compensating, retaining, evaluating, terminating, and overseeing our independent registered public accounting firm; ● discussing with our independent registered public accounting firm the independence of its members from its management; ● reviewing with our independent registered public accounting firm the scope and results of their audit; ● approving all audit and permissible non-audit online transaction services of electronic components to be performed by our independent registered public accounting firm; ● overseeing the financial reporting process and discussing with management and our independent registered public accounting firm the interim and annual financial statements that we file with the SEC; ● reviewing and monitoring our accounting p",10,10,0
1945711,LVROF,Lavoro Ltd,foreign_private_issuer,2023-02-03,2024-02-03,2023-11-01,0001945711-23-000004,not_continued_in_reviewed_filings,,,,,0.7,,,15,15,0
1888980,LRE,"LEAD REAL ESTATE CO., LTD",foreign_private_issuer,2023-09-27,2024-09-27,2023-11-15,0001104659-23-118675,not_continued_in_reviewed_filings,,,,,0.7,,,8,8,0
1962845,,"PIXIE DUST TECHNOLOGIES, INC.",foreign_private_issuer,2023-08-01,2024-08-01,2023-11-16,0001193125-23-278289,not_continued_in_reviewed_filings,,,,,0.7,,,9,9,0
1978527,GVH,Globavend Holdings Ltd,foreign_private_issuer,2023-11-08,2024-11-08,2024-01-30,0001493152-24-004309,continued_same_matrix,2025-02-12,0001493152-25-006117,https://www.sec.gov/Archives/edgar/data/1978527/000149315225006117/form20-f.htm,20-F,0.95,Board Diversity Matrix;Total Number of Directors;Did Not Disclose Gender;Did Not Disclose Demographic Background,"directors or executive officers have a family relationship as defined in Item 401 of Regulation S-K. Board Diversity The table below provides certain information regarding the diversity of our board of directors as of the date of this annual report. Board Diversity Matrix Country of Principal Executive Offices Australia Foreign Private Issuer Yes Disclosure Prohibited under Home Country Law No Total Number of Directors 4 73 Table of Contents Female Male Non-Binary Did Not Disclose Gender Part I: Gender Identity Directors 1 3 0 0 Part II: Demographic Background Underrepresented Individual in Home Country Jurisdiction 0 LGBTQ+ 0 Did Not Disclose Demographic Background 0 B. Compensation For the year ended September 30, 2024, we paid an aggregate of US$72,532 (including salaries, bonus and mandatory provident fund) to our directors. Our Hong Kong subsidiary is required by law to contribute amounts equal to certain percentages of each employee’s salary for his or her mandatory provident fund. We have not made any agreements with our directors or executive officers to provide benefits upon termination of employment. Equity Compensation Pl",17,1,0
1967621,ATGL,Alpha Technology Group Ltd,foreign_private_issuer,2023-10-31,2024-10-31,2024-01-31,0001213900-24-008526,continued_other_narrative,2025-01-27,0001213900-25-007015,https://www.sec.gov/Archives/edgar/data/1967621/000121390025007015/ea0227590-20f_alpha.htm,20-F,0.75,"\bdiversity\b.{0,220}\b(?:director|directors|nominee|nominees|board)\b","directors, or for appointment to fill any vacancy on the board of directors; ● reviewing annually with the board of directors the current composition of the board with regards to characteristics such as independence, knowledge, skills, experience, expertise, diversity and availability of service to us; ● selecting and recommending to the board of directors the names of directors to serve as members of the audit committee and the compensation committee, as well as of the nominating and corporate governance committee itself; ● developing and reviewing the corporate governance principles adopted by the board of directors and advising the board of directors with respect to significant developments in the law and practice of corporate governance and our compliance with such laws and practices; and ● evaluating the performance and effectiveness of the board of directors as a whole. Compensation Recovery Policy We have adopted a compensation recovery policy to provide for the recovery of erroneously-awarded incentive compensation, as required by the Dodd-Frank Wall Street Reform and Consumer Protection Act, final SEC rules and applicable listing standards. Employment Agreements and Indemnification Agreements Employment",8,8,0
1913749,GMM,Global Mofy AI Ltd,foreign_private_issuer,2023-10-10,2024-10-10,2024-01-31,0001213900-24-008515,continued_same_matrix,2025-01-02,0001213900-25-000430,https://www.sec.gov/Archives/edgar/data/1913749/000121390025000430/ea0225904-20f_global.htm,20-F,0.95,Board Diversity Matrix;Total Number of Directors;Did Not Disclose Gender,"will be given specific information on how they can direct communications to the officers and directors of the Company at our annual shareholders’ meetings. All communications from shareholders are relayed to the members of the Board. Board Diversity Board Diversity Matrix (As of the date of this annual report) Country of Principal Executive Offices: PRC Foreign Private Issuer Yes Disclosure Prohibited Under Home Country Law No Total Number of Directors 5 Part I: Gender Identity Female Male Non-Binary Did Not Disclose Gender Directors 2 3 0 0 Part II: Demographic Background Underrepresented Individual in Home Country Jurisdiction - LGBTQ+ - 6.D. Employees As of the date of this annual report, September 30, 2024, and September 30, 2023, we have 60, 47 , and 38 full-time employees, respectively, in the following departments: Departments As of the date of this annual report As of September 30, 2024 As of September 30, 2023 Management and Administration Department 26 18 16 Operation and Commerce Department 4 3 3 R & D Department - Mofy Lab 19 15 8 R & D Department - Others 11 11 11 Total 60 47 38 Global Mofy China’s employees are not pro",29,2,0
1928340,GDHG,GOLDEN HEAVEN GROUP HOLDINGS LTD.,foreign_private_issuer,2023-04-12,2024-04-12,2024-02-15,0001213900-24-014627,continued_same_matrix,2025-01-27,0001213900-25-006978,https://www.sec.gov/Archives/edgar/data/1928340/000121390025006978/ea0228149-20f_golden.htm,20-F,0.95,Board Diversity Matrix;Total Number of Directors;Did Not Disclose Gender;Did Not Disclose Demographic Background,"to which any person referred to above was selected as a director or member of senior management. 59 Board Diversity The table below provides certain information regarding the diversity of our board of directors as of the date of this annual report. Board Diversity Matrix Country of Principal Executive Offices: China Foreign Private Issuer Yes Disclosure Prohibited under Home Country Law No Total Number of Directors 5 Female Male Non- Binary Did Not Disclose Gender Part I: Gender Identity Directors 0 5 0 0 Part II: Demographic Background Underrepresented Individual in Home Country Jurisdiction 0 LGBTQ+ 0 Did Not Disclose Demographic Background 0 B. Compensation During the fiscal year ended September 30, 2024, we paid an aggregate of RMB1,568,664.75 (US$53,288.25) to our executive officers and directors. We have set aside or accrued an aggregate of RMB220.780 (US$7,500) to provide pension, retirement or other similar benefits to our executive officers and directors. Our PRC subsidiaries are required by law to make contributions equal to certain percentages of each employee’s salary for his or her medical insurance, maternity insuranc",31,4,0
1907085,ODD,Oddity Tech Ltd,foreign_private_issuer,2023-07-19,2024-07-19,2024-03-06,0001104659-24-031179,not_continued_in_reviewed_filings,,,,,0.7,,,16,16,0
1916241,PRZO,ParaZero Technologies Ltd.,foreign_private_issuer,2023-07-27,2024-07-27,2024-03-21,0001213900-24-024822,not_continued_in_reviewed_filings,,,,,0.7,,,80,40,0
1934642,MDBH,"MDB Capital Holdings, LLC",domestic,2023-07-26,2024-07-26,2024-03-29,0001493152-24-012008,not_continued_in_reviewed_filings,,,,,0.7,,,3,3,0
1956744,TRON,Tron Inc.,domestic,2023-08-15,2024-08-15,2024-04-01,0001493152-24-012449,continued_same_matrix,2024-12-19,0001493152-24-050661,https://www.sec.gov/Archives/edgar/data/1956744/000149315224050661/form10-ka.htm,10-K/A,0.95,Board Diversity Matrix;Total Number of Directors;Did Not Disclose Gender;Did Not Disclose Demographic Background,"of directors. Board Diversity The table below provides information relating to certain voluntary self-identified characteristics of our directors. Each of the categories listed in the table below has the meaning as set forth in NASDAQ Rule 5605(f). Board Diversity Matrix (As of December 31, 2023) Total Number of Directors 5 Female Male Non-Binary Did Not Disclose Gender Part I: Gender Identity Directors Part II: Demographic Background African American or Black Alaskan Native or Native American Asian Hispanic or Latinx Native Hawaiian or Pacific Islander White 5 Two or More Races or Ethnicities LGBTQ Did Not Disclose Demographic Background Term of Office Our Board is elected annually by our stockholders. Each director shall hold office until a successor is duly elected and qualified or until his or her earlier death, resignation or removal. Family Relationships There are no family relationships among and between the issuer’s directors, officers, persons nominated or chosen by the issuer to become directors or officers, or beneficial owners of more than ten percent of any class of the issuer’s equity securities. Section 16(a) Benefic",4,1,0
1956827,ABVX,Abivax S.A.,foreign_private_issuer,2023-10-20,2024-10-20,2024-04-05,0001956827-24-000007,not_continued_in_reviewed_filings,,,,,0.7,,,19,19,0
1939365,IVPR,"INSPIRE VETERINARY PARTNERS, INC.",domestic,2023-08-30,2024-08-30,2024-04-08,0001213900-24-031220,continued_other_narrative,2025-03-31,0001213900-25-026232,https://www.sec.gov/Archives/edgar/data/1939365/000121390025026232/ea0236018-10k_inspire.htm,10-K,0.75,"\bdiversity\b.{0,220}\b(?:director|directors|nominee|nominees|board)\b","and professional integrity, ethics and values; experience in corporate management, such as serving as an officer or former officer of a publicly-held company; experience in the Company’s industry; experience as a board member of another publicly-held company; diversity of expertise and experience in substantive matters pertaining to the Company’s business relative to other directors of the Company; practical and mature business judgment; and composition of the Board (including its size and structure). 61 The Committee develops and recommends to the Board a policy regarding the consideration of director candidates recommended by the Company’s stockholders and procedures for submission by stockholders of director nominee recommendations. In appropriate circumstances, the Committee, in its discretion, will consider and may recommend the removal of a director, in accordance with the applicable provisions of the Company’s articles of incorporation and bylaws. If the Company is subject to a binding obligation that requires director removal structure inconsistent with the foregoing, then the removal of a director shall be governed by such instrument. The Committee oversees the evaluation of the Board and management. It also develops and recommends to the Board a set of corporate governance guidelines appli",3,3,0
1947244,USGO,U.S. GoldMining Inc.,domestic,2023-04-20,2024-04-20,2024-04-11,0001493152-24-014319,continued_other_narrative,2025-03-27,0001641172-25-000962,https://www.sec.gov/Archives/edgar/data/1947244/000164117225000962/form10-k.htm,10-K,0.75,"\bdiversity\b.{0,220}\b(?:director|directors|nominee|nominees|board)\b","olders, or for appointment to fill any vacancy on the board; ● reviewing annually with the board of directors the current structure and composition of the board committees with regards to characteristics such as independence, knowledge, skills, experience and diversity to ensure compliance with applicable criteria of the rules and regulations of the SEC and the Nasdaq Capital Market; ● making recommendations on the frequency and structure of board meetings and monitoring the functioning of the committees of the board; and ● advising the board of directors periodically with regards to significant developments in the law and practice of corporate governance as well as our compliance with applicable laws and regulations, and making recommendations to the board on all matters of corporate governance and on any remedial action to be taken. Our board of directors and nominating and corporate governance committee will review our strategies to determine the composition of the board of directors and the appropriate candidates to be nominated for election as directors at annual general meetings. This review will take into account the desirability of maintaining a balance of skills, experience and background. In identifying new candidates for our board of directors, the nominating and corpor",6,6,0
1946703,WBUY,WEBUY GLOBAL LTD,foreign_private_issuer,2023-10-19,2024-10-19,2024-04-15,0001213900-24-032987,continued_other_narrative,2025-04-22,0001213900-25-033933,https://www.sec.gov/Archives/edgar/data/1946703/000121390025033933/ea0238515-20f_webuy.htm,20-F,0.75,"\bdiversity\b.{0,220}\b(?:director|directors|nominee|nominees|board)\b","r election by the shareholders or appointment by the Board of Directors; ● reviewing annually with the Board of Directors the current composition of the Board of Directors with regards to characteristics such as independence, knowledge, skills, experience and diversity; ● making recommendations on the frequency and structure of board meetings and monitoring the functioning of the committees of the Board of Directors; and ● advising the Board of Directors periodically with regards to significant developments in the law and practice of corporate governance as well as our compliance with applicable laws and regulations, and making recommendations to the Board of Directors on all matters of corporate governance and on any remedial action to be taken. Copy of our committee charters are also available on our website at Governance – WEBUY (webuysg.com). 56 Duties of Directors Under Cayman Islands law, our board of directors has the powers necessary for managing, and for directing and supervising, our business affairs. The functions and powers of our board of directors include, among others: ● convening shareholders’ annual and extraordinary general meetings and reporting its work to shareholders at such meetings; ● declaring dividends and distributions; ● appointing officers and determining the",38,38,0
1329606,CETY,"Clean Energy Technologies, Inc.",domestic,2023-03-24,2024-03-24,2024-04-17,0001493152-24-014897,continued_same_matrix,2025-04-14,0001641172-25-003950,https://www.sec.gov/Archives/edgar/data/1329606/000164117225003950/form10-k.htm,10-K,0.85,Board Diversity Matrix,"any of our nominees or directors and any other person pursuant to which any of our nominees or directors have been selected for their respective positions. No nominee or director is related to any executive officer or any other nominee or director. Board Diversity Matrix (As of December 31, 2024) Did Not Female Male Disclose Gender Identity Directors 1 4 0 Demographic Background Asian 0 3 0 White 1 1 0 Corporate Governance Director Attendance at Meetings of the Board of Directors Our Board of Directors held two meetings during the fiscal year ended December 31, 2024, and executed multiple written consents to action without a meeting. Each of our incumbent directors attended at least 75.0% of the aggregate total number of meetings of our Board of Directors held during the period for which they served as a director. Director Attendance at Annual Meetings of the Shareholders Although we have no policy with regard to attendance by the members of our Board of Directors at our annual meetings, we invite and encourage the members of our Board of Directors to attend our annual meetings to foster communication between Shareholders and our B",4,1,0
1579091,CART,Maplebear Inc.,domestic,2023-09-19,2024-09-19,2024-04-17,0001579091-24-000044,not_continued_in_reviewed_filings,,,,,0.7,,,7,7,0
1914805,BANL,CBL International Ltd,foreign_private_issuer,2023-03-23,2024-03-23,2024-04-18,0001493152-24-015142,continued_same_matrix,2025-04-16,0001641172-25-005027,https://www.sec.gov/Archives/edgar/data/1914805/000164117225005027/form20-f.htm,20-F,0.95,Board Diversity Matrix;Total Number of Directors;Did Not Disclose Gender,"arch 23, 2023 and the composition of our board of directors has remained unchanged since then. The table below provides certain information regarding the diversity of our board of directors as of December 31, 2024 and the date of this annual report. Board Diversity Matrix Country of Principal Executive Office Malaysia Foreign Private Issuer Yes Disclosure Prohibited Under Home Country Law No Total Number of Directors 7 Part I: Gender Identity Female Male Non-Binary Did Not Disclose Gender 1 6 0 0 As at the date of this report, the number of Directors who are male and female are six and one, respectively. Our Company is in the course of identifying suitable female board candidates and intends to have at least two diverse Directors by December 31, 2026. Family Relationships There are no family relationships among any of our directors or executive officers. 6.B. Compensation During the year ended December 31, 2024, we paid $1,681,068, in the aggregate, to our executive officers, directors and senior management. During the year ended December 31, 2023, we paid $1,499,917, in the aggregate, to our executive officers, directors and senior",22,5,0
1400118,SGMT,Sagimet Biosciences Inc.,domestic,2023-07-14,2024-07-14,2024-04-18,0001104659-24-048534,continued_other_narrative,2025-04-30,0001104659-25-042560,https://www.sec.gov/Archives/edgar/data/1400118/000110465925042560/tm252596-5_def14a.htm,DEF 14A,0.75,\bboard diversity\b,"H PROPOSAL ​ ​ ​ ​ 2 ​ ​ ​ QUORUM ​ ​ ​ ​ 2 ​ ​ ​ PROXY SOLICITATION COSTS ​ ​ ​ ​ 2 ​ ​ ​ BOARD OF DIRECTORS ​ ​ ​ ​ 3 ​ ​ ​ BOARD STRUCTURE AND COMPOSITION ​ ​ ​ ​ 3 ​ ​ ​ CRITERIA FOR BOARD MEMBERSHIP ​ ​ ​ ​ 4 ​ ​ ​ SELECTION OF CANDIDATES ​ ​ ​ ​ 4 ​ ​ ​ BOARD DIVERSITY ​ ​ ​ ​ 5 ​ ​ ​ BOARD OVERSIGHT OF COMPANY CULTURE AND ENVIRONMENTAL, SOCIAL AND GOVERNANCE HIGHLIGHTS ​ ​ ​ ​ 5 ​ ​ ​ DIRECTOR NOMINEES ​ ​ ​ ​ 6 ​ ​ ​ CONTINUING DIRECTORS ​ ​ ​ ​ 7 ​ ​ ​ CORPORATE GOVERNANCE AND RISK MANAGEMENT ​ ​ ​ ​ 12 ​ ​ ​ BOARD INDEPENDENCE ​ ​ ​ ​ 12 ​ ​ ​ BOARD LEADERSHIP STRUCTURE AND THE BOARD’S ROLE IN RISK OVERSIGHT ​ ​ ​ ​ 12 ​ ​ ​ BOARD COMMITTEES ​ ​ ​ ​ 13 ​ ​ ​ EVALUATING BOARD EFFECTIVENESS ​ ​ ​ ​ 13 ​ ​ ​ CODE OF BUSINESS CONDUCT AND ETHICS ​ ​ ​ ​ 13 ​ ​ ​ DIRECTOR ORIENTATION AND CONTINUING EDUCATION ​ ​ ​ ​ 13 ​ ​ ​ CORPORATE GOVERNANCE GUIDELINES ​ ​ ​ ​ 13 ​ ​ ​ COMPENSATION CONSULTANT ​ ​ ​ ​ 17 ​ ​ ​ COMPENSATION COMMITTEE INTERLOCKS AND INSIDER PARTICIPATION ​ ​ ​ ​ 18 ​ ​ ​ FAMILY RELATIONSHIPS ​ ​ ​ ​ 18 ​ ​ ​ STOCKHOLDER ENGAGEMENT ​ ​ ​ ​ 18 ​ ​ ​ DIRECTOR COMPENSATION ​ ​ ​ ​ 20 ​ ​ ​",4,4,0
1944552,ANL,Adlai Nortye Ltd.,foreign_private_issuer,2023-09-29,2024-09-29,2024-04-19,0001104659-24-049439,continued_other_narrative,2025-04-30,0001213900-25-037591,https://www.sec.gov/Archives/edgar/data/1944552/000121390025037591/ea0238606-20f_adlai.htm,20-F,0.75,"\bdiversity\b.{0,220}\b(?:director|directors|nominee|nominees|board)\b","recommending to the board nominees for election by the shareholders or appointment by the board; ● reviewing annually with the board the current composition of the board with regards to characteristics such as independence, knowledge, skills, experience, and diversity; ● making recommendations on the frequency and structure of board meetings and monitoring the functioning of the committees of the board; and ● advising the board periodically with regard to significant developments in the law and practice of corporate governance as well as our compliance with applicable laws and regulations, and making recommendations to the board on all matters of corporate governance and on any remedial action to be taken. Duties of Directors Under Cayman Islands law, our directors owe fiduciary duties to our company, including a duty of loyalty, a duty to act honestly and a duty to act in what they consider in good faith to be in our best interests. Our directors must also exercise their powers only for a proper purpose. Our directors also owe to our company a duty to act with skill and care. It was previously considered that a director need not exhibit in the performance of his duties a greater degree of skill than may reasonably be expected from a person of his knowledge and",16,16,0
1962918,,"ACELYRIN, Inc.",domestic,2023-05-05,2024-05-05,2024-04-22,0001962918-24-000045,continued_other_narrative,2025-03-19,0001962918-25-000022,https://www.sec.gov/Archives/edgar/data/1962918/000196291825000022/slrn-20241231.htm,10-K,0.75,"\bdiversity\b.{0,220}\b(?:director|directors|nominee|nominees|board)\b","irector nomination in the context of the current composition of our Board, our operating requirements and the long-term interests of our stockholders. In conducting this assessment, the Board and the Nominating and Corporate Governance Committee will consider diversity, age, skills, and such other factors as each deems appropriate given the current needs of us and our Board to maintain a balance of knowledge, experience and capability. With regard to diversity, we are committed to seeking to attain diversity and balance among directors of race, gender, sexual orientation, geography, thought, viewpoints, backgrounds, skills, experience, and expertise. Accordingly, as part of the director search process, the Nominating and Corporate Governance Committee will endeavor to consider qualified candidates, including candidates who self identify their gender as female and candidates from underrepresented communities, in each case who meet the relevant business and search criteria. The Nominating and Corporate Governance Committee assesses the effectiveness of its diversity policy through its periodic evaluation of the composition of the full board of directors. In the case of incumbent directors whose terms of offic",4,4,0
1873093,GDTC,CytoMed Therapeutics Ltd,foreign_private_issuer,2023-04-14,2024-04-14,2024-04-22,0001493152-24-015594,not_continued_in_reviewed_filings,,,,,0.7,,,23,23,0
1764974,,Turnstone Biologics Corp.,domestic,2023-07-21,2024-07-21,2024-04-22,0000950170-24-046454,not_continued_in_reviewed_filings,,,,,0.7,,,1,1,0
1951667,CTNT,CHEETAH NET SUPPLY CHAIN SERVICE INC.,domestic,2023-08-01,2024-08-01,2024-04-23,0001104659-24-050619,continued_other_narrative,2025-09-26,0001104659-25-093853,https://www.sec.gov/Archives/edgar/data/1951667/000110465925093853/tm252594d1_pre14a.htm,PRE 14A,0.75,"\bdiversity\b.{0,220}\b(?:director|directors|nominee|nominees|board)\b","ttee is responsible for identifying, screening, and recommending candidates for membership on the Board. The Nominating and Corporate Governance Committee has not yet developed a policy for selecting directors, including any specific minimum requirements or a diversity policy. The Nominating and Corporate Governance Committee will consider any director candidates recommended by stockholders, although there is no formal policy with regard to directors recommended by stockholders, when considering a candidate submitted by stockholders, the Nominating and Corporate Governance Committee will take into consideration the needs of the Board and the qualifications of the candidate. Nevertheless, the Board may choose not to consider an unsolicited recommendation if no vacancy exists on the Board and/or the Board does not perceive a need to increase the size of the Board. 11 There are no specific minimum qualifications that the Nominating and Corporate Governance Committee believes must be met by a Nominating Committee-recommended director nominee. However, the Nominating and Corporate Governance Committee believes that director candidates should, among other things, possess high degrees of integrity and honesty; have literacy in financial and business matters; have no material affiliations wi",7,7,0
1974640,APGE,"Apogee Therapeutics, Inc.",domestic,2023-07-14,2024-07-14,2024-04-24,0001104659-24-051224,continued_other_narrative,2025-04-29,0000950170-25-060147,https://www.sec.gov/Archives/edgar/data/1974640/000095017025060147/apge-20250429.htm,DEF 14A,0.75,\bboard diversity\b,"ity and values, an inquisitive and objective perspective, a sense for priorities and balance, the ability and willingness to devote sufficient time and attention to Board matters, and a willingness to represent the long-term interests of all our stockholders. Board Diversity In addition to the factors discussed above, the Board and the Nominating Committee actively seek to achieve a diversity of occupational and personal backgrounds on the Board. The Nominating Committee considers a potential director candidate’s ability to contribute to the diversity of personal backgrounds on the Board, including with respect to gender, race, ethnic and national background, geography, age and sexual orientation. As part of the search process for each new director, the Nominating Committee actively seeks out women and minority candidates to include in the pool from which Board nominees are chosen. The Nominating Committee assesses its effectiveness in balancing these considerations in connection with its annual evaluation of the composition of the Board. In this regard, our current Board of nine directors includes two direc",6,6,0
1966494,,"CARGO Therapeutics, Inc.",domestic,2023-11-10,2024-11-10,2024-04-24,0001193125-24-110173,continued_same_matrix,2025-04-29,0001193125-25-103786,https://www.sec.gov/Archives/edgar/data/1966494/000119312525103786/d878558ddef14a.htm,DEF 14A,0.95,Board Diversity Matrix;Total Number of Directors;Did Not Disclose Gender;Did Not Disclose Demographic Background,"20 Board Diversity Among our seven Board members as of April 28, 2025, in accordance with Nasdaq diversity criteria, one Board member self-identifies as a woman, four Board members self-identify as white and two Board members self-identify as Asian. Board Diversity Matrix as of April 28, 2025 Total Number of Directors 7 Female Male Non-Binary Did Not Disclose Gender Part I: Gender Identity Directors 1 6 — — Part II: Demographic Background African American or Black — — — — Alaskan Native or Native American — — — — Asian — 2 — — Hispanic, Latino or Latinx — — — — Native Hawaiian or Pacific Islander — — — — White 1 3 — — Two or More Races or Ethnicities — — — — LGBTQ+ — — — — Did Not Disclose Demographic Background 1 21 TRANSACTIONS WITH RELATED PERSONS We describe below transactions and series of similar transactions, since January 1, 2023, to which we were a party or will be a party, in which the amount involved exceeded or will exceed the lesser of $120,000 or one percent of the average of our total assets at year-end for the last two completed years in which any of our directors, executive officers or holders of more than 5% of our",3,2,0
1948294,NWGL,CL Workshop Group Ltd,foreign_private_issuer,2023-09-12,2024-09-12,2024-04-25,0001493152-24-015976,continued_same_matrix,2025-05-01,0001641172-25-008047,https://www.sec.gov/Archives/edgar/data/1948294/000164117225008047/form20-f.htm,20-F,0.95,Board Diversity Matrix;Total Number of Directors;Did Not Disclose Gender;Did Not Disclose Demographic Background,"Orain worked as a wood trader in other companies, being responsible for exports of wood products. 53 Board Diversity The table below provides certain information regarding the diversity of our board of directors as of the date of this annual report. Board Diversity Matrix Country of Principal Executive Office Macau Foreign Private Issuer Yes Disclosure Prohibited Under Home Country Law No Total Number of Directors Five Female Male Non-Binary Did Not Disclose Gender Part I: Gender Identity 0 5 0 0 Part II: Demographic Background ● Underrepresented individual in home country jurisdiction 0 ● LGBTQ+ 0 ● Did not disclose demographic background 0 As at the date of this report, our Company is in the course of identifying suitable female board candidates and intends to have at least two diverse Directors by December 31, 2026. Family Relationships Mr. Zhihua Liang, our Director and senior consultant, is the brother-in-law of Mr. Hok Pan Se, our Director and chairman of the Board. Mr. Ka Wai Se, our head of sales department, is a son of Mr. Hok Pan Se, our Director and chairman of the Board. Except as disclosed, no other Director or executiv",11,2,0
1885522,NMRA,"Neumora Therapeutics, Inc.",domestic,2023-09-15,2024-09-15,2024-04-25,0000950170-24-048287,continued_other_narrative,2025-04-11,0000950170-25-053346,https://www.sec.gov/Archives/edgar/data/1885522/000095017025053346/nmra-20250411.htm,PRE 14A,0.75,"\bdiversity\b.{0,220}\b(?:director|directors|nominee|nominees|board)\b","ently, our Board evaluates each individual in the context of the Board as a whole, with the objective of assembling a group that can best maximize the success of the business and represent stockholder interests through the exercise of sound judgment using its diversity of experience in these various areas. The Nominating and Corporate Governance Committee will consider director candidates recommended by stockholders. For a stockholder to make any nomination for election to the Board at an annual meeting, the stockholder must provide notice to the Company, which notice must be delivered to, or mailed and received at, the Company’s principal executive offices not less than 90 days and not more than 120 days prior to the one-year anniversary of the preceding year’s annual meeting; provided, that if the date of the annual meeting is more than 30 days before or more than 60 days after such anniversary date, the stockholder’s notice must be delivered, or mailed and received, not later than 90 days prior to the date of the annual meeting or, if later, 10 days after the date on which public disclosure of the date of such annual meeting was first made. Further updates and supplements to such notice may be required at the times, and in the forms, required under our Amended and Restated Bylaws. As set forth in our Amended and",8,8,0
1837821,ZJYL,Jin Medical International Ltd.,foreign_private_issuer,2023-03-28,2024-03-28,2024-04-26,0001213900-24-036700,continued_same_matrix,2025-01-24,0001213900-25-006519,https://www.sec.gov/Archives/edgar/data/1837821/000121390025006519/ea0227825-20f_jinmedical.htm,20-F,0.95,Board Diversity Matrix;Total Number of Directors;Did Not Disclose Gender;Did Not Disclose Demographic Background,"dings To the best of our knowledge, none of our directors or executive officers has, during the past 10 years, been involved in any legal proceedings described in subparagraph (f) of Item 401 of Regulation S-K. Diversity Matrix of Board of Directors Board Diversity Matrix as at the date of this Annual Report Country of Principal Executive Offices: China Foreign Private Issuer Yes Disclosure Prohibited Under Home Country Law No Total Number of Directors 5 Female Male Non-Binary Did Not Disclose Gender Part I: Gender Identity Directors 1 4 0 0 Part II: Demographic Background Underrepresented Individual in China 3 LGBTQ+ 0 Did Not Disclose Demographic Background 0 B. Compensation Compensation of Directors and Executive Officers The following table sets forth certain information with respect to compensation for the fiscal year ended September 30, 2024, earned by or paid to our chief executive officer and principal executive officer, our principal financial officer, and our other most highly compensated executive officers whose total compensation exceeded US$100,000 (the “named executive officers”). Name and Principal Position Year Salar",17,1,0
1887944,SHIM,Shimmick Corp,domestic,2023-11-14,2024-11-14,2024-04-26,0000950170-24-049088,continued_other_narrative,2025-03-20,0000950170-25-042721,https://www.sec.gov/Archives/edgar/data/1887944/000095017025042721/shim-20250103.htm,10-K,0.75,"\bdiversity\b.{0,220}\b(?:director|directors|nominee|nominees|board)\b","hotline that employees can use to report incidents confidentially and without fear of retaliation. • Business Partners . We regularly partner with disadvantaged business enterprises to provide subcontracting opportunities. We have a team of small business and diversity program managers. We provide an outreach program that includes a mentor-protégé program. Governance Our governance framework is designed to promote transparency, ethical conduct, and accountability. Our board of directors comprises directors who provide strategic guidance and oversight and our executive management team is responsible for implementing our governance principles. Human Capital Management We are focused on hiring and retaining highly talented employees and empowering them to both grow their careers and create value for our stockholders. We believe our success is dependent on employee understanding of and investment in their role in that value creation. Our chief executive officer periodically leads employee meetings 7 intended to reinforce the importance of our core values and regularly meets with small groups of employees to receive their feedback on our business. Our employees are responsible for upholding our mission, values, strategy and talent leadership expectations. As of January 3, 2025, we had 1,200 employees, with 399 staff and 801",4,4,0
1687187,METC,"Ramaco Resources, Inc.",domestic,2023-06-15,2024-06-15,2024-04-29,0001558370-24-006096,continued_other_narrative,2025-04-30,0001104659-25-041856,https://www.sec.gov/Archives/edgar/data/1687187/000110465925041856/tm253940d3_def14a.htm,DEF 14A,0.75,\bdiversity of (?:our|the) board\b,"rnal controls. ● Industry — Extensive knowledge and experience in the coal and steel industries. ● Diversity — The Board is committed to a policy of inclusiveness and diversity. The Nominating and Corporate Governance Committee and the Board also consider the diversity of the Board and believes that a diverse membership enhances the Board’s deliberations and promotes inclusiveness. Although the Board is willing to consider candidates recommended by our shareholders, it has not adopted a formal policy with regard to the consideration of any director candidates recommended by our shareholders. The Board believes that a formal policy is not necessary or appropriate because the current Board already has a diversity of business background and industry experience. Our Board will consider director candidates recommended by shareholders who are highly qualified in terms of business experience and both willing and expressly interested in serving on the Board. Shareholders recommending candidates for consideration should send their recommendations to us at our principal executive offices (Ramaco Resources, Inc., 250 West Mai",6,6,0
1951294,VSME,VS MEDIA Holdings Ltd,foreign_private_issuer,2023-09-28,2024-09-28,2024-04-30,0001493152-24-017296,not_continued_in_reviewed_filings,,,,,0.7,,,24,24,0
1949478,DTCKF,DAVIS COMMODITIES Ltd,foreign_private_issuer,2023-09-19,2024-09-19,2024-05-15,0001683168-24-003504,continued_same_matrix,2025-04-30,0001683168-25-002971,https://www.sec.gov/Archives/edgar/data/1949478/000168316825002971/davis_i20f-123124.htm,20-F,0.95,Board Diversity Matrix;Total Number of Directors;Did Not Disclose Gender;Did Not Disclose Demographic Background,"Long received his Bachelor of Commerce Degree from the University of Adelaide, Australia in 1999. 76 Board Diversity The table below provides certain information regarding the diversity of our board of directors as of the date of this annual report. Board Diversity Matrix Country of Principal Executive Offices: Singapore Foreign Private Issuer Yes Disclosure Prohibited under Home Country Law No Total Number of Directors 5 Female Male Non- Binary Did Not Disclose Gender Part I: Gender Identity Directors 2 3 0 0 Part II: Demographic Background Underrepresented Individual in Home Country Jurisdiction 0 LGBTQ+ 0 Did Not Disclose Demographic Background 0 Family Relationships None of our directors or executive officers has a family relationship as defined in Item 401 of Regulation S-K. B. Compensation For the fiscal year ended December 31, 2024, we paid an aggregate of US$414,590, as compensation to our directors, and our executive officers. We did not set aside or accrue any amounts to provide pension, retirement or similar benefits for directors and officers for the fiscal year ended December 31, 2023, and 2024, other than contributions",30,3,0
1627282,CWD,CaliberCos Inc.,domestic,2023-05-17,2024-05-17,2024-05-16,0001627282-24-000069,not_continued_in_reviewed_filings,,,,,0.7,,,11,11,0
1973239,ARM,ARM HOLDINGS PLC /UK,foreign_private_issuer,2023-09-14,2024-09-14,2024-05-29,0001973239-24-000012,continued_other_narrative,2025-05-28,0001973239-25-000016,https://www.sec.gov/Archives/edgar/data/1973239/000197323925000016/arm-20250331.htm,20-F,0.75,"\bdiversity\b.{0,220}\b(?:director|directors|nominee|nominees|board)\b","directors that was appointed in 2022. Prior to the appointment of directors in 2022, we undertook a fulsome review of the composition of our Board of Directors and the skills and qualifications necessary to lead our company going forward. We believe that the diversity of viewpoints and collective experience of our directors makes our Board of Directors well positioned to lead Arm into the future. At the end of each annual general meeting of shareholders, all the directors must retire from office except for any director appointed by our Board of Directors after notice of that annual general meeting has been given and before that annual general meeting has been held. Each director who retires at an annual general meeting may be re-elected. Other than with respect to Mr. Haas and other than providing pro-rata vesting to non-executive directors if they are terminated other than for cause or in the event of a change in control of the Company, there are no arrangements or understandings between us, on the one hand, and any of our directors, on the other hand, providing for benefits upon termination of their service as directors of the Company. SoftBank Group’s Director Nomination Rights Our Board of Directors does not have a standing nominating committee. Pursuant to the Shareholder Governance Agreement, SoftBa",18,18,0
1946563,SXTP,"60 DEGREES PHARMACEUTICALS, INC.",domestic,2023-07-12,2024-07-12,2024-05-30,0001213900-24-047861,continued_same_matrix,2025-03-27,0001013762-25-003343,https://www.sec.gov/Archives/edgar/data/1946563/000101376225003343/ea0232429-10k_60degrees.htm,10-K,0.95,Board Diversity Matrix;Total Number of Directors;Did Not Disclose Gender;Did Not Disclose Demographic Background,"high degree of responsibility or are, or have been, leaders in the companies or institutions with which they are, or were, affiliated, but may seek other members with different backgrounds, based upon the contributions they can make to our Company. BOARD DIVERSITY MATRIX As of December 31, 2024 As of December 31, 2023 Total Number of Directors: 5 5 Part I: Gender Identity Female Male Non- Binary Did Not Disclose Gender Female Male Non- Binary Did Not Disclose Directors 1 4 - - 1 4 - - Part II: Demographic Background African American or Black - - - - - - - - Alaskan Native or American Indian - - - - - - - - Asian 1 - - - 1 - - - Hispanic or Latino - - - - - - - - Native Hawaiian or Pacific Islander - - - - - - - - White - 3 - - - 3 - - Two or More Races or Ethnicities - 1 - - - 1 - - LGBTQ+ - - - - - - - - Did Not Disclose Demographic Background - - - - - - - - Insider Trading Policy We adopted an insider trading policy that governs the purchase, sale, and/or other transactions of our securities by our directors, officers, employees and other covered persons. A copy of our insider trading policy is filed as Exhibit 19.1 to this Annu",5,1,0
1891944,PMEC,Primech Holdings Ltd,foreign_private_issuer,2023-10-10,2024-10-10,2024-07-23,0001213900-24-063312,continued_other_narrative,2025-07-24,0001213900-25-067127,https://www.sec.gov/Archives/edgar/data/1891944/000121390025067127/ea0248684-20f_primech.htm,20-F,0.75,"\bdiversity\b.{0,220}\b(?:director|directors|nominee|nominees|board)\b","ction or re-election to the Board, or for appointment to fill any vacancy on the Board; 69 ● reviewing annually with the Board the current composition of the Board with regards to characteristics such as independence, knowledge, skills, experience, expertise, diversity and availability of service to us; ● developing and recommending to our Board such policies and procedures with respect to nomination or appointment of members of our Board and chairs and members of its committees or other corporate governance matters as may be required pursuant to any SEC or NASDAQ rules, or otherwise considered desirable and appropriate; ● selecting and recommending to the Board the names of directors to serve as members of the audit committee and the compensation committee, as well as of the nominating and corporate governance committee itself; and ● evaluating the performance and effectiveness of the Board as a whole. A copy of the nominating committee’s current charter is available at our corporate website. Code of Business Conduct and Ethics, Insider Trading Policy and Executive Compensation Recovery Policy We adopted (i) a code of business conduct and ethics; (ii) Insider Trading Policy that applies to our Directors, officers, and employees, including our chief executive officer, chi",23,23,0
1959224,AXG,"Solowin Holdings, Ltd.",foreign_private_issuer,2023-09-07,2024-09-07,2024-07-26,0001013762-24-001683,continued_other_narrative,2025-06-30,0001213900-25-059716,https://www.sec.gov/Archives/edgar/data/1959224/000121390025059716/ea0247005-20f_solowin.htm,20-F,0.75,"\bdiversity\b.{0,220}\b(?:director|directors|nominee|nominees|board)\b","d recommending to the board nominees for election by the shareholders or appointment by the board; ● reviewing annually with the board the current composition of the board with regards to characteristics such as independence, knowledge, skills, experience and diversity; ● making recommendations on the frequency and structure of board meetings and monitoring the functioning of the committees of the board; and ● advising the board periodically with regards to significant developments in the law and practice of corporate governance as well as our compliance with applicable laws and regulations, and making recommendations to the board on all matters of corporate governance and on any remedial action to be taken. Duties of Directors Under Cayman Islands law, Solowin’s directors owe fiduciary duties to our company, including a duty of loyalty, a duty to act honestly, and a duty to act in what they consider in good faith to be in our best interests. The directors must also exercise their powers only for a proper purpose. The directors also owe to our company a duty to act with skill and care. It was previously considered that a director need not exhibit in the performance of his duties a greater degree of skill than may reasonably be expected from a person of his knowl",27,27,0
1948884,,Gamer Pakistan Inc,domestic,2023-10-09,2024-10-09,2024-07-30,0001161697-24-000318,no_post_vacatur_relevant_filing,,,,,0.65,,,0,0,0
1954269,GSIW,Garden Stage Ltd,foreign_private_issuer,2023-12-01,2024-12-01,2024-07-31,0001013762-24-003078,continued_same_matrix,2025-07-31,0001213900-25-069993,https://www.sec.gov/Archives/edgar/data/1954269/000121390025069993/ea0248524-20f_garden.htm,20-F,0.95,Board Diversity Matrix;Total Number of Directors;Did Not Disclose Gender,"eason of any act done, concurred in or omitted in or about the execution of their duty or supposed duty in their respective offices or trusts, except such (if any) as they shall incur or sustain through their own fraud or dishonesty. Board Diversity Board Diversity Matrix (As of the date of this annual report) Country of Principal Executive Offices: Hong Kong Foreign Private Issuer Yes Disclosure Prohibited Under Home Country Law No Total Number of Directors 6 Female Male Non-Binary Did Not Disclose Gender Part I: Gender Identity Directors 1 5 0 0 Part II: Demographic Background Underrepresented Individual in Home Country Jurisdiction — LGBTQ+ — 6.D. Employees We had 17 employees as of the date of the annual report, including the Operating Subsidiaries. All of the employees (excluding consultants and other self-employed account executives) are employed under employment contracts which set out fully, among other things, the employees’ responsibilities, remuneration and grounds for termination of employment. The remuneration packages of our employees (other than self-employed account executives) include salary and bonus. Generally, em",16,6,0
1859199,AIRE,reAlpha Tech Corp.,domestic,2023-10-23,2024-10-23,2024-10-30,0001213900-24-092311,continued_other_narrative,2025-04-02,0001213900-25-027581,https://www.sec.gov/Archives/edgar/data/1859199/000121390025027581/ea0236247-10k_realpha.htm,10-K,0.75,"\bdiversity\b.{0,220}\b(?:director|directors|nominee|nominees|board)\b","of risk mitigation strategies by management. Our board of directors is also apprised of particular risk management matters in connection with its general oversight and approval of corporate matters and significant transactions. 71 Director Qualifications and Diversity Our board of directors seeks independent directors who represent a diversity of backgrounds and experiences that will enhance the quality of the board of director’s deliberations and decisions. Our board of directors is particularly interested in maintaining a mix that includes individuals who are active or retired executive officers and senior executives, particularly those with experience in the real estate, technology and finance industries, and with real estate; finance and accounting; and entrepreneurship skills. There is no difference in the manner in which the board of directors evaluates nominees for directors based on whether the nominee is recommended by a stockholder. In evaluating nominations, the board of directors also looks for depth and breadth of experience within our industry and otherwise, outside time commitments, special areas of expertise, accounting and finance knowledge, business judgment, leadership ability, experience in developing and assessing business strategies, corporate governance expertise, and for incumbent members o",6,6,0
