bucket,confidence,cik,ticker,legal_name,nasdaq_listing_date,initial_matrix_due_date,due_plus_30_grace,initial_matrix_status,initial_matrix_publication_date,initial_matrix_source,current_review_status,current_evidence_url,current_evidence_type,current_evidence_excerpt,committed_current_sec_status,committed_current_sec_found_date,committed_current_sec_found_url,committed_wayback_status,committed_wayback_found_date,committed_wayback_found_url,committed_fts_status,review_reason,review_notes
released_in_required_window,high,1689731,,"Southern States Bancshares, Inc.",2021-08-12,2022-08-12,2022-09-11,published_on_time,2022-03-30,0001628280-22-007803,,0001628280-22-007803,,0001628280-22-007803,,,,,,,,Published matrix date is on/before due+30 grace.,
released_in_required_window,high,1853816,DRMA,"Dermata Therapeutics, Inc.",2021-08-13,2022-08-13,2022-09-12,published_on_time,2022-06-01,0001654954-22-007809,,0001654954-22-007809,,0001654954-22-007809,,,,,,,,Published matrix date is on/before due+30 grace.,
released_in_required_window,high,1534154,AUID,authID Inc.,2021-08-25,2022-08-25,2022-09-24,published_on_time,2022-08-05,0001213900-22-044960,,0001213900-22-044960,,0001213900-22-044960,,,,,,,,Published matrix date is on/before due+30 grace.,
released_in_required_window,high,1574094,RNXT,"RenovoRx, Inc.",2021-08-26,2022-08-26,2022-09-25,published_on_time,2022-04-29,0001493152-22-011553,,0001493152-22-011553,,0001493152-22-011553,,,,,,,,Published matrix date is on/before due+30 grace.,
released_after_required_window,high,1605888,ATLN,ATLANTIC INTERNATIONAL CORP.,2021-08-27,2022-08-27,2022-09-26,published_late,2023-03-16,https://www.sec.gov/Archives/edgar/data/1605888/000121390023020621/f10k2022_seqllinc.htm,found_late_sec_search_browser_confirmed,https://www.sec.gov/Archives/edgar/data/1605888/000121390023020621/f10k2022_seqllinc.htm,edgar_filing,"Board Diversity Matrix (As of March 7, 2023). Total Number of Directors 4. Directors Female 1, Male 2, Did Not Disclose Gender 1.",not_found_in_current_sec_filings,,,not_found,,,not_found,Published matrix date is after due+30 grace.,Search found 2024 SEC matrix and Browser confirmed substantive matrix; targeted reclassification selected earlier existing 2023 10-K matrix observation.
released_in_required_window,high,1590418,FCUV,FOCUS UNIVERSAL INC.,2021-09-01,2022-09-01,2022-10-01,published_on_time,2022-04-06,0001683168-22-002377,,0001683168-22-002377,,0001683168-22-002377,,,,,,,,Published matrix date is on/before due+30 grace.,
no_release_found_after_checks,medium,1836470,SRAD,Sportradar Group AG,2021-09-14,2022-09-14,2022-10-14,not_located,,,searched_no_substantive_matrix,,,,not_found_in_current_sec_filings,,,not_found,,,not_found,"No substantive primary matrix located after SEC, committed-check FTS/Wayback, website candidates, and manual/browser review where applicable.","Web search for exact company name plus Board Diversity Matrix returned third-party/other-company references, not Sportradar own matrix."
released_in_required_window,high,1588978,PRCT,PROCEPT BioRobotics Corp,2021-09-15,2022-09-15,2022-10-15,published_on_time,2022-04-28,0001628280-22-011112,,0001628280-22-011112,,0001628280-22-011112,,,,,,,,Published matrix date is on/before due+30 grace.,
released_in_required_window,high,1645569,,"DICE Therapeutics, Inc.",2021-09-15,2022-09-15,2022-10-15,published_on_time,2022-04-26,0001564590-22-015687,,0001564590-22-015687,,0001564590-22-015687,,,,,,,,Published matrix date is on/before due+30 grace.,
released_in_required_window,high,1817004,NXXT,"NEXTNRG, INC.",2021-09-15,2022-09-15,2022-10-15,published_on_time,2022-04-25,0001493152-22-010860,,0001493152-22-010860,,0001493152-22-010860,,,,,,,,Published matrix date is on/before due+30 grace.,
released_in_required_window,high,1841330,KTTA,Pasithea Therapeutics Corp.,2021-09-15,2022-09-15,2022-10-15,published_on_time,2022-05-13,0001213900-22-026293,,0001213900-22-026293,,0001213900-22-026293,,,,,,,,Published matrix date is on/before due+30 grace.,
released_in_required_window,high,1861795,DH,Definitive Healthcare Corp.,2021-09-15,2022-09-15,2022-10-15,published_on_time,2022-04-12,0001193125-22-102925,,0001193125-22-102925,,0001193125-22-102925,,,,,,,,Published matrix date is on/before due+30 grace.,
released_in_required_window,high,1863127,TYRA,"Tyra Biosciences, Inc.",2021-09-15,2022-09-15,2022-10-15,published_on_time,2022-04-28,0001193125-22-127537,,0001193125-22-127537,,0001193125-22-127537,,,,,,,,Published matrix date is on/before due+30 grace.,
released_in_required_window,high,1866550,,"Thoughtworks Holding, Inc.",2021-09-15,2022-09-15,2022-10-15,published_on_time,2022-04-29,0001140361-22-016768,,0001140361-22-016768,,0001140361-22-016768,,,,,,,,Published matrix date is on/before due+30 grace.,
released_in_required_window,high,1544522,FRSH,Freshworks Inc.,2021-09-22,2022-09-22,2022-10-22,published_on_time,2022-04-11,0001544522-22-000005,,0001544522-22-000005,,0001544522-22-000005,,,,,,,,Published matrix date is on/before due+30 grace.,
released_in_required_window,high,1645070,,Sterling Check Corp.,2021-09-23,2022-09-23,2022-10-23,published_on_time,2022-04-29,0001140361-22-016924,,0001140361-22-016924,,0001140361-22-016924,,,,,,,,Published matrix date is on/before due+30 grace.,
released_in_required_window,high,1782170,RELY,"Remitly Global, Inc.",2021-09-23,2022-09-23,2022-10-23,published_on_time,2022-04-19,0001782170-22-000068,,0001782170-22-000068,,0001782170-22-000068,,,,,,,,Published matrix date is on/before due+30 grace.,
no_release_found_after_checks,medium,1841675,ARBK,Argo Blockchain Plc,2021-09-23,2022-09-23,2022-10-23,not_located,,,searched_no_substantive_matrix,,,,not_found_in_current_sec_filings,,,not_found,,,not_found,"No substantive primary matrix located after SEC, committed-check FTS/Wayback, website candidates, and manual/browser review where applicable.","Web search for exact company name plus Board Diversity Matrix returned third-party/competitor references, not Argo own matrix."
released_in_required_window,high,1844280,,"Thorne Healthtech, Inc.",2021-09-23,2022-09-23,2022-10-23,published_on_time,2022-04-22,0001193125-22-115188,,0001193125-22-115188,,0001193125-22-115188,,,,,,,,Published matrix date is on/before due+30 grace.,
released_in_required_window,high,1856608,,"Sovos Brands, Inc.",2021-09-23,2022-09-23,2022-10-23,published_on_time,2022-04-25,0001558370-22-005891,,0001558370-22-005891,,0001558370-22-005891,,,,,,,,Published matrix date is on/before due+30 grace.,
released_in_required_window,high,1866757,BRLT,"Brilliant Earth Group, Inc.",2021-09-23,2022-09-23,2022-10-23,published_on_time,2022-04-26,0001866757-22-000077,,0001866757-22-000077,,0001866757-22-000077,,,,,,,,Published matrix date is on/before due+30 grace.,
released_in_required_window,high,1628945,,Cue Health Inc.,2021-09-24,2022-09-24,2022-10-24,published_on_time,2022-08-09,0001628945-22-000096,,0001628945-22-000096,,0001628945-22-000096,,,,,,,,Published matrix date is on/before due+30 grace.,
released_in_required_window,high,1866692,AMPL,"Amplitude, Inc.",2021-09-28,2022-09-28,2022-10-28,published_on_time,2022-04-25,0001193125-22-117799,,0001193125-22-117799,,0001193125-22-117799,,,,,,,,Published matrix date is on/before due+30 grace.,
no_release_found_after_checks,medium,1804469,GFAI,"Guardforce AI Co., Ltd.",2021-09-30,2022-09-30,2022-10-30,not_located,,,searched_no_substantive_matrix,,,,not_found_in_current_sec_filings,,,not_found,,,not_found,"No substantive primary matrix located after SEC, committed-check FTS/Wayback, website candidates, and manual/browser review where applicable.",Web search returned Guardforce proxy/IR pages but opened PDF did not contain Board Diversity Matrix evidence.
released_in_required_window,high,1868726,OLPX,"OLAPLEX HOLDINGS, INC.",2021-09-30,2022-09-30,2022-10-30,published_on_time,2022-04-19,0001868726-22-000019,,0001868726-22-000019,,0001868726-22-000019,,,,,,,,Published matrix date is on/before due+30 grace.,
released_in_required_window,high,1676047,NTRB,NutriBand Inc.,2021-10-01,2022-10-01,2022-10-31,published_on_time,2022-10-31,0001213900-22-067690,,0001213900-22-067690,,0001213900-22-067690,,,,,,,,Published matrix date is on/before due+30 grace.,
released_in_required_window,high,1865408,,Exscientia plc,2021-10-01,2022-10-01,2022-10-31,published_on_time,2022-03-23,0001865408-22-000005,,0001865408-22-000005,,0001865408-22-000005,,,,,,,,Published matrix date is on/before due+30 grace.,
released_in_required_window,high,1789940,FWRG,"First Watch Restaurant Group, Inc.",2021-10-01,2022-10-01,2022-10-31,published_on_time,2022-04-11,0001789940-22-000044,,0001789940-22-000044,,0001789940-22-000044,,,,,,,,Published matrix date is on/before due+30 grace.,
released_in_required_window,high,1784567,,"Harbor Custom Development, Inc.",2021-10-05,2022-10-05,2022-11-04,published_on_time,2022-04-21,0001493152-22-010645,,0001493152-22-010645,,0001493152-22-010645,,,,,,,,Published matrix date is on/before due+30 grace.,
no_release_found_after_checks,medium,1829794,EMPD,Empery Digital Inc.,2021-10-06,2022-10-06,2022-11-05,not_located,,,searched_no_substantive_matrix,,,,not_found_in_current_sec_filings,,,not_found,,,not_found,"No substantive primary matrix located after SEC, committed-check FTS/Wayback, website candidates, and manual/browser review where applicable.","Web search for Empery/Volcon plus Board Diversity Matrix returned generic/non-company results, no substantive matrix."
released_in_required_window,high,1745020,,"Theseus Pharmaceuticals, Inc.",2021-10-07,2022-10-07,2022-11-06,published_on_time,2022-04-25,0001558370-22-005880,,0001558370-22-005880,,0001558370-22-005880,,,,,,,,Published matrix date is on/before due+30 grace.,
released_in_required_window,high,1455365,CGTX,COGNITION THERAPEUTICS INC,2021-10-08,2022-10-08,2022-11-07,published_on_time,2022-04-25,0001104659-22-049727,,0001104659-22-049727,,0001104659-22-049727,,,,,,,,Published matrix date is on/before due+30 grace.,
released_in_required_window,high,1615055,,IsoPlexis Corp,2021-10-08,2022-10-08,2022-11-07,published_on_time,2022-08-13,https://web.archive.org/web/20220813055156id_/https://investors.isoplexis.com/investor-resources/investor-faqs,,https://web.archive.org/web/20220813055156id_/https://investors.isoplexis.com/investor-resources/investor-faqs,,https://web.archive.org/web/20220813055156id_/https://investors.isoplexis.com/investor-resources/investor-faqs,,,,not_found,,,not_found,Published matrix date is on/before due+30 grace.,
released_in_required_window,high,1782223,PYXS,"Pyxis Oncology, Inc.",2021-10-08,2022-10-08,2022-11-07,published_on_time,2022-04-28,0001193125-22-127710,,0001193125-22-127710,,0001193125-22-127710,,,,,,,,Published matrix date is on/before due+30 grace.,
released_in_required_window,high,1844971,GREE,Greenidge Generation Holdings Inc.,2021-10-12,2022-10-12,2022-11-11,published_on_time,2022-07-28,0001140361-22-027197,,0001140361-22-027197,,0001140361-22-027197,,,,,,,,Published matrix date is on/before due+30 grace.,
no_release_found_after_checks,medium,1419554,BBLG,Bone Biologics Corp,2021-10-13,2022-10-13,2022-11-12,not_located,,,searched_no_substantive_matrix,,,,not_found_in_current_sec_filings,,,not_found,,,not_found,"No substantive primary matrix located after SEC, committed-check FTS/Wayback, website candidates, and manual/browser review where applicable.","Web search returned OutLeadership aggregate mention for Bone Biologics, not a company primary-source matrix."
released_in_required_window,high,1839285,HCTI,"Healthcare Triangle, Inc.",2021-10-13,2022-10-13,2022-11-12,published_on_time,2022-10-19,0001607062-22-000633,,0001607062-22-000633,,0001607062-22-000633,,,,,,,,Published matrix date is on/before due+30 grace.,
released_in_required_window,high,1858257,,"AvidXchange Holdings, Inc.",2021-10-13,2022-10-13,2022-11-12,published_on_time,2022-04-28,0001193125-22-127975,,0001193125-22-127975,,0001193125-22-127975,,,,,,,,Published matrix date is on/before due+30 grace.,
released_in_required_window,high,1653482,GTLB,Gitlab Inc.,2021-10-14,2022-10-14,2022-11-13,published_on_time,2022-05-05,0001653482-22-000023,,0001653482-22-000023,,0001653482-22-000023,,,,,,,,Published matrix date is on/before due+30 grace.,
released_in_required_window,high,1799011,LUCD,Lucid Diagnostics Inc.,2021-10-14,2022-10-14,2022-11-13,published_on_time,2022-05-02,0001493152-22-011734,,0001493152-22-011734,,0001493152-22-011734,,,,,,,,Published matrix date is on/before due+30 grace.,
partial_or_unretrieved_primary_evidence,low,1840229,INKT,"MiNK Therapeutics, Inc.",2021-10-15,2022-10-15,2022-11-14,not_located,,,candidate_file_unretrieved,https://investor.minktherapeutics.com/static-files/46fee85e-a5e3-47ac-9531-2e6c4f5aa42f,issuer_static_file_candidate,,not_found_in_current_sec_filings,,,not_found,,,not_found,"Primary matrix candidate/link found, but file could not be retrieved or values not extracted.","Browser confirmed issuer page has Board Diversity Matrix link; direct static-file retrieval hung/failed, so not inserted yet."
released_after_required_window,high,1856028,,"Stronghold Digital Mining, Inc.",2021-10-20,2022-10-20,2022-11-19,published_late,2023-05-01,https://www.sec.gov/Archives/edgar/data/1856028/000114036123021620/ny20008399x1_def14a.htm,found_late_sec_search_browser_confirmed,https://www.sec.gov/Archives/edgar/data/1856028/000114036124022864/ny20021834x1_def14a.htm,edgar_filing,"Board Diversity Matrix (As of April 29, 2024). Total Number of Directors 7. Directors Female 2 Male 5 Non-Binary 0 Did Not Disclose Gender 0.",not_found_in_current_sec_filings,,,not_found,,,not_found,Published matrix date is after due+30 grace.,Browser confirmed substantive SEC proxy matrix; late versus 2022-10-20 due date.
released_in_required_window,high,1874097,CYN,Cyngn Inc.,2021-10-20,2022-10-20,2022-11-19,published_on_time,2022-06-22,0001213900-22-034398,,0001213900-22-034398,,0001213900-22-034398,,,,,,,,Published matrix date is on/before due+30 grace.,
released_in_required_window,high,1482981,COCO,"Vita Coco Company, Inc.",2021-10-21,2022-10-21,2022-11-20,published_on_time,2022-04-21,0001193125-22-113049,,0001193125-22-113049,,0001193125-22-113049,,,,,,,,Published matrix date is on/before due+30 grace.,
released_after_required_window,high,1653384,RWAY,Runway Growth Finance Corp.,2021-10-21,2022-10-21,2022-11-20,published_late,2023-05-04,https://www.sec.gov/Archives/edgar/data/1653384/000110465923053106/tm231923-1_def14a.htm,found_late_existing_observation_reclassified,https://www.sec.gov/Archives/edgar/data/1653384/000110465923053106/tm231923-1_def14a.htm,edgar_filing,"BOARD DIVERSITY MATRIX (as of April 28, 2023). Total Number of Directors 5.",not_found_in_current_sec_filings,,,not_found,,,not_found,Published matrix date is after due+30 grace.,Existing SQLite observation was substantive; targeted reclassification moved row to published_late.
released_in_required_window,high,1851194,,"Ventyx Biosciences, Inc.",2021-10-21,2022-10-21,2022-11-20,published_on_time,2022-04-27,0001193125-22-123613,,0001193125-22-123613,,0001193125-22-123613,,,,,,,,Published matrix date is on/before due+30 grace.,
released_in_required_window,high,1871509,PTLO,Portillo's Inc.,2021-10-21,2022-10-21,2022-11-20,published_on_time,2022-05-09,0001193125-22-144334,,0001193125-22-144334,,0001193125-22-144334,,,,,,,,Published matrix date is on/before due+30 grace.,
released_in_required_window,high,1452965,,MINERVA SURGICAL INC,2021-10-22,2022-10-22,2022-11-21,published_on_time,2022-04-22,0001193125-22-115153,,0001193125-22-115153,,0001193125-22-115153,,,,,,,,Published matrix date is on/before due+30 grace.,
released_in_required_window,high,1840233,XLO,"Xilio Therapeutics, Inc.",2021-10-22,2022-10-22,2022-11-21,published_on_time,2022-04-26,0001558370-22-005974,,0001558370-22-005974,,0001558370-22-005974,,,,,,,,Published matrix date is on/before due+30 grace.,
released_in_required_window,high,1468327,RENT,"Rent the Runway, Inc.",2021-10-27,2022-10-27,2022-11-26,published_on_time,2022-05-24,0001140361-22-020412,,0001140361-22-020412,,0001140361-22-020412,,,,,,,,Published matrix date is on/before due+30 grace.,
released_in_required_window,high,1667011,AIP,"Arteris, Inc.",2021-10-27,2022-10-27,2022-11-26,published_on_time,2022-04-28,0001193125-22-127538,,0001193125-22-127538,,0001193125-22-127538,,,,,,,,Published matrix date is on/before due+30 grace.,
no_release_found_after_checks,medium,1844392,MRAI,"Marpai, Inc.",2021-10-27,2022-10-27,2022-11-26,not_located,,,searched_no_substantive_matrix,,,,,,,found,2022-10-27,https://web.archive.org/web/20221027/https://ir.marpaihealth.com/governance,not_found,"No substantive primary matrix located after SEC, committed-check FTS/Wayback, website candidates, and manual/browser review where applicable.","Browser checked Marpai direct matrix guesses; /board-diversity-matrix returned 404 and index.php?s=124 was fundamentals, no matrix."
no_release_found_after_checks,medium,1709048,GFS,GLOBALFOUNDRIES Inc.,2021-10-28,2022-10-28,2022-11-27,not_located,,,searched_no_substantive_matrix,,,,not_found_in_current_sec_filings,,,not_found,,,not_found,"No substantive primary matrix located after SEC, committed-check FTS/Wayback, website candidates, and manual/browser review where applicable.","Web search for GLOBALFOUNDRIES plus Board Diversity Matrix returned Nasdaq examples/other-company references, not GFS own matrix."
released_in_required_window,high,1769804,,"Augmedix, Inc.",2021-10-28,2022-10-28,2022-11-27,published_on_time,2022-05-02,0001213900-22-023206,,0001213900-22-023206,,0001213900-22-023206,,,,,,,,Published matrix date is on/before due+30 grace.,
released_in_required_window,high,1868941,FLNC,"Fluence Energy, Inc.",2021-10-28,2022-10-28,2022-11-27,published_on_time,2022-01-28,0001140361-22-003004,,0001140361-22-003004,,0001140361-22-003004,,,,,,,,Published matrix date is on/before due+30 grace.,
released_in_required_window,high,1501796,AURA,"Aura Biosciences, Inc.",2021-10-29,2022-10-29,2022-11-28,published_on_time,2022-04-28,0001193125-22-127614,,0001193125-22-127614,,0001193125-22-127614,,,,,,,,Published matrix date is on/before due+30 grace.,
released_in_required_window,high,1607939,UDMY,"Udemy, Inc.",2021-10-29,2022-10-29,2022-11-28,published_on_time,2022-04-20,0001607939-22-000021,,0001607939-22-000021,,0001607939-22-000021,,,,,,,,Published matrix date is on/before due+30 grace.,
released_in_required_window,high,1689375,TRDA,"Entrada Therapeutics, Inc.",2021-10-29,2022-10-29,2022-11-28,published_on_time,2022-04-19,0001104659-22-047338,,0001104659-22-047338,,0001104659-22-047338,,,,,,,,Published matrix date is on/before due+30 grace.,
released_in_required_window,high,1858685,BFRI,Biofrontera Inc.,2021-10-29,2022-10-29,2022-11-28,published_on_time,2022-11-08,0001493152-22-030999,,0001493152-22-030999,,0001493152-22-030999,,,,,,,,Published matrix date is on/before due+30 grace.,
released_after_required_window,high,1870940,AIRS,"Airsculpt Technologies, Inc.",2021-10-29,2022-10-29,2022-11-28,published_late,2024-08-08,https://investors.elitebodysculpture.com/corporate-governance/board-of-directors/,found_late_issuer_site_browser_confirmed,https://investors.elitebodysculpture.com/corporate-governance/board-of-directors/,issuer_website_current,"Board Diversity Matrix (As of August 8, 2024). Total Number of Directors 7. Directors Female 2 Male 5. Asian 1; White 1/5; LGBTQ+ 1.",not_found_in_current_sec_filings,,,not_found,,,not_found,Published matrix date is after due+30 grace.,Browser confirmed substantive current issuer-site matrix; late versus initial due date.
no_release_found_after_checks,medium,1831283,LIANY,LianBio,2021-11-01,2022-11-01,2022-12-01,not_located,,,searched_no_substantive_matrix,,,,not_found_in_current_sec_filings,,,not_found,,,not_found,"No substantive primary matrix located after SEC, committed-check FTS/Wayback, website candidates, and manual/browser review where applicable.","Web search for LianBio plus Board Diversity Matrix returned other-company references and aggregate/third-party mentions, not a primary LianBio matrix."
released_after_required_window,high,1392694,SURG,"SurgePays, Inc.",2021-11-03,2022-11-03,2022-12-03,published_late,2024-03-12,https://www.sec.gov/Archives/edgar/data/1392694/000149315224009671/formdef14a.htm,found_late_existing_observation_reclassified,https://www.sec.gov/Archives/edgar/data/1392694/000149315224009671/formdef14a.htm,edgar_filing,"Board Diversity Matrix (as of June 5, 2023). Part I: Gender Identity Male 4 Female 1.",not_found_in_current_sec_filings,,,not_found,,,not_found,Published matrix date is after due+30 grace.,Existing SQLite observation was substantive; targeted reclassification moved row to published_late.
released_in_required_window,high,1653909,BIRD,"Allbirds, Inc.",2021-11-03,2022-11-03,2022-12-03,published_on_time,2022-04-28,0001653909-22-000029,,0001653909-22-000029,,0001653909-22-000029,,,,,,,,Published matrix date is on/before due+30 grace.,
released_in_required_window,high,1412558,EVO,Evotec SE,2021-11-04,2022-11-04,2022-12-04,published_on_time,2022-04-26,0001104659-22-049929,,0001104659-22-049929,,0001104659-22-049929,,,,,,,,Published matrix date is on/before due+30 grace.,
released_in_required_window,high,1625278,NRDS,"NERDWALLET, INC.",2021-11-04,2022-11-04,2022-12-04,published_on_time,2022-04-14,0001193125-22-104971,,0001193125-22-104971,,0001193125-22-104971,,,,,,,,Published matrix date is on/before due+30 grace.,
released_after_required_window,high,1872529,MDXH,MDxHealth SA,2021-11-04,2022-11-04,2022-12-04,published_late,2024-04-30,https://www.sec.gov/Archives/edgar/data/1872529/000121390024037806/ea0203819-20f_mdxhealt.htm,found_late_sec_search_browser_confirmed,https://www.sec.gov/Archives/edgar/data/1872529/000121390024037806/ea0203819-20f_mdxhealt.htm,edgar_filing,"Board Diversity Matrix as of April 30, 2024. Total Number of Directors 7. Female 3 Male 4. Includes prior April 25, 2023 matrix.",not_found_in_current_sec_filings,,,not_found,,,not_found,Published matrix date is after due+30 grace.,Browser confirmed substantive 20-F matrix; late versus initial due date.
released_in_required_window,high,1875444,ARHS,"Arhaus, Inc.",2021-11-04,2022-11-04,2022-12-04,published_on_time,2022-04-04,0001193125-22-094328,,0001193125-22-094328,,0001193125-22-094328,,,,,,,,Published matrix date is on/before due+30 grace.,
released_in_required_window,high,1730773,BSFC,Blue Star Foods Corp.,2021-11-05,2022-11-05,2022-12-05,published_on_time,2022-11-09,0001493152-22-031050,,0001493152-22-031050,,0001493152-22-031050,,,,,,,,Published matrix date is on/before due+30 grace.,
released_in_required_window,high,1865494,IOBTQ,"IO Biotech, Inc.",2021-11-05,2022-11-05,2022-12-05,published_on_time,2022-04-14,0001193125-22-105529,,0001193125-22-105529,,0001193125-22-105529,,,,,,,,Published matrix date is on/before due+30 grace.,
no_release_found_after_checks,medium,1871149,,"Real Good Food Company, Inc.",2021-11-05,2022-11-05,2022-12-05,not_located,,,searched_no_substantive_matrix,,,,not_found_in_current_sec_filings,,,not_found,,,not_found,"No substantive primary matrix located after SEC, committed-check FTS/Wayback, website candidates, and manual/browser review where applicable.",Web search for Real Good Food Company plus Board Diversity Matrix returned governance/S-1 pages without substantive matrix evidence.
released_in_required_window,high,1505497,BRTX,"BioRestorative Therapies, Inc.",2021-11-09,2022-11-09,2022-12-09,published_on_time,2022-09-23,0001021771-22-000053,,0001021771-22-000053,,0001021771-22-000053,,,,,,,,Published matrix date is on/before due+30 grace.,
released_in_required_window,high,1657853,HTZ,"HERTZ GLOBAL HOLDINGS, INC",2021-11-09,2022-11-09,2022-12-09,published_on_time,2022-04-08,0001140361-22-013707,,0001140361-22-013707,,0001140361-22-013707,,,,,,,,Published matrix date is on/before due+30 grace.,
released_in_required_window,high,1781730,TCBX,"Third Coast Bancshares, Inc.",2021-11-09,2022-11-09,2022-12-09,published_on_time,2022-04-25,0001193125-22-117790,,0001193125-22-117790,,0001193125-22-117790,,,,,,,,Published matrix date is on/before due+30 grace.,
released_in_required_window,high,1817511,SOPA,SOCIETY PASS INCORPORATED.,2021-11-09,2022-11-09,2022-12-09,published_on_time,2022-12-01,0001140361-22-044044,,0001140361-22-044044,,0001140361-22-044044,,,,,,,,Published matrix date is on/before due+30 grace.,
released_in_required_window,high,1872525,SWAG,"Stran & Company, Inc.",2021-11-09,2022-11-09,2022-12-09,published_on_time,2022-10-31,0001213900-22-067346,,0001213900-22-067346,,0001213900-22-067346,,,,,,,,Published matrix date is on/before due+30 grace.,
released_in_required_window,high,1476840,EXFY,"Expensify, Inc.",2021-11-10,2022-11-10,2022-12-10,published_on_time,2022-04-29,0001476840-22-000036,,0001476840-22-000036,,0001476840-22-000036,,,,,,,,Published matrix date is on/before due+30 grace.,
released_in_required_window,high,1704287,BJDX,"Bluejay Diagnostics, Inc.",2021-11-10,2022-11-10,2022-12-10,published_on_time,2022-05-13,0001213900-22-026051,,0001213900-22-026051,,0001213900-22-026051,,,,,,,,Published matrix date is on/before due+30 grace.,
released_in_required_window,high,1874178,RIVN,"Rivian Automotive, Inc. / DE",2021-11-10,2022-11-10,2022-12-10,published_on_time,2022-04-27,0001874178-22-000021,,0001874178-22-000021,,0001874178-22-000021,,,,,,,,Published matrix date is on/before due+30 grace.,
released_in_required_window,high,1462056,BLZE,"Backblaze, Inc.",2021-11-11,2022-11-11,2022-12-11,published_on_time,2022-04-21,0001193125-22-112978,,0001193125-22-112978,,0001193125-22-112978,,,,,,,,Published matrix date is on/before due+30 grace.,
released_in_required_window,high,1779372,BEAT,"HeartBeam, Inc.",2021-11-11,2022-11-11,2022-12-11,published_on_time,2022-05-02,0001779372-22-000015,,0001779372-22-000015,,0001779372-22-000015,,,,,,,,Published matrix date is on/before due+30 grace.,
released_in_required_window,high,1780201,LVLU,"Lulu's Fashion Lounge Holdings, Inc.",2021-11-11,2022-11-11,2022-12-11,published_on_time,2022-04-29,0001140361-22-016935,,0001140361-22-016935,,0001140361-22-016935,,,,,,,,Published matrix date is on/before due+30 grace.,
released_in_required_window,high,1787740,VBIO,"Valion Bio, Inc.",2021-11-11,2022-11-11,2022-12-11,published_on_time,2022-05-02,0001140361-22-017248,,0001140361-22-017248,,0001140361-22-017248,,,,,,,,Published matrix date is on/before due+30 grace.,
released_in_required_window,high,1851657,,"Vaxxinity, Inc.",2021-11-11,2022-11-11,2022-12-11,published_on_time,2022-05-02,0001562762-22-000201,,0001562762-22-000201,,0001562762-22-000201,,,,,,,,Published matrix date is on/before due+30 grace.,
released_in_required_window,high,1861522,,KIDPIK CORP.,2021-11-11,2022-11-11,2022-12-11,published_on_time,2022-05-02,0001493152-22-011826,,0001493152-22-011826,,0001493152-22-011826,,,,,,,,Published matrix date is on/before due+30 grace.,
released_in_required_window,high,1567900,ALOY,REALLOYS INC.,2021-11-12,2022-11-12,2022-12-12,published_on_time,2022-08-24,0001437749-22-021244,,0001437749-22-021244,,0001437749-22-021244,,,,,,,,Published matrix date is on/before due+30 grace.,
released_in_required_window,high,1649739,BAFN,BayFirst Financial Corp.,2021-11-12,2022-11-12,2022-12-12,published_on_time,2022-04-07,0001649739-22-000137,,0001649739-22-000137,,0001649739-22-000137,,,,,,,,Published matrix date is on/before due+30 grace.,
released_after_required_window,high,1718224,BTBD,"BT Brands, Inc.",2021-11-12,2022-11-12,2022-12-12,published_late,2023-12-05,https://www.sec.gov/Archives/edgar/data/1718224/000147793223009378/btb_def14a.htm,found_late_sec_search_browser_confirmed,https://www.sec.gov/Archives/edgar/data/1718224/000147793223009378/btb_def14a.htm,edgar_filing,"Board Diversity Matrix as of April 1, 2023. Total Number of Directors five. Directors Female 1 Male 4.",not_found_in_current_sec_filings,,,not_found,,,not_found,Published matrix date is after due+30 grace.,Browser confirmed substantive SEC proxy matrix; late versus initial due date.
released_in_required_window,high,1850453,,Mynaric AG,2021-11-12,2022-11-12,2022-12-12,published_on_time,2022-05-06,0001193125-22-143674,,0001193125-22-143674,,0001193125-22-143674,,,,,,,,Published matrix date is on/before due+30 grace.,
released_in_required_window,high,1676238,BRZE,"Braze, Inc.",2021-11-17,2022-11-17,2022-12-17,published_on_time,2022-05-18,0001140361-22-019788,,0001140361-22-019788,,0001140361-22-019788,,,,,,,,Published matrix date is on/before due+30 grace.,
no_release_found_after_checks,medium,1840416,SSM,Sono Group N.V.,2021-11-17,2022-11-17,2022-12-17,not_located,,,searched_no_substantive_matrix,,,,not_found_in_current_sec_filings,,,not_found,,,not_found,"No substantive primary matrix located after SEC, committed-check FTS/Wayback, website candidates, and manual/browser review where applicable.",Web search for Sono Group N.V. plus Board Diversity Matrix did not return primary own-company matrix evidence.
released_in_required_window,high,1878848,IREN,IREN Ltd,2021-11-17,2022-11-17,2022-12-17,published_on_time,2022-09-13,0001140361-22-033208,,0001140361-22-033208,,0001140361-22-033208,,,,,,,,Published matrix date is on/before due+30 grace.,
no_release_found_after_checks,medium,1769697,FNUC,Frontier Nuclear & Minerals Inc.,2021-11-19,2022-11-19,2022-12-19,not_located,,,searched_no_substantive_matrix,,,,not_found_in_current_sec_filings,,,not_found,,,not_found,"No substantive primary matrix located after SEC, committed-check FTS/Wayback, website candidates, and manual/browser review where applicable.","Web search for Frontier Nuclear/Snow Lake plus Board Diversity Matrix returned governance/news pages, no substantive matrix evidence."
released_after_required_window,high,1815436,,Advanced Health Intelligence Ltd,2021-11-19,2022-11-19,2022-12-19,published_late,2023-01-31,https://www.sec.gov/Archives/edgar/data/1815436/000121390023007932/f20f2022_advancedhealth.htm,found_late_sec_search_browser_confirmed,https://www.sec.gov/Archives/edgar/data/1815436/000121390023007932/f20f2022_advancedhealth.htm,edgar_filing,Board Diversity Matrix. Total Number of Directors 7. Directors Female 2 Male 5.,not_found_in_current_sec_filings,,,no_company_url,,,not_found,Published matrix date is after due+30 grace.,Browser confirmed substantive SEC 20-F matrix; late versus initial due date.
no_release_found_after_checks,medium,1876581,IMPP,Imperial Petroleum Inc./Marshall Islands,2021-11-23,2022-11-23,2022-12-23,not_located,,,searched_no_substantive_matrix,,,,not_found_in_current_sec_filings,,,not_found,,,not_found,"No substantive primary matrix located after SEC, committed-check FTS/Wayback, website candidates, and manual/browser review where applicable.","Web search for Imperial Petroleum plus Board Diversity Matrix returned C3is/third-party references and aggregate sources, not Imperial own matrix."
released_in_required_window,high,1187953,CELZ,"CREATIVE MEDICAL TECHNOLOGY HOLDINGS, INC.",2021-12-06,2022-12-06,2023-01-05,published_on_time,2022-12-08,https://web.archive.org/web/20221208001234/https://creativemedicaltechnology.com/board-diversity-matrix/,,https://web.archive.org/web/20221208001234/https://creativemedicaltechnology.com/board-diversity-matrix/,,https://web.archive.org/web/20221208001234/https://creativemedicaltechnology.com/board-diversity-matrix/,,,,found,2022-12-06,https://web.archive.org/web/20221206/https://creativemedicaltechnology.com,not_found,Published matrix date is on/before due+30 grace.,
released_in_required_window,high,1862150,CING,Cingulate Inc.,2021-12-08,2022-12-08,2023-01-07,published_on_time,2022-04-22,0001493152-22-010723,,0001493152-22-010723,,0001493152-22-010723,,,,,,,,Published matrix date is on/before due+30 grace.,
no_release_found_after_checks,medium,1720671,,"HashiCorp, Inc.",2021-12-09,2022-12-09,2023-01-08,not_located,,,searched_no_substantive_matrix,,,,not_found_in_current_sec_filings,,,not_found,,,not_found,"No substantive primary matrix located after SEC, committed-check FTS/Wayback, website candidates, and manual/browser review where applicable.","Web search for HashiCorp plus Board Diversity Matrix returned aggregate/third-party and other-company references, not a primary HashiCorp matrix."
released_in_required_window,high,1875091,NRSN,NeuroSense Therapeutics Ltd.,2021-12-09,2022-12-09,2023-01-08,published_on_time,2023-01-08,https://web.archive.org/web/20230327150705/https://neurosense.investorroom.com/download/NRSN+-+Diversity+Matrix.pdf,,https://web.archive.org/web/20230327150705/https://neurosense.investorroom.com/download/NRSN+-+Diversity+Matrix.pdf,,https://web.archive.org/web/20230327150705/https://neurosense.investorroom.com/download/NRSN+-+Diversity+Matrix.pdf,,,,found,2023-01-08,https://web.archive.org/web/20230108/https://neurosense.investorroom.com,not_found,Published matrix date is on/before due+30 grace.,
released_in_required_window,high,1084267,MOBQ,"Mobiquity Technologies, Inc.",2021-12-10,2022-12-10,2023-01-09,published_on_time,2022-12-14,https://mobiquitytechnologies.com/wp-content/uploads/2023/04/MOBQ-Board-Diversity-Matrix-2022.pdf,found_on_time_issuer_pdf_browser_confirmed,https://mobiquitytechnologies.com/wp-content/uploads/2023/04/MOBQ-Board-Diversity-Matrix-2022.pdf,issuer_pdf,"Board Diversity Matrix for Mobiquity Technologies, Inc. As of December 14, 2022. Total Number of Directors 5. Directors Female 1 Male 4.",not_found_in_current_sec_filings,,,not_found,,,not_found,Published matrix date is on/before due+30 grace.,Browser found issuer PDF link; local PDF extraction confirmed substantive matrix. Within grace window.
partial_or_unretrieved_primary_evidence,low,1838716,GNTA,Genenta Science S.p.A.,2021-12-15,2022-12-15,2023-01-14,not_located,,,candidate_file_unretrieved,https://genenta.gcs-web.com/governance/documents-charters,issuer_governance_candidate,,not_found_in_current_sec_filings,,,not_found,,,not_found,"Primary matrix candidate/link found, but file could not be retrieved or values not extracted.","Search result reports Genenta Board Diversity Matrix 2024 PDF; Browser/direct fetch failed or hung, so not inserted yet."
released_in_required_window,high,1191070,NEUP,Neuphoria Therapeutics Inc.,2021-12-16,2022-12-16,2023-01-15,published_on_time,2022-10-14,0000950170-22-019563,,0000950170-22-019563,,0000950170-22-019563,,,,,,,,Published matrix date is on/before due+30 grace.,
released_after_required_window,high,1873835,IMMX,"Immix Biopharma, Inc.",2021-12-16,2022-12-16,2023-01-15,published_late,2024-04-30,https://www.sec.gov/Archives/edgar/data/1873835/000149315224017060/formdef14a.htm,found_late_sec_search_browser_confirmed,https://www.sec.gov/Archives/edgar/data/1873835/000149315224017060/formdef14a.htm,edgar_filing,"Board Diversity Matrix as of April 22, 2024. Total Number of Directors 8. Directors Female 4 Male 4.",not_found_in_current_sec_filings,,,not_found,,,not_found,Published matrix date is after due+30 grace.,Browser confirmed substantive SEC proxy matrix; late versus initial due date.
released_in_required_window,high,1468929,NXGL,"NEXGEL, INC.",2021-12-22,2022-12-22,2023-01-21,published_on_time,2022-07-18,0001493152-22-019575,,0001493152-22-019575,,0001493152-22-019575,,,,,,,,Published matrix date is on/before due+30 grace.,
released_after_required_window,high,1070050,APCX,AppTech Payments Corp.,2022-01-06,2023-01-06,2023-02-05,published_late,2023-03-21,https://www.sec.gov/Archives/edgar/data/1070050/000190359623000206/apcx_def14a.htm,found_late_sec_search_browser_confirmed,https://www.sec.gov/Archives/edgar/data/1070050/000190359623000206/apcx_def14a.htm,SEC DEF 14A,"Board Diversity Matrix (As of the Record Date). Total Number of Directors 7. Directors Female 1, Male 6.",found_current_sec_matrix,2025-04-17,https://www.sec.gov/Archives/edgar/data/1070050/000168316825002670/apptech_idef14a.htm,not_found,,,not_found,Published matrix date is after due+30 grace.,Web search found SEC DEF 14A; archive document checked directly and matrix text confirmed. Filing date is after due date plus 30-day grace.
released_after_required_window,high,1658551,AMLX,"Amylyx Pharmaceuticals, Inc.",2022-01-07,2023-01-07,2023-02-06,published_late,2023-04-27,https://www.sec.gov/Archives/edgar/data/1658551/000095017023015261/amlx-def14a-2023-proxy.htm,found_late_sec_search_browser_confirmed,https://www.sec.gov/Archives/edgar/data/1658551/000095017023015261/amlx-def14a-2023-proxy.htm,SEC DEF 14A,"Board Diversity Matrix (As of April 27, 2023). Total Number of Directors 6. Directors Female 2, Male 4.",not_found_in_current_sec_filings,,,not_found,,,not_found,Published matrix date is after due+30 grace.,Web search found SEC DEF 14A; archive document checked directly and matrix text confirmed. Filing date is after due date plus 30-day grace.
released_in_required_window,high,1827087,,"Vigil Neuroscience, Inc.",2022-01-07,2023-01-07,2023-02-06,published_on_time,2022-04-28,0001193125-22-127499,,0001193125-22-127499,,0001193125-22-127499,,,,,,,,Published matrix date is on/before due+30 grace.,
no_release_found_after_checks,medium,1868734,,"CinCor Pharma, Inc.",2022-01-07,2023-01-07,2023-02-06,not_located,,,searched_no_substantive_matrix,,,,not_found_in_current_sec_filings,,,not_found,,,not_found,"No substantive primary matrix located after SEC, committed-check FTS/Wayback, website candidates, and manual/browser review where applicable.","Search results reviewed; apparent matrix hits were other companies filings mentioning CinCor directors, not a CinCor Pharma primary-source board diversity matrix."
released_after_required_window,high,1874875,HOUR,"Hour Loop, Inc",2022-01-07,2023-01-07,2023-02-06,published_late,2023-02-20,https://ir.hourloop.com/corporate-governance/board-of-directors/,found_late_issuer_site_browser_confirmed,https://ir.hourloop.com/corporate-governance/board-of-directors/,issuer IR page,"Board Diversity Matrix (As of Feb 20, 2023). Board Size: Total Number of Directors 6. Directors Female 2, Male 4.",not_found_in_current_sec_filings,,,not_found,,,not_found,Published matrix date is after due+30 grace.,Browser checked issuer IR board page and confirmed matrix text. Matrix date is after due date plus 30-day grace.
no_release_found_after_checks,medium,1861657,CNTN,"Canton Strategic Holdings, Inc.",2022-01-12,2023-01-12,2023-02-11,not_located,,,searched_no_substantive_matrix,,,,not_found_in_current_sec_filings,,,not_found,,,not_found,"No substantive primary matrix located after SEC, committed-check FTS/Wayback, website candidates, and manual/browser review where applicable.",Search results reviewed; found Canton Strategic news/SEC current material but no primary-source Board Diversity Matrix disclosure.
released_after_required_window,high,1880661,TPG,TPG Inc.,2022-01-13,2023-01-13,2023-02-12,published_late,2023-04-03,https://www.sec.gov/Archives/edgar/data/1880661/000188066123000021/tpg-20230403.htm,found_late_sec_search_browser_confirmed,https://www.sec.gov/Archives/edgar/data/1880661/000188066123000021/tpg-20230403.htm,SEC PRE 14A,"Board Diversity Matrix. Total Number of Directors 14. Directors Female 4, Male 10.",not_found_in_current_sec_filings,,,not_found,,,not_found,Published matrix date is after due+30 grace.,Web search found TPG matrix page and SEC filing; SEC archive document checked directly and matrix text confirmed. Filing date is after due date plus 30-day grace.
released_in_required_window,high,1836242,TKLF,"Tokyo Lifestyle Co., Ltd.",2022-01-18,2023-01-18,2023-02-17,published_on_time,2022-08-15,0001213900-22-048050,,0001213900-22-048050,,0001213900-22-048050,,,,,,,,Published matrix date is on/before due+30 grace.,
no_release_found_after_checks,medium,1777319,CISO,"CISO Global, Inc.",2022-01-18,2023-01-18,2023-02-17,not_located,,,searched_no_substantive_matrix,,,,not_found_in_current_sec_filings,,,not_found,,,not_found,"No substantive primary matrix located after SEC, committed-check FTS/Wayback, website candidates, and manual/browser review where applicable.",Search results reviewed for CISO Global/Cerberus Cyber Sentinel; results were third-party aggregate references or filings without a board diversity matrix for the required period.
released_after_required_window,high,1864943,FGI,FGI Industries Ltd.,2022-01-25,2023-01-25,2023-02-24,published_late,2023-04-27,https://www.sec.gov/Archives/edgar/data/1864943/000155837023007097/tmb-20220601xdef14a.htm,found_late_sec_search_browser_confirmed,https://www.sec.gov/Archives/edgar/data/1864943/000155837023007097/tmb-20220601xdef14a.htm,SEC DEF 14A,"Board Diversity Matrix (as of April 6, 2023). Total Number of Directors 5. Directors Female 1, Male 4.",not_found_in_current_sec_filings,,,not_found,,,not_found,Published matrix date is after due+30 grace.,Web search found issuer governance page and SEC DEF 14A; SEC archive document checked directly and matrix text confirmed. Filing date is after due date plus 30-day grace.
released_in_required_window,high,1807794,CRDO,Credo Technology Group Holding Ltd,2022-01-27,2023-01-27,2023-02-26,published_on_time,2022-08-09,0001628280-22-021966,,0001628280-22-021966,,0001628280-22-021966,,,,,,,,Published matrix date is on/before due+30 grace.,
no_release_found_after_checks,medium,1872964,MTEK,Maris Tech Ltd.,2022-02-02,2023-02-02,2023-03-04,not_located,,,searched_no_substantive_matrix,,,,not_found_in_current_sec_filings,,,not_found,,,not_found,"No substantive primary matrix located after SEC, committed-check FTS/Wayback, website candidates, and manual/browser review where applicable.","Search results reviewed for Maris-Tech Ltd.; apparent hits were other companies filings or press pages mentioning Maris-Tech, not a Maris-Tech primary-source board diversity matrix."
released_after_required_window,high,1786205,ACLX,"Arcellx, Inc.",2022-02-04,2023-02-04,2023-03-06,published_late,2023-04-14,https://www.sec.gov/Archives/edgar/data/1786205/000095017023012922/aclx_2022_pre_14a.htm,found_late_sec_search_browser_confirmed,https://www.sec.gov/Archives/edgar/data/1786205/000095017023012922/aclx_2022_pre_14a.htm,SEC PRE 14A,"Board Diversity Matrix. Composition as of April 14, 2023. Total Number of Directors 7. Female 3, Male 4.",found_current_sec_matrix,2026-04-24,https://www.sec.gov/Archives/edgar/data/1786205/000119312526177460/d332400d10ka.htm,not_found,,,not_found,Published matrix date is after due+30 grace.,SEC archive document checked directly; second Board Diversity Matrix occurrence in filing body confirmed substantive matrix text. Filing date is after due date plus 30-day grace.
released_after_required_window,high,1875558,NVCT,"Nuvectis Pharma, Inc.",2022-02-04,2023-02-04,2023-03-06,published_late,2023-04-28,https://www.sec.gov/Archives/edgar/data/1875558/000110465923052907/tm2313950d1_def14a.htm,found_late_sec_search_browser_confirmed,https://www.sec.gov/Archives/edgar/data/1875558/000110465923052907/tm2313950d1_def14a.htm,SEC DEF 14A,"Board Diversity Matrix (As of April 28, 2023). Total Number of Directors 4. Directors Female 0, Male 4.",not_found_in_current_sec_filings,,,not_found,,,not_found,Published matrix date is after due+30 grace.,Web search found SEC DEF 14A; archive document checked directly and matrix text confirmed. Filing date is after due date plus 30-day grace.
released_after_required_window,high,1648087,AREB,AMERICAN REBEL HOLDINGS INC,2022-02-08,2023-02-08,2023-03-10,published_late,2024-03-05,https://www.sec.gov/Archives/edgar/data/1648087/000149315224008781/formdef14c.htm,found_late_sec_search_browser_confirmed,https://www.sec.gov/Archives/edgar/data/1648087/000149315224008781/formdef14c.htm,SEC DEF 14C,"Board Diversity Matrix (As of November 30, 2023). Total Number of Directors 5. Directors Female 0, Male 5.",found_current_sec_matrix,2026-03-31,https://www.sec.gov/Archives/edgar/data/1648087/000149315226014291/form10-k.htm,not_found,,,not_found,Published matrix date is after due+30 grace.,Web search found SEC DEF 14C; archive document checked directly and matrix text confirmed. Filing date is after due date plus 30-day grace.
released_in_required_window,high,1598981,SKYX,SKYX Platforms Corp.,2022-02-10,2023-02-10,2023-03-12,published_on_time,2022-04-19,0001493152-22-010422,,0001493152-22-010422,,0001493152-22-010422,,,,,,,,Published matrix date is on/before due+30 grace.,
released_after_required_window,high,1892322,HTCR,"HeartCore Enterprises, Inc.",2022-02-10,2023-02-10,2023-03-12,published_late,2025-01-01,https://heartcore-enterprises.com/corporate-governance.html,found_late_issuer_site_browser_confirmed,https://heartcore-enterprises.com/corporate-governance.html,issuer governance page,"Board Diversity Matrix (as of January 1, 2025). Total Number of Directors 6. Directors Female 1, Male 5.",not_found_in_current_sec_filings,,,not_found,,,not_found,Published matrix date is after due+30 grace.,"Direct web open confirmed issuer governance page matrix. Browser tab was blocked by client, but page extraction showed substantive matrix text. Date is after due date plus 30-day grace."
released_in_required_window,high,1074871,MODD,"Modular Medical, Inc.",2022-02-11,2023-02-11,2023-03-13,published_on_time,2022-12-20,0001019056-22-000687,,0001019056-22-000687,,0001019056-22-000687,,,,,,,,Published matrix date is on/before due+30 grace.,
no_release_found_after_checks,medium,1872812,,TC BioPharm (Holdings) plc,2022-02-11,2023-02-11,2023-03-13,not_located,,,searched_no_substantive_matrix,https://d1io3yog0oux5.cloudfront.net/_6df6912d78757007d7d89ae672512318/tcbiopharm/db/867/7501/file/NASDAQ+Diversity+Matrix+Disclosure+3rd+April+2023.pdf,issuer PDF template,"Board Diversity Matrix for / As of / Total Number of Directors, with no company/date/count values extracted.",not_found_in_current_sec_filings,,,not_found,,,not_found,"No substantive primary matrix located after SEC, committed-check FTS/Wayback, website candidates, and manual/browser review where applicable.","Issuer governance page linked a Board Diversity Matrix PDF, but local PDF text extraction showed a blank/template matrix without substantive company/date/director values; not inserted as evidence."
released_after_required_window,high,1880613,DRCT,"Direct Digital Holdings, Inc.",2022-02-11,2023-02-11,2023-03-13,published_late,2023-05-01,https://www.sec.gov/Archives/edgar/data/1880613/000110465923054340/tm2313926d1_def14a.htm,found_late_sec_search_browser_confirmed,https://www.sec.gov/Archives/edgar/data/1880613/000110465923054340/tm2313926d1_def14a.htm,SEC DEF 14A,"Board Diversity Matrix (as of February 15, 2023). Total Number of Directors 5. Directors Female 2, Male 3.",not_found_in_current_sec_filings,,,not_found,,,not_found,Published matrix date is after due+30 grace.,SEC submissions found 2023 DEF 14A; archive document checked directly and matrix text confirmed. Filing date is after due date plus 30-day grace.
released_after_required_window,high,1482541,BNC,CEA Industries Inc.,2022-02-14,2023-02-14,2023-03-16,published_late,2023-10-26,https://www.sec.gov/Archives/edgar/data/1482541/000149315223038392/formdef14a.htm,found_late_sec_search_browser_confirmed,https://www.sec.gov/Archives/edgar/data/1482541/000149315223038392/formdef14a.htm,SEC DEF 14A,"Board Diversity Matrix Disclosure. Total Number of Directors 5. Directors Female 0, Male 5.",found_current_sec_matrix,2025-03-27,https://www.sec.gov/Archives/edgar/data/1482541/000164117225000913/form10-k.htm,not_found,,,not_found,Published matrix date is after due+30 grace.,SEC DEF 14A checked directly and matrix text confirmed. Filing date is after due date plus 30-day grace.
released_after_required_window,high,1450704,VIVK,"Vivakor, Inc.",2022-02-15,2023-02-15,2023-03-17,published_late,2024-12-05,https://www.sec.gov/Archives/edgar/data/1450704/000182912624008066/vivakor_def14a.htm,found_late_sec_search_browser_confirmed,https://www.sec.gov/Archives/edgar/data/1450704/000182912624008066/vivakor_def14a.htm,SEC DEF 14A,"Board Diversity Matrix. As of December 5, 2024 and December 31, 2023. Total No. of Directors 5 and 4.",found_current_sec_matrix,2026-06-08,https://www.sec.gov/Archives/edgar/data/1450704/000182912626006194/vivakor_def14a.htm,not_found,,,not_found,Published matrix date is after due+30 grace.,2023 DEF 14A had no matrix; 2024 DEF 14A checked directly and matrix text confirmed. Filing date is after due date plus 30-day grace.
released_after_required_window,high,1835615,MHUAF,"Meihua International Medical Technologies Co., Ltd.",2022-02-16,2023-02-16,2023-03-18,published_late,2023-04-14,https://www.sec.gov/Archives/edgar/data/1835615/000121390023029709/f20f2022_meihua.htm,found_late_sec_search_browser_confirmed,https://www.sec.gov/Archives/edgar/data/1835615/000121390023029709/f20f2022_meihua.htm,SEC 20-F,"Board Diversity Matrix. Country of Principal Executive Offices: China. Total Number of Directors 5. Directors Female 1, Male 4.",not_found_in_current_sec_filings,,,not_found,,,not_found,Published matrix date is after due+30 grace.,SEC 20-F checked directly and matrix text confirmed. Filing date is after due date plus 30-day grace.
no_release_found_after_checks,medium,1851860,,"SMART FOR LIFE, INC.",2022-02-16,2023-02-16,2023-03-18,not_located,,,searched_no_substantive_matrix,,,,not_found_in_current_sec_filings,,,not_found,,,not_found,"No substantive primary matrix located after SEC, committed-check FTS/Wayback, website candidates, and manual/browser review where applicable.","Search and SEC submissions checked; likely 2023 proxy, 2023 10-K, and 2024 10-K did not contain Board Diversity Matrix text."
no_release_found_after_checks,medium,1402328,SBFM,Sunshine Biopharma Inc.,2022-02-17,2023-02-17,2023-03-19,not_located,,,searched_no_substantive_matrix,,,,not_found_in_current_sec_filings,,,not_found,,,not_found,"No substantive primary matrix located after SEC, committed-check FTS/Wayback, website candidates, and manual/browser review where applicable.",Search and SEC submissions checked; likely 2023/2024 proxy and 2023 10-K filings did not contain Board Diversity Matrix text.
released_in_required_window,high,1782107,ONCO,"Onconetix, Inc.",2022-02-18,2023-02-18,2023-03-20,published_on_time,2022-07-18,0001213900-22-039898,,0001213900-22-039898,,0001213900-22-039898,,,,,,,,Published matrix date is on/before due+30 grace.,
no_release_found_after_checks,medium,1888014,AKAN,AKANDA CORP.,2022-03-15,2023-03-15,2023-04-14,not_located,,,searched_no_substantive_matrix,,,,not_found_in_current_sec_filings,,,not_found,,,not_found,"No substantive primary matrix located after SEC, committed-check FTS/Wayback, website candidates, and manual/browser review where applicable.","Search and SEC submissions checked; Akanda 2023, 2024, and 2025 20-F filings did not contain Board Diversity Matrix text. Third-party aggregate only."
released_in_required_window,high,1875547,LCFY,Locafy Ltd,2022-03-25,2023-03-25,2023-04-24,published_on_time,2022-11-15,0001493152-22-032533,,0001493152-22-032533,,0001493152-22-032533,,,,,,,,Published matrix date is on/before due+30 grace.,
released_after_required_window,high,1880438,ANTX,"AN2 Therapeutics, Inc.",2022-03-25,2023-03-25,2023-04-24,published_late,2023-04-26,https://www.sec.gov/Archives/edgar/data/1880438/000095017023014794/antx-def14a-2022-final.htm,found_late_sec_search_browser_confirmed,https://www.sec.gov/Archives/edgar/data/1880438/000095017023014794/antx-def14a-2022-final.htm,SEC DEF 14A,"Board Diversity Matrix (as of April 26, 2023). Total Number of Directors 9. Directors Female 3, Male 6.",not_found_in_current_sec_filings,,,not_found,,,not_found,Published matrix date is after due+30 grace.,SEC submissions found 2023 DEF 14A; archive document checked directly and matrix text confirmed. Filing date is after due date plus 30-day grace.
released_in_required_window,high,1743905,RVSN,Rail Vision Ltd.,2022-03-31,2023-03-31,2023-04-30,published_on_time,2023-03-23,0001213900-23-022437,,0001213900-23-022437,,0001213900-23-022437,,,,,,,,Published matrix date is on/before due+30 grace.,
released_after_required_window,high,1894954,XPON,Expion360 Inc.,2022-04-01,2023-04-01,2023-05-01,published_late,2023-09-06,https://www.sec.gov/Archives/edgar/data/1894954/000190359623000697/xpon_def14a.htm,found_late_sec_search_browser_confirmed,https://www.sec.gov/Archives/edgar/data/1894954/000190359623000697/xpon_def14a.htm,SEC DEF 14A,"Board Diversity Matrix (As of August 24, 2023). Total Number of Directors 5. Directors Male 5.",not_found_in_current_sec_filings,,,not_found,,,not_found,Published matrix date is after due+30 grace.,SEC submissions and issuer filing page found 2023 DEF 14A; archive document checked directly and matrix text confirmed. Filing date is after due date plus 30-day grace.
released_in_required_window,high,1144879,APLD,Applied Digital Corp.,2022-04-13,2023-04-13,2023-05-13,published_on_time,2022-09-27,0001144879-22-000038,,0001144879-22-000038,,0001144879-22-000038,,,,,,,,Published matrix date is on/before due+30 grace.,
released_but_window_not_guaranteed,medium,1737995,STSS,"SkyAI, Inc.",2022-04-14,2023-04-14,2023-05-14,not_located,,,searched_no_substantive_matrix,,,,found_current_sec_matrix,2025-08-05,https://www.sec.gov/Archives/edgar/data/1737995/000164117225022182/formdefr14a.htm,not_found,,,not_found,"Committed-check found a current SEC matrix, but current initial-window review did not locate a substantive matrix in the required window.","Search and SEC filings checked for SkyAI / formerly Sharps Technology. 2023 DEF 14A stated matrix was on issuer website, but current issuer governance pages were checked and no Board Diversity Matrix content was exposed."
no_release_found_after_checks,medium,1905511,JCSE,JE Cleantech Holdings Ltd,2022-04-22,2023-04-22,2023-05-22,not_located,,,searched_no_substantive_matrix,,,,not_found_in_current_sec_filings,,,not_found,,,not_found,"No substantive primary matrix located after SEC, committed-check FTS/Wayback, website candidates, and manual/browser review where applicable.","Search and SEC submissions checked; JE Cleantech 2023 20-F did not contain Board Diversity Matrix text. Search hit mentioning JE Cleantech was another issuer filing, not JE Cleantech primary evidence."
released_after_required_window,high,1635077,ACON,"Aclarion, Inc.",2022-04-22,2023-04-22,2023-05-22,published_late,2023-11-13,https://www.sec.gov/Archives/edgar/data/1635077/000168316823007841/aclarion_def14a.htm,found_late_sec_search_browser_confirmed,https://www.sec.gov/Archives/edgar/data/1635077/000168316823007841/aclarion_def14a.htm,SEC DEF 14A,"Board Diversity Matrix (As of April 21, 2023). Total Number of Directors 7. Directors Female 1, Male 6.",found_current_sec_matrix,2025-05-13,https://www.sec.gov/Archives/edgar/data/1635077/000168316825003452/aclarion_def14a.htm,not_found,,,not_found,Published matrix date is after due+30 grace.,SEC DEF 14A checked directly and matrix text confirmed. Filing date is after due date plus 30-day grace.
released_after_required_window,high,1560293,TNON,"Tenon Medical, Inc.",2022-04-27,2023-04-27,2023-05-27,published_late,2023-08-04,https://www.sec.gov/Archives/edgar/data/1560293/000121390023063655/def14a0823_tenonmed.htm,found_late_sec_search_browser_confirmed,https://www.sec.gov/Archives/edgar/data/1560293/000121390023063655/def14a0823_tenonmed.htm,SEC DEF 14A,"Board Diversity Matrix (As of July 18, 2023). Total Number of Directors 7. Directors Female 0, Male 7.",not_found_in_current_sec_filings,,,not_found,,,not_found,Published matrix date is after due+30 grace.,SEC DEF 14A checked directly and matrix text confirmed. Filing date is after due date plus 30-day grace.
released_in_required_window,high,1803407,OST,"Ostin Technology Group Co., Ltd.",2022-04-27,2023-04-27,2023-05-27,published_on_time,2023-02-16,0001213900-23-012263,,0001213900-23-012263,,0001213900-23-012263,,,,,,,,Published matrix date is on/before due+30 grace.,
released_in_required_window,high,1888012,,"HilleVax, Inc.",2022-04-29,2023-04-29,2023-05-29,published_on_time,2023-04-28,0001193125-23-127221,,0001193125-23-127221,,0001193125-23-127221,,,,,,,,Published matrix date is on/before due+30 grace.,
released_in_required_window,high,1889109,BLTE,"BELITE BIO, INC",2022-04-29,2023-04-29,2023-05-29,published_on_time,2023-03-31,0001104659-23-040145,,0001104659-23-040145,,0001104659-23-040145,,,,,,,,Published matrix date is on/before due+30 grace.,
released_in_required_window,high,1809750,EDBL,Edible Garden AG Inc,2022-05-05,2023-05-05,2023-06-04,published_on_time,2023-04-26,0001477932-23-002884,,0001477932-23-002884,,0001477932-23-002884,,,,,,,,Published matrix date is on/before due+30 grace.,
released_in_required_window,high,1835597,PEPG,PepGen Inc.,2022-05-06,2023-05-06,2023-06-05,published_on_time,2023-04-28,0000950170-23-015751,,0000950170-23-015751,,0000950170-23-015751,,,,,,,,Published matrix date is on/before due+30 grace.,
released_in_required_window,high,1828588,HNVR,"Hanover Bancorp, Inc. /MD",2022-05-11,2023-05-11,2023-06-10,published_on_time,2023-01-27,0001104659-23-007553,,0001104659-23-007553,,0001104659-23-007553,,,,,,,,Published matrix date is on/before due+30 grace.,
released_in_required_window,high,1141284,ASNS,ACTELIS NETWORKS INC,2022-05-13,2023-05-13,2023-06-12,published_on_time,2023-05-13,https://ir.actelis.com/corporate-governance/board-diversity-matrix,found_on_time_issuer_site_browser_confirmed,https://ir.actelis.com/corporate-governance/board-diversity-matrix,issuer IR page,"Board Diversity Matrix for Actelis Networks, Inc. As of May 13, 2023. Total Number of Directors 5. Directors Female 2, Male 3.",not_found_in_current_sec_filings,,,not_found,,,not_found,Published matrix date is on/before due+30 grace.,Issuer IR Board Diversity Matrix page checked directly and substantive matrix text confirmed. Matrix date is within due date plus 30-day grace.
released_in_required_window,high,1881487,ACDC,ProFrac Holding Corp.,2022-05-13,2023-05-13,2023-06-12,published_on_time,2023-05-01,0001193125-23-130426,,0001193125-23-130426,,0001193125-23-130426,,,,,,,,Published matrix date is on/before due+30 grace.,
released_in_required_window,high,1425627,SOBR,"SOBR Safe, Inc.",2022-05-17,2023-05-17,2023-06-16,published_on_time,2023-04-28,0001477932-23-002946,,0001477932-23-002946,,0001477932-23-002946,,,,,,,,Published matrix date is on/before due+30 grace.,
no_release_found_after_checks,medium,1849296,OKYO,OKYO Pharma Ltd,2022-05-17,2023-05-17,2023-06-16,not_located,,,searched_no_substantive_matrix,,,,not_found_in_current_sec_filings,,,not_found,,,not_found,"No substantive primary matrix located after SEC, committed-check FTS/Wayback, website candidates, and manual/browser review where applicable.",Search and SEC submissions checked; OKYO Pharma 2023 and 2024 20-F filings did not contain Board Diversity Matrix text. Other hits were about related-party holdings or other issuer matrices.
released_after_required_window,high,1886799,,Bright Green Corp,2022-05-17,2023-05-17,2023-06-16,published_late,2023-11-07,https://www.sec.gov/Archives/edgar/data/1886799/000149315223039740/formdef14a.htm,found_late_sec_search_browser_confirmed,https://www.sec.gov/Archives/edgar/data/1886799/000149315223039740/formdef14a.htm,SEC DEF 14A,"Board Diversity Matrix (As of June 30, 2023). Total Number of Directors: Five. Directors Female 1, Male 4.",not_found_in_current_sec_filings,,,not_found,,,not_found,Published matrix date is after due+30 grace.,SEC DEF 14A checked directly and matrix text confirmed. Filing date is after due date plus 30-day grace.
released_after_required_window,high,1892274,GV,Visionary Holdings Inc.,2022-05-17,2023-05-17,2023-06-16,published_late,2023-08-15,https://www.sec.gov/Archives/edgar/data/1892274/000168316823005816/vedu_i20f-033123.htm,found_late_sec_search_browser_confirmed,https://www.sec.gov/Archives/edgar/data/1892274/000168316823005816/vedu_i20f-033123.htm,SEC 20-F,"Board Diversity Matrix. Country of Principal Executive Offices: Canada. Total Number of Directors 5. Directors Female 1, Male 4.",found_current_sec_matrix,2026-01-28,https://www.sec.gov/Archives/edgar/data/1892274/000157587226000048/vedu-20250331.htm,not_found,,,not_found,Published matrix date is after due+30 grace.,SEC 20-F checked directly and matrix text confirmed. Filing date is after due date plus 30-day grace.
released_after_required_window,high,923601,RIME,"Algorhythm Holdings, Inc.",2022-05-25,2023-05-25,2023-06-24,published_late,2023-11-24,https://www.sec.gov/Archives/edgar/data/923601/000149315223042672/formdef14a.htm,found_late_sec_search_browser_confirmed,https://www.sec.gov/Archives/edgar/data/923601/000149315223042672/formdef14a.htm,SEC DEF 14A,"Board Diversity Matrix (as of November 22, 2023). Total Number of Directors 10. Directors Female 0, Male 10.",found_current_sec_matrix,2024-12-19,https://www.sec.gov/Archives/edgar/data/923601/000149315224050745/formdef14a.htm,not_found,,,not_found,Published matrix date is after due+30 grace.,SEC DEF 14A checked directly and matrix text confirmed. Filing date is after due date plus 30-day grace.
released_in_required_window,high,1848275,TOP,TOP Financial Group Ltd,2022-06-01,2023-06-01,2023-07-01,published_on_time,2022-08-16,0001213900-22-048570,,0001213900-22-048570,,0001213900-22-048570,,,,,,,,Published matrix date is on/before due+30 grace.,
released_in_required_window,high,1894693,SVRE,SaverOne 2014 Ltd.,2022-06-03,2023-06-03,2023-07-03,published_on_time,2023-04-27,0001213900-23-033272,,0001213900-23-033272,,0001213900-23-033272,,,,,,,,Published matrix date is on/before due+30 grace.,
released_after_required_window,high,1879848,PEVM,PHOENIX MOTOR INC.,2022-06-08,2023-06-08,2023-07-08,published_late,2023-11-17,https://www.sec.gov/Archives/edgar/data/1879848/000110465923119221/tm2329940-2_def14a.htm,found_late_sec_search_browser_confirmed,https://www.sec.gov/Archives/edgar/data/1879848/000110465923119221/tm2329940-2_def14a.htm,SEC DEF 14A,"Board Diversity Matrix as of November 8, 2023; Total Number of Directors 6; gender identity and demographic background categories included.",found_current_sec_matrix,2025-12-01,https://www.sec.gov/Archives/edgar/data/1879848/000149315225025586/formdef14a.htm,not_found,,,not_found,Published matrix date is after due+30 grace.,"Confirmed via SEC filing text/search fallback; due 2023-06-08, first substantive located matrix in 2023-11-17 DEF 14A is late."
no_release_found_after_checks,medium,1468492,HSCS,HeartSciences Inc.,2022-06-15,2023-06-15,2023-07-15,not_located,,,searched_no_substantive_matrix,,,,not_found_in_current_sec_filings,,,not_found,,,not_found,"No substantive primary matrix located after SEC, committed-check FTS/Wayback, website candidates, and manual/browser review where applicable.","Searched web and issuer site; checked HeartSciences current site/investors page and SEC 2023 DEF 14A, 2024 DEF 14A, 2023/2024/2025 10-Ks surfaced in SEC submissions; no substantive Board Diversity Matrix located. Search hit was another issuer filing mentioning HeartSciences in a director biography."
no_release_found_after_checks,medium,1816319,LYTHF,Lytus Technologies Holdings PTV. Ltd.,2022-06-15,2023-06-15,2023-07-15,not_located,,,searched_no_substantive_matrix,,,,not_found_in_current_sec_filings,,,not_found,,,not_found,"No substantive primary matrix located after SEC, committed-check FTS/Wayback, website candidates, and manual/browser review where applicable.","Searched web and issuer site; checked Lytus current site, IR governance page, 2023/2024/2025 20-Fs, and IR Foreign Board Diversity Matrix PDF. PDF is a blank Nasdaq template with headings but no company/date/director counts, so no substantive matrix evidence located."
released_after_required_window,high,1674440,YYAI,AIRWA INC.,2022-06-16,2023-06-16,2023-07-16,published_late,2024-05-02,https://www.sec.gov/Archives/edgar/data/1674440/000149315224017592/formdef14a.htm,found_late_sec_search_browser_confirmed,https://www.sec.gov/Archives/edgar/data/1674440/000149315224017592/formdef14a.htm,SEC DEF 14A,"Board Diversity Matrix as of March 31, 2024; Total Number of Directors 5; Female 0, Male 5; African American or Black Male 1; White Male 4; LGBTQ+ 0.",not_found_in_current_sec_filings,,,not_found,,,not_found,Published matrix date is after due+30 grace.,"Confirmed via SEC filing text/search fallback; 2023 DEF 14A and 2024/2025 10-K checks did not show earlier matrix; due 2023-06-16, 2024-05-02 DEF 14A is late."
released_in_required_window,high,1826376,GSUN,Golden Sun Technology Group Ltd.,2022-06-22,2023-06-22,2023-07-22,published_on_time,2023-07-20,https://ir.jtyjyjt.com/images/boarddiversity.jpg,found_on_time_issuer_site_browser_confirmed,https://ir.jtyjyjt.com/images/boarddiversity.jpg,issuer IR image matrix,"Board Diversity Matrix as of July 20, 2023; Total Number of Directors 7; Female 1, Male 6; underrepresented individual 0; LGBTQ+ 0; did not disclose demographic background 0.",not_found_in_current_sec_filings,,,not_found,,,not_found,Published matrix date is on/before due+30 grace.,Confirmed by visual inspection of issuer IR Board Diversity image linked from https://ir.jtyjyjt.com/copotate.html?type=diversity. 20-F filings checked did not contain matrix; website matrix as-of date is within due+grace.
released_after_required_window,high,1872302,NA,Nano Labs Ltd,2022-07-12,2023-07-12,2023-08-11,published_late,2023-10-09,https://web.archive.org/web/20240228034920/https://ir.nano.cn/corporate-governance/board-diversity-matrix,,https://web.archive.org/web/20240228034920/https://ir.nano.cn/corporate-governance/board-diversity-matrix,,https://web.archive.org/web/20240228034920/https://ir.nano.cn/corporate-governance/board-diversity-matrix,,,,found,2023-10-10,https://web.archive.org/web/20231010/https://ir.nano.cn,not_found,Published matrix date is after due+30 grace.,
released_in_required_window,high,1814963,ILAG,Intelligent Living Application Group Inc.,2022-07-13,2023-07-13,2023-08-12,published_on_time,2023-04-28,0001410578-23-000841,,0001410578-23-000841,,0001410578-23-000841,,,,,,,,Published matrix date is on/before due+30 grace.,
released_in_required_window,high,1414767,NCPL,Netcapital Inc.,2022-07-14,2023-07-14,2023-08-13,published_on_time,2023-07-26,0001903596-23-000560,,0001903596-23-000560,,0001903596-23-000560,,,,,,,,Published matrix date is on/before due+30 grace.,
released_in_required_window,high,1784970,NXTT,Next Technology Holding Inc.,2022-07-19,2023-07-19,2023-08-18,published_on_time,2023-07-14,0001477932-23-005290,,0001477932-23-005290,,0001477932-23-005290,,,,,,,,Published matrix date is on/before due+30 grace.,
no_release_found_after_checks,medium,1885827,VRAX,Virax Biolabs Group Ltd,2022-07-21,2023-07-21,2023-08-20,not_located,,,searched_no_substantive_matrix,,,,not_found_in_current_sec_filings,,,not_found,,,not_found,"No substantive primary matrix located after SEC, committed-check FTS/Wayback, website candidates, and manual/browser review where applicable.","Searched web and issuer/current sites; checked Virax current site/investor URL attempts, Can-Fite related-site pages, 2023/2024/2025 20-Fs, and proxy/AGM 6-K filings from 2023-2026 surfaced in SEC submissions; no substantive Board Diversity Matrix located. Search hit was third-party OutQUORUM aggregate only."
released_after_required_window,high,1748137,NEOV,NeoVolta Inc.,2022-07-29,2023-07-29,2023-08-28,published_late,2023-10-20,https://www.sec.gov/Archives/edgar/data/1748137/000168316823007315/neovolta_def14a.htm,found_late_sec_search_browser_confirmed,https://www.sec.gov/Archives/edgar/data/1748137/000168316823007315/neovolta_def14a.htm,SEC DEF 14A,"Board Diversity Matrix as of October 16, 2023; Total Number of Directors 5; Male 4, Female 1; White Male 4, White Female 1.",,,,found,2023-07-29,https://web.archive.org/web/20230729/https://neovolta.com/investors,not_found,Published matrix date is after due+30 grace.,"Confirmed in 2023 SEC DEF 14A. Wayback PDF candidate at neovolta.com/wp-content/uploads/2023/08/1-Aug-2023-NeoVolta-Board-Diversity-Matrix.pdf was inspected and appears to be a blank template, so SEC proxy is controlling substantive evidence."
no_release_found_after_checks,medium,1886362,MGAM,"Mobile Global Esports, Inc.",2022-07-29,2023-07-29,2023-08-28,not_located,,,searched_no_substantive_matrix,,,,not_found_in_current_sec_filings,,,not_found,,,not_found,"No substantive primary matrix located after SEC, committed-check FTS/Wayback, website candidates, and manual/browser review where applicable.","Searched web and current issuer domain, which appears unrelated/hijacked; checked 2023 10-K, 2024 DEF 14A, and 2024/2025/2026 10-K filings; no substantive Board Diversity Matrix located. Search results did not surface primary matrix evidence."
no_release_found_after_checks,medium,1913210,,Bruush Oral Care Inc.,2022-08-03,2023-08-03,2023-09-02,not_located,,,searched_no_substantive_matrix,,,,not_found_in_current_sec_filings,,,not_found,,,not_found,"No substantive primary matrix located after SEC, committed-check FTS/Wayback, website candidates, and manual/browser review where applicable.","Searched web and attempted current/IR Bruush domains, which no longer resolve; checked 2023 20-F and representative 2023-2025 6-K filings from SEC submissions; no substantive Board Diversity Matrix located. Search hit was third-party OutQUORUM aggregate only."
released_after_required_window,high,1881472,MEGL,Magic Empire Global Ltd,2022-08-05,2023-08-05,2023-09-04,published_late,2025-04-14,https://www.sec.gov/Archives/edgar/data/1881472/000164117225004566/form20-f.htm,found_late_sec_search_browser_confirmed,https://www.sec.gov/Archives/edgar/data/1881472/000164117225004566/form20-f.htm,SEC 20-F,"Board Diversity Matrix; Hong Kong foreign private issuer; Total Number of Directors 5; Female 1, Male 4; underrepresented individual 0; LGBTQ+ 0; did not disclose demographic background 0.",found_current_sec_matrix,2026-04-10,https://www.sec.gov/Archives/edgar/data/1881472/000149315226016153/form20-f.htm,not_found,,,not_found,Published matrix date is after due+30 grace.,"Confirmed in 2025 20-F. Earlier 2023 and 2024 20-F filings checked and did not contain matrix text; due 2023-08-05, so located publication is late."
released_after_required_window,high,1425355,SUIG,SUI Group Holdings Ltd.,2022-08-09,2023-08-09,2023-09-08,published_late,2023-09-28,https://www.sec.gov/Archives/edgar/data/1425355/000165495423012379/mcvt_def14a.htm,found_late_sec_search_browser_confirmed,https://www.sec.gov/Archives/edgar/data/1425355/000165495423012379/mcvt_def14a.htm,SEC DEF 14A,"Board Diversity Matrix as of August 22, 2023; Total Number of Directors 5; Female 0, Male 5; White Male 5; all other categories 0.",found_current_sec_matrix,2025-06-18,https://www.sec.gov/Archives/edgar/data/1425355/000165495425007197/mcvt_pre14a.htm,not_found,,,not_found,Published matrix date is after due+30 grace.,"Confirmed in 2023 DEF 14A for Mill City Ventures III / SUI Group Holdings predecessor naming; due 2023-08-09, filing date 2023-09-28 is late."
released_after_required_window,high,1014763,AIMD,"Ainos, Inc.",2022-08-10,2023-08-10,2023-09-09,published_late,2024-03-08,https://www.sec.gov/Archives/edgar/data/1014763/000165495424002897/aimd_10k.htm,found_late_sec_search_browser_confirmed,https://www.sec.gov/Archives/edgar/data/1014763/000165495424002897/aimd_10k.htm,SEC 10-K,"Board Diversity Matrix as of March 7, 2024; Total Number of Directors 7; Female 1, Male 6; Asian Female 1, Asian Male 6.",not_found_in_current_sec_filings,,,not_found,,,not_found,Published matrix date is after due+30 grace.,"Confirmed via SEC 2024 10-K after search result; 2023/2024/2025 proxy checks did not show matrix. Due 2023-08-10, 2024-03-08 publication is late."
released_after_required_window,high,1905956,TGL,TREASURE GLOBAL INC,2022-08-11,2023-08-11,2023-09-10,published_late,2024-05-02,https://www.sec.gov/Archives/edgar/data/1905956/000121390024038913/ea0204060-02.htm,found_late_sec_search_browser_confirmed,https://www.sec.gov/Archives/edgar/data/1905956/000121390024038913/ea0204060-02.htm,SEC DEF 14A,"Board Diversity Matrix as of May 2, 2024; Total Number of Directors 5; Female 1, Male 4; African American or Black Male 1; Asian Female 1 and Male 1; White Male 2.",not_found_in_current_sec_filings,,,not_found,,,not_found,Published matrix date is after due+30 grace.,"Confirmed in 2024 DEF 14A section body. 2023 and 2024 10-K checks did not contain matrix; issuer domains did not resolve. Due 2023-08-11, 2024-05-02 filing is late."
released_in_required_window,high,1893311,,LUXURBAN HOTELS INC.,2022-08-12,2023-08-12,2023-09-11,published_on_time,2023-04-18,0001829126-23-002795,,0001829126-23-002795,,0001829126-23-002795,,,,,,,,Published matrix date is on/before due+30 grace.,
released_in_required_window,high,1901305,,"Forza X1, Inc.",2022-08-12,2023-08-12,2023-09-11,published_on_time,2023-08-28,0001731122-23-001609,,0001731122-23-001609,,0001731122-23-001609,,,,,,,,Published matrix date is on/before due+30 grace.,
released_in_required_window,high,1857816,GCT,GigaCloud Technology Inc,2022-08-18,2023-08-18,2023-09-17,published_on_time,2023-04-24,0001193125-23-112830,,0001193125-23-112830,,0001193125-23-112830,,,,,,,,Published matrix date is on/before due+30 grace.,
released_in_required_window,high,1914818,STBXF,Starbox Group Holdings Ltd.,2022-08-23,2023-08-23,2023-09-22,published_on_time,2023-01-18,0001493152-23-001784,,0001493152-23-001784,,0001493152-23-001784,,,,,,,,Published matrix date is on/before due+30 grace.,
released_in_required_window,high,1811623,,"Kuvatris Therapeutics, Inc.",2022-08-26,2023-08-26,2023-09-25,published_on_time,2023-04-06,0001104659-23-042685,,0001104659-23-042685,,0001104659-23-042685,,,,,,,,Published matrix date is on/before due+30 grace.,
released_in_required_window,high,1825452,ONFO,"Onfolio Holdings, Inc",2022-08-26,2023-08-26,2023-09-25,published_on_time,2023-05-22,0001654954-23-006957,,0001654954-23-006957,,0001654954-23-006957,,,,,,,,Published matrix date is on/before due+30 grace.,
no_release_found_after_checks,medium,1885408,NEXR,Nexera Technologies Ltd,2022-08-26,2023-08-26,2023-09-25,not_located,,,searched_no_substantive_matrix,,,,not_found_in_current_sec_filings,,,not_found,,,not_found,"No substantive primary matrix located after SEC, committed-check FTS/Wayback, website candidates, and manual/browser review where applicable.","Searched web and issuer/investor/governance pages; checked Jeffs Brands/Nexera 2023, 2024, 2025, and 2026 20-F filings plus SEC filing inventory. No substantive Board Diversity Matrix located; search hits were other issuers or director biographies mentioning Jeffs Brands."
no_release_found_after_checks,medium,1892480,,"Hempacco Co., Inc.",2022-08-30,2023-08-30,2023-09-29,not_located,,,searched_no_substantive_matrix,,,,not_found_in_current_sec_filings,,,not_found,,,not_found,"No substantive primary matrix located after SEC, committed-check FTS/Wayback, website candidates, and manual/browser review where applicable.","Searched web and current issuer site; checked Hempacco 2023 10-K, 2023 DEF 14C, 2024 10-K, 2024 DEF 14A, and 2024 DEF 14C. No substantive Board Diversity Matrix located; search hit was third-party OutQUORUM aggregate only."
released_in_required_window,high,1757499,SHPH,"Shuttle Pharmaceuticals Holdings, Inc.",2022-08-31,2023-08-31,2023-09-30,published_on_time,2022-11-21,0001493152-22-033175,,0001493152-22-033175,,0001493152-22-033175,,,,,,,,Published matrix date is on/before due+30 grace.,
released_after_required_window,high,1650101,ATXG,ADDENTAX GROUP CORP.,2022-09-01,2023-09-01,2023-10-01,published_late,2024-05-30,https://www.sec.gov/Archives/edgar/data/1650101/000149315224021876/formdef14a.htm,found_late_sec_search_browser_confirmed,https://www.sec.gov/Archives/edgar/data/1650101/000149315224021876/formdef14a.htm,SEC DEF 14A,"Board Diversity Matrix as of May 20, 2024; Total Number of Directors 5; Female 0, Male 5; underrepresented individual 0; LGBTQ+ 0; did not disclose demographic background 0.",not_found_in_current_sec_filings,,,not_found,,,not_found,Published matrix date is after due+30 grace.,"Confirmed in 2024 DEF 14A. 2023 10-K and 2024 10-K checked without matrix; issuer governance page did not expose matrix text. Due 2023-09-01, 2024-05-30 filing is late."
released_after_required_window,high,1712762,BIAF,"bioAffinity Technologies, Inc.",2022-09-01,2023-09-01,2023-10-01,published_late,2024-04-15,https://www.sec.gov/Archives/edgar/data/1712762/000149315224014522/formdef14a.htm,found_late_sec_search_browser_confirmed,https://www.sec.gov/Archives/edgar/data/1712762/000149315224014522/formdef14a.htm,SEC DEF 14A,"Board Diversity Matrix as of April 8, 2024; Total Number of Directors 8; Female 2, Male 6; White Female 2, White Male 6.",not_found_in_current_sec_filings,,,not_found,,,not_found,Published matrix date is after due+30 grace.,"Confirmed in 2024 DEF 14A. 2023 DEF 14A and 2024 10-K checked without matrix; issuer site checked. Due 2023-09-01, 2024-04-15 filing is late."
released_after_required_window,high,1898604,VSTD,Vestand Inc.,2022-09-09,2023-09-09,2023-10-09,published_late,2023-11-06,https://www.sec.gov/Archives/edgar/data/1898604/000149315223039587/formdef14a.htm,found_late_sec_search_browser_confirmed,https://www.sec.gov/Archives/edgar/data/1898604/000149315223039587/formdef14a.htm,SEC DEF 14A,"Board Diversity Matrix as of September 30, 2023; Total Number of Directors 4; Female 2, Male 2; Asian Female 2, Asian Male 2.",not_found_in_current_sec_filings,,,not_found,,,not_found,Published matrix date is after due+30 grace.,"Confirmed in 2023 DEF 14A for Yoshiharu/Vestand predecessor naming. 2024 10-K checked without matrix. Due 2023-09-09, filing date 2023-11-06 is late."
released_in_required_window,high,1887673,WLDS,Wearable Devices Ltd.,2022-09-13,2023-09-13,2023-10-13,published_on_time,2023-08-04,https://www.wearabledevices.co.il/_files/ugd/fd494d_b8bd0202161346f58cfc2d669130c313.pdf,found_on_time_issuer_pdf_browser_confirmed,https://www.wearabledevices.co.il/_files/ugd/fd494d_b8bd0202161346f58cfc2d669130c313.pdf,issuer IR PDF form-field matrix,"Board Diversity Matrix for Wearable Devices Ltd.; State of Israel; Foreign Private Issuer Yes; as of 08/04/2023; Total Number of Directors 6; Female 1, Male 4; Did Not Disclose Demographic Background 1.",not_found_in_current_sec_filings,,,not_found,,,not_found,Published matrix date is on/before due+30 grace.,"Confirmed via issuer IR governance page and visual/rendered inspection of PDF form fields; plain PDF text extraction missed values. SEC 2024 6-K exhibit links to same PDF; 20-Fs checked without matrix. Due 2023-09-13, 2023-08-04 is on time."
released_in_required_window,high,1756701,LNKB,"LINKBANCORP, Inc.",2022-09-14,2023-09-14,2023-10-14,published_on_time,2023-04-18,0001193125-23-104985,,0001193125-23-104985,,0001193125-23-104985,,,,,,,,Published matrix date is on/before due+30 grace.,
released_in_required_window,high,1923840,,"Third Harmonic Bio, Inc.",2022-09-15,2023-09-15,2023-10-15,published_on_time,2023-04-24,0000950170-23-014106,,0000950170-23-014106,,0000950170-23-014106,,,,,,,,Published matrix date is on/before due+30 grace.,
released_in_required_window,high,1527352,NXL,"Nexalin Technology, Inc.",2022-09-16,2023-09-16,2023-10-16,published_on_time,2023-10-06,0001829126-23-006467,,0001829126-23-006467,,0001829126-23-006467,,,,,,,,Published matrix date is on/before due+30 grace.,
released_in_required_window,high,1514183,SILO,"Silo Pharma, Inc.",2022-09-28,2023-09-28,2023-10-28,published_on_time,2023-10-23,0001013762-23-005850,,0001013762-23-005850,,0001013762-23-005850,,,,,,,,Published matrix date is on/before due+30 grace.,
no_release_found_after_checks,medium,1807887,LASE,Laser Photonics Corp,2022-09-30,2023-09-30,2023-10-30,not_located,,,searched_no_substantive_matrix,,,,not_found_in_current_sec_filings,,,not_found,,,not_found,"No substantive primary matrix located after SEC, committed-check FTS/Wayback, website candidates, and manual/browser review where applicable.","Searched web and issuer/governance pages; checked 2023 DEF 14A, 2024 10-K, 2024 DEF 14A, and 2025 proxy result. Issuer Board Diversity Informational Document is a general rule/background document, not a completed company matrix. No substantive Board Diversity Matrix located."
released_in_required_window,high,1894562,PRME,"Prime Medicine, Inc.",2022-10-20,2023-10-20,2023-11-19,published_on_time,2023-04-28,0001628280-23-013811,,0001628280-23-013811,,0001628280-23-013811,,,,,,,,Published matrix date is on/before due+30 grace.,
released_in_required_window,high,1910139,MBLY,Mobileye Global Inc.,2022-10-26,2023-10-26,2023-11-25,published_on_time,2023-04-28,0001104659-23-052939,,0001104659-23-052939,,0001104659-23-052939,,,,,,,,Published matrix date is on/before due+30 grace.,
released_in_required_window,high,1886894,SNAL,"Snail, Inc.",2022-11-10,2023-11-10,2023-12-10,published_on_time,2023-04-28,0001104659-23-052917,,0001104659-23-052917,,0001104659-23-052917,,,,,,,,Published matrix date is on/before due+30 grace.,
released_in_required_window,high,1921865,ASPI,ASP Isotopes Inc.,2022-11-10,2023-11-10,2023-12-10,published_on_time,2023-10-23,https://ir.aspisotopes.com/corporate-governance/board-diversity-matrix,found_on_time_issuer_site_browser_confirmed,https://ir.aspisotopes.com/corporate-governance/board-diversity-matrix,issuer IR page indexed primary content,"Board Diversity Matrix for ASP Isotopes Inc. as of October 23, 2023; Total Number of Directors 6; Female 0, Male 6.",not_found_in_current_sec_filings,,,not_found,,,not_found,Published matrix date is on/before due+30 grace.,"Primary IR page found via web search with matrix content. Browser/static HTML check on current page did not expose matrix content, suggesting client-side/stale rendering inconsistency; evidence kept at confidence 0.85. Due 2023-11-10, 2023-10-23 is on time."
released_in_required_window,high,1781174,ACRV,"Acrivon Therapeutics, Inc.",2022-11-15,2023-11-15,2023-12-15,published_on_time,2023-05-01,0000950170-23-016268,,0000950170-23-016268,,0000950170-23-016268,,,,,,,,Published matrix date is on/before due+30 grace.,
released_after_required_window,high,1892500,CMND,Clearmind Medicine Inc.,2022-11-16,2023-11-16,2023-12-16,published_late,2024-01-29,https://www.sec.gov/Archives/edgar/data/1892500/000121390024007413/f20f2023_clearmind.htm,found_late_sec_search_browser_confirmed,https://www.sec.gov/Archives/edgar/data/1892500/000121390024007413/f20f2023_clearmind.htm,SEC 20-F,"Board Diversity Matrix as of January 29, 2024; Canada FPI; Total Number of Directors 4; Female 0, Male 4; underrepresented individual 0; LGBTQ+ 0.",not_found_in_current_sec_filings,,,not_found,,,not_found,Published matrix date is after due+30 grace.,"Confirmed in 2024 20-F for fiscal 2023. 2023 20-F checked without matrix; due 2023-11-16, 2024-01-29 is late."
released_in_required_window,high,1889823,DFSC,DEFSEC Technologies Inc.,2022-12-08,2023-12-08,2024-01-07,published_on_time,2023-01-27,0001062993-23-001487,,0001062993-23-001487,,0001062993-23-001487,,,,,,,,Published matrix date is on/before due+30 grace.,
no_release_found_after_checks,medium,1884072,,Adamas One Corp.,2022-12-09,2023-12-09,2024-01-08,not_located,,,searched_no_substantive_matrix,,,,not_found_in_current_sec_filings,,,not_found,,,not_found,"No substantive primary matrix located after SEC, committed-check FTS/Wayback, website candidates, and manual/browser review where applicable.",Searched web and issuer/IR domains; checked 2023 and 2024 Adamas One 10-K filings. Current issuer domain presents Cloudflare suspected-phishing warning/redirect behavior and investor subdomain does not resolve. No substantive Board Diversity Matrix located.
released_in_required_window,high,1825875,RAYA,Erayak Power Solution Group Inc.,2022-12-14,2023-12-14,2024-01-13,published_on_time,2023-05-15,0001213900-23-039841,,0001213900-23-039841,,0001213900-23-039841,,,,,,,,Published matrix date is on/before due+30 grace.,
released_in_required_window,high,1347242,LIPO,LIPELLA PHARMACEUTICALS INC.,2022-12-20,2023-12-20,2024-01-19,published_on_time,2023-10-10,0001753926-23-001309,,0001753926-23-001309,,0001753926-23-001309,,,,,,,,Published matrix date is on/before due+30 grace.,
released_in_required_window,high,1835022,COYA,"Coya Therapeutics, Inc.",2022-12-29,2023-12-29,2024-01-28,published_on_time,2023-05-19,0001193125-23-149377,,0001193125-23-149377,,0001193125-23-149377,,,,,,,,Published matrix date is on/before due+30 grace.,
released_after_required_window,high,1519449,SKWD,"Skyward Specialty Insurance Group, Inc.",2023-01-13,2024-01-13,2024-02-12,published_late,2024-04-01,https://www.sec.gov/Archives/edgar/data/1519449/000151944924000015/skywardspecialtyinsuranceg.htm,found_late_sec_search_browser_confirmed,https://www.sec.gov/Archives/edgar/data/1519449/000151944924000015/skywardspecialtyinsuranceg.htm,SEC DEF 14A,"Board Diversity Matrix; Total Number of Directors 8; Female 3, Male 5; African American or Black Female 1; White Female 2, White Male 4; Did Not Disclose Demographic Background 1.",not_found_in_current_sec_filings,,,not_found,,,not_found,Published matrix date is after due+30 grace.,"Confirmed in 2024 DEF 14A. 2023 proxy and 2024 10-K checked without matrix; due 2024-01-13, 2024-04-01 filing is late."
released_after_required_window,high,1902794,,MGO Global Inc.,2023-01-13,2024-01-13,2024-02-12,published_late,2024-04-01,https://www.sec.gov/Archives/edgar/data/1902794/000149315224012329/form10-k.htm,found_late_sec_search_browser_confirmed,https://www.sec.gov/Archives/edgar/data/1902794/000149315224012329/form10-k.htm,SEC 10-K,"Board Diversity Matrix as of December 31, 2023; Total Number of Directors 7; Female 2, Male 5; African American/Black Male 1; Asian Female 1; Hispanic/Latinx Male 1; White Female 1, Male 3.",not_found_in_current_sec_filings,,,not_found,,,not_found,Published matrix date is after due+30 grace.,"Confirmed in 2024 10-K. 2023 10-K checked without matrix; issuer pages checked. Due 2024-01-13, 2024-04-01 is late."
released_in_required_window,high,1937993,CVKD,"Cadrenal Therapeutics, Inc.",2023-01-20,2024-01-20,2024-02-19,published_on_time,2023-08-28,0001213900-23-071281,,0001213900-23-071281,,0001213900-23-071281,,,,,,,,Published matrix date is on/before due+30 grace.,
released_in_required_window,high,1932770,HERE,Here Group Ltd,2023-01-25,2024-01-25,2024-02-24,published_on_time,2023-10-27,0001013762-23-007052,,0001013762-23-007052,,0001013762-23-007052,,,,,,,,Published matrix date is on/before due+30 grace.,
released_in_required_window,high,1231457,GNLX,GENELUX Corp,2023-01-26,2024-01-26,2024-02-25,published_on_time,2023-07-20,0001493152-23-025087,,0001493152-23-025087,,0001493152-23-025087,,,,,,,,Published matrix date is on/before due+30 grace.,
no_release_found_after_checks,medium,1939965,SLMT,Brera Holdings PLC,2023-01-27,2024-01-27,2024-02-26,not_located,,,searched_no_substantive_matrix,,,,not_found_in_current_sec_filings,,,not_found,,,not_found,"No substantive primary matrix located after SEC, committed-check FTS/Wayback, website candidates, and manual/browser review where applicable.","Searched web and issuer/investor domains; checked Brera 2023, 2024, and 2025 20-F filings. No substantive Board Diversity Matrix located; search hit was third-party OutQUORUM aggregate only."
released_after_required_window,high,1888886,GPCR,Structure Therapeutics Inc.,2023-02-03,2024-02-03,2024-03-04,published_late,2024-04-25,https://www.sec.gov/Archives/edgar/data/1888886/000110465924051972/tm2412014-1_def14a.htm,found_late_sec_search_browser_confirmed,https://www.sec.gov/Archives/edgar/data/1888886/000110465924051972/tm2412014-1_def14a.htm,SEC DEF 14A,"Board Diversity Matrix as of April 19, 2024; Total Number of Directors 7; Female 2, Male 5; African American or Black Male 1; White Female 2, White Male 4.",not_found_in_current_sec_filings,,,not_found,,,not_found,Published matrix date is after due+30 grace.,"Confirmed in 2024 DEF 14A. 2023 and 2024 10-Ks checked without matrix; due 2024-02-03, 2024-04-25 is late."
released_after_required_window,high,1920406,ASST,"Strive, Inc.",2023-02-03,2024-02-03,2024-03-04,published_late,2024-08-22,https://www.sec.gov/Archives/edgar/data/1920406/000121390024071597/ea0211815-def14a_asset.htm,found_late_sec_search_browser_confirmed,https://www.sec.gov/Archives/edgar/data/1920406/000121390024071597/ea0211815-def14a_asset.htm,SEC DEF 14A,"Board Diversity Matrix as of August 2, 2024; Total Number of Directors 7; Female 0, Male 7; White Male 7; all other categories 0.",not_found_in_current_sec_filings,,,not_found,,,not_found,Published matrix date is after due+30 grace.,"Confirmed in 2024 DEF 14A. 2023/2024 10-Ks checked without matrix; issuer site checked. Due 2024-02-03, 2024-08-22 is late."
released_in_required_window,high,1945711,LVROF,Lavoro Ltd,2023-02-03,2024-02-03,2024-03-04,published_on_time,2023-11-01,0001945711-23-000004,,0001945711-23-000004,,0001945711-23-000004,,,,,,,,Published matrix date is on/before due+30 grace.,
released_in_required_window,high,1852131,NXT,Nextpower Inc.,2023-02-09,2024-02-09,2024-03-10,published_on_time,2023-07-31,0001140361-23-036830,,0001140361-23-036830,,0001140361-23-036830,,,,,,,,Published matrix date is on/before due+30 grace.,
released_in_required_window,high,1861737,HSAI,Hesai Group,2023-02-09,2024-02-09,2024-03-10,published_on_time,2023-04-20,0001104659-23-047439,,0001104659-23-047439,,0001104659-23-047439,,,,,,,,Published matrix date is on/before due+30 grace.,
no_release_found_after_checks,medium,1865127,,"Lucy Scientific Discovery, Inc.",2023-02-09,2024-02-09,2024-03-10,not_located,,,searched_no_substantive_matrix,,No substantive matrix located,"No Board Diversity Matrix / Total Number of Directors / Nasdaq Rule 5606 terms found in 2023 10-K, 2024-02-13 10-Q, adjacent Feb-Mar 2024 8-Ks, or Wayback captures of issuer IR/governance pages around due date.",not_found_in_current_sec_filings,,,not_found,,,not_found,"No substantive primary matrix located after SEC, committed-check FTS/Wayback, website candidates, and manual/browser review where applicable.","Checked SEC inventory around 2024-02-09 due date: 2023-10-13 10-K, 2024-02-13 10-Q, 2024-02-23 8-K, 2024-02-27 8-K, 2024-03-12 8-K; no matrix terms. Live IR domain is repurposed/unrelated. Wayback captures of ir.lucyscientific.com homepage and governance/committee pages in Jan-Apr 2024 showed governance links but no matrix."
released_in_required_window,high,1922641,ENLT,Enlight Renewable Energy Ltd.,2023-02-10,2024-02-10,2024-03-11,published_on_time,2023-03-30,0001178913-23-001223,,0001178913-23-001223,,0001178913-23-001223,,,,,,,,Published matrix date is on/before due+30 grace.,
released_after_required_window,high,1933414,MLYS,"Mineralys Therapeutics, Inc.",2023-02-10,2024-02-10,2024-03-11,published_late,2024-04-09,https://www.sec.gov/Archives/edgar/data/1933414/000193341424000009/mlys-proxystatementx202404.htm,found_late_sec_search_browser_confirmed,https://www.sec.gov/Archives/edgar/data/1933414/000193341424000009/mlys-proxystatementx202404.htm,SEC DEF 14A,"Board Diversity Matrix as of March 15, 2024; Total Number of Directors 8; Directors Female 1, Male 7; Asian Female 1; White Female 1, Male 6.",found_current_sec_matrix,2026-04-08,https://www.sec.gov/Archives/edgar/data/1933414/000193341426000069/mlys-20260408.htm,not_found,,,not_found,Published matrix date is after due+30 grace.,"SEC search/browser confirmed matrix in 2024 DEF 14A filed 2024-04-09. Due 2024-02-10, beyond due+30, so late. 2024 10-K checked separately without matrix; 2025 DEF 14A later also has matrix."
released_after_required_window,high,1829247,BFRG,"BullFrog AI Holdings, Inc.",2023-02-14,2024-02-14,2024-03-15,published_late,2024-03-29,https://www.sec.gov/Archives/edgar/data/1829247/000149315224011964/form10-k.htm,found_late_sec_search_browser_confirmed,https://www.sec.gov/Archives/edgar/data/1829247/000149315224011964/form10-k.htm,SEC 10-K,"Board Diversity Matrix; Total Number of Directors 4; Directors Female 0, Male 4, Non-Binary 0, Did Not Disclose Gender 0.",found_current_sec_matrix,2025-03-14,https://www.sec.gov/Archives/edgar/data/1829247/000149315225010367/form10-k.htm,not_found,,,not_found,Published matrix date is after due+30 grace.,"SEC search/browser confirmed matrix in 2024 10-K filed 2024-03-29. Due 2024-02-14, beyond due+30, so late. 2023 10-K had no matrix; 2024 DEF 14A contains a later matrix."
released_after_required_window,high,1895618,GXAI,GAXOS.AI INC.,2023-02-15,2024-02-15,2024-03-16,published_late,2024-03-27,https://www.sec.gov/Archives/edgar/data/1895618/000121390024026681/ea0202356-10k_gaxosai.htm,found_late_sec_search_browser_confirmed,https://www.sec.gov/Archives/edgar/data/1895618/000121390024026681/ea0202356-10k_gaxosai.htm,SEC 10-K,"Board Diversity Matrix as of March 27, 2024; Total Number of Directors 4; Directors Male 4; White Male 4.",not_found_in_current_sec_filings,,,not_found,,,not_found,Published matrix date is after due+30 grace.,"SEC search/browser confirmed matrix in 2024 10-K filed 2024-03-27. Due 2024-02-15, beyond due+30, so late. January 2024 proxy checked without matrix; November 2024 proxy contains a later clearer matrix."
no_release_found_after_checks,medium,1611282,,"PishPosh, Inc.",2023-03-07,2024-03-07,2024-04-06,not_located,,,searched_no_substantive_matrix,,No substantive matrix located,No Board Diversity Matrix / Diversity Matrix / Nasdaq Rule 5606 / Total Number of Directors terms found in SEC 2023-2025 annual/quarterly/registration filings or issuer/Wayback homepage checks.,not_found_in_current_sec_filings,,,not_found,,,not_found,"No substantive primary matrix located after SEC, committed-check FTS/Wayback, website candidates, and manual/browser review where applicable.",Checked SEC filings including 2023 and 2024 10-Ks and 2024 10-Qs/S-1 amendments; no matrix. Current and Wayback pishposhbaby.com pages show retail/investor-relations footer but no substantive matrix.
released_in_required_window,high,1935172,AIXI,Xiao-I Corp,2023-03-09,2024-03-09,2024-04-08,published_on_time,2023-04-28,0001213900-23-033683,,0001213900-23-033683,,0001213900-23-033683,,,,,,,,Published matrix date is on/before due+30 grace.,
released_in_required_window,high,1854572,IZM,ICZOOM Group Inc.,2023-03-15,2024-03-15,2024-04-14,published_on_time,2023-10-31,0001213900-23-081728,,0001213900-23-081728,,0001213900-23-081728,,,,,,,,Published matrix date is on/before due+30 grace.,
released_after_required_window,high,1938046,MGRX,"MANGOCEUTICALS, INC.",2023-03-21,2024-03-21,2024-04-20,published_late,2024-05-16,https://www.sec.gov/Archives/edgar/data/1938046/000149315224020141/formdef14a.htm,found_late_sec_search_browser_confirmed,https://www.sec.gov/Archives/edgar/data/1938046/000149315224020141/formdef14a.htm,SEC DEF 14A,"Board Diversity Matrix as of May 16, 2024; Total Number of Directors 4; Directors Female 1, Male 3; Asian Male 1; Hispanic or Latinx Male 1; White Female 1, Male 1.",not_found_in_current_sec_filings,,,not_found,,,not_found,Published matrix date is after due+30 grace.,"SEC search/browser confirmed matrix in 2024 DEF 14A filed 2024-05-16. Due 2024-03-21, beyond due+30, so late."
released_in_required_window,high,1944902,OMH,Ohmyhome Ltd,2023-03-21,2024-03-21,2024-04-20,published_on_time,2023-04-27,0001493152-23-013845,,0001493152-23-013845,,0001493152-23-013845,,,,,,,,Published matrix date is on/before due+30 grace.,
released_in_required_window,high,1914805,BANL,CBL International Ltd,2023-03-23,2024-03-23,2024-04-22,published_on_time,2024-04-18,0001493152-24-015142,,0001493152-24-015142,,0001493152-24-015142,,,,,,,,Published matrix date is on/before due+30 grace.,
released_in_required_window,high,1329606,CETY,"Clean Energy Technologies, Inc.",2023-03-24,2024-03-24,2024-04-23,published_on_time,2024-04-17,0001493152-24-014897,,0001493152-24-014897,,0001493152-24-014897,,,,,,,,Published matrix date is on/before due+30 grace.,
released_in_required_window,high,1837821,ZJYL,Jin Medical International Ltd.,2023-03-28,2024-03-28,2024-04-27,published_on_time,2024-04-26,0001213900-24-036700,,0001213900-24-036700,,0001213900-24-036700,,,,,,,,Published matrix date is on/before due+30 grace.,
no_release_found_after_checks,medium,1875496,,"YanGuFang International Group Co., Ltd",2023-03-28,2024-03-28,2024-04-27,not_located,,,searched_no_substantive_matrix,,No substantive matrix located,No Board Diversity Matrix / Diversity Matrix / Nasdaq Rule 5606 terms found in SEC 2023-2024 6-K/20-F-related filings or issuer/Wayback homepage check.,not_found_in_current_sec_filings,,,no_company_url,,,not_found,"No substantive primary matrix located after SEC, committed-check FTS/Wayback, website candidates, and manual/browser review where applicable.","Checked SEC inventory: 2024 25-NSE delisting notice, Jan 2024 6-Ks, 2023 6-Ks, F-1/prospectus history; no matrix. Wayback January 2024 yangufang.com capture is a JavaScript shell without substantive matrix text. Web search did not locate primary matrix evidence."
released_in_required_window,high,1855557,HLP,Hongli Group Inc.,2023-03-29,2024-03-29,2024-04-28,published_on_time,2023-05-16,0001213900-23-040060,,0001213900-23-040060,,0001213900-23-040060,,,,,,,,Published matrix date is on/before due+30 grace.,
released_in_required_window,high,1825349,CHSN,Chanson International Holding,2023-03-30,2024-03-30,2024-04-29,published_on_time,2023-05-01,0001213900-23-034610,,0001213900-23-034610,,0001213900-23-034610,,,,,,,,Published matrix date is on/before due+30 grace.,
released_in_required_window,high,1742341,HKIT,HiTek Global Inc.,2023-03-31,2024-03-31,2024-04-30,published_on_time,2023-04-27,0001213900-23-032977,,0001213900-23-032977,,0001213900-23-032977,,,,,,,,Published matrix date is on/before due+30 grace.,
released_in_required_window,high,1863218,SFWL,SHENGFENG DEVELOPMENT Ltd,2023-03-31,2024-03-31,2024-04-30,published_on_time,2023-05-01,0001213900-23-034752,,0001213900-23-034752,,0001213900-23-034752,,,,,,,,Published matrix date is on/before due+30 grace.,
released_in_required_window,high,1946216,,"SYLA Technologies Co., Ltd.",2023-03-31,2024-03-31,2024-04-30,published_on_time,2023-04-18,0001493152-23-012779,,0001493152-23-012779,,0001493152-23-012779,,,,,,,,Published matrix date is on/before due+30 grace.,
released_in_required_window,high,1903995,MGIH,Millennium Group International Holdings Ltd,2023-04-04,2024-04-04,2024-05-04,published_on_time,2023-10-30,0001213900-23-081558,,0001213900-23-081558,,0001213900-23-081558,,,,,,,,Published matrix date is on/before due+30 grace.,
released_after_required_window,high,1948455,ISPR,Ispire Technology Inc.,2023-04-04,2024-04-04,2024-05-04,published_late,2024-05-07,https://www.sec.gov/Archives/edgar/data/1948455/000121390024040264/ea0205362-01.htm,found_late_sec_search_browser_confirmed,https://www.sec.gov/Archives/edgar/data/1948455/000121390024040264/ea0205362-01.htm,SEC DEF 14A,"Board Diversity Matrix; Directors (5 total): Male 4, Female 1; Asian Male 1, Female 1; White Male 3.",not_found_in_current_sec_filings,,,not_found,,,not_found,Published matrix date is after due+30 grace.,"SEC search/browser confirmed matrix in 2024 DEF 14A filed 2024-05-07. Due 2024-04-04, beyond due+30, so late. Later 2024 10-K and 2025 filings checked without earlier matrix."
released_after_required_window,high,1930179,ARBB,ARB IOT Group Ltd,2023-04-05,2024-04-05,2024-05-05,published_late,2024-05-16,https://www.arbiotgroup.com/board-diversity-matrix,found_late_issuer_site_browser_confirmed,https://www.arbiotgroup.com/board-diversity-matrix,Issuer website board diversity matrix,"Board Diversity Matrix as of May 16, 2024; Foreign Private Issuer Yes; Total Number of Directors 5; Directors Female 2, Male 3; Underrepresented Individual 0; LGBTQ+ 0.",not_found_in_current_sec_filings,,,not_found,,,not_found,Published matrix date is after due+30 grace.,"Issuer website/current page and web search confirmed board diversity matrix; Wayback has capture on 2024-05-19. SEC 2023-2025 20-F/6-K scan did not find matrix. Due 2024-04-05, beyond due+30, so late."
released_in_required_window,high,1928340,GDHG,GOLDEN HEAVEN GROUP HOLDINGS LTD.,2023-04-12,2024-04-12,2024-05-12,published_on_time,2024-02-15,0001213900-24-014627,,0001213900-24-014627,,0001213900-24-014627,,,,,,,,Published matrix date is on/before due+30 grace.,
released_in_required_window,high,1930510,VCIG,VCI Global Ltd,2023-04-13,2024-04-13,2024-05-13,published_on_time,2023-05-15,0001575872-23-000741,,0001575872-23-000741,,0001575872-23-000741,,,,,,,,Published matrix date is on/before due+30 grace.,
released_in_required_window,high,1873093,GDTC,CytoMed Therapeutics Ltd,2023-04-14,2024-04-14,2024-05-14,published_on_time,2024-04-22,0001493152-24-015594,,0001493152-24-015594,,0001493152-24-015594,,,,,,,,Published matrix date is on/before due+30 grace.,
released_in_required_window,high,1938865,WAI,Top KingWin Ltd,2023-04-18,2024-04-18,2024-05-18,published_on_time,2023-05-16,0001213900-23-040532,,0001213900-23-040532,,0001213900-23-040532,,,,,,,,Published matrix date is on/before due+30 grace.,
released_in_required_window,high,1899658,WLGSF,"WANG & LEE GROUP, Inc.",2023-04-20,2024-04-20,2024-05-20,published_on_time,2024-01-19,https://www.wangnleegroup.com/_files/ugd/cda0ed_69638031a5b741be9767a91aa6b7b3f3.pdf,found_on_time_issuer_pdf_browser_confirmed,https://www.wangnleegroup.com/_files/ugd/cda0ed_69638031a5b741be9767a91aa6b7b3f3.pdf,Issuer website PDF board diversity matrix,"Board Diversity Matrix for WANG & LEE GROUP, Inc. as of 1/19/2024; Total Number of Directors 5; Directors Female 1, Male 4; Asian 3; White 1; Did Not Disclose Demographic Background 1.",not_found_in_current_sec_filings,,,not_found,,,not_found,Published matrix date is on/before due+30 grace.,"Issuer corporate governance page links 2024 Board Diversity Matrix PDF. PDF text extracted locally. SEC 2024/2025 20-F only had generic director-count language, not matrix. Due 2024-04-20, matrix date 2024-01-19 is on time."
released_in_required_window,high,1939780,UCAR,U Power Ltd,2023-04-20,2024-04-20,2024-05-20,published_on_time,2023-08-22,0001213900-23-069924,,0001213900-23-069924,,0001213900-23-069924,,,,,,,,Published matrix date is on/before due+30 grace.,
released_in_required_window,high,1947244,USGO,U.S. GoldMining Inc.,2023-04-20,2024-04-20,2024-05-20,published_on_time,2024-04-11,0001493152-24-014319,,0001493152-24-014319,,0001493152-24-014319,,,,,,,,Published matrix date is on/before due+30 grace.,
released_in_required_window,high,1938186,JYD,Jayud Global Logistics Ltd,2023-04-21,2024-04-21,2024-05-21,published_on_time,2023-05-15,0001213900-23-039570,,0001213900-23-039570,,0001213900-23-039570,,,,,,,,Published matrix date is on/before due+30 grace.,
released_in_required_window,high,1962918,,"ACELYRIN, Inc.",2023-05-05,2024-05-05,2024-06-04,published_on_time,2024-04-22,0001962918-24-000045,,0001962918-24-000045,,0001962918-24-000045,,,,,,,,Published matrix date is on/before due+30 grace.,
released_in_required_window,high,1627282,CWD,CaliberCos Inc.,2023-05-17,2024-05-17,2024-06-16,published_on_time,2024-05-16,0001627282-24-000069,,0001627282-24-000069,,0001627282-24-000069,,,,,,,,Published matrix date is on/before due+30 grace.,
released_in_required_window,high,1951067,CISS,C3is Inc.,2023-06-12,2024-06-12,2024-07-12,published_on_time,2024-06-14,https://c3is.pro/DataRoom/C3isBoardDiversityMatrix2024.pdf,found_on_time_issuer_pdf_browser_confirmed,https://c3is.pro/DataRoom/C3isBoardDiversityMatrix2024.pdf,Issuer website PDF board diversity matrix,"Board Diversity Matrix as of June 14, 2024; Greece; Foreign Private Issuer Yes; Total Number of Directors 4; Directors Male 4.",not_found_in_current_sec_filings,,,not_found,,,not_found,Published matrix date is on/before due+30 grace.,"Issuer PDF found by web search and form fields extracted locally. Due 2024-06-12; within due+30 grace, so on time."
released_in_required_window,high,1687187,METC,"Ramaco Resources, Inc.",2023-06-15,2024-06-15,2024-07-15,published_on_time,2024-04-29,0001558370-24-006096,,0001558370-24-006096,,0001558370-24-006096,,,,,,,,Published matrix date is on/before due+30 grace.,
no_release_found_after_checks,medium,1962481,BOF,BranchOut Food Inc.,2023-06-16,2024-06-16,2024-07-16,not_located,,,searched_no_substantive_matrix,,No substantive matrix located,"No primary Board Diversity Matrix located in SEC sweep, issuer/web search, or search results; secondary Out Leadership row reports no disclosed dimensions.",not_found_in_current_sec_filings,,,not_found,,,not_found,"No substantive primary matrix located after SEC, committed-check FTS/Wayback, website candidates, and manual/browser review where applicable.",SEC sweep scanned 53 relevant filings with no strong matrix terms. Web search did not locate primary BranchOut Food matrix evidence.
partial_or_unretrieved_primary_evidence,low,1891856,GENK,"GEN Restaurant Group, Inc.",2023-06-28,2024-06-28,2024-07-28,not_located,,,candidate_file_unretrieved,https://investor.genkoreanbbq.com/static-files/b9bf5295-ea6a-4ff4-84e7-5cc703509eb8,"Issuer static Board Diversity Matrix file link, not extracted","Issuer governance page includes a Board Diversity Matrix link to a static file, but direct shell download hung and browser PDF screenshot timed out; matrix values were not extracted.",not_found_in_current_sec_filings,,,not_found,,,not_found,"Primary matrix candidate/link found, but file could not be retrieved or values not extracted.",SEC sweep had no matrix. Browser confirmed issuer governance page and Board Diversity Matrix static-file link. Left as candidate_file_unretrieved pending a retrievable copy or manual browser/PDF extraction.
released_after_required_window,high,1823584,AENT,ALLIANCE ENTERTAINMENT HOLDING CORP,2023-06-30,2024-06-30,2024-07-30,published_late,2024-10-18,https://www.sec.gov/Archives/edgar/data/1823584/000149315224041476/formdef14a.htm,found_late_sec_search_browser_confirmed,https://www.sec.gov/Archives/edgar/data/1823584/000149315224041476/formdef14a.htm,SEC DEF 14A,"Board Diversity Matrix as of September 23, 2024; Total Number of Directors 6; Directors Female 1, Male 5; White Female 1, Male 5.",not_found_in_current_sec_filings,,,not_found,,,not_found,Published matrix date is after due+30 grace.,"SEC sweep confirmed matrix in 2024 DEF 14A filed 2024-10-18. Due 2024-06-30, beyond due+30, so late."
released_in_required_window,high,1765850,AURE,Aurelion Inc.,2023-07-06,2024-07-06,2024-08-05,published_on_time,2024-07-09,https://ir.aurelion.com/download/PWM+-+board+diversity+matrix+disclosure.pdf,found_on_time_issuer_pdf_browser_confirmed,https://ir.aurelion.com/download/PWM+-+board+diversity+matrix+disclosure.pdf,Issuer website PDF board diversity matrix,"Board Diversity Matrix as of July 9, 2024; Hong Kong; Foreign Private Issuer Yes; Total Number of Directors 5; Directors Female 0, Male 5.",not_found_in_current_sec_filings,,,not_found,,,not_found,Published matrix date is on/before due+30 grace.,"Issuer page linked old Prestige Wealth host; equivalent PDF retrieved from current ir.aurelion.com host and extracted. Due 2024-07-06; within due+30 grace, so on time."
released_in_required_window,high,1946563,SXTP,"60 DEGREES PHARMACEUTICALS, INC.",2023-07-12,2024-07-12,2024-08-11,published_on_time,2024-05-30,0001213900-24-047861,,0001213900-24-047861,,0001213900-24-047861,,,,,,,,Published matrix date is on/before due+30 grace.,
released_in_required_window,high,1400118,SGMT,Sagimet Biosciences Inc.,2023-07-14,2024-07-14,2024-08-13,published_on_time,2024-04-18,0001104659-24-048534,,0001104659-24-048534,,0001104659-24-048534,,,,,,,,Published matrix date is on/before due+30 grace.,
released_in_required_window,high,1974640,APGE,"Apogee Therapeutics, Inc.",2023-07-14,2024-07-14,2024-08-13,published_on_time,2024-04-24,0001104659-24-051224,,0001104659-24-051224,,0001104659-24-051224,,,,,,,,Published matrix date is on/before due+30 grace.,
released_in_required_window,high,1907085,ODD,Oddity Tech Ltd,2023-07-19,2024-07-19,2024-08-18,published_on_time,2024-03-06,0001104659-24-031179,,0001104659-24-031179,,0001104659-24-031179,,,,,,,,Published matrix date is on/before due+30 grace.,
released_after_required_window,high,1737523,BGLC,BioNexus Gene Lab Corp,2023-07-21,2024-07-21,2024-08-20,published_late,2024-09-16,https://www.sec.gov/Archives/edgar/data/1737523/000147793224005760/bglc_def14a.htm,found_late_sec_search_browser_confirmed,https://www.sec.gov/Archives/edgar/data/1737523/000147793224005760/bglc_def14a.htm,SEC DEF 14A,"Board Diversity Matrix as of September 4, 2024; Total Number of Directors 5; Directors Female 0, Male 5; Asian (other than South Asian) Male 5.",found_current_sec_matrix,2025-12-03,https://www.sec.gov/Archives/edgar/data/1737523/000147793225008757/bglc_def14a.htm,not_found,,,not_found,Published matrix date is after due+30 grace.,"SEC sweep confirmed matrix in 2024 DEF 14A filed 2024-09-16. Due 2024-07-21, beyond due+30, so late. Later 2025 proxy also contains matrix but not earliest located."
released_in_required_window,high,1764974,,Turnstone Biologics Corp.,2023-07-21,2024-07-21,2024-08-20,published_on_time,2024-04-22,0000950170-24-046454,,0000950170-24-046454,,0000950170-24-046454,,,,,,,,Published matrix date is on/before due+30 grace.,
released_after_required_window,high,1805526,DFDV,DeFi Development Corp.,2023-07-25,2024-07-25,2024-08-24,published_late,2024-11-04,https://www.sec.gov/Archives/edgar/data/1805526/000157587224001119/cm498_def14a.htm,found_late_sec_search_browser_confirmed,https://www.sec.gov/Archives/edgar/data/1805526/000157587224001119/cm498_def14a.htm,SEC DEF 14A,"Board Diversity Matrix as of October 31, 2024; Total Number of Directors 5; Directors Male 5; Hispanic or Latinx Male 2; White Male 3.",not_found_in_current_sec_filings,,,not_found,,,not_found,Published matrix date is after due+30 grace.,"SEC sweep confirmed matrix in 2024 DEF 14A filed 2024-11-04. Due 2024-07-25, beyond due+30, so late."
released_in_required_window,high,1944399,PDC,Perpetuals.com Ltd,2023-07-25,2024-07-25,2024-08-24,published_on_time,2023-09-15,0001213900-23-077074,,0001213900-23-077074,,0001213900-23-077074,,,,,,,,Published matrix date is on/before due+30 grace.,
released_in_required_window,high,1934642,MDBH,"MDB Capital Holdings, LLC",2023-07-26,2024-07-26,2024-08-25,published_on_time,2024-03-29,0001493152-24-012008,,0001493152-24-012008,,0001493152-24-012008,,,,,,,,Published matrix date is on/before due+30 grace.,
released_in_required_window,high,1916241,PRZO,ParaZero Technologies Ltd.,2023-07-27,2024-07-27,2024-08-26,published_on_time,2024-03-21,0001213900-24-024822,,0001213900-24-024822,,0001213900-24-024822,,,,,,,,Published matrix date is on/before due+30 grace.,
released_after_required_window,high,1911545,GITS,"Global Interactive Technologies, Inc.",2023-08-01,2024-08-01,2024-08-31,published_late,2024-12-02,https://www.sec.gov/Archives/edgar/data/1911545/000121390024104199/ea0223068-01.htm,found_late_sec_search_browser_confirmed,https://www.sec.gov/Archives/edgar/data/1911545/000121390024104199/ea0223068-01.htm,SEC DEF 14A,"Board Diversity Matrix as of November 7, 2024; Total Number of Directors 4; Directors Male 4; White Male 3; Asian Male 1.",not_found_in_current_sec_filings,,,not_found,,,not_found,Published matrix date is after due+30 grace.,"SEC sweep confirmed matrix in 2024 DEF 14A filed 2024-12-02. Due 2024-08-01, beyond due+30, so late."
released_in_required_window,high,1951667,CTNT,CHEETAH NET SUPPLY CHAIN SERVICE INC.,2023-08-01,2024-08-01,2024-08-31,published_on_time,2024-04-23,0001104659-24-050619,,0001104659-24-050619,,0001104659-24-050619,,,,,,,,Published matrix date is on/before due+30 grace.,
released_in_required_window,high,1962845,,"PIXIE DUST TECHNOLOGIES, INC.",2023-08-01,2024-08-01,2024-08-31,published_on_time,2023-11-16,0001193125-23-278289,,0001193125-23-278289,,0001193125-23-278289,,,,,,,,Published matrix date is on/before due+30 grace.,
no_release_found_after_checks,medium,1904286,MIRA,"MIRA PHARMACEUTICALS, INC.",2023-08-03,2024-08-03,2024-09-02,not_located,,,searched_no_substantive_matrix,,No substantive matrix located,No primary Board Diversity Matrix located in SEC sweep or web search; secondary Out Leadership row reports no disclosed dimensions.,not_found_in_current_sec_filings,,,not_found,,,not_found,"No substantive primary matrix located after SEC, committed-check FTS/Wayback, website candidates, and manual/browser review where applicable.",SEC sweep scanned 82 relevant filings with no strong matrix terms. Web search did not locate primary MIRA Pharmaceuticals matrix evidence.
released_after_required_window,high,1928581,GMEX,GMEX Robotics Corp,2023-08-08,2024-08-08,2024-09-07,published_late,2024-11-15,https://www.sec.gov/Archives/edgar/data/1928581/000149315224046303/form20-f.htm,found_late_sec_search_browser_confirmed,https://www.sec.gov/Archives/edgar/data/1928581/000149315224046303/form20-f.htm,SEC 20-F,"Board Diversity Matrix in annual report; Foreign Private Issuer Yes; Total Number of Directors 5; Directors Female 2, Male 3; Underrepresented Individual in Home Country Jurisdiction 3.",not_found_in_current_sec_filings,,,not_found,,,not_found,Published matrix date is after due+30 grace.,"SEC sweep confirmed matrix in 2024 20-F filed 2024-11-15. Due 2024-08-08, beyond due+30, so late."
released_in_required_window,high,1843165,YHC,LQR House Inc.,2023-08-10,2024-08-10,2024-09-09,published_on_time,2024-08-10,https://invest.lqrhouse.com/board-diversity-matrix/,found_on_time_issuer_site_browser_confirmed,https://invest.lqrhouse.com/board-diversity-matrix/,Issuer website board diversity matrix,"Board Diversity Matrix as of August 10, 2024; Total Number of Directors 6; Directors Female 1, Male 5; White Female 1, Male 5.",not_found_in_current_sec_filings,,,not_found,,,not_found,Published matrix date is on/before due+30 grace.,Issuer website matrix page found by web search and fetched directly. Due 2024-08-10; on time.
released_in_required_window,high,1956744,TRON,Tron Inc.,2023-08-15,2024-08-15,2024-09-14,published_on_time,2024-04-01,0001493152-24-012449,,0001493152-24-012449,,0001493152-24-012449,,,,,,,,Published matrix date is on/before due+30 grace.,
partial_or_unretrieved_primary_evidence,low,1935418,FMST,Foremost Clean Energy Ltd.,2023-08-23,2024-08-23,2024-09-22,not_located,,,candidate_file_unretrieved,https://www.foremostcleanenergy.com/images/pdf/Governance_Documents/2023/Foremost_Lithium_-_Initial_Board_Diversity_Matrix_Dec._21_2023.pdf,Primary PDF candidate blocked by site,"Search result exposed primary Foremost Clean Energy PDF titled Initial Board Diversity Matrix dated Dec. 21, 2023, but direct fetch returned a 403/HTML block rather than the PDF.",not_found_in_current_sec_filings,,,not_found,,,not_found,"Primary matrix candidate/link found, but file could not be retrieved or values not extracted.","SEC sweep had no matrix. Web search found primary PDF candidate with matrix snippet, but the site blocked direct retrieval even with browser-like headers. Marked candidate_file_unretrieved rather than adding unverified extracted counts."
released_in_required_window,high,1939365,IVPR,"INSPIRE VETERINARY PARTNERS, INC.",2023-08-30,2024-08-30,2024-09-29,published_on_time,2024-04-08,0001213900-24-031220,,0001213900-24-031220,,0001213900-24-031220,,,,,,,,Published matrix date is on/before due+30 grace.,
released_in_required_window,high,1959224,AXG,"Solowin Holdings, Ltd.",2023-09-07,2024-09-07,2024-10-07,published_on_time,2024-07-26,0001013762-24-001683,,0001013762-24-001683,,0001013762-24-001683,,,,,,,,Published matrix date is on/before due+30 grace.,
released_in_required_window,high,1948294,NWGL,CL Workshop Group Ltd,2023-09-12,2024-09-12,2024-10-12,published_on_time,2024-04-25,0001493152-24-015976,,0001493152-24-015976,,0001493152-24-015976,,,,,,,,Published matrix date is on/before due+30 grace.,
released_but_window_not_guaranteed,medium,1948697,SPPL,SIMPPLE LTD.,2023-09-13,2024-09-13,2024-10-13,published_late,2026-06-22,https://investor.simpple.ai/governance/board-diversity-matrix,found_late_issuer_site_browser_confirmed,https://investor.simpple.ai/governance/board-diversity-matrix,Issuer website board diversity matrix,"Current issuer page captured 2026-06-22 displays Board Diversity Matrix; Directors 5; demographic background Asian 4, White 1; page has no visible publication/as-of date or explicit total-number label in extracted text.",not_found_in_current_sec_filings,,,not_found,,,not_found,"Current issuer page has matrix values, but no visible as-of/publication date; capture date used conservatively.","SEC sweep found no matrix; current issuer governance page found in Browser. Because no as-of/publication date is visible, recorded conservatively with capture date, which classifies late."
released_in_required_window,high,1973239,ARM,ARM HOLDINGS PLC /UK,2023-09-14,2024-09-14,2024-10-14,published_on_time,2024-05-29,0001973239-24-000012,,0001973239-24-000012,,0001973239-24-000012,,,,,,,,Published matrix date is on/before due+30 grace.,
no_release_found_after_checks,medium,1825367,,"RayzeBio, Inc.",2023-09-15,2024-09-15,2024-10-15,not_located,,,searched_no_substantive_matrix,,No substantive matrix located,No primary Board Diversity Matrix located in SEC sweep or web search.,not_found_in_current_sec_filings,,,not_found,,,not_found,"No substantive primary matrix located after SEC, committed-check FTS/Wayback, website candidates, and manual/browser review where applicable.",SEC sweep scanned 6 relevant RayzeBio filings with no strong matrix terms. Web search results were unrelated to RayzeBio primary disclosure.
released_in_required_window,high,1885522,NMRA,"Neumora Therapeutics, Inc.",2023-09-15,2024-09-15,2024-10-15,published_on_time,2024-04-25,0000950170-24-048287,,0000950170-24-048287,,0000950170-24-048287,,,,,,,,Published matrix date is on/before due+30 grace.,
released_in_required_window,high,1579091,CART,Maplebear Inc.,2023-09-19,2024-09-19,2024-10-19,published_on_time,2024-04-17,0001579091-24-000044,,0001579091-24-000044,,0001579091-24-000044,,,,,,,,Published matrix date is on/before due+30 grace.,
released_in_required_window,high,1949478,DTCKF,DAVIS COMMODITIES Ltd,2023-09-19,2024-09-19,2024-10-19,published_on_time,2024-05-15,0001683168-24-003504,,0001683168-24-003504,,0001683168-24-003504,,,,,,,,Published matrix date is on/before due+30 grace.,
no_release_found_after_checks,medium,1963439,TURB,"Turbo Energy, S.A.",2023-09-22,2024-09-22,2024-10-22,not_located,,,searched_no_substantive_matrix,,No substantive matrix located,No primary Board Diversity Matrix located in SEC sweep or web search.,not_found_in_current_sec_filings,,,not_found,,,not_found,"No substantive primary matrix located after SEC, committed-check FTS/Wayback, website candidates, and manual/browser review where applicable.",SEC sweep scanned 53 relevant Turbo Energy filings with no strong matrix terms. Web search did not locate primary matrix evidence.
released_in_required_window,high,1888980,LRE,"LEAD REAL ESTATE CO., LTD",2023-09-27,2024-09-27,2024-10-27,published_on_time,2023-11-15,0001104659-23-118675,,0001104659-23-118675,,0001104659-23-118675,,,,,,,,Published matrix date is on/before due+30 grace.,
released_in_required_window,high,1951294,VSME,VS MEDIA Holdings Ltd,2023-09-28,2024-09-28,2024-10-28,published_on_time,2024-04-30,0001493152-24-017296,,0001493152-24-017296,,0001493152-24-017296,,,,,,,,Published matrix date is on/before due+30 grace.,
released_in_required_window,high,1922335,SYRA,Syra Health Corp,2023-09-29,2024-09-29,2024-10-29,published_on_time,2024-10-01,https://ir.syrahealth.com/assets/governance/Board-Diversity-Matrix.pdf,found_on_time_issuer_pdf_browser_confirmed,https://ir.syrahealth.com/assets/governance/Board-Diversity-Matrix.pdf,Issuer website PDF board diversity matrix,"Board Diversity Matrix as of October 1, 2024; Total Number of Directors 8; Directors Female 3, Male 5; African American or Black Female 1; Asian Female 2, Male 4; White Male 1.",not_found_in_current_sec_filings,,,not_found,,,not_found,Published matrix date is on/before due+30 grace.,"Issuer PDF found by web search; PDF is image-only, embedded image inspected visually. Due 2024-09-29; within due+30 grace, so on time."
released_in_required_window,high,1944552,ANL,Adlai Nortye Ltd.,2023-09-29,2024-09-29,2024-10-29,published_on_time,2024-04-19,0001104659-24-049439,,0001104659-24-049439,,0001104659-24-049439,,,,,,,,Published matrix date is on/before due+30 grace.,
released_in_required_window,high,1948884,,Gamer Pakistan Inc,2023-10-09,2024-10-09,2024-11-08,published_on_time,2024-07-30,0001161697-24-000318,,0001161697-24-000318,,0001161697-24-000318,,,,,,,,Published matrix date is on/before due+30 grace.,
released_in_required_window,high,1891944,PMEC,Primech Holdings Ltd,2023-10-10,2024-10-10,2024-11-09,published_on_time,2024-07-23,0001213900-24-063312,,0001213900-24-063312,,0001213900-24-063312,,,,,,,,Published matrix date is on/before due+30 grace.,
released_in_required_window,high,1913749,GMM,Global Mofy AI Ltd,2023-10-10,2024-10-10,2024-11-09,published_on_time,2024-01-31,0001213900-24-008515,,0001213900-24-008515,,0001213900-24-008515,,,,,,,,Published matrix date is on/before due+30 grace.,
partial_or_internally_inconsistent_matrix,medium,1713210,ATPC,Agape ATP Corp,2023-10-11,2024-10-11,2024-11-10,published_late,2024-11-15,https://atpc.com.my/wp-content/uploads/2024/11/20241115_ATPC_Board-Diversity-Matrix-.pdf,found_late_issuer_pdf_browser_confirmed,https://atpc.com.my/wp-content/uploads/2024/11/20241115_ATPC_Board-Diversity-Matrix-.pdf,Issuer website PDF board diversity matrix,"Board Diversity Matrix as of November 15, 2024. PDF extraction reports Total Number of Directors 5 but Directors Female 2, Male 4; demographic rows include African American or Black Female 1, Asian Female 1/Male 3, White Male 1.",not_found_in_current_sec_filings,,,not_found,,,not_found,"Primary PDF is dated, but extracted total-director count conflicts with gender counts.","Issuer board page links matrix PDF. Source appears internally inconsistent on total versus gender counts; recorded as primary matrix evidence. Due 2024-10-11; beyond due+30, so late."
released_in_required_window,high,1946703,WBUY,WEBUY GLOBAL LTD,2023-10-19,2024-10-19,2024-11-18,published_on_time,2024-04-15,0001213900-24-032987,,0001213900-24-032987,,0001213900-24-032987,,,,,,,,Published matrix date is on/before due+30 grace.,
released_in_required_window,high,1956827,ABVX,Abivax S.A.,2023-10-20,2024-10-20,2024-11-19,published_on_time,2024-04-05,0001956827-24-000007,,0001956827-24-000007,,0001956827-24-000007,,,,,,,,Published matrix date is on/before due+30 grace.,
released_in_required_window,high,1859199,AIRE,reAlpha Tech Corp.,2023-10-23,2024-10-23,2024-11-22,published_on_time,2024-10-30,0001213900-24-092311,,0001213900-24-092311,,0001213900-24-092311,,,,,,,,Published matrix date is on/before due+30 grace.,
released_in_required_window,high,1967621,ATGL,Alpha Technology Group Ltd,2023-10-31,2024-10-31,2024-11-30,published_on_time,2024-01-31,0001213900-24-008526,,0001213900-24-008526,,0001213900-24-008526,,,,,,,,Published matrix date is on/before due+30 grace.,
no_release_found_after_checks,medium,1907108,LXEO,"Lexeo Therapeutics, Inc.",2023-11-03,2024-11-03,2024-12-03,not_located,,,searched_no_substantive_matrix,,No substantive matrix located,No primary Board Diversity Matrix located in SEC sweep or web search.,not_found_in_current_sec_filings,,,not_found,,,not_found,"No substantive primary matrix located after SEC, committed-check FTS/Wayback, website candidates, and manual/browser review where applicable.","SEC sweep scanned 53 relevant Lexeo Therapeutics filings with no strong matrix terms. Web search results mentioning Lexeo were unrelated third-party/company references, not Lexeo matrix evidence."
released_in_required_window,high,1978527,GVH,Globavend Holdings Ltd,2023-11-08,2024-11-08,2024-12-08,published_on_time,2024-01-30,0001493152-24-004309,,0001493152-24-004309,,0001493152-24-004309,,,,,,,,Published matrix date is on/before due+30 grace.,
released_in_required_window,high,1966494,,"CARGO Therapeutics, Inc.",2023-11-10,2024-11-10,2024-12-10,published_on_time,2024-04-24,0001193125-24-110173,,0001193125-24-110173,,0001193125-24-110173,,,,,,,,Published matrix date is on/before due+30 grace.,
released_in_required_window,high,1887944,SHIM,Shimmick Corp,2023-11-14,2024-11-14,2024-12-14,published_on_time,2024-04-26,0000950170-24-049088,,0000950170-24-049088,,0000950170-24-049088,,,,,,,,Published matrix date is on/before due+30 grace.,
no_release_found_after_checks,medium,1963685,RR,RICHTECH ROBOTICS INC.,2023-11-17,2024-11-17,2024-12-17,not_located,,,searched_no_substantive_matrix,,No substantive matrix located,No primary Board Diversity Matrix located in SEC sweep or web search; secondary Out Leadership row reports no disclosed dimensions.,not_found_in_current_sec_filings,,,not_found,,,not_found,"No substantive primary matrix located after SEC, committed-check FTS/Wayback, website candidates, and manual/browser review where applicable.",SEC sweep scanned 42 relevant Richtech Robotics filings with no strong matrix terms. Web search did not locate primary matrix evidence.
released_in_required_window,high,1840563,ELAB,PMGC Holdings Inc.,2023-11-21,2024-11-21,2024-12-21,published_on_time,2024-12-03,https://www.pmgcholdings.com/images/PDF/Domestic_Initial_Disclosure_Y1_1.pdf,found_on_time_issuer_pdf_browser_confirmed,https://www.pmgcholdings.com/images/PDF/Domestic_Initial_Disclosure_Y1_1.pdf,Issuer website PDF board diversity matrix,"Elevai Labs Inc. Board Diversity Matrix as of December 3, 2024; Total Number of Directors 6; Directors Female 1, Male 5; White Female 1, Male 4; Two or More Races or Ethnicities Male 1.",not_found_in_current_sec_filings,,,not_found,,,not_found,Published matrix date is on/before due+30 grace.,"PMGC governance page linked Board Diversity Matrix PDF; image extracted and visually inspected. Due 2024-11-21; within due+30 grace, so on time."
released_in_required_window,high,1954269,GSIW,Garden Stage Ltd,2023-12-01,2024-12-01,2024-12-31,published_on_time,2024-07-31,0001013762-24-003078,,0001013762-24-003078,,0001013762-24-003078,,,,,,,,Published matrix date is on/before due+30 grace.,
released_after_required_window,high,1961847,INHD,INNO HOLDINGS INC.,2023-12-04,2024-12-04,2025-01-03,published_late,2025-02-18,https://www.sec.gov/Archives/edgar/data/1961847/000149315225007186/formdef14-a.htm,found_late_sec_search_browser_confirmed,https://www.sec.gov/Archives/edgar/data/1961847/000149315225007186/formdef14-a.htm,SEC DEF 14A,"Board Diversity Matrix as of January 31, 2025; Total Number of Directors 5; Directors Female 2, Male 3; Asian Female 2, Male 3.",found_current_sec_matrix,2025-02-18,https://www.sec.gov/Archives/edgar/data/1961847/000149315225007186/formdef14-a.htm,not_found,,,not_found,Published matrix date is after due+30 grace.,"SEC sweep confirmed matrix in 2025 DEF 14A filed 2025-02-18. Due 2024-12-04; beyond due+30, so late."
