cik,ticker,legal_name,nasdaq_listing_date,initial_matrix_due_date,candidate_rank,candidate_url
1605888,ATLN,ATLANTIC INTERNATIONAL CORP.,2021-08-27,2022-08-27,1,https://compsciresources.com
1605888,ATLN,ATLANTIC INTERNATIONAL CORP.,2021-08-27,2022-08-27,2,https://compsciresources.com/investors
1605888,ATLN,ATLANTIC INTERNATIONAL CORP.,2021-08-27,2022-08-27,3,https://compsciresources.com/investor-relations
1605888,ATLN,ATLANTIC INTERNATIONAL CORP.,2021-08-27,2022-08-27,4,https://compsciresources.com/governance
1605888,ATLN,ATLANTIC INTERNATIONAL CORP.,2021-08-27,2022-08-27,5,https://compsciresources.com/corporate-governance
1605888,ATLN,ATLANTIC INTERNATIONAL CORP.,2021-08-27,2022-08-27,6,https://lyneer.com
1605888,ATLN,ATLANTIC INTERNATIONAL CORP.,2021-08-27,2022-08-27,7,https://lyneer.com/investors
1605888,ATLN,ATLANTIC INTERNATIONAL CORP.,2021-08-27,2022-08-27,8,https://lyneer.com/investor-relations
1605888,ATLN,ATLANTIC INTERNATIONAL CORP.,2021-08-27,2022-08-27,9,https://lyneer.com/governance
1605888,ATLN,ATLANTIC INTERNATIONAL CORP.,2021-08-27,2022-08-27,10,https://lyneer.com/corporate-governance
1605888,ATLN,ATLANTIC INTERNATIONAL CORP.,2021-08-27,2022-08-27,11,https://seqll.com
1605888,ATLN,ATLANTIC INTERNATIONAL CORP.,2021-08-27,2022-08-27,12,https://seqll.com/investors
1836470,SRAD,Sportradar Group AG,2021-09-14,2022-09-14,1,https://investors.sportradar.com
1836470,SRAD,Sportradar Group AG,2021-09-14,2022-09-14,2,https://investors.sportradar.com/investors
1836470,SRAD,Sportradar Group AG,2021-09-14,2022-09-14,3,https://investors.sportradar.com/investor-relations
1836470,SRAD,Sportradar Group AG,2021-09-14,2022-09-14,4,https://investors.sportradar.com/governance
1836470,SRAD,Sportradar Group AG,2021-09-14,2022-09-14,5,https://investors.sportradar.com/corporate-governance
1836470,SRAD,Sportradar Group AG,2021-09-14,2022-09-14,6,https://sportradar.com
1836470,SRAD,Sportradar Group AG,2021-09-14,2022-09-14,7,https://sportradar.com/investors
1836470,SRAD,Sportradar Group AG,2021-09-14,2022-09-14,8,https://sportradar.com/investor-relations
1836470,SRAD,Sportradar Group AG,2021-09-14,2022-09-14,9,https://sportradar.com/governance
1836470,SRAD,Sportradar Group AG,2021-09-14,2022-09-14,10,https://sportradar.com/corporate-governance
1836470,SRAD,Sportradar Group AG,2021-09-14,2022-09-14,11,https://xbrl.ifrs.org
1836470,SRAD,Sportradar Group AG,2021-09-14,2022-09-14,12,https://xbrl.ifrs.org/investors
1841675,ARBK,Argo Blockchain Plc,2021-09-23,2022-09-23,1,https://investormeetcompany.com/argo-blockchain-plc/register-investor
1841675,ARBK,Argo Blockchain Plc,2021-09-23,2022-09-23,2,https://investormeetcompany.com/argo-blockchain-plc/register-investor/investors
1841675,ARBK,Argo Blockchain Plc,2021-09-23,2022-09-23,3,https://investormeetcompany.com/argo-blockchain-plc/register-investor/investor-relations
1841675,ARBK,Argo Blockchain Plc,2021-09-23,2022-09-23,4,https://investormeetcompany.com/argo-blockchain-plc/register-investor/governance
1841675,ARBK,Argo Blockchain Plc,2021-09-23,2022-09-23,5,https://investormeetcompany.com/argo-blockchain-plc/register-investor/corporate-governance
1841675,ARBK,Argo Blockchain Plc,2021-09-23,2022-09-23,6,https://investormeetcompany.com
1841675,ARBK,Argo Blockchain Plc,2021-09-23,2022-09-23,7,https://investormeetcompany.com/investors
1841675,ARBK,Argo Blockchain Plc,2021-09-23,2022-09-23,8,https://investormeetcompany.com/investor-relations
1841675,ARBK,Argo Blockchain Plc,2021-09-23,2022-09-23,9,https://investormeetcompany.com/governance
1841675,ARBK,Argo Blockchain Plc,2021-09-23,2022-09-23,10,https://investormeetcompany.com/corporate-governance
1841675,ARBK,Argo Blockchain Plc,2021-09-23,2022-09-23,11,https://argoblockchain.com
1841675,ARBK,Argo Blockchain Plc,2021-09-23,2022-09-23,12,https://argoblockchain.com/investors
1804469,GFAI,"Guardforce AI Co., Ltd.",2021-09-30,2022-09-30,1,https://compsciresources.com
1804469,GFAI,"Guardforce AI Co., Ltd.",2021-09-30,2022-09-30,2,https://compsciresources.com/investors
1804469,GFAI,"Guardforce AI Co., Ltd.",2021-09-30,2022-09-30,3,https://compsciresources.com/investor-relations
1804469,GFAI,"Guardforce AI Co., Ltd.",2021-09-30,2022-09-30,4,https://compsciresources.com/governance
1804469,GFAI,"Guardforce AI Co., Ltd.",2021-09-30,2022-09-30,5,https://compsciresources.com/corporate-governance
1804469,GFAI,"Guardforce AI Co., Ltd.",2021-09-30,2022-09-30,6,https://guardforceai.com
1804469,GFAI,"Guardforce AI Co., Ltd.",2021-09-30,2022-09-30,7,https://guardforceai.com/investors
1804469,GFAI,"Guardforce AI Co., Ltd.",2021-09-30,2022-09-30,8,https://guardforceai.com/investor-relations
1804469,GFAI,"Guardforce AI Co., Ltd.",2021-09-30,2022-09-30,9,https://guardforceai.com/governance
1804469,GFAI,"Guardforce AI Co., Ltd.",2021-09-30,2022-09-30,10,https://guardforceai.com/corporate-governance
1804469,GFAI,"Guardforce AI Co., Ltd.",2021-09-30,2022-09-30,11,https://mordorintelligence.com
1804469,GFAI,"Guardforce AI Co., Ltd.",2021-09-30,2022-09-30,12,https://mordorintelligence.com/investors
1829794,EMPD,Empery Digital Inc.,2021-10-06,2022-10-06,1,https://ir.volcon.com
1829794,EMPD,Empery Digital Inc.,2021-10-06,2022-10-06,2,https://ir.volcon.com/investors
1829794,EMPD,Empery Digital Inc.,2021-10-06,2022-10-06,3,https://ir.volcon.com/investor-relations
1829794,EMPD,Empery Digital Inc.,2021-10-06,2022-10-06,4,https://ir.volcon.com/governance
1829794,EMPD,Empery Digital Inc.,2021-10-06,2022-10-06,5,https://ir.volcon.com/corporate-governance
1829794,EMPD,Empery Digital Inc.,2021-10-06,2022-10-06,6,https://envisionreports.com
1829794,EMPD,Empery Digital Inc.,2021-10-06,2022-10-06,7,https://envisionreports.com/investors
1829794,EMPD,Empery Digital Inc.,2021-10-06,2022-10-06,8,https://envisionreports.com/investor-relations
1829794,EMPD,Empery Digital Inc.,2021-10-06,2022-10-06,9,https://envisionreports.com/governance
1829794,EMPD,Empery Digital Inc.,2021-10-06,2022-10-06,10,https://envisionreports.com/corporate-governance
1829794,EMPD,Empery Digital Inc.,2021-10-06,2022-10-06,11,https://malonebailey.com
1829794,EMPD,Empery Digital Inc.,2021-10-06,2022-10-06,12,https://malonebailey.com/investors
1615055,,IsoPlexis Corp,2021-10-08,2022-10-08,1,https://investors.isoplexis.com
1615055,,IsoPlexis Corp,2021-10-08,2022-10-08,2,https://investors.isoplexis.com/investors
1615055,,IsoPlexis Corp,2021-10-08,2022-10-08,3,https://investors.isoplexis.com/investor-relations
1615055,,IsoPlexis Corp,2021-10-08,2022-10-08,4,https://investors.isoplexis.com/governance
1615055,,IsoPlexis Corp,2021-10-08,2022-10-08,5,https://investors.isoplexis.com/corporate-governance
1615055,,IsoPlexis Corp,2021-10-08,2022-10-08,6,https://isoplexis.com
1615055,,IsoPlexis Corp,2021-10-08,2022-10-08,7,https://isoplexis.com/investors
1615055,,IsoPlexis Corp,2021-10-08,2022-10-08,8,https://isoplexis.com/investor-relations
1615055,,IsoPlexis Corp,2021-10-08,2022-10-08,9,https://isoplexis.com/governance
1615055,,IsoPlexis Corp,2021-10-08,2022-10-08,10,https://isoplexis.com/corporate-governance
1615055,,IsoPlexis Corp,2021-10-08,2022-10-08,11,https://linkedin.com
1615055,,IsoPlexis Corp,2021-10-08,2022-10-08,12,https://linkedin.com/investors
1419554,BBLG,Bone Biologics Corp,2021-10-13,2022-10-13,1,https://bonebiologics.com/investor-relations/corporate-governance
1419554,BBLG,Bone Biologics Corp,2021-10-13,2022-10-13,2,https://bonebiologics.com/investor-relations/corporate-governance/investors
1419554,BBLG,Bone Biologics Corp,2021-10-13,2022-10-13,3,https://bonebiologics.com/investor-relations/corporate-governance/investor-relations
1419554,BBLG,Bone Biologics Corp,2021-10-13,2022-10-13,4,https://bonebiologics.com/investor-relations/corporate-governance/governance
1419554,BBLG,Bone Biologics Corp,2021-10-13,2022-10-13,5,https://bonebiologics.com/investor-relations/corporate-governance/corporate-governance
1419554,BBLG,Bone Biologics Corp,2021-10-13,2022-10-13,6,https://bonebiologics.com
1419554,BBLG,Bone Biologics Corp,2021-10-13,2022-10-13,7,https://bonebiologics.com/investors
1419554,BBLG,Bone Biologics Corp,2021-10-13,2022-10-13,8,https://bonebiologics.com/investor-relations
1419554,BBLG,Bone Biologics Corp,2021-10-13,2022-10-13,9,https://bonebiologics.com/governance
1419554,BBLG,Bone Biologics Corp,2021-10-13,2022-10-13,10,https://bonebiologics.com/corporate-governance
1419554,BBLG,Bone Biologics Corp,2021-10-13,2022-10-13,11,https://investorelections.com
1419554,BBLG,Bone Biologics Corp,2021-10-13,2022-10-13,12,https://investorelections.com/investors
1840229,INKT,"MiNK Therapeutics, Inc.",2021-10-15,2022-10-15,1,https://investor.minktherapeutics.com/corporate-governance/documents-and-charters
1840229,INKT,"MiNK Therapeutics, Inc.",2021-10-15,2022-10-15,2,https://investor.minktherapeutics.com/corporate-governance/documents-and-charters/investors
1840229,INKT,"MiNK Therapeutics, Inc.",2021-10-15,2022-10-15,3,https://investor.minktherapeutics.com/corporate-governance/documents-and-charters/investor-relations
1840229,INKT,"MiNK Therapeutics, Inc.",2021-10-15,2022-10-15,4,https://investor.minktherapeutics.com/corporate-governance/documents-and-charters/governance
1840229,INKT,"MiNK Therapeutics, Inc.",2021-10-15,2022-10-15,5,https://investor.minktherapeutics.com/corporate-governance/documents-and-charters/corporate-governance
1840229,INKT,"MiNK Therapeutics, Inc.",2021-10-15,2022-10-15,6,https://investor.minktherapeutics.com
1840229,INKT,"MiNK Therapeutics, Inc.",2021-10-15,2022-10-15,7,https://investor.minktherapeutics.com/investors
1840229,INKT,"MiNK Therapeutics, Inc.",2021-10-15,2022-10-15,8,https://investor.minktherapeutics.com/investor-relations
1840229,INKT,"MiNK Therapeutics, Inc.",2021-10-15,2022-10-15,9,https://investor.minktherapeutics.com/governance
1840229,INKT,"MiNK Therapeutics, Inc.",2021-10-15,2022-10-15,10,https://investor.minktherapeutics.com/corporate-governance
1840229,INKT,"MiNK Therapeutics, Inc.",2021-10-15,2022-10-15,11,https://minktherapeutics.com
1840229,INKT,"MiNK Therapeutics, Inc.",2021-10-15,2022-10-15,12,https://minktherapeutics.com/investors
1856028,,"Stronghold Digital Mining, Inc.",2021-10-20,2022-10-20,1,https://investor.innovage.com
1856028,,"Stronghold Digital Mining, Inc.",2021-10-20,2022-10-20,2,https://investor.innovage.com/investors
1856028,,"Stronghold Digital Mining, Inc.",2021-10-20,2022-10-20,3,https://investor.innovage.com/investor-relations
1856028,,"Stronghold Digital Mining, Inc.",2021-10-20,2022-10-20,4,https://investor.innovage.com/governance
1856028,,"Stronghold Digital Mining, Inc.",2021-10-20,2022-10-20,5,https://investor.innovage.com/corporate-governance
1856028,,"Stronghold Digital Mining, Inc.",2021-10-20,2022-10-20,6,https://ir.strongholddigitalmining.com
1856028,,"Stronghold Digital Mining, Inc.",2021-10-20,2022-10-20,7,https://ir.strongholddigitalmining.com/investors
1856028,,"Stronghold Digital Mining, Inc.",2021-10-20,2022-10-20,8,https://ir.strongholddigitalmining.com/investor-relations
1856028,,"Stronghold Digital Mining, Inc.",2021-10-20,2022-10-20,9,https://ir.strongholddigitalmining.com/governance
1856028,,"Stronghold Digital Mining, Inc.",2021-10-20,2022-10-20,10,https://ir.strongholddigitalmining.com/corporate-governance
1856028,,"Stronghold Digital Mining, Inc.",2021-10-20,2022-10-20,11,https://imetrix.edgar-online.com
1856028,,"Stronghold Digital Mining, Inc.",2021-10-20,2022-10-20,12,https://imetrix.edgar-online.com/investors
1653384,RWAY,Runway Growth Finance Corp.,2021-10-21,2022-10-21,1,https://investors.runwaygrowth.com/corporate-governance/governance-overview
1653384,RWAY,Runway Growth Finance Corp.,2021-10-21,2022-10-21,2,https://investors.runwaygrowth.com/corporate-governance/governance-overview/investors
1653384,RWAY,Runway Growth Finance Corp.,2021-10-21,2022-10-21,3,https://investors.runwaygrowth.com/corporate-governance/governance-overview/investor-relations
1653384,RWAY,Runway Growth Finance Corp.,2021-10-21,2022-10-21,4,https://investors.runwaygrowth.com/corporate-governance/governance-overview/governance
1653384,RWAY,Runway Growth Finance Corp.,2021-10-21,2022-10-21,5,https://investors.runwaygrowth.com/corporate-governance/governance-overview/corporate-governance
1653384,RWAY,Runway Growth Finance Corp.,2021-10-21,2022-10-21,6,https://investors.runwaygrowth.com
1653384,RWAY,Runway Growth Finance Corp.,2021-10-21,2022-10-21,7,https://investors.runwaygrowth.com/investors
1653384,RWAY,Runway Growth Finance Corp.,2021-10-21,2022-10-21,8,https://investors.runwaygrowth.com/investor-relations
1653384,RWAY,Runway Growth Finance Corp.,2021-10-21,2022-10-21,9,https://investors.runwaygrowth.com/governance
1653384,RWAY,Runway Growth Finance Corp.,2021-10-21,2022-10-21,10,https://investors.runwaygrowth.com/corporate-governance
1653384,RWAY,Runway Growth Finance Corp.,2021-10-21,2022-10-21,11,https://astproxyportal.com
1653384,RWAY,Runway Growth Finance Corp.,2021-10-21,2022-10-21,12,https://astproxyportal.com/investors
1844392,MRAI,"Marpai, Inc.",2021-10-27,2022-10-27,1,https://astproxyportal.com
1844392,MRAI,"Marpai, Inc.",2021-10-27,2022-10-27,2,https://astproxyportal.com/investors
1844392,MRAI,"Marpai, Inc.",2021-10-27,2022-10-27,3,https://astproxyportal.com/investor-relations
1844392,MRAI,"Marpai, Inc.",2021-10-27,2022-10-27,4,https://astproxyportal.com/governance
1844392,MRAI,"Marpai, Inc.",2021-10-27,2022-10-27,5,https://astproxyportal.com/corporate-governance
1844392,MRAI,"Marpai, Inc.",2021-10-27,2022-10-27,6,https://marpaihealth.com
1844392,MRAI,"Marpai, Inc.",2021-10-27,2022-10-27,7,https://marpaihealth.com/investors
1844392,MRAI,"Marpai, Inc.",2021-10-27,2022-10-27,8,https://marpaihealth.com/investor-relations
1844392,MRAI,"Marpai, Inc.",2021-10-27,2022-10-27,9,https://marpaihealth.com/governance
1844392,MRAI,"Marpai, Inc.",2021-10-27,2022-10-27,10,https://marpaihealth.com/corporate-governance
1709048,GFS,GLOBALFOUNDRIES Inc.,2021-10-28,2022-10-28,1,https://investors.gf.com
1709048,GFS,GLOBALFOUNDRIES Inc.,2021-10-28,2022-10-28,2,https://investors.gf.com/investors
1709048,GFS,GLOBALFOUNDRIES Inc.,2021-10-28,2022-10-28,3,https://investors.gf.com/investor-relations
1709048,GFS,GLOBALFOUNDRIES Inc.,2021-10-28,2022-10-28,4,https://investors.gf.com/governance
1709048,GFS,GLOBALFOUNDRIES Inc.,2021-10-28,2022-10-28,5,https://investors.gf.com/corporate-governance
1709048,GFS,GLOBALFOUNDRIES Inc.,2021-10-28,2022-10-28,6,https://gf.com
1709048,GFS,GLOBALFOUNDRIES Inc.,2021-10-28,2022-10-28,7,https://gf.com/investors
1709048,GFS,GLOBALFOUNDRIES Inc.,2021-10-28,2022-10-28,8,https://gf.com/investor-relations
1709048,GFS,GLOBALFOUNDRIES Inc.,2021-10-28,2022-10-28,9,https://gf.com/governance
1709048,GFS,GLOBALFOUNDRIES Inc.,2021-10-28,2022-10-28,10,https://gf.com/corporate-governance
1709048,GFS,GLOBALFOUNDRIES Inc.,2021-10-28,2022-10-28,11,https://xbrl.ifrs.org
1709048,GFS,GLOBALFOUNDRIES Inc.,2021-10-28,2022-10-28,12,https://xbrl.ifrs.org/investors
1870940,AIRS,"Airsculpt Technologies, Inc.",2021-10-29,2022-10-29,1,https://investors.elitebodysculpture.com/corporate-governance/governance
1870940,AIRS,"Airsculpt Technologies, Inc.",2021-10-29,2022-10-29,2,https://investors.elitebodysculpture.com/corporate-governance/governance/investors
1870940,AIRS,"Airsculpt Technologies, Inc.",2021-10-29,2022-10-29,3,https://investors.elitebodysculpture.com/corporate-governance/governance/investor-relations
1870940,AIRS,"Airsculpt Technologies, Inc.",2021-10-29,2022-10-29,4,https://investors.elitebodysculpture.com/corporate-governance/governance/governance
1870940,AIRS,"Airsculpt Technologies, Inc.",2021-10-29,2022-10-29,5,https://investors.elitebodysculpture.com/corporate-governance/governance/corporate-governance
1870940,AIRS,"Airsculpt Technologies, Inc.",2021-10-29,2022-10-29,6,https://investors.elitebodysculpture.com
1870940,AIRS,"Airsculpt Technologies, Inc.",2021-10-29,2022-10-29,7,https://investors.elitebodysculpture.com/investors
1870940,AIRS,"Airsculpt Technologies, Inc.",2021-10-29,2022-10-29,8,https://investors.elitebodysculpture.com/investor-relations
1870940,AIRS,"Airsculpt Technologies, Inc.",2021-10-29,2022-10-29,9,https://investors.elitebodysculpture.com/governance
1870940,AIRS,"Airsculpt Technologies, Inc.",2021-10-29,2022-10-29,10,https://investors.elitebodysculpture.com/corporate-governance
1870940,AIRS,"Airsculpt Technologies, Inc.",2021-10-29,2022-10-29,11,https://airsculpt.elitebodysculpture.com
1870940,AIRS,"Airsculpt Technologies, Inc.",2021-10-29,2022-10-29,12,https://airsculpt.elitebodysculpture.com/investors
1831283,LIANY,LianBio,2021-11-01,2022-11-01,1,https://imetrix.edgar-online.com
1831283,LIANY,LianBio,2021-11-01,2022-11-01,2,https://imetrix.edgar-online.com/investors
1831283,LIANY,LianBio,2021-11-01,2022-11-01,3,https://imetrix.edgar-online.com/investor-relations
1831283,LIANY,LianBio,2021-11-01,2022-11-01,4,https://imetrix.edgar-online.com/governance
1831283,LIANY,LianBio,2021-11-01,2022-11-01,5,https://imetrix.edgar-online.com/corporate-governance
1831283,LIANY,LianBio,2021-11-01,2022-11-01,6,https://lian.com
1831283,LIANY,LianBio,2021-11-01,2022-11-01,7,https://lian.com/investors
1831283,LIANY,LianBio,2021-11-01,2022-11-01,8,https://lian.com/investor-relations
1831283,LIANY,LianBio,2021-11-01,2022-11-01,9,https://lian.com/governance
1831283,LIANY,LianBio,2021-11-01,2022-11-01,10,https://lian.com/corporate-governance
1831283,LIANY,LianBio,2021-11-01,2022-11-01,11,https://lianbio.com
1831283,LIANY,LianBio,2021-11-01,2022-11-01,12,https://lianbio.com/investors
1392694,SURG,"SurgePays, Inc.",2021-11-03,2022-11-03,1,https://surgeholdings.com
1392694,SURG,"SurgePays, Inc.",2021-11-03,2022-11-03,2,https://surgeholdings.com/investors
1392694,SURG,"SurgePays, Inc.",2021-11-03,2022-11-03,3,https://surgeholdings.com/investor-relations
1392694,SURG,"SurgePays, Inc.",2021-11-03,2022-11-03,4,https://surgeholdings.com/governance
1392694,SURG,"SurgePays, Inc.",2021-11-03,2022-11-03,5,https://surgeholdings.com/corporate-governance
1392694,SURG,"SurgePays, Inc.",2021-11-03,2022-11-03,6,https://surgepays.com
1392694,SURG,"SurgePays, Inc.",2021-11-03,2022-11-03,7,https://surgepays.com/investors
1392694,SURG,"SurgePays, Inc.",2021-11-03,2022-11-03,8,https://surgepays.com/investor-relations
1392694,SURG,"SurgePays, Inc.",2021-11-03,2022-11-03,9,https://surgepays.com/governance
1392694,SURG,"SurgePays, Inc.",2021-11-03,2022-11-03,10,https://surgepays.com/corporate-governance
1872529,MDXH,MDxHealth SA,2021-11-04,2022-11-04,1,https://compsciresources.com
1872529,MDXH,MDxHealth SA,2021-11-04,2022-11-04,2,https://compsciresources.com/investors
1872529,MDXH,MDxHealth SA,2021-11-04,2022-11-04,3,https://compsciresources.com/investor-relations
1872529,MDXH,MDxHealth SA,2021-11-04,2022-11-04,4,https://compsciresources.com/governance
1872529,MDXH,MDxHealth SA,2021-11-04,2022-11-04,5,https://compsciresources.com/corporate-governance
1872529,MDXH,MDxHealth SA,2021-11-04,2022-11-04,6,https://mdxhealth.com
1872529,MDXH,MDxHealth SA,2021-11-04,2022-11-04,7,https://mdxhealth.com/investors
1872529,MDXH,MDxHealth SA,2021-11-04,2022-11-04,8,https://mdxhealth.com/investor-relations
1872529,MDXH,MDxHealth SA,2021-11-04,2022-11-04,9,https://mdxhealth.com/governance
1872529,MDXH,MDxHealth SA,2021-11-04,2022-11-04,10,https://mdxhealth.com/corporate-governance
1872529,MDXH,MDxHealth SA,2021-11-04,2022-11-04,11,https://tmdx.com
1872529,MDXH,MDxHealth SA,2021-11-04,2022-11-04,12,https://tmdx.com/investors
1871149,,"Real Good Food Company, Inc.",2021-11-05,2022-11-05,1,https://investors.realgoodfoods.com/corporate-governance
1871149,,"Real Good Food Company, Inc.",2021-11-05,2022-11-05,2,https://investors.realgoodfoods.com/corporate-governance/investors
1871149,,"Real Good Food Company, Inc.",2021-11-05,2022-11-05,3,https://investors.realgoodfoods.com/corporate-governance/investor-relations
1871149,,"Real Good Food Company, Inc.",2021-11-05,2022-11-05,4,https://investors.realgoodfoods.com/corporate-governance/governance
1871149,,"Real Good Food Company, Inc.",2021-11-05,2022-11-05,5,https://investors.realgoodfoods.com/corporate-governance/corporate-governance
1871149,,"Real Good Food Company, Inc.",2021-11-05,2022-11-05,6,https://investors.realgoodfoods.com
1871149,,"Real Good Food Company, Inc.",2021-11-05,2022-11-05,7,https://investors.realgoodfoods.com/investors
1871149,,"Real Good Food Company, Inc.",2021-11-05,2022-11-05,8,https://investors.realgoodfoods.com/investor-relations
1871149,,"Real Good Food Company, Inc.",2021-11-05,2022-11-05,9,https://investors.realgoodfoods.com/governance
1871149,,"Real Good Food Company, Inc.",2021-11-05,2022-11-05,10,https://investorelections.com
1871149,,"Real Good Food Company, Inc.",2021-11-05,2022-11-05,11,https://investorelections.com/investors
1871149,,"Real Good Food Company, Inc.",2021-11-05,2022-11-05,12,https://investorelections.com/investor-relations
1718224,BTBD,"BT Brands, Inc.",2021-11-12,2022-11-12,1,https://baggerdaves.com
1718224,BTBD,"BT Brands, Inc.",2021-11-12,2022-11-12,2,https://baggerdaves.com/investors
1718224,BTBD,"BT Brands, Inc.",2021-11-12,2022-11-12,3,https://baggerdaves.com/investor-relations
1718224,BTBD,"BT Brands, Inc.",2021-11-12,2022-11-12,4,https://baggerdaves.com/governance
1718224,BTBD,"BT Brands, Inc.",2021-11-12,2022-11-12,5,https://baggerdaves.com/corporate-governance
1718224,BTBD,"BT Brands, Inc.",2021-11-12,2022-11-12,6,https://brand.bt.com
1718224,BTBD,"BT Brands, Inc.",2021-11-12,2022-11-12,7,https://brand.bt.com/investors
1718224,BTBD,"BT Brands, Inc.",2021-11-12,2022-11-12,8,https://brand.bt.com/investor-relations
1718224,BTBD,"BT Brands, Inc.",2021-11-12,2022-11-12,9,https://brand.bt.com/governance
1718224,BTBD,"BT Brands, Inc.",2021-11-12,2022-11-12,10,https://brand.bt.com/corporate-governance
1718224,BTBD,"BT Brands, Inc.",2021-11-12,2022-11-12,11,https://btbrands.com
1718224,BTBD,"BT Brands, Inc.",2021-11-12,2022-11-12,12,https://btbrands.com/investors
1840416,SSM,Sono Group N.V.,2021-11-17,2022-11-17,1,https://ir.sonomotors.com
1840416,SSM,Sono Group N.V.,2021-11-17,2022-11-17,2,https://ir.sonomotors.com/investors
1840416,SSM,Sono Group N.V.,2021-11-17,2022-11-17,3,https://ir.sonomotors.com/investor-relations
1840416,SSM,Sono Group N.V.,2021-11-17,2022-11-17,4,https://ir.sonomotors.com/governance
1840416,SSM,Sono Group N.V.,2021-11-17,2022-11-17,5,https://ir.sonomotors.com/corporate-governance
1840416,SSM,Sono Group N.V.,2021-11-17,2022-11-17,6,https://bzst.de
1840416,SSM,Sono Group N.V.,2021-11-17,2022-11-17,7,https://bzst.de/investors
1840416,SSM,Sono Group N.V.,2021-11-17,2022-11-17,8,https://bzst.de/investor-relations
1840416,SSM,Sono Group N.V.,2021-11-17,2022-11-17,9,https://bzst.de/governance
1840416,SSM,Sono Group N.V.,2021-11-17,2022-11-17,10,https://bzst.de/corporate-governance
1840416,SSM,Sono Group N.V.,2021-11-17,2022-11-17,11,https://rdgfilings.com
1840416,SSM,Sono Group N.V.,2021-11-17,2022-11-17,12,https://rdgfilings.com/investors
1815436,,Advanced Health Intelligence Ltd,2021-11-19,2022-11-19,,
1769697,FNUC,Frontier Nuclear & Minerals Inc.,2021-11-19,2022-11-19,1,https://nemaskalithium.com/en/investors/press-releases/2019/53f0e3be-0d29-475e-b37f-7090e58ede31
1769697,FNUC,Frontier Nuclear & Minerals Inc.,2021-11-19,2022-11-19,2,https://nemaskalithium.com/en/investors/press-releases/2019/53f0e3be-0d29-475e-b37f-7090e58ede31/investors
1769697,FNUC,Frontier Nuclear & Minerals Inc.,2021-11-19,2022-11-19,3,https://nemaskalithium.com/en/investors/press-releases/2019/53f0e3be-0d29-475e-b37f-7090e58ede31/investor-relations
1769697,FNUC,Frontier Nuclear & Minerals Inc.,2021-11-19,2022-11-19,4,https://nemaskalithium.com/en/investors/press-releases/2019/53f0e3be-0d29-475e-b37f-7090e58ede31/governance
1769697,FNUC,Frontier Nuclear & Minerals Inc.,2021-11-19,2022-11-19,5,https://nemaskalithium.com/en/investors/press-releases/2019/53f0e3be-0d29-475e-b37f-7090e58ede31/corporate-governance
1769697,FNUC,Frontier Nuclear & Minerals Inc.,2021-11-19,2022-11-19,6,https://nemaskalithium.com
1769697,FNUC,Frontier Nuclear & Minerals Inc.,2021-11-19,2022-11-19,7,https://nemaskalithium.com/investors
1769697,FNUC,Frontier Nuclear & Minerals Inc.,2021-11-19,2022-11-19,8,https://nemaskalithium.com/investor-relations
1769697,FNUC,Frontier Nuclear & Minerals Inc.,2021-11-19,2022-11-19,9,https://nemaskalithium.com/governance
1769697,FNUC,Frontier Nuclear & Minerals Inc.,2021-11-19,2022-11-19,10,https://nemaskalithium.com/corporate-governance
1769697,FNUC,Frontier Nuclear & Minerals Inc.,2021-11-19,2022-11-19,11,https://afr.com
1769697,FNUC,Frontier Nuclear & Minerals Inc.,2021-11-19,2022-11-19,12,https://afr.com/investors
1876581,IMPP,Imperial Petroleum Inc./Marshall Islands,2021-11-23,2022-11-23,1,https://imperialpetro.com
1876581,IMPP,Imperial Petroleum Inc./Marshall Islands,2021-11-23,2022-11-23,2,https://imperialpetro.com/investors
1876581,IMPP,Imperial Petroleum Inc./Marshall Islands,2021-11-23,2022-11-23,3,https://imperialpetro.com/investor-relations
1876581,IMPP,Imperial Petroleum Inc./Marshall Islands,2021-11-23,2022-11-23,4,https://imperialpetro.com/governance
1876581,IMPP,Imperial Petroleum Inc./Marshall Islands,2021-11-23,2022-11-23,5,https://imperialpetro.com/corporate-governance
1876581,IMPP,Imperial Petroleum Inc./Marshall Islands,2021-11-23,2022-11-23,6,https://impp.com
1876581,IMPP,Imperial Petroleum Inc./Marshall Islands,2021-11-23,2022-11-23,7,https://impp.com/investors
1876581,IMPP,Imperial Petroleum Inc./Marshall Islands,2021-11-23,2022-11-23,8,https://impp.com/investor-relations
1876581,IMPP,Imperial Petroleum Inc./Marshall Islands,2021-11-23,2022-11-23,9,https://impp.com/governance
1876581,IMPP,Imperial Petroleum Inc./Marshall Islands,2021-11-23,2022-11-23,10,https://impp.com/corporate-governance
1187953,CELZ,"CREATIVE MEDICAL TECHNOLOGY HOLDINGS, INC.",2021-12-06,2022-12-06,1,https://celz.com
1187953,CELZ,"CREATIVE MEDICAL TECHNOLOGY HOLDINGS, INC.",2021-12-06,2022-12-06,2,https://celz.com/investors
1187953,CELZ,"CREATIVE MEDICAL TECHNOLOGY HOLDINGS, INC.",2021-12-06,2022-12-06,3,https://celz.com/investor-relations
1187953,CELZ,"CREATIVE MEDICAL TECHNOLOGY HOLDINGS, INC.",2021-12-06,2022-12-06,4,https://celz.com/governance
1187953,CELZ,"CREATIVE MEDICAL TECHNOLOGY HOLDINGS, INC.",2021-12-06,2022-12-06,5,https://celz.com/corporate-governance
1187953,CELZ,"CREATIVE MEDICAL TECHNOLOGY HOLDINGS, INC.",2021-12-06,2022-12-06,6,https://creativemedicaltechnology.com
1187953,CELZ,"CREATIVE MEDICAL TECHNOLOGY HOLDINGS, INC.",2021-12-06,2022-12-06,7,https://creativemedicaltechnology.com/investors
1187953,CELZ,"CREATIVE MEDICAL TECHNOLOGY HOLDINGS, INC.",2021-12-06,2022-12-06,8,https://creativemedicaltechnology.com/investor-relations
1187953,CELZ,"CREATIVE MEDICAL TECHNOLOGY HOLDINGS, INC.",2021-12-06,2022-12-06,9,https://creativemedicaltechnology.com/governance
1187953,CELZ,"CREATIVE MEDICAL TECHNOLOGY HOLDINGS, INC.",2021-12-06,2022-12-06,10,https://creativemedicaltechnology.com/corporate-governance
1187953,CELZ,"CREATIVE MEDICAL TECHNOLOGY HOLDINGS, INC.",2021-12-06,2022-12-06,11,https://jolleymarketing.com
1187953,CELZ,"CREATIVE MEDICAL TECHNOLOGY HOLDINGS, INC.",2021-12-06,2022-12-06,12,https://jolleymarketing.com/investors
1720671,,"HashiCorp, Inc.",2021-12-09,2022-12-09,1,https://ir.hashicorp.com
1720671,,"HashiCorp, Inc.",2021-12-09,2022-12-09,2,https://ir.hashicorp.com/investors
1720671,,"HashiCorp, Inc.",2021-12-09,2022-12-09,3,https://ir.hashicorp.com/investor-relations
1720671,,"HashiCorp, Inc.",2021-12-09,2022-12-09,4,https://ir.hashicorp.com/governance
1720671,,"HashiCorp, Inc.",2021-12-09,2022-12-09,5,https://ir.hashicorp.com/corporate-governance
1720671,,"HashiCorp, Inc.",2021-12-09,2022-12-09,6,https://hashicorp.com
1720671,,"HashiCorp, Inc.",2021-12-09,2022-12-09,7,https://hashicorp.com/investors
1720671,,"HashiCorp, Inc.",2021-12-09,2022-12-09,8,https://hashicorp.com/investor-relations
1720671,,"HashiCorp, Inc.",2021-12-09,2022-12-09,9,https://hashicorp.com/governance
1720671,,"HashiCorp, Inc.",2021-12-09,2022-12-09,10,https://hashicorp.com/corporate-governance
1875091,NRSN,NeuroSense Therapeutics Ltd.,2021-12-09,2022-12-09,1,https://neurosense.investorroom.com/governance-documents
1875091,NRSN,NeuroSense Therapeutics Ltd.,2021-12-09,2022-12-09,2,https://neurosense.investorroom.com/governance-documents/investors
1875091,NRSN,NeuroSense Therapeutics Ltd.,2021-12-09,2022-12-09,3,https://neurosense.investorroom.com/governance-documents/investor-relations
1875091,NRSN,NeuroSense Therapeutics Ltd.,2021-12-09,2022-12-09,4,https://neurosense.investorroom.com/governance-documents/governance
1875091,NRSN,NeuroSense Therapeutics Ltd.,2021-12-09,2022-12-09,5,https://neurosense.investorroom.com/governance-documents/corporate-governance
1875091,NRSN,NeuroSense Therapeutics Ltd.,2021-12-09,2022-12-09,6,https://neurosense.investorroom.com
1875091,NRSN,NeuroSense Therapeutics Ltd.,2021-12-09,2022-12-09,7,https://neurosense.investorroom.com/investors
1875091,NRSN,NeuroSense Therapeutics Ltd.,2021-12-09,2022-12-09,8,https://neurosense.investorroom.com/investor-relations
1875091,NRSN,NeuroSense Therapeutics Ltd.,2021-12-09,2022-12-09,9,https://neurosense.investorroom.com/governance
1875091,NRSN,NeuroSense Therapeutics Ltd.,2021-12-09,2022-12-09,10,https://neurosense.investorroom.com/corporate-governance
1875091,NRSN,NeuroSense Therapeutics Ltd.,2021-12-09,2022-12-09,11,https://clinicaltrials.gov
1875091,NRSN,NeuroSense Therapeutics Ltd.,2021-12-09,2022-12-09,12,https://clinicaltrials.gov/investors
1084267,MOBQ,"Mobiquity Technologies, Inc.",2021-12-10,2022-12-10,1,https://mobiquity.com
1084267,MOBQ,"Mobiquity Technologies, Inc.",2021-12-10,2022-12-10,2,https://mobiquity.com/investors
1084267,MOBQ,"Mobiquity Technologies, Inc.",2021-12-10,2022-12-10,3,https://mobiquity.com/investor-relations
1084267,MOBQ,"Mobiquity Technologies, Inc.",2021-12-10,2022-12-10,4,https://mobiquity.com/governance
1084267,MOBQ,"Mobiquity Technologies, Inc.",2021-12-10,2022-12-10,5,https://mobiquity.com/corporate-governance
1838716,GNTA,Genenta Science S.p.A.,2021-12-15,2022-12-15,1,https://clinicaltrials.gov
1838716,GNTA,Genenta Science S.p.A.,2021-12-15,2022-12-15,2,https://clinicaltrials.gov/investors
1838716,GNTA,Genenta Science S.p.A.,2021-12-15,2022-12-15,3,https://clinicaltrials.gov/investor-relations
1838716,GNTA,Genenta Science S.p.A.,2021-12-15,2022-12-15,4,https://clinicaltrials.gov/governance
1838716,GNTA,Genenta Science S.p.A.,2021-12-15,2022-12-15,5,https://clinicaltrials.gov/corporate-governance
1838716,GNTA,Genenta Science S.p.A.,2021-12-15,2022-12-15,6,https://genenta.com
1838716,GNTA,Genenta Science S.p.A.,2021-12-15,2022-12-15,7,https://genenta.com/investors
1838716,GNTA,Genenta Science S.p.A.,2021-12-15,2022-12-15,8,https://genenta.com/investor-relations
1838716,GNTA,Genenta Science S.p.A.,2021-12-15,2022-12-15,9,https://genenta.com/governance
1838716,GNTA,Genenta Science S.p.A.,2021-12-15,2022-12-15,10,https://genenta.com/corporate-governance
1873835,IMMX,"Immix Biopharma, Inc.",2021-12-16,2022-12-16,1,https://immixbio.com
1873835,IMMX,"Immix Biopharma, Inc.",2021-12-16,2022-12-16,2,https://immixbio.com/investors
1873835,IMMX,"Immix Biopharma, Inc.",2021-12-16,2022-12-16,3,https://immixbio.com/investor-relations
1873835,IMMX,"Immix Biopharma, Inc.",2021-12-16,2022-12-16,4,https://immixbio.com/governance
1873835,IMMX,"Immix Biopharma, Inc.",2021-12-16,2022-12-16,5,https://immixbio.com/corporate-governance
1873835,IMMX,"Immix Biopharma, Inc.",2021-12-16,2022-12-16,6,https://pstvote.com
1873835,IMMX,"Immix Biopharma, Inc.",2021-12-16,2022-12-16,7,https://pstvote.com/investors
1873835,IMMX,"Immix Biopharma, Inc.",2021-12-16,2022-12-16,8,https://pstvote.com/investor-relations
1873835,IMMX,"Immix Biopharma, Inc.",2021-12-16,2022-12-16,9,https://pstvote.com/governance
1873835,IMMX,"Immix Biopharma, Inc.",2021-12-16,2022-12-16,10,https://pstvote.com/corporate-governance
1070050,APCX,AppTech Payments Corp.,2022-01-06,2023-01-06,1,https://apptechcorp.com/investor-relations
1070050,APCX,AppTech Payments Corp.,2022-01-06,2023-01-06,2,https://apptechcorp.com/investor-relations/investors
1070050,APCX,AppTech Payments Corp.,2022-01-06,2023-01-06,3,https://apptechcorp.com/investor-relations/investor-relations
1070050,APCX,AppTech Payments Corp.,2022-01-06,2023-01-06,4,https://apptechcorp.com/investor-relations/governance
1070050,APCX,AppTech Payments Corp.,2022-01-06,2023-01-06,5,https://apptechcorp.com/investor-relations/corporate-governance
1070050,APCX,AppTech Payments Corp.,2022-01-06,2023-01-06,6,https://apptechcorp.com
1070050,APCX,AppTech Payments Corp.,2022-01-06,2023-01-06,7,https://apptechcorp.com/investors
1070050,APCX,AppTech Payments Corp.,2022-01-06,2023-01-06,8,https://apptechcorp.com/governance
1070050,APCX,AppTech Payments Corp.,2022-01-06,2023-01-06,9,https://apptechcorp.com/corporate-governance
1070050,APCX,AppTech Payments Corp.,2022-01-06,2023-01-06,10,https://apptech.com
1070050,APCX,AppTech Payments Corp.,2022-01-06,2023-01-06,11,https://apptech.com/investors
1070050,APCX,AppTech Payments Corp.,2022-01-06,2023-01-06,12,https://apptech.com/investor-relations
1658551,AMLX,"Amylyx Pharmaceuticals, Inc.",2022-01-07,2023-01-07,1,https://investors.amylyx.com/corporate-governance/documents-charters
1658551,AMLX,"Amylyx Pharmaceuticals, Inc.",2022-01-07,2023-01-07,2,https://investors.amylyx.com/corporate-governance/documents-charters/investors
1658551,AMLX,"Amylyx Pharmaceuticals, Inc.",2022-01-07,2023-01-07,3,https://investors.amylyx.com/corporate-governance/documents-charters/investor-relations
1658551,AMLX,"Amylyx Pharmaceuticals, Inc.",2022-01-07,2023-01-07,4,https://investors.amylyx.com/corporate-governance/documents-charters/governance
1658551,AMLX,"Amylyx Pharmaceuticals, Inc.",2022-01-07,2023-01-07,5,https://investors.amylyx.com/corporate-governance/documents-charters/corporate-governance
1658551,AMLX,"Amylyx Pharmaceuticals, Inc.",2022-01-07,2023-01-07,6,https://investors.amylyx.com
1658551,AMLX,"Amylyx Pharmaceuticals, Inc.",2022-01-07,2023-01-07,7,https://investors.amylyx.com/investors
1658551,AMLX,"Amylyx Pharmaceuticals, Inc.",2022-01-07,2023-01-07,8,https://investors.amylyx.com/investor-relations
1658551,AMLX,"Amylyx Pharmaceuticals, Inc.",2022-01-07,2023-01-07,9,https://investors.amylyx.com/governance
1658551,AMLX,"Amylyx Pharmaceuticals, Inc.",2022-01-07,2023-01-07,10,https://investors.amylyx.com/corporate-governance
1658551,AMLX,"Amylyx Pharmaceuticals, Inc.",2022-01-07,2023-01-07,11,https://amylyx.com
1658551,AMLX,"Amylyx Pharmaceuticals, Inc.",2022-01-07,2023-01-07,12,https://amylyx.com/investors
1868734,,"CinCor Pharma, Inc.",2022-01-07,2023-01-07,1,https://cincor.com/investor-relations
1868734,,"CinCor Pharma, Inc.",2022-01-07,2023-01-07,2,https://cincor.com/investor-relations/investors
1868734,,"CinCor Pharma, Inc.",2022-01-07,2023-01-07,3,https://cincor.com/investor-relations/investor-relations
1868734,,"CinCor Pharma, Inc.",2022-01-07,2023-01-07,4,https://cincor.com/investor-relations/governance
1868734,,"CinCor Pharma, Inc.",2022-01-07,2023-01-07,5,https://cincor.com/investor-relations/corporate-governance
1868734,,"CinCor Pharma, Inc.",2022-01-07,2023-01-07,6,https://cincor.com
1868734,,"CinCor Pharma, Inc.",2022-01-07,2023-01-07,7,https://cincor.com/investors
1868734,,"CinCor Pharma, Inc.",2022-01-07,2023-01-07,8,https://cincor.com/governance
1868734,,"CinCor Pharma, Inc.",2022-01-07,2023-01-07,9,https://cincor.com/corporate-governance
1874875,HOUR,"Hour Loop, Inc",2022-01-07,2023-01-07,1,https://amazon.com
1874875,HOUR,"Hour Loop, Inc",2022-01-07,2023-01-07,2,https://amazon.com/investors
1874875,HOUR,"Hour Loop, Inc",2022-01-07,2023-01-07,3,https://amazon.com/investor-relations
1874875,HOUR,"Hour Loop, Inc",2022-01-07,2023-01-07,4,https://amazon.com/governance
1874875,HOUR,"Hour Loop, Inc",2022-01-07,2023-01-07,5,https://amazon.com/corporate-governance
1874875,HOUR,"Hour Loop, Inc",2022-01-07,2023-01-07,6,https://hourloop.com
1874875,HOUR,"Hour Loop, Inc",2022-01-07,2023-01-07,7,https://hourloop.com/investors
1874875,HOUR,"Hour Loop, Inc",2022-01-07,2023-01-07,8,https://hourloop.com/investor-relations
1874875,HOUR,"Hour Loop, Inc",2022-01-07,2023-01-07,9,https://hourloop.com/governance
1874875,HOUR,"Hour Loop, Inc",2022-01-07,2023-01-07,10,https://hourloop.com/corporate-governance
1874875,HOUR,"Hour Loop, Inc",2022-01-07,2023-01-07,11,https://persalary.com
1874875,HOUR,"Hour Loop, Inc",2022-01-07,2023-01-07,12,https://persalary.com/investors
1861657,CNTN,"Canton Strategic Holdings, Inc.",2022-01-12,2023-01-12,1,https://annualgeneralmeetings.com
1861657,CNTN,"Canton Strategic Holdings, Inc.",2022-01-12,2023-01-12,2,https://annualgeneralmeetings.com/investors
1861657,CNTN,"Canton Strategic Holdings, Inc.",2022-01-12,2023-01-12,3,https://annualgeneralmeetings.com/investor-relations
1861657,CNTN,"Canton Strategic Holdings, Inc.",2022-01-12,2023-01-12,4,https://annualgeneralmeetings.com/governance
1861657,CNTN,"Canton Strategic Holdings, Inc.",2022-01-12,2023-01-12,5,https://annualgeneralmeetings.com/corporate-governance
1861657,CNTN,"Canton Strategic Holdings, Inc.",2022-01-12,2023-01-12,6,https://clinicaltrials.gov
1861657,CNTN,"Canton Strategic Holdings, Inc.",2022-01-12,2023-01-12,7,https://clinicaltrials.gov/investors
1861657,CNTN,"Canton Strategic Holdings, Inc.",2022-01-12,2023-01-12,8,https://clinicaltrials.gov/investor-relations
1861657,CNTN,"Canton Strategic Holdings, Inc.",2022-01-12,2023-01-12,9,https://clinicaltrials.gov/governance
1861657,CNTN,"Canton Strategic Holdings, Inc.",2022-01-12,2023-01-12,10,https://clinicaltrials.gov/corporate-governance
1861657,CNTN,"Canton Strategic Holdings, Inc.",2022-01-12,2023-01-12,11,https://hillstreambio.com
1861657,CNTN,"Canton Strategic Holdings, Inc.",2022-01-12,2023-01-12,12,https://hillstreambio.com/investors
1880661,TPG,TPG Inc.,2022-01-13,2023-01-13,1,https://imetrix.edgar-online.com
1880661,TPG,TPG Inc.,2022-01-13,2023-01-13,2,https://imetrix.edgar-online.com/investors
1880661,TPG,TPG Inc.,2022-01-13,2023-01-13,3,https://imetrix.edgar-online.com/investor-relations
1880661,TPG,TPG Inc.,2022-01-13,2023-01-13,4,https://imetrix.edgar-online.com/governance
1880661,TPG,TPG Inc.,2022-01-13,2023-01-13,5,https://imetrix.edgar-online.com/corporate-governance
1880661,TPG,TPG Inc.,2022-01-13,2023-01-13,6,https://instagram.com
1880661,TPG,TPG Inc.,2022-01-13,2023-01-13,7,https://instagram.com/investors
1880661,TPG,TPG Inc.,2022-01-13,2023-01-13,8,https://instagram.com/investor-relations
1880661,TPG,TPG Inc.,2022-01-13,2023-01-13,9,https://instagram.com/governance
1880661,TPG,TPG Inc.,2022-01-13,2023-01-13,10,https://instagram.com/corporate-governance
1880661,TPG,TPG Inc.,2022-01-13,2023-01-13,11,https://linkedin.com
1880661,TPG,TPG Inc.,2022-01-13,2023-01-13,12,https://linkedin.com/investors
1777319,CISO,"CISO Global, Inc.",2022-01-18,2023-01-18,1,https://cerberussentinel.com/investor-relations/charter-of-the-nominating-and-corporate-governance-committee
1777319,CISO,"CISO Global, Inc.",2022-01-18,2023-01-18,2,https://cerberussentinel.com/investor-relations/charter-of-the-nominating-and-corporate-governance-committee/investors
1777319,CISO,"CISO Global, Inc.",2022-01-18,2023-01-18,3,https://cerberussentinel.com/investor-relations/charter-of-the-nominating-and-corporate-governance-committee/investor-relations
1777319,CISO,"CISO Global, Inc.",2022-01-18,2023-01-18,4,https://cerberussentinel.com/investor-relations/charter-of-the-nominating-and-corporate-governance-committee/governance
1777319,CISO,"CISO Global, Inc.",2022-01-18,2023-01-18,5,https://cerberussentinel.com/investor-relations/charter-of-the-nominating-and-corporate-governance-committee/corporate-governance
1777319,CISO,"CISO Global, Inc.",2022-01-18,2023-01-18,6,https://cerberussentinel.com
1777319,CISO,"CISO Global, Inc.",2022-01-18,2023-01-18,7,https://cerberussentinel.com/investors
1777319,CISO,"CISO Global, Inc.",2022-01-18,2023-01-18,8,https://cerberussentinel.com/investor-relations
1777319,CISO,"CISO Global, Inc.",2022-01-18,2023-01-18,9,https://cerberussentinel.com/governance
1777319,CISO,"CISO Global, Inc.",2022-01-18,2023-01-18,10,https://cerberussentinel.com/corporate-governance
1777319,CISO,"CISO Global, Inc.",2022-01-18,2023-01-18,11,https://cerberuscybersentinelcorporation.com
1777319,CISO,"CISO Global, Inc.",2022-01-18,2023-01-18,12,https://cerberuscybersentinelcorporation.com/investors
1864943,FGI,FGI Industries Ltd.,2022-01-25,2023-01-25,1,https://fgi-industries.com
1864943,FGI,FGI Industries Ltd.,2022-01-25,2023-01-25,2,https://fgi-industries.com/investors
1864943,FGI,FGI Industries Ltd.,2022-01-25,2023-01-25,3,https://fgi-industries.com/investor-relations
1864943,FGI,FGI Industries Ltd.,2022-01-25,2023-01-25,4,https://fgi-industries.com/governance
1864943,FGI,FGI Industries Ltd.,2022-01-25,2023-01-25,5,https://fgi-industries.com/corporate-governance
1872964,MTEK,Maris Tech Ltd.,2022-02-02,2023-02-02,1,https://compsciresources.com
1872964,MTEK,Maris Tech Ltd.,2022-02-02,2023-02-02,2,https://compsciresources.com/investors
1872964,MTEK,Maris Tech Ltd.,2022-02-02,2023-02-02,3,https://compsciresources.com/investor-relations
1872964,MTEK,Maris Tech Ltd.,2022-02-02,2023-02-02,4,https://compsciresources.com/governance
1872964,MTEK,Maris Tech Ltd.,2022-02-02,2023-02-02,5,https://compsciresources.com/corporate-governance
1872964,MTEK,Maris Tech Ltd.,2022-02-02,2023-02-02,6,https://maris-tech.com
1872964,MTEK,Maris Tech Ltd.,2022-02-02,2023-02-02,7,https://maris-tech.com/investors
1872964,MTEK,Maris Tech Ltd.,2022-02-02,2023-02-02,8,https://maris-tech.com/investor-relations
1872964,MTEK,Maris Tech Ltd.,2022-02-02,2023-02-02,9,https://maris-tech.com/governance
1872964,MTEK,Maris Tech Ltd.,2022-02-02,2023-02-02,10,https://maris-tech.com/corporate-governance
1872964,MTEK,Maris Tech Ltd.,2022-02-02,2023-02-02,11,https://maristech.com
1872964,MTEK,Maris Tech Ltd.,2022-02-02,2023-02-02,12,https://maristech.com/investors
1786205,ACLX,"Arcellx, Inc.",2022-02-04,2023-02-04,1,https://arc.com
1786205,ACLX,"Arcellx, Inc.",2022-02-04,2023-02-04,2,https://arc.com/investors
1786205,ACLX,"Arcellx, Inc.",2022-02-04,2023-02-04,3,https://arc.com/investor-relations
1786205,ACLX,"Arcellx, Inc.",2022-02-04,2023-02-04,4,https://arc.com/governance
1786205,ACLX,"Arcellx, Inc.",2022-02-04,2023-02-04,5,https://arc.com/corporate-governance
1786205,ACLX,"Arcellx, Inc.",2022-02-04,2023-02-04,6,https://arcellx.com
1786205,ACLX,"Arcellx, Inc.",2022-02-04,2023-02-04,7,https://arcellx.com/investors
1786205,ACLX,"Arcellx, Inc.",2022-02-04,2023-02-04,8,https://arcellx.com/investor-relations
1786205,ACLX,"Arcellx, Inc.",2022-02-04,2023-02-04,9,https://arcellx.com/governance
1786205,ACLX,"Arcellx, Inc.",2022-02-04,2023-02-04,10,https://arcellx.com/corporate-governance
1786205,ACLX,"Arcellx, Inc.",2022-02-04,2023-02-04,11,https://imetrix.edgar-online.com
1786205,ACLX,"Arcellx, Inc.",2022-02-04,2023-02-04,12,https://imetrix.edgar-online.com/investors
1875558,NVCT,"Nuvectis Pharma, Inc.",2022-02-04,2023-02-04,1,https://nuvectis.com
1875558,NVCT,"Nuvectis Pharma, Inc.",2022-02-04,2023-02-04,2,https://nuvectis.com/investors
1875558,NVCT,"Nuvectis Pharma, Inc.",2022-02-04,2023-02-04,3,https://nuvectis.com/investor-relations
1875558,NVCT,"Nuvectis Pharma, Inc.",2022-02-04,2023-02-04,4,https://nuvectis.com/governance
1875558,NVCT,"Nuvectis Pharma, Inc.",2022-02-04,2023-02-04,5,https://nuvectis.com/corporate-governance
1875558,NVCT,"Nuvectis Pharma, Inc.",2022-02-04,2023-02-04,6,https://pwc.com
1875558,NVCT,"Nuvectis Pharma, Inc.",2022-02-04,2023-02-04,7,https://pwc.com/investors
1875558,NVCT,"Nuvectis Pharma, Inc.",2022-02-04,2023-02-04,8,https://pwc.com/investor-relations
1875558,NVCT,"Nuvectis Pharma, Inc.",2022-02-04,2023-02-04,9,https://pwc.com/governance
1875558,NVCT,"Nuvectis Pharma, Inc.",2022-02-04,2023-02-04,10,https://pwc.com/corporate-governance
1648087,AREB,AMERICAN REBEL HOLDINGS INC,2022-02-08,2023-02-08,1,https://americanrebel.com
1648087,AREB,AMERICAN REBEL HOLDINGS INC,2022-02-08,2023-02-08,2,https://americanrebel.com/investors
1648087,AREB,AMERICAN REBEL HOLDINGS INC,2022-02-08,2023-02-08,3,https://americanrebel.com/investor-relations
1648087,AREB,AMERICAN REBEL HOLDINGS INC,2022-02-08,2023-02-08,4,https://americanrebel.com/governance
1648087,AREB,AMERICAN REBEL HOLDINGS INC,2022-02-08,2023-02-08,5,https://americanrebel.com/corporate-governance
1648087,AREB,AMERICAN REBEL HOLDINGS INC,2022-02-08,2023-02-08,6,https://cscp.com
1648087,AREB,AMERICAN REBEL HOLDINGS INC,2022-02-08,2023-02-08,7,https://cscp.com/investors
1648087,AREB,AMERICAN REBEL HOLDINGS INC,2022-02-08,2023-02-08,8,https://cscp.com/investor-relations
1648087,AREB,AMERICAN REBEL HOLDINGS INC,2022-02-08,2023-02-08,9,https://cscp.com/governance
1648087,AREB,AMERICAN REBEL HOLDINGS INC,2022-02-08,2023-02-08,10,https://cscp.com/corporate-governance
1648087,AREB,AMERICAN REBEL HOLDINGS INC,2022-02-08,2023-02-08,11,https://emerginggrowth.com
1648087,AREB,AMERICAN REBEL HOLDINGS INC,2022-02-08,2023-02-08,12,https://emerginggrowth.com/investors
1892322,HTCR,"HeartCore Enterprises, Inc.",2022-02-10,2023-02-10,1,https://heartcore-enterprises.com
1892322,HTCR,"HeartCore Enterprises, Inc.",2022-02-10,2023-02-10,2,https://heartcore-enterprises.com/investors
1892322,HTCR,"HeartCore Enterprises, Inc.",2022-02-10,2023-02-10,3,https://heartcore-enterprises.com/investor-relations
1892322,HTCR,"HeartCore Enterprises, Inc.",2022-02-10,2023-02-10,4,https://heartcore-enterprises.com/governance
1892322,HTCR,"HeartCore Enterprises, Inc.",2022-02-10,2023-02-10,5,https://heartcore-enterprises.com/corporate-governance
1892322,HTCR,"HeartCore Enterprises, Inc.",2022-02-10,2023-02-10,6,https://heartcore.co.jp
1892322,HTCR,"HeartCore Enterprises, Inc.",2022-02-10,2023-02-10,7,https://heartcore.co.jp/investors
1892322,HTCR,"HeartCore Enterprises, Inc.",2022-02-10,2023-02-10,8,https://heartcore.co.jp/investor-relations
1892322,HTCR,"HeartCore Enterprises, Inc.",2022-02-10,2023-02-10,9,https://heartcore.co.jp/governance
1892322,HTCR,"HeartCore Enterprises, Inc.",2022-02-10,2023-02-10,10,https://heartcore.co.jp/corporate-governance
1892322,HTCR,"HeartCore Enterprises, Inc.",2022-02-10,2023-02-10,11,https://malonebailey.com
1892322,HTCR,"HeartCore Enterprises, Inc.",2022-02-10,2023-02-10,12,https://malonebailey.com/investors
1880613,DRCT,"Direct Digital Holdings, Inc.",2022-02-11,2023-02-11,1,https://ir.directdigitalholdings.com/corporate-governance/governance-documents
1880613,DRCT,"Direct Digital Holdings, Inc.",2022-02-11,2023-02-11,2,https://ir.directdigitalholdings.com/corporate-governance/governance-documents/investors
1880613,DRCT,"Direct Digital Holdings, Inc.",2022-02-11,2023-02-11,3,https://ir.directdigitalholdings.com/corporate-governance/governance-documents/investor-relations
1880613,DRCT,"Direct Digital Holdings, Inc.",2022-02-11,2023-02-11,4,https://ir.directdigitalholdings.com/corporate-governance/governance-documents/governance
1880613,DRCT,"Direct Digital Holdings, Inc.",2022-02-11,2023-02-11,5,https://ir.directdigitalholdings.com/corporate-governance/governance-documents/corporate-governance
1880613,DRCT,"Direct Digital Holdings, Inc.",2022-02-11,2023-02-11,6,https://ir.directdigitalholdings.com
1880613,DRCT,"Direct Digital Holdings, Inc.",2022-02-11,2023-02-11,7,https://ir.directdigitalholdings.com/investors
1880613,DRCT,"Direct Digital Holdings, Inc.",2022-02-11,2023-02-11,8,https://ir.directdigitalholdings.com/investor-relations
1880613,DRCT,"Direct Digital Holdings, Inc.",2022-02-11,2023-02-11,9,https://ir.directdigitalholdings.com/governance
1880613,DRCT,"Direct Digital Holdings, Inc.",2022-02-11,2023-02-11,10,https://ir.directdigitalholdings.com/corporate-governance
1880613,DRCT,"Direct Digital Holdings, Inc.",2022-02-11,2023-02-11,11,https://directdigitalholdings.com
1880613,DRCT,"Direct Digital Holdings, Inc.",2022-02-11,2023-02-11,12,https://directdigitalholdings.com/investors
1872812,,TC BioPharm (Holdings) plc,2022-02-11,2023-02-11,1,https://ir.tcbiopharm.com
1872812,,TC BioPharm (Holdings) plc,2022-02-11,2023-02-11,2,https://ir.tcbiopharm.com/investors
1872812,,TC BioPharm (Holdings) plc,2022-02-11,2023-02-11,3,https://ir.tcbiopharm.com/investor-relations
1872812,,TC BioPharm (Holdings) plc,2022-02-11,2023-02-11,4,https://ir.tcbiopharm.com/governance
1872812,,TC BioPharm (Holdings) plc,2022-02-11,2023-02-11,5,https://ir.tcbiopharm.com/corporate-governance
1872812,,TC BioPharm (Holdings) plc,2022-02-11,2023-02-11,6,https://tcbiopharm.com
1872812,,TC BioPharm (Holdings) plc,2022-02-11,2023-02-11,7,https://tcbiopharm.com/investors
1872812,,TC BioPharm (Holdings) plc,2022-02-11,2023-02-11,8,https://tcbiopharm.com/investor-relations
1872812,,TC BioPharm (Holdings) plc,2022-02-11,2023-02-11,9,https://tcbiopharm.com/governance
1872812,,TC BioPharm (Holdings) plc,2022-02-11,2023-02-11,10,https://tcbiopharm.com/corporate-governance
1872812,,TC BioPharm (Holdings) plc,2022-02-11,2023-02-11,11,https://xbrl.ifrs.org
1872812,,TC BioPharm (Holdings) plc,2022-02-11,2023-02-11,12,https://xbrl.ifrs.org/investors
1482541,BNC,CEA Industries Inc.,2022-02-14,2023-02-14,1,https://bloomberg.com
1482541,BNC,CEA Industries Inc.,2022-02-14,2023-02-14,2,https://bloomberg.com/investors
1482541,BNC,CEA Industries Inc.,2022-02-14,2023-02-14,3,https://bloomberg.com/investor-relations
1482541,BNC,CEA Industries Inc.,2022-02-14,2023-02-14,4,https://bloomberg.com/governance
1482541,BNC,CEA Industries Inc.,2022-02-14,2023-02-14,5,https://bloomberg.com/corporate-governance
1482541,BNC,CEA Industries Inc.,2022-02-14,2023-02-14,6,https://ceaindustrialsupply.com
1482541,BNC,CEA Industries Inc.,2022-02-14,2023-02-14,7,https://ceaindustrialsupply.com/investors
1482541,BNC,CEA Industries Inc.,2022-02-14,2023-02-14,8,https://ceaindustrialsupply.com/investor-relations
1482541,BNC,CEA Industries Inc.,2022-02-14,2023-02-14,9,https://ceaindustrialsupply.com/governance
1482541,BNC,CEA Industries Inc.,2022-02-14,2023-02-14,10,https://ceaindustrialsupply.com/corporate-governance
1482541,BNC,CEA Industries Inc.,2022-02-14,2023-02-14,11,https://ceaindustries.com
1482541,BNC,CEA Industries Inc.,2022-02-14,2023-02-14,12,https://ceaindustries.com/investors
1450704,VIVK,"Vivakor, Inc.",2022-02-15,2023-02-15,1,https://vivakor.com
1450704,VIVK,"Vivakor, Inc.",2022-02-15,2023-02-15,2,https://vivakor.com/investors
1450704,VIVK,"Vivakor, Inc.",2022-02-15,2023-02-15,3,https://vivakor.com/investor-relations
1450704,VIVK,"Vivakor, Inc.",2022-02-15,2023-02-15,4,https://vivakor.com/governance
1450704,VIVK,"Vivakor, Inc.",2022-02-15,2023-02-15,5,https://vivakor.com/corporate-governance
1835615,MHUAF,"Meihua International Medical Technologies Co., Ltd.",2022-02-16,2023-02-16,1,https://ir.meihuamed.com
1835615,MHUAF,"Meihua International Medical Technologies Co., Ltd.",2022-02-16,2023-02-16,2,https://ir.meihuamed.com/investors
1835615,MHUAF,"Meihua International Medical Technologies Co., Ltd.",2022-02-16,2023-02-16,3,https://ir.meihuamed.com/investor-relations
1835615,MHUAF,"Meihua International Medical Technologies Co., Ltd.",2022-02-16,2023-02-16,4,https://ir.meihuamed.com/governance
1835615,MHUAF,"Meihua International Medical Technologies Co., Ltd.",2022-02-16,2023-02-16,5,https://ir.meihuamed.com/corporate-governance
1835615,MHUAF,"Meihua International Medical Technologies Co., Ltd.",2022-02-16,2023-02-16,6,https://allmed-china.com
1835615,MHUAF,"Meihua International Medical Technologies Co., Ltd.",2022-02-16,2023-02-16,7,https://allmed-china.com/investors
1835615,MHUAF,"Meihua International Medical Technologies Co., Ltd.",2022-02-16,2023-02-16,8,https://allmed-china.com/investor-relations
1835615,MHUAF,"Meihua International Medical Technologies Co., Ltd.",2022-02-16,2023-02-16,9,https://allmed-china.com/governance
1835615,MHUAF,"Meihua International Medical Technologies Co., Ltd.",2022-02-16,2023-02-16,10,https://allmed-china.com/corporate-governance
1835615,MHUAF,"Meihua International Medical Technologies Co., Ltd.",2022-02-16,2023-02-16,11,https://compsciresources.com
1835615,MHUAF,"Meihua International Medical Technologies Co., Ltd.",2022-02-16,2023-02-16,12,https://compsciresources.com/investors
1851860,,"SMART FOR LIFE, INC.",2022-02-16,2023-02-16,1,https://smartforlifecorp.com/investor-center
1851860,,"SMART FOR LIFE, INC.",2022-02-16,2023-02-16,2,https://smartforlifecorp.com/investor-center/investors
1851860,,"SMART FOR LIFE, INC.",2022-02-16,2023-02-16,3,https://smartforlifecorp.com/investor-center/investor-relations
1851860,,"SMART FOR LIFE, INC.",2022-02-16,2023-02-16,4,https://smartforlifecorp.com/investor-center/governance
1851860,,"SMART FOR LIFE, INC.",2022-02-16,2023-02-16,5,https://smartforlifecorp.com/investor-center/corporate-governance
1851860,,"SMART FOR LIFE, INC.",2022-02-16,2023-02-16,6,https://smartforlifecorp.com
1851860,,"SMART FOR LIFE, INC.",2022-02-16,2023-02-16,7,https://smartforlifecorp.com/investors
1851860,,"SMART FOR LIFE, INC.",2022-02-16,2023-02-16,8,https://smartforlifecorp.com/investor-relations
1851860,,"SMART FOR LIFE, INC.",2022-02-16,2023-02-16,9,https://smartforlifecorp.com/governance
1851860,,"SMART FOR LIFE, INC.",2022-02-16,2023-02-16,10,https://smartforlifecorp.com/corporate-governance
1851860,,"SMART FOR LIFE, INC.",2022-02-16,2023-02-16,11,https://bonnesantegroup.com
1851860,,"SMART FOR LIFE, INC.",2022-02-16,2023-02-16,12,https://bonnesantegroup.com/investors
1402328,SBFM,Sunshine Biopharma Inc.,2022-02-17,2023-02-17,1,https://sunshinebiopharma.com
1402328,SBFM,Sunshine Biopharma Inc.,2022-02-17,2023-02-17,2,https://sunshinebiopharma.com/investors
1402328,SBFM,Sunshine Biopharma Inc.,2022-02-17,2023-02-17,3,https://sunshinebiopharma.com/investor-relations
1402328,SBFM,Sunshine Biopharma Inc.,2022-02-17,2023-02-17,4,https://sunshinebiopharma.com/governance
1402328,SBFM,Sunshine Biopharma Inc.,2022-02-17,2023-02-17,5,https://sunshinebiopharma.com/corporate-governance
1888014,AKAN,AKANDA CORP.,2022-03-15,2023-03-15,1,https://akandacorp.com/investors
1888014,AKAN,AKANDA CORP.,2022-03-15,2023-03-15,2,https://akandacorp.com/investors/investors
1888014,AKAN,AKANDA CORP.,2022-03-15,2023-03-15,3,https://akandacorp.com/investors/investor-relations
1888014,AKAN,AKANDA CORP.,2022-03-15,2023-03-15,4,https://akandacorp.com/investors/governance
1888014,AKAN,AKANDA CORP.,2022-03-15,2023-03-15,5,https://akandacorp.com/investors/corporate-governance
1888014,AKAN,AKANDA CORP.,2022-03-15,2023-03-15,6,https://akandacorp.com
1888014,AKAN,AKANDA CORP.,2022-03-15,2023-03-15,7,https://akandacorp.com/investor-relations
1888014,AKAN,AKANDA CORP.,2022-03-15,2023-03-15,8,https://akandacorp.com/governance
1888014,AKAN,AKANDA CORP.,2022-03-15,2023-03-15,9,https://akandacorp.com/corporate-governance
1888014,AKAN,AKANDA CORP.,2022-03-15,2023-03-15,10,https://akancorp.com
1888014,AKAN,AKANDA CORP.,2022-03-15,2023-03-15,11,https://akancorp.com/investors
1888014,AKAN,AKANDA CORP.,2022-03-15,2023-03-15,12,https://akancorp.com/investor-relations
1880438,ANTX,"AN2 Therapeutics, Inc.",2022-03-25,2023-03-25,1,https://investor.an2therapeutics.com
1880438,ANTX,"AN2 Therapeutics, Inc.",2022-03-25,2023-03-25,2,https://investor.an2therapeutics.com/investors
1880438,ANTX,"AN2 Therapeutics, Inc.",2022-03-25,2023-03-25,3,https://investor.an2therapeutics.com/investor-relations
1880438,ANTX,"AN2 Therapeutics, Inc.",2022-03-25,2023-03-25,4,https://investor.an2therapeutics.com/governance
1880438,ANTX,"AN2 Therapeutics, Inc.",2022-03-25,2023-03-25,5,https://investor.an2therapeutics.com/corporate-governance
1880438,ANTX,"AN2 Therapeutics, Inc.",2022-03-25,2023-03-25,6,https://an2therapeutics.com
1880438,ANTX,"AN2 Therapeutics, Inc.",2022-03-25,2023-03-25,7,https://an2therapeutics.com/investors
1880438,ANTX,"AN2 Therapeutics, Inc.",2022-03-25,2023-03-25,8,https://an2therapeutics.com/investor-relations
1880438,ANTX,"AN2 Therapeutics, Inc.",2022-03-25,2023-03-25,9,https://an2therapeutics.com/governance
1880438,ANTX,"AN2 Therapeutics, Inc.",2022-03-25,2023-03-25,10,https://an2therapeutics.com/corporate-governance
1894954,XPON,Expion360 Inc.,2022-04-01,2023-04-01,1,https://investors.expion360.com
1894954,XPON,Expion360 Inc.,2022-04-01,2023-04-01,2,https://investors.expion360.com/investors
1894954,XPON,Expion360 Inc.,2022-04-01,2023-04-01,3,https://investors.expion360.com/investor-relations
1894954,XPON,Expion360 Inc.,2022-04-01,2023-04-01,4,https://investors.expion360.com/governance
1894954,XPON,Expion360 Inc.,2022-04-01,2023-04-01,5,https://investors.expion360.com/corporate-governance
1894954,XPON,Expion360 Inc.,2022-04-01,2023-04-01,6,https://expion360.com
1894954,XPON,Expion360 Inc.,2022-04-01,2023-04-01,7,https://expion360.com/investors
1894954,XPON,Expion360 Inc.,2022-04-01,2023-04-01,8,https://expion360.com/investor-relations
1894954,XPON,Expion360 Inc.,2022-04-01,2023-04-01,9,https://expion360.com/governance
1894954,XPON,Expion360 Inc.,2022-04-01,2023-04-01,10,https://expion360.com/corporate-governance
1894954,XPON,Expion360 Inc.,2022-04-01,2023-04-01,11,https://ww.xpon.com
1894954,XPON,Expion360 Inc.,2022-04-01,2023-04-01,12,https://ww.xpon.com/investors
1737995,STSS,"SkyAI, Inc.",2022-04-14,2023-04-14,1,https://ir.stss.com
1737995,STSS,"SkyAI, Inc.",2022-04-14,2023-04-14,2,https://ir.stss.com/investors
1737995,STSS,"SkyAI, Inc.",2022-04-14,2023-04-14,3,https://ir.stss.com/investor-relations
1737995,STSS,"SkyAI, Inc.",2022-04-14,2023-04-14,4,https://ir.stss.com/governance
1737995,STSS,"SkyAI, Inc.",2022-04-14,2023-04-14,5,https://ir.stss.com/corporate-governance
1737995,STSS,"SkyAI, Inc.",2022-04-14,2023-04-14,6,https://sharpstechnology.com
1737995,STSS,"SkyAI, Inc.",2022-04-14,2023-04-14,7,https://sharpstechnology.com/investors
1737995,STSS,"SkyAI, Inc.",2022-04-14,2023-04-14,8,https://sharpstechnology.com/investor-relations
1737995,STSS,"SkyAI, Inc.",2022-04-14,2023-04-14,9,https://sharpstechnology.com/governance
1737995,STSS,"SkyAI, Inc.",2022-04-14,2023-04-14,10,https://sharpstechnology.com/corporate-governance
1635077,ACON,"Aclarion, Inc.",2022-04-22,2023-04-22,1,https://aclarion.com
1635077,ACON,"Aclarion, Inc.",2022-04-22,2023-04-22,2,https://aclarion.com/investors
1635077,ACON,"Aclarion, Inc.",2022-04-22,2023-04-22,3,https://aclarion.com/investor-relations
1635077,ACON,"Aclarion, Inc.",2022-04-22,2023-04-22,4,https://aclarion.com/governance
1635077,ACON,"Aclarion, Inc.",2022-04-22,2023-04-22,5,https://aclarion.com/corporate-governance
1635077,ACON,"Aclarion, Inc.",2022-04-22,2023-04-22,6,https://vstocktransfer.com
1635077,ACON,"Aclarion, Inc.",2022-04-22,2023-04-22,7,https://vstocktransfer.com/investors
1635077,ACON,"Aclarion, Inc.",2022-04-22,2023-04-22,8,https://vstocktransfer.com/investor-relations
1635077,ACON,"Aclarion, Inc.",2022-04-22,2023-04-22,9,https://vstocktransfer.com/governance
1635077,ACON,"Aclarion, Inc.",2022-04-22,2023-04-22,10,https://vstocktransfer.com/corporate-governance
1905511,JCSE,JE Cleantech Holdings Ltd,2022-04-22,2023-04-22,1,https://jecleantech.com.sg
1905511,JCSE,JE Cleantech Holdings Ltd,2022-04-22,2023-04-22,2,https://jecleantech.com.sg/investors
1905511,JCSE,JE Cleantech Holdings Ltd,2022-04-22,2023-04-22,3,https://jecleantech.com.sg/investor-relations
1905511,JCSE,JE Cleantech Holdings Ltd,2022-04-22,2023-04-22,4,https://jecleantech.com.sg/governance
1905511,JCSE,JE Cleantech Holdings Ltd,2022-04-22,2023-04-22,5,https://jecleantech.com.sg/corporate-governance
1905511,JCSE,JE Cleantech Holdings Ltd,2022-04-22,2023-04-22,6,https://jecleantech.sg
1905511,JCSE,JE Cleantech Holdings Ltd,2022-04-22,2023-04-22,7,https://jecleantech.sg/investors
1905511,JCSE,JE Cleantech Holdings Ltd,2022-04-22,2023-04-22,8,https://jecleantech.sg/investor-relations
1905511,JCSE,JE Cleantech Holdings Ltd,2022-04-22,2023-04-22,9,https://jecleantech.sg/governance
1905511,JCSE,JE Cleantech Holdings Ltd,2022-04-22,2023-04-22,10,https://jecleantech.sg/corporate-governance
1560293,TNON,"Tenon Medical, Inc.",2022-04-27,2023-04-27,1,https://datatracks.com
1560293,TNON,"Tenon Medical, Inc.",2022-04-27,2023-04-27,2,https://datatracks.com/investors
1560293,TNON,"Tenon Medical, Inc.",2022-04-27,2023-04-27,3,https://datatracks.com/investor-relations
1560293,TNON,"Tenon Medical, Inc.",2022-04-27,2023-04-27,4,https://datatracks.com/governance
1560293,TNON,"Tenon Medical, Inc.",2022-04-27,2023-04-27,5,https://datatracks.com/corporate-governance
1560293,TNON,"Tenon Medical, Inc.",2022-04-27,2023-04-27,6,https://tenonmed.com
1560293,TNON,"Tenon Medical, Inc.",2022-04-27,2023-04-27,7,https://tenonmed.com/investors
1560293,TNON,"Tenon Medical, Inc.",2022-04-27,2023-04-27,8,https://tenonmed.com/investor-relations
1560293,TNON,"Tenon Medical, Inc.",2022-04-27,2023-04-27,9,https://tenonmed.com/governance
1560293,TNON,"Tenon Medical, Inc.",2022-04-27,2023-04-27,10,https://tenonmed.com/corporate-governance
1560293,TNON,"Tenon Medical, Inc.",2022-04-27,2023-04-27,11,https://tenonmed.com. the
1560293,TNON,"Tenon Medical, Inc.",2022-04-27,2023-04-27,12,https://tenonmed.com. the/investors
1141284,ASNS,ACTELIS NETWORKS INC,2022-05-13,2023-05-13,1,https://actelis.com
1141284,ASNS,ACTELIS NETWORKS INC,2022-05-13,2023-05-13,2,https://actelis.com/investors
1141284,ASNS,ACTELIS NETWORKS INC,2022-05-13,2023-05-13,3,https://actelis.com/investor-relations
1141284,ASNS,ACTELIS NETWORKS INC,2022-05-13,2023-05-13,4,https://actelis.com/governance
1141284,ASNS,ACTELIS NETWORKS INC,2022-05-13,2023-05-13,5,https://actelis.com/corporate-governance
1141284,ASNS,ACTELIS NETWORKS INC,2022-05-13,2023-05-13,6,https://actelisnetworksinc.com
1141284,ASNS,ACTELIS NETWORKS INC,2022-05-13,2023-05-13,7,https://actelisnetworksinc.com/investors
1141284,ASNS,ACTELIS NETWORKS INC,2022-05-13,2023-05-13,8,https://actelisnetworksinc.com/investor-relations
1141284,ASNS,ACTELIS NETWORKS INC,2022-05-13,2023-05-13,9,https://actelisnetworksinc.com/governance
1141284,ASNS,ACTELIS NETWORKS INC,2022-05-13,2023-05-13,10,https://actelisnetworksinc.com/corporate-governance
1141284,ASNS,ACTELIS NETWORKS INC,2022-05-13,2023-05-13,11,https://actelisnetwors.com
1141284,ASNS,ACTELIS NETWORKS INC,2022-05-13,2023-05-13,12,https://actelisnetwors.com/investors
1886799,,Bright Green Corp,2022-05-17,2023-05-17,1,https://brightgreen.us
1886799,,Bright Green Corp,2022-05-17,2023-05-17,2,https://brightgreen.us/investors
1886799,,Bright Green Corp,2022-05-17,2023-05-17,3,https://brightgreen.us/investor-relations
1886799,,Bright Green Corp,2022-05-17,2023-05-17,4,https://brightgreen.us/governance
1886799,,Bright Green Corp,2022-05-17,2023-05-17,5,https://brightgreen.us/corporate-governance
1886799,,Bright Green Corp,2022-05-17,2023-05-17,6,https://virtualmeetingportal.com
1886799,,Bright Green Corp,2022-05-17,2023-05-17,7,https://virtualmeetingportal.com/investors
1886799,,Bright Green Corp,2022-05-17,2023-05-17,8,https://virtualmeetingportal.com/investor-relations
1886799,,Bright Green Corp,2022-05-17,2023-05-17,9,https://virtualmeetingportal.com/governance
1886799,,Bright Green Corp,2022-05-17,2023-05-17,10,https://virtualmeetingportal.com/corporate-governance
1849296,OKYO,OKYO Pharma Ltd,2022-05-17,2023-05-17,1,https://adr.com
1849296,OKYO,OKYO Pharma Ltd,2022-05-17,2023-05-17,2,https://adr.com/investors
1849296,OKYO,OKYO Pharma Ltd,2022-05-17,2023-05-17,3,https://adr.com/investor-relations
1849296,OKYO,OKYO Pharma Ltd,2022-05-17,2023-05-17,4,https://adr.com/governance
1849296,OKYO,OKYO Pharma Ltd,2022-05-17,2023-05-17,5,https://adr.com/corporate-governance
1849296,OKYO,OKYO Pharma Ltd,2022-05-17,2023-05-17,6,https://okyopharma.com
1849296,OKYO,OKYO Pharma Ltd,2022-05-17,2023-05-17,7,https://okyopharma.com/investors
1849296,OKYO,OKYO Pharma Ltd,2022-05-17,2023-05-17,8,https://okyopharma.com/investor-relations
1849296,OKYO,OKYO Pharma Ltd,2022-05-17,2023-05-17,9,https://okyopharma.com/governance
1849296,OKYO,OKYO Pharma Ltd,2022-05-17,2023-05-17,10,https://okyopharma.com/corporate-governance
1849296,OKYO,OKYO Pharma Ltd,2022-05-17,2023-05-17,11,https://xbrl.ifrs.org
1849296,OKYO,OKYO Pharma Ltd,2022-05-17,2023-05-17,12,https://xbrl.ifrs.org/investors
1892274,GV,Visionary Holdings Inc.,2022-05-17,2023-05-17,1,https://canada.ca
1892274,GV,Visionary Holdings Inc.,2022-05-17,2023-05-17,2,https://canada.ca/investors
1892274,GV,Visionary Holdings Inc.,2022-05-17,2023-05-17,3,https://canada.ca/investor-relations
1892274,GV,Visionary Holdings Inc.,2022-05-17,2023-05-17,4,https://canada.ca/governance
1892274,GV,Visionary Holdings Inc.,2022-05-17,2023-05-17,5,https://canada.ca/corporate-governance
1892274,GV,Visionary Holdings Inc.,2022-05-17,2023-05-17,6,https://visiongroupca.com
1892274,GV,Visionary Holdings Inc.,2022-05-17,2023-05-17,7,https://visiongroupca.com/investors
1892274,GV,Visionary Holdings Inc.,2022-05-17,2023-05-17,8,https://visiongroupca.com/investor-relations
1892274,GV,Visionary Holdings Inc.,2022-05-17,2023-05-17,9,https://visiongroupca.com/governance
1892274,GV,Visionary Holdings Inc.,2022-05-17,2023-05-17,10,https://visiongroupca.com/corporate-governance
923601,RIME,"Algorhythm Holdings, Inc.",2022-05-25,2023-05-25,1,https://singingmachine.com/pages/investors
923601,RIME,"Algorhythm Holdings, Inc.",2022-05-25,2023-05-25,2,https://singingmachine.com/pages/investors/investors
923601,RIME,"Algorhythm Holdings, Inc.",2022-05-25,2023-05-25,3,https://singingmachine.com/pages/investors/investor-relations
923601,RIME,"Algorhythm Holdings, Inc.",2022-05-25,2023-05-25,4,https://singingmachine.com/pages/investors/governance
923601,RIME,"Algorhythm Holdings, Inc.",2022-05-25,2023-05-25,5,https://singingmachine.com/pages/investors/corporate-governance
923601,RIME,"Algorhythm Holdings, Inc.",2022-05-25,2023-05-25,6,https://singingmachine.com
923601,RIME,"Algorhythm Holdings, Inc.",2022-05-25,2023-05-25,7,https://singingmachine.com/investors
923601,RIME,"Algorhythm Holdings, Inc.",2022-05-25,2023-05-25,8,https://singingmachine.com/investor-relations
923601,RIME,"Algorhythm Holdings, Inc.",2022-05-25,2023-05-25,9,https://singingmachine.com/governance
923601,RIME,"Algorhythm Holdings, Inc.",2022-05-25,2023-05-25,10,https://singingmachine.com/corporate-governance
1879848,PEVM,PHOENIX MOTOR INC.,2022-06-08,2023-06-08,1,https://edisonfuture.com
1879848,PEVM,PHOENIX MOTOR INC.,2022-06-08,2023-06-08,2,https://edisonfuture.com/investors
1879848,PEVM,PHOENIX MOTOR INC.,2022-06-08,2023-06-08,3,https://edisonfuture.com/investor-relations
1879848,PEVM,PHOENIX MOTOR INC.,2022-06-08,2023-06-08,4,https://edisonfuture.com/governance
1879848,PEVM,PHOENIX MOTOR INC.,2022-06-08,2023-06-08,5,https://edisonfuture.com/corporate-governance
1879848,PEVM,PHOENIX MOTOR INC.,2022-06-08,2023-06-08,6,https://epa.gov
1879848,PEVM,PHOENIX MOTOR INC.,2022-06-08,2023-06-08,7,https://epa.gov/investors
1879848,PEVM,PHOENIX MOTOR INC.,2022-06-08,2023-06-08,8,https://epa.gov/investor-relations
1879848,PEVM,PHOENIX MOTOR INC.,2022-06-08,2023-06-08,9,https://epa.gov/governance
1879848,PEVM,PHOENIX MOTOR INC.,2022-06-08,2023-06-08,10,https://epa.gov/corporate-governance
1879848,PEVM,PHOENIX MOTOR INC.,2022-06-08,2023-06-08,11,https://phoenixmotorcars.com
1879848,PEVM,PHOENIX MOTOR INC.,2022-06-08,2023-06-08,12,https://phoenixmotorcars.com/investors
1468492,HSCS,HeartSciences Inc.,2022-06-15,2023-06-15,1,https://heartsciences.com
1468492,HSCS,HeartSciences Inc.,2022-06-15,2023-06-15,2,https://heartsciences.com/investors
1468492,HSCS,HeartSciences Inc.,2022-06-15,2023-06-15,3,https://heartsciences.com/investor-relations
1468492,HSCS,HeartSciences Inc.,2022-06-15,2023-06-15,4,https://heartsciences.com/governance
1468492,HSCS,HeartSciences Inc.,2022-06-15,2023-06-15,5,https://heartsciences.com/corporate-governance
1816319,LYTHF,Lytus Technologies Holdings PTV. Ltd.,2022-06-15,2023-06-15,1,https://arcgis.com
1816319,LYTHF,Lytus Technologies Holdings PTV. Ltd.,2022-06-15,2023-06-15,2,https://arcgis.com/investors
1816319,LYTHF,Lytus Technologies Holdings PTV. Ltd.,2022-06-15,2023-06-15,3,https://arcgis.com/investor-relations
1816319,LYTHF,Lytus Technologies Holdings PTV. Ltd.,2022-06-15,2023-06-15,4,https://arcgis.com/governance
1816319,LYTHF,Lytus Technologies Holdings PTV. Ltd.,2022-06-15,2023-06-15,5,https://arcgis.com/corporate-governance
1816319,LYTHF,Lytus Technologies Holdings PTV. Ltd.,2022-06-15,2023-06-15,6,https://barcindia.co.in
1816319,LYTHF,Lytus Technologies Holdings PTV. Ltd.,2022-06-15,2023-06-15,7,https://barcindia.co.in/investors
1816319,LYTHF,Lytus Technologies Holdings PTV. Ltd.,2022-06-15,2023-06-15,8,https://barcindia.co.in/investor-relations
1816319,LYTHF,Lytus Technologies Holdings PTV. Ltd.,2022-06-15,2023-06-15,9,https://barcindia.co.in/governance
1816319,LYTHF,Lytus Technologies Holdings PTV. Ltd.,2022-06-15,2023-06-15,10,https://barcindia.co.in/corporate-governance
1816319,LYTHF,Lytus Technologies Holdings PTV. Ltd.,2022-06-15,2023-06-15,11,https://compsciresources.com
1816319,LYTHF,Lytus Technologies Holdings PTV. Ltd.,2022-06-15,2023-06-15,12,https://compsciresources.com/investors
1674440,YYAI,AIRWA INC.,2022-06-16,2023-06-16,1,https://connexasports.com
1674440,YYAI,AIRWA INC.,2022-06-16,2023-06-16,2,https://connexasports.com/investors
1674440,YYAI,AIRWA INC.,2022-06-16,2023-06-16,3,https://connexasports.com/investor-relations
1674440,YYAI,AIRWA INC.,2022-06-16,2023-06-16,4,https://connexasports.com/governance
1674440,YYAI,AIRWA INC.,2022-06-16,2023-06-16,5,https://connexasports.com/corporate-governance
1674440,YYAI,AIRWA INC.,2022-06-16,2023-06-16,6,https://slingerbag.com
1674440,YYAI,AIRWA INC.,2022-06-16,2023-06-16,7,https://slingerbag.com/investors
1674440,YYAI,AIRWA INC.,2022-06-16,2023-06-16,8,https://slingerbag.com/investor-relations
1674440,YYAI,AIRWA INC.,2022-06-16,2023-06-16,9,https://slingerbag.com/governance
1674440,YYAI,AIRWA INC.,2022-06-16,2023-06-16,10,https://slingerbag.com/corporate-governance
1826376,GSUN,Golden Sun Technology Group Ltd.,2022-06-22,2023-06-22,1,https://ir.jtyjyjt.com
1826376,GSUN,Golden Sun Technology Group Ltd.,2022-06-22,2023-06-22,2,https://ir.jtyjyjt.com/investors
1826376,GSUN,Golden Sun Technology Group Ltd.,2022-06-22,2023-06-22,3,https://ir.jtyjyjt.com/investor-relations
1826376,GSUN,Golden Sun Technology Group Ltd.,2022-06-22,2023-06-22,4,https://ir.jtyjyjt.com/governance
1826376,GSUN,Golden Sun Technology Group Ltd.,2022-06-22,2023-06-22,5,https://ir.jtyjyjt.com/corporate-governance
1826376,GSUN,Golden Sun Technology Group Ltd.,2022-06-22,2023-06-22,6,https://compsciresources.com
1826376,GSUN,Golden Sun Technology Group Ltd.,2022-06-22,2023-06-22,7,https://compsciresources.com/investors
1826376,GSUN,Golden Sun Technology Group Ltd.,2022-06-22,2023-06-22,8,https://compsciresources.com/investor-relations
1826376,GSUN,Golden Sun Technology Group Ltd.,2022-06-22,2023-06-22,9,https://compsciresources.com/governance
1826376,GSUN,Golden Sun Technology Group Ltd.,2022-06-22,2023-06-22,10,https://compsciresources.com/corporate-governance
1826376,GSUN,Golden Sun Technology Group Ltd.,2022-06-22,2023-06-22,11,https://goldensunedugrpltd.com
1826376,GSUN,Golden Sun Technology Group Ltd.,2022-06-22,2023-06-22,12,https://goldensunedugrpltd.com/investors
1872302,NA,Nano Labs Ltd,2022-07-12,2023-07-12,1,https://nano.cn
1872302,NA,Nano Labs Ltd,2022-07-12,2023-07-12,2,https://nano.cn/investors
1872302,NA,Nano Labs Ltd,2022-07-12,2023-07-12,3,https://nano.cn/investor-relations
1872302,NA,Nano Labs Ltd,2022-07-12,2023-07-12,4,https://nano.cn/governance
1872302,NA,Nano Labs Ltd,2022-07-12,2023-07-12,5,https://nano.cn/corporate-governance
1885827,VRAX,Virax Biolabs Group Ltd,2022-07-21,2023-07-21,1,https://canfite.com
1885827,VRAX,Virax Biolabs Group Ltd,2022-07-21,2023-07-21,2,https://canfite.com/investors
1885827,VRAX,Virax Biolabs Group Ltd,2022-07-21,2023-07-21,3,https://canfite.com/investor-relations
1885827,VRAX,Virax Biolabs Group Ltd,2022-07-21,2023-07-21,4,https://canfite.com/governance
1885827,VRAX,Virax Biolabs Group Ltd,2022-07-21,2023-07-21,5,https://canfite.com/corporate-governance
1885827,VRAX,Virax Biolabs Group Ltd,2022-07-21,2023-07-21,6,https://viraxbiolabs.com
1885827,VRAX,Virax Biolabs Group Ltd,2022-07-21,2023-07-21,7,https://viraxbiolabs.com/investors
1885827,VRAX,Virax Biolabs Group Ltd,2022-07-21,2023-07-21,8,https://viraxbiolabs.com/investor-relations
1885827,VRAX,Virax Biolabs Group Ltd,2022-07-21,2023-07-21,9,https://viraxbiolabs.com/governance
1885827,VRAX,Virax Biolabs Group Ltd,2022-07-21,2023-07-21,10,https://viraxbiolabs.com/corporate-governance
1885827,VRAX,Virax Biolabs Group Ltd,2022-07-21,2023-07-21,11,https://xbrl.ifrs.org
1885827,VRAX,Virax Biolabs Group Ltd,2022-07-21,2023-07-21,12,https://xbrl.ifrs.org/investors
1886362,MGAM,"Mobile Global Esports, Inc.",2022-07-29,2023-07-29,1,https://compsciresources.com
1886362,MGAM,"Mobile Global Esports, Inc.",2022-07-29,2023-07-29,2,https://compsciresources.com/investors
1886362,MGAM,"Mobile Global Esports, Inc.",2022-07-29,2023-07-29,3,https://compsciresources.com/investor-relations
1886362,MGAM,"Mobile Global Esports, Inc.",2022-07-29,2023-07-29,4,https://compsciresources.com/governance
1886362,MGAM,"Mobile Global Esports, Inc.",2022-07-29,2023-07-29,5,https://compsciresources.com/corporate-governance
1886362,MGAM,"Mobile Global Esports, Inc.",2022-07-29,2023-07-29,6,https://mogoesports.com
1886362,MGAM,"Mobile Global Esports, Inc.",2022-07-29,2023-07-29,7,https://mogoesports.com/investors
1886362,MGAM,"Mobile Global Esports, Inc.",2022-07-29,2023-07-29,8,https://mogoesports.com/investor-relations
1886362,MGAM,"Mobile Global Esports, Inc.",2022-07-29,2023-07-29,9,https://mogoesports.com/governance
1886362,MGAM,"Mobile Global Esports, Inc.",2022-07-29,2023-07-29,10,https://mogoesports.com/corporate-governance
1748137,NEOV,NeoVolta Inc.,2022-07-29,2023-07-29,1,https://malonebailey.com
1748137,NEOV,NeoVolta Inc.,2022-07-29,2023-07-29,2,https://malonebailey.com/investors
1748137,NEOV,NeoVolta Inc.,2022-07-29,2023-07-29,3,https://malonebailey.com/investor-relations
1748137,NEOV,NeoVolta Inc.,2022-07-29,2023-07-29,4,https://malonebailey.com/governance
1748137,NEOV,NeoVolta Inc.,2022-07-29,2023-07-29,5,https://malonebailey.com/corporate-governance
1748137,NEOV,NeoVolta Inc.,2022-07-29,2023-07-29,6,https://neovolta.com
1748137,NEOV,NeoVolta Inc.,2022-07-29,2023-07-29,7,https://neovolta.com/investors
1748137,NEOV,NeoVolta Inc.,2022-07-29,2023-07-29,8,https://neovolta.com/investor-relations
1748137,NEOV,NeoVolta Inc.,2022-07-29,2023-07-29,9,https://neovolta.com/governance
1748137,NEOV,NeoVolta Inc.,2022-07-29,2023-07-29,10,https://neovolta.com/corporate-governance
1913210,,Bruush Oral Care Inc.,2022-08-03,2023-08-03,1,https://bruush.com
1913210,,Bruush Oral Care Inc.,2022-08-03,2023-08-03,2,https://bruush.com/investors
1913210,,Bruush Oral Care Inc.,2022-08-03,2023-08-03,3,https://bruush.com/investor-relations
1913210,,Bruush Oral Care Inc.,2022-08-03,2023-08-03,4,https://bruush.com/governance
1913210,,Bruush Oral Care Inc.,2022-08-03,2023-08-03,5,https://bruush.com/corporate-governance
1913210,,Bruush Oral Care Inc.,2022-08-03,2023-08-03,6,https://xbrl.ifrs.org
1913210,,Bruush Oral Care Inc.,2022-08-03,2023-08-03,7,https://xbrl.ifrs.org/investors
1913210,,Bruush Oral Care Inc.,2022-08-03,2023-08-03,8,https://xbrl.ifrs.org/investor-relations
1913210,,Bruush Oral Care Inc.,2022-08-03,2023-08-03,9,https://xbrl.ifrs.org/governance
1913210,,Bruush Oral Care Inc.,2022-08-03,2023-08-03,10,https://xbrl.ifrs.org/corporate-governance
1881472,MEGL,Magic Empire Global Ltd,2022-08-05,2023-08-05,1,https://magicempiregloballtd.com
1881472,MEGL,Magic Empire Global Ltd,2022-08-05,2023-08-05,2,https://magicempiregloballtd.com/investors
1881472,MEGL,Magic Empire Global Ltd,2022-08-05,2023-08-05,3,https://magicempiregloballtd.com/investor-relations
1881472,MEGL,Magic Empire Global Ltd,2022-08-05,2023-08-05,4,https://magicempiregloballtd.com/governance
1881472,MEGL,Magic Empire Global Ltd,2022-08-05,2023-08-05,5,https://magicempiregloballtd.com/corporate-governance
1881472,MEGL,Magic Empire Global Ltd,2022-08-05,2023-08-05,6,https://meglmagic.com
1881472,MEGL,Magic Empire Global Ltd,2022-08-05,2023-08-05,7,https://meglmagic.com/investors
1881472,MEGL,Magic Empire Global Ltd,2022-08-05,2023-08-05,8,https://meglmagic.com/investor-relations
1881472,MEGL,Magic Empire Global Ltd,2022-08-05,2023-08-05,9,https://meglmagic.com/governance
1881472,MEGL,Magic Empire Global Ltd,2022-08-05,2023-08-05,10,https://meglmagic.com/corporate-governance
1425355,SUIG,SUI Group Holdings Ltd.,2022-08-09,2023-08-09,1,https://millcityventures3.com/investors
1425355,SUIG,SUI Group Holdings Ltd.,2022-08-09,2023-08-09,2,https://millcityventures3.com/investors/investors
1425355,SUIG,SUI Group Holdings Ltd.,2022-08-09,2023-08-09,3,https://millcityventures3.com/investors/investor-relations
1425355,SUIG,SUI Group Holdings Ltd.,2022-08-09,2023-08-09,4,https://millcityventures3.com/investors/governance
1425355,SUIG,SUI Group Holdings Ltd.,2022-08-09,2023-08-09,5,https://millcityventures3.com/investors/corporate-governance
1425355,SUIG,SUI Group Holdings Ltd.,2022-08-09,2023-08-09,6,https://millcityventures3.com
1425355,SUIG,SUI Group Holdings Ltd.,2022-08-09,2023-08-09,7,https://millcityventures3.com/investor-relations
1425355,SUIG,SUI Group Holdings Ltd.,2022-08-09,2023-08-09,8,https://millcityventures3.com/governance
1425355,SUIG,SUI Group Holdings Ltd.,2022-08-09,2023-08-09,9,https://millcityventures3.com/corporate-governance
1425355,SUIG,SUI Group Holdings Ltd.,2022-08-09,2023-08-09,10,https://pacificstocktransfer.com
1425355,SUIG,SUI Group Holdings Ltd.,2022-08-09,2023-08-09,11,https://pacificstocktransfer.com/investors
1425355,SUIG,SUI Group Holdings Ltd.,2022-08-09,2023-08-09,12,https://pacificstocktransfer.com/investor-relations
1014763,AIMD,"Ainos, Inc.",2022-08-10,2023-08-10,1,https://aimd.com
1014763,AIMD,"Ainos, Inc.",2022-08-10,2023-08-10,2,https://aimd.com/investors
1014763,AIMD,"Ainos, Inc.",2022-08-10,2023-08-10,3,https://aimd.com/investor-relations
1014763,AIMD,"Ainos, Inc.",2022-08-10,2023-08-10,4,https://aimd.com/governance
1014763,AIMD,"Ainos, Inc.",2022-08-10,2023-08-10,5,https://aimd.com/corporate-governance
1014763,AIMD,"Ainos, Inc.",2022-08-10,2023-08-10,6,https://ainos.com
1014763,AIMD,"Ainos, Inc.",2022-08-10,2023-08-10,7,https://ainos.com/investors
1014763,AIMD,"Ainos, Inc.",2022-08-10,2023-08-10,8,https://ainos.com/investor-relations
1014763,AIMD,"Ainos, Inc.",2022-08-10,2023-08-10,9,https://ainos.com/governance
1014763,AIMD,"Ainos, Inc.",2022-08-10,2023-08-10,10,https://ainos.com/corporate-governance
1905956,TGL,TREASURE GLOBAL INC,2022-08-11,2023-08-11,1,https://alibabacloud.com
1905956,TGL,TREASURE GLOBAL INC,2022-08-11,2023-08-11,2,https://alibabacloud.com/investors
1905956,TGL,TREASURE GLOBAL INC,2022-08-11,2023-08-11,3,https://alibabacloud.com/investor-relations
1905956,TGL,TREASURE GLOBAL INC,2022-08-11,2023-08-11,4,https://alibabacloud.com/governance
1905956,TGL,TREASURE GLOBAL INC,2022-08-11,2023-08-11,5,https://alibabacloud.com/corporate-governance
1905956,TGL,TREASURE GLOBAL INC,2022-08-11,2023-08-11,6,https://bain.com
1905956,TGL,TREASURE GLOBAL INC,2022-08-11,2023-08-11,7,https://bain.com/investors
1905956,TGL,TREASURE GLOBAL INC,2022-08-11,2023-08-11,8,https://bain.com/investor-relations
1905956,TGL,TREASURE GLOBAL INC,2022-08-11,2023-08-11,9,https://bain.com/governance
1905956,TGL,TREASURE GLOBAL INC,2022-08-11,2023-08-11,10,https://bain.com/corporate-governance
1905956,TGL,TREASURE GLOBAL INC,2022-08-11,2023-08-11,11,https://data.worldbank.org
1905956,TGL,TREASURE GLOBAL INC,2022-08-11,2023-08-11,12,https://data.worldbank.org/investors
1885408,NEXR,Nexera Technologies Ltd,2022-08-26,2023-08-26,1,https://compsciresources.com
1885408,NEXR,Nexera Technologies Ltd,2022-08-26,2023-08-26,2,https://compsciresources.com/investors
1885408,NEXR,Nexera Technologies Ltd,2022-08-26,2023-08-26,3,https://compsciresources.com/investor-relations
1885408,NEXR,Nexera Technologies Ltd,2022-08-26,2023-08-26,4,https://compsciresources.com/governance
1885408,NEXR,Nexera Technologies Ltd,2022-08-26,2023-08-26,5,https://compsciresources.com/corporate-governance
1885408,NEXR,Nexera Technologies Ltd,2022-08-26,2023-08-26,6,https://jeffsbrands.com
1885408,NEXR,Nexera Technologies Ltd,2022-08-26,2023-08-26,7,https://jeffsbrands.com/investors
1885408,NEXR,Nexera Technologies Ltd,2022-08-26,2023-08-26,8,https://jeffsbrands.com/investor-relations
1885408,NEXR,Nexera Technologies Ltd,2022-08-26,2023-08-26,9,https://jeffsbrands.com/governance
1885408,NEXR,Nexera Technologies Ltd,2022-08-26,2023-08-26,10,https://jeffsbrands.com/corporate-governance
1885408,NEXR,Nexera Technologies Ltd,2022-08-26,2023-08-26,11,https://xbrl.ifrs.org
1885408,NEXR,Nexera Technologies Ltd,2022-08-26,2023-08-26,12,https://xbrl.ifrs.org/investors
1892480,,"Hempacco Co., Inc.",2022-08-30,2023-08-30,1,https://convenience.org
1892480,,"Hempacco Co., Inc.",2022-08-30,2023-08-30,2,https://convenience.org/investors
1892480,,"Hempacco Co., Inc.",2022-08-30,2023-08-30,3,https://convenience.org/investor-relations
1892480,,"Hempacco Co., Inc.",2022-08-30,2023-08-30,4,https://convenience.org/governance
1892480,,"Hempacco Co., Inc.",2022-08-30,2023-08-30,5,https://convenience.org/corporate-governance
1892480,,"Hempacco Co., Inc.",2022-08-30,2023-08-30,6,https://hemp.com
1892480,,"Hempacco Co., Inc.",2022-08-30,2023-08-30,7,https://hemp.com/investors
1892480,,"Hempacco Co., Inc.",2022-08-30,2023-08-30,8,https://hemp.com/investor-relations
1892480,,"Hempacco Co., Inc.",2022-08-30,2023-08-30,9,https://hemp.com/governance
1892480,,"Hempacco Co., Inc.",2022-08-30,2023-08-30,10,https://hemp.com/corporate-governance
1892480,,"Hempacco Co., Inc.",2022-08-30,2023-08-30,11,https://hempaccoinc.com
1892480,,"Hempacco Co., Inc.",2022-08-30,2023-08-30,12,https://hempaccoinc.com/investors
1650101,ATXG,ADDENTAX GROUP CORP.,2022-09-01,2023-09-01,1,https://addentax.com
1650101,ATXG,ADDENTAX GROUP CORP.,2022-09-01,2023-09-01,2,https://addentax.com/investors
1650101,ATXG,ADDENTAX GROUP CORP.,2022-09-01,2023-09-01,3,https://addentax.com/investor-relations
1650101,ATXG,ADDENTAX GROUP CORP.,2022-09-01,2023-09-01,4,https://addentax.com/governance
1650101,ATXG,ADDENTAX GROUP CORP.,2022-09-01,2023-09-01,5,https://addentax.com/corporate-governance
1650101,ATXG,ADDENTAX GROUP CORP.,2022-09-01,2023-09-01,6,https://addentaxgroupcorp.com
1650101,ATXG,ADDENTAX GROUP CORP.,2022-09-01,2023-09-01,7,https://addentaxgroupcorp.com/investors
1650101,ATXG,ADDENTAX GROUP CORP.,2022-09-01,2023-09-01,8,https://addentaxgroupcorp.com/investor-relations
1650101,ATXG,ADDENTAX GROUP CORP.,2022-09-01,2023-09-01,9,https://addentaxgroupcorp.com/governance
1650101,ATXG,ADDENTAX GROUP CORP.,2022-09-01,2023-09-01,10,https://addentaxgroupcorp.com/corporate-governance
1712762,BIAF,"bioAffinity Technologies, Inc.",2022-09-01,2023-09-01,1,https://bioaffinitytech.com
1712762,BIAF,"bioAffinity Technologies, Inc.",2022-09-01,2023-09-01,2,https://bioaffinitytech.com/investors
1712762,BIAF,"bioAffinity Technologies, Inc.",2022-09-01,2023-09-01,3,https://bioaffinitytech.com/investor-relations
1712762,BIAF,"bioAffinity Technologies, Inc.",2022-09-01,2023-09-01,4,https://bioaffinitytech.com/governance
1712762,BIAF,"bioAffinity Technologies, Inc.",2022-09-01,2023-09-01,5,https://bioaffinitytech.com/corporate-governance
1712762,BIAF,"bioAffinity Technologies, Inc.",2022-09-01,2023-09-01,6,https://canceratlas.cancer.org
1712762,BIAF,"bioAffinity Technologies, Inc.",2022-09-01,2023-09-01,7,https://canceratlas.cancer.org/investors
1712762,BIAF,"bioAffinity Technologies, Inc.",2022-09-01,2023-09-01,8,https://canceratlas.cancer.org/investor-relations
1712762,BIAF,"bioAffinity Technologies, Inc.",2022-09-01,2023-09-01,9,https://canceratlas.cancer.org/governance
1712762,BIAF,"bioAffinity Technologies, Inc.",2022-09-01,2023-09-01,10,https://canceratlas.cancer.org/corporate-governance
1712762,BIAF,"bioAffinity Technologies, Inc.",2022-09-01,2023-09-01,11,https://linkedin.com
1712762,BIAF,"bioAffinity Technologies, Inc.",2022-09-01,2023-09-01,12,https://linkedin.com/investors
1898604,VSTD,Vestand Inc.,2022-09-09,2023-09-09,1,https://ir.yoshiharuramen.com/corporate-governance/governance-documents
1898604,VSTD,Vestand Inc.,2022-09-09,2023-09-09,2,https://ir.yoshiharuramen.com/corporate-governance/governance-documents/investors
1898604,VSTD,Vestand Inc.,2022-09-09,2023-09-09,3,https://ir.yoshiharuramen.com/corporate-governance/governance-documents/investor-relations
1898604,VSTD,Vestand Inc.,2022-09-09,2023-09-09,4,https://ir.yoshiharuramen.com/corporate-governance/governance-documents/governance
1898604,VSTD,Vestand Inc.,2022-09-09,2023-09-09,5,https://ir.yoshiharuramen.com/corporate-governance/governance-documents/corporate-governance
1898604,VSTD,Vestand Inc.,2022-09-09,2023-09-09,6,https://ir.yoshiharuramen.com
1898604,VSTD,Vestand Inc.,2022-09-09,2023-09-09,7,https://ir.yoshiharuramen.com/investors
1898604,VSTD,Vestand Inc.,2022-09-09,2023-09-09,8,https://ir.yoshiharuramen.com/investor-relations
1898604,VSTD,Vestand Inc.,2022-09-09,2023-09-09,9,https://ir.yoshiharuramen.com/governance
1898604,VSTD,Vestand Inc.,2022-09-09,2023-09-09,10,https://ir.yoshiharuramen.com/corporate-governance
1898604,VSTD,Vestand Inc.,2022-09-09,2023-09-09,11,https://yoshiharuramen.com
1898604,VSTD,Vestand Inc.,2022-09-09,2023-09-09,12,https://yoshiharuramen.com/investors
1887673,WLDS,Wearable Devices Ltd.,2022-09-13,2023-09-13,1,https://compsciresources.com
1887673,WLDS,Wearable Devices Ltd.,2022-09-13,2023-09-13,2,https://compsciresources.com/investors
1887673,WLDS,Wearable Devices Ltd.,2022-09-13,2023-09-13,3,https://compsciresources.com/investor-relations
1887673,WLDS,Wearable Devices Ltd.,2022-09-13,2023-09-13,4,https://compsciresources.com/governance
1887673,WLDS,Wearable Devices Ltd.,2022-09-13,2023-09-13,5,https://compsciresources.com/corporate-governance
1887673,WLDS,Wearable Devices Ltd.,2022-09-13,2023-09-13,6,https://mudra-band.com
1887673,WLDS,Wearable Devices Ltd.,2022-09-13,2023-09-13,7,https://mudra-band.com/investors
1887673,WLDS,Wearable Devices Ltd.,2022-09-13,2023-09-13,8,https://mudra-band.com/investor-relations
1887673,WLDS,Wearable Devices Ltd.,2022-09-13,2023-09-13,9,https://mudra-band.com/governance
1887673,WLDS,Wearable Devices Ltd.,2022-09-13,2023-09-13,10,https://mudra-band.com/corporate-governance
1887673,WLDS,Wearable Devices Ltd.,2022-09-13,2023-09-13,11,https://wearabledevices.co.il
1887673,WLDS,Wearable Devices Ltd.,2022-09-13,2023-09-13,12,https://wearabledevices.co.il/investors
1807887,LASE,Laser Photonics Corp,2022-09-30,2023-09-30,1,https://ammoinc.com
1807887,LASE,Laser Photonics Corp,2022-09-30,2023-09-30,2,https://ammoinc.com/investors
1807887,LASE,Laser Photonics Corp,2022-09-30,2023-09-30,3,https://ammoinc.com/investor-relations
1807887,LASE,Laser Photonics Corp,2022-09-30,2023-09-30,4,https://ammoinc.com/governance
1807887,LASE,Laser Photonics Corp,2022-09-30,2023-09-30,5,https://ammoinc.com/corporate-governance
1807887,LASE,Laser Photonics Corp,2022-09-30,2023-09-30,6,https://bloomberg.com
1807887,LASE,Laser Photonics Corp,2022-09-30,2023-09-30,7,https://bloomberg.com/investors
1807887,LASE,Laser Photonics Corp,2022-09-30,2023-09-30,8,https://bloomberg.com/investor-relations
1807887,LASE,Laser Photonics Corp,2022-09-30,2023-09-30,9,https://bloomberg.com/governance
1807887,LASE,Laser Photonics Corp,2022-09-30,2023-09-30,10,https://bloomberg.com/corporate-governance
1807887,LASE,Laser Photonics Corp,2022-09-30,2023-09-30,11,https://laser.com
1807887,LASE,Laser Photonics Corp,2022-09-30,2023-09-30,12,https://laser.com/investors
1921865,ASPI,ASP Isotopes Inc.,2022-11-10,2023-11-10,1,https://investors.aspisotopes.com
1921865,ASPI,ASP Isotopes Inc.,2022-11-10,2023-11-10,2,https://investors.aspisotopes.com/investors
1921865,ASPI,ASP Isotopes Inc.,2022-11-10,2023-11-10,3,https://investors.aspisotopes.com/investor-relations
1921865,ASPI,ASP Isotopes Inc.,2022-11-10,2023-11-10,4,https://investors.aspisotopes.com/governance
1921865,ASPI,ASP Isotopes Inc.,2022-11-10,2023-11-10,5,https://investors.aspisotopes.com/corporate-governance
1921865,ASPI,ASP Isotopes Inc.,2022-11-10,2023-11-10,6,https://aspi.com
1921865,ASPI,ASP Isotopes Inc.,2022-11-10,2023-11-10,7,https://aspi.com/investors
1921865,ASPI,ASP Isotopes Inc.,2022-11-10,2023-11-10,8,https://aspi.com/investor-relations
1921865,ASPI,ASP Isotopes Inc.,2022-11-10,2023-11-10,9,https://aspi.com/governance
1921865,ASPI,ASP Isotopes Inc.,2022-11-10,2023-11-10,10,https://aspi.com/corporate-governance
1921865,ASPI,ASP Isotopes Inc.,2022-11-10,2023-11-10,11,https://aspisotopes.com
1921865,ASPI,ASP Isotopes Inc.,2022-11-10,2023-11-10,12,https://aspisotopes.com/investors
1892500,CMND,Clearmind Medicine Inc.,2022-11-16,2023-11-16,1,https://clearmind.com
1892500,CMND,Clearmind Medicine Inc.,2022-11-16,2023-11-16,2,https://clearmind.com/investors
1892500,CMND,Clearmind Medicine Inc.,2022-11-16,2023-11-16,3,https://clearmind.com/investor-relations
1892500,CMND,Clearmind Medicine Inc.,2022-11-16,2023-11-16,4,https://clearmind.com/governance
1892500,CMND,Clearmind Medicine Inc.,2022-11-16,2023-11-16,5,https://clearmind.com/corporate-governance
1892500,CMND,Clearmind Medicine Inc.,2022-11-16,2023-11-16,6,https://clearmindmedicine.com
1892500,CMND,Clearmind Medicine Inc.,2022-11-16,2023-11-16,7,https://clearmindmedicine.com/investors
1892500,CMND,Clearmind Medicine Inc.,2022-11-16,2023-11-16,8,https://clearmindmedicine.com/investor-relations
1892500,CMND,Clearmind Medicine Inc.,2022-11-16,2023-11-16,9,https://clearmindmedicine.com/governance
1892500,CMND,Clearmind Medicine Inc.,2022-11-16,2023-11-16,10,https://clearmindmedicine.com/corporate-governance
1892500,CMND,Clearmind Medicine Inc.,2022-11-16,2023-11-16,11,https://clearmindmedicineinc.com
1892500,CMND,Clearmind Medicine Inc.,2022-11-16,2023-11-16,12,https://clearmindmedicineinc.com/investors
1884072,,Adamas One Corp.,2022-12-09,2023-12-09,1,https://adamasone.com
1884072,,Adamas One Corp.,2022-12-09,2023-12-09,2,https://adamasone.com/investors
1884072,,Adamas One Corp.,2022-12-09,2023-12-09,3,https://adamasone.com/investor-relations
1884072,,Adamas One Corp.,2022-12-09,2023-12-09,4,https://adamasone.com/governance
1884072,,Adamas One Corp.,2022-12-09,2023-12-09,5,https://adamasone.com/corporate-governance
1902794,,MGO Global Inc.,2023-01-13,2024-01-13,1,https://datatracks.com
1902794,,MGO Global Inc.,2023-01-13,2024-01-13,2,https://datatracks.com/investors
1902794,,MGO Global Inc.,2023-01-13,2024-01-13,3,https://datatracks.com/investor-relations
1902794,,MGO Global Inc.,2023-01-13,2024-01-13,4,https://datatracks.com/governance
1902794,,MGO Global Inc.,2023-01-13,2024-01-13,5,https://datatracks.com/corporate-governance
1902794,,MGO Global Inc.,2023-01-13,2024-01-13,6,https://fbref.com
1902794,,MGO Global Inc.,2023-01-13,2024-01-13,7,https://fbref.com/investors
1902794,,MGO Global Inc.,2023-01-13,2024-01-13,8,https://fbref.com/investor-relations
1902794,,MGO Global Inc.,2023-01-13,2024-01-13,9,https://fbref.com/governance
1902794,,MGO Global Inc.,2023-01-13,2024-01-13,10,https://fbref.com/corporate-governance
1902794,,MGO Global Inc.,2023-01-13,2024-01-13,11,https://just-style.com
1902794,,MGO Global Inc.,2023-01-13,2024-01-13,12,https://just-style.com/investors
1519449,SKWD,"Skyward Specialty Insurance Group, Inc.",2023-01-13,2024-01-13,1,https://investors.skywardinsurance.com
1519449,SKWD,"Skyward Specialty Insurance Group, Inc.",2023-01-13,2024-01-13,2,https://investors.skywardinsurance.com/investors
1519449,SKWD,"Skyward Specialty Insurance Group, Inc.",2023-01-13,2024-01-13,3,https://investors.skywardinsurance.com/investor-relations
1519449,SKWD,"Skyward Specialty Insurance Group, Inc.",2023-01-13,2024-01-13,4,https://investors.skywardinsurance.com/governance
1519449,SKWD,"Skyward Specialty Insurance Group, Inc.",2023-01-13,2024-01-13,5,https://investors.skywardinsurance.com/corporate-governance
1519449,SKWD,"Skyward Specialty Insurance Group, Inc.",2023-01-13,2024-01-13,6,https://astproxyportal.com
1519449,SKWD,"Skyward Specialty Insurance Group, Inc.",2023-01-13,2024-01-13,7,https://astproxyportal.com/investors
1519449,SKWD,"Skyward Specialty Insurance Group, Inc.",2023-01-13,2024-01-13,8,https://astproxyportal.com/investor-relations
1519449,SKWD,"Skyward Specialty Insurance Group, Inc.",2023-01-13,2024-01-13,9,https://astproxyportal.com/governance
1519449,SKWD,"Skyward Specialty Insurance Group, Inc.",2023-01-13,2024-01-13,10,https://astproxyportal.com/corporate-governance
1519449,SKWD,"Skyward Specialty Insurance Group, Inc.",2023-01-13,2024-01-13,11,https://skywardinsurance.com
1519449,SKWD,"Skyward Specialty Insurance Group, Inc.",2023-01-13,2024-01-13,12,https://skywardinsurance.com/investors
1939965,SLMT,Brera Holdings PLC,2023-01-27,2024-01-27,1,https://investors.breraholdings.com/governance
1939965,SLMT,Brera Holdings PLC,2023-01-27,2024-01-27,2,https://investors.breraholdings.com/governance/investors
1939965,SLMT,Brera Holdings PLC,2023-01-27,2024-01-27,3,https://investors.breraholdings.com/governance/investor-relations
1939965,SLMT,Brera Holdings PLC,2023-01-27,2024-01-27,4,https://investors.breraholdings.com/governance/governance
1939965,SLMT,Brera Holdings PLC,2023-01-27,2024-01-27,5,https://investors.breraholdings.com/governance/corporate-governance
1939965,SLMT,Brera Holdings PLC,2023-01-27,2024-01-27,6,https://investors.breraholdings.com
1939965,SLMT,Brera Holdings PLC,2023-01-27,2024-01-27,7,https://investors.breraholdings.com/investors
1939965,SLMT,Brera Holdings PLC,2023-01-27,2024-01-27,8,https://investors.breraholdings.com/investor-relations
1939965,SLMT,Brera Holdings PLC,2023-01-27,2024-01-27,9,https://investors.breraholdings.com/corporate-governance
1939965,SLMT,Brera Holdings PLC,2023-01-27,2024-01-27,10,https://brera.com
1939965,SLMT,Brera Holdings PLC,2023-01-27,2024-01-27,11,https://brera.com/investors
1939965,SLMT,Brera Holdings PLC,2023-01-27,2024-01-27,12,https://brera.com/investor-relations
1920406,ASST,"Strive, Inc.",2023-02-03,2024-02-03,1,https://assetentities.com
1920406,ASST,"Strive, Inc.",2023-02-03,2024-02-03,2,https://assetentities.com/investors
1920406,ASST,"Strive, Inc.",2023-02-03,2024-02-03,3,https://assetentities.com/investor-relations
1920406,ASST,"Strive, Inc.",2023-02-03,2024-02-03,4,https://assetentities.com/governance
1920406,ASST,"Strive, Inc.",2023-02-03,2024-02-03,5,https://assetentities.com/corporate-governance
1920406,ASST,"Strive, Inc.",2023-02-03,2024-02-03,6,https://assetentitiesinc.com
1920406,ASST,"Strive, Inc.",2023-02-03,2024-02-03,7,https://assetentitiesinc.com/investors
1920406,ASST,"Strive, Inc.",2023-02-03,2024-02-03,8,https://assetentitiesinc.com/investor-relations
1920406,ASST,"Strive, Inc.",2023-02-03,2024-02-03,9,https://assetentitiesinc.com/governance
1920406,ASST,"Strive, Inc.",2023-02-03,2024-02-03,10,https://assetentitiesinc.com/corporate-governance
1920406,ASST,"Strive, Inc.",2023-02-03,2024-02-03,11,https://compsciresources.com
1920406,ASST,"Strive, Inc.",2023-02-03,2024-02-03,12,https://compsciresources.com/investors
1888886,GPCR,Structure Therapeutics Inc.,2023-02-03,2024-02-03,1,https://structuretx.com
1888886,GPCR,Structure Therapeutics Inc.,2023-02-03,2024-02-03,2,https://structuretx.com/investors
1888886,GPCR,Structure Therapeutics Inc.,2023-02-03,2024-02-03,3,https://structuretx.com/investor-relations
1888886,GPCR,Structure Therapeutics Inc.,2023-02-03,2024-02-03,4,https://structuretx.com/governance
1888886,GPCR,Structure Therapeutics Inc.,2023-02-03,2024-02-03,5,https://structuretx.com/corporate-governance
1865127,,"Lucy Scientific Discovery, Inc.",2023-02-09,2024-02-09,1,https://ir.lucyscientific.com/corporate-governance/governance-overview
1865127,,"Lucy Scientific Discovery, Inc.",2023-02-09,2024-02-09,2,https://ir.lucyscientific.com/corporate-governance/governance-overview/investors
1865127,,"Lucy Scientific Discovery, Inc.",2023-02-09,2024-02-09,3,https://ir.lucyscientific.com/corporate-governance/governance-overview/investor-relations
1865127,,"Lucy Scientific Discovery, Inc.",2023-02-09,2024-02-09,4,https://ir.lucyscientific.com/corporate-governance/governance-overview/governance
1865127,,"Lucy Scientific Discovery, Inc.",2023-02-09,2024-02-09,5,https://ir.lucyscientific.com/corporate-governance/governance-overview/corporate-governance
1865127,,"Lucy Scientific Discovery, Inc.",2023-02-09,2024-02-09,6,https://ir.lucyscientific.com
1865127,,"Lucy Scientific Discovery, Inc.",2023-02-09,2024-02-09,7,https://ir.lucyscientific.com/investors
1865127,,"Lucy Scientific Discovery, Inc.",2023-02-09,2024-02-09,8,https://ir.lucyscientific.com/investor-relations
1865127,,"Lucy Scientific Discovery, Inc.",2023-02-09,2024-02-09,9,https://ir.lucyscientific.com/governance
1865127,,"Lucy Scientific Discovery, Inc.",2023-02-09,2024-02-09,10,https://ir.lucyscientific.com/corporate-governance
1865127,,"Lucy Scientific Discovery, Inc.",2023-02-09,2024-02-09,11,https://buytrippy.com
1865127,,"Lucy Scientific Discovery, Inc.",2023-02-09,2024-02-09,12,https://buytrippy.com/investors
1933414,MLYS,"Mineralys Therapeutics, Inc.",2023-02-10,2024-02-10,1,https://mineralystx.com
1933414,MLYS,"Mineralys Therapeutics, Inc.",2023-02-10,2024-02-10,2,https://mineralystx.com/investors
1933414,MLYS,"Mineralys Therapeutics, Inc.",2023-02-10,2024-02-10,3,https://mineralystx.com/investor-relations
1933414,MLYS,"Mineralys Therapeutics, Inc.",2023-02-10,2024-02-10,4,https://mineralystx.com/governance
1933414,MLYS,"Mineralys Therapeutics, Inc.",2023-02-10,2024-02-10,5,https://mineralystx.com/corporate-governance
1829247,BFRG,"BullFrog AI Holdings, Inc.",2023-02-14,2024-02-14,1,https://ir.bullfrogai.com/corporate-governance/governance-documents
1829247,BFRG,"BullFrog AI Holdings, Inc.",2023-02-14,2024-02-14,2,https://ir.bullfrogai.com/corporate-governance/governance-documents/investors
1829247,BFRG,"BullFrog AI Holdings, Inc.",2023-02-14,2024-02-14,3,https://ir.bullfrogai.com/corporate-governance/governance-documents/investor-relations
1829247,BFRG,"BullFrog AI Holdings, Inc.",2023-02-14,2024-02-14,4,https://ir.bullfrogai.com/corporate-governance/governance-documents/governance
1829247,BFRG,"BullFrog AI Holdings, Inc.",2023-02-14,2024-02-14,5,https://ir.bullfrogai.com/corporate-governance/governance-documents/corporate-governance
1829247,BFRG,"BullFrog AI Holdings, Inc.",2023-02-14,2024-02-14,6,https://ir.bullfrogai.com
1829247,BFRG,"BullFrog AI Holdings, Inc.",2023-02-14,2024-02-14,7,https://ir.bullfrogai.com/investors
1829247,BFRG,"BullFrog AI Holdings, Inc.",2023-02-14,2024-02-14,8,https://ir.bullfrogai.com/investor-relations
1829247,BFRG,"BullFrog AI Holdings, Inc.",2023-02-14,2024-02-14,9,https://ir.bullfrogai.com/governance
1829247,BFRG,"BullFrog AI Holdings, Inc.",2023-02-14,2024-02-14,10,https://ir.bullfrogai.com/corporate-governance
1829247,BFRG,"BullFrog AI Holdings, Inc.",2023-02-14,2024-02-14,11,https://bullfrogai.com
1829247,BFRG,"BullFrog AI Holdings, Inc.",2023-02-14,2024-02-14,12,https://bullfrogai.com/investors
1895618,GXAI,GAXOS.AI INC.,2023-02-15,2024-02-15,1,https://compsciresources.com
1895618,GXAI,GAXOS.AI INC.,2023-02-15,2024-02-15,2,https://compsciresources.com/investors
1895618,GXAI,GAXOS.AI INC.,2023-02-15,2024-02-15,3,https://compsciresources.com/investor-relations
1895618,GXAI,GAXOS.AI INC.,2023-02-15,2024-02-15,4,https://compsciresources.com/governance
1895618,GXAI,GAXOS.AI INC.,2023-02-15,2024-02-15,5,https://compsciresources.com/corporate-governance
1895618,GXAI,GAXOS.AI INC.,2023-02-15,2024-02-15,6,https://gaxos.ai
1895618,GXAI,GAXOS.AI INC.,2023-02-15,2024-02-15,7,https://gaxos.ai/investors
1895618,GXAI,GAXOS.AI INC.,2023-02-15,2024-02-15,8,https://gaxos.ai/investor-relations
1895618,GXAI,GAXOS.AI INC.,2023-02-15,2024-02-15,9,https://gaxos.ai/governance
1895618,GXAI,GAXOS.AI INC.,2023-02-15,2024-02-15,10,https://gaxos.ai/corporate-governance
1895618,GXAI,GAXOS.AI INC.,2023-02-15,2024-02-15,11,https://nftgaming.com
1895618,GXAI,GAXOS.AI INC.,2023-02-15,2024-02-15,12,https://nftgaming.com/investors
1611282,,"PishPosh, Inc.",2023-03-07,2024-03-07,1,https://datatracks.com
1611282,,"PishPosh, Inc.",2023-03-07,2024-03-07,2,https://datatracks.com/investors
1611282,,"PishPosh, Inc.",2023-03-07,2024-03-07,3,https://datatracks.com/investor-relations
1611282,,"PishPosh, Inc.",2023-03-07,2024-03-07,4,https://datatracks.com/governance
1611282,,"PishPosh, Inc.",2023-03-07,2024-03-07,5,https://datatracks.com/corporate-governance
1611282,,"PishPosh, Inc.",2023-03-07,2024-03-07,6,https://pishposhbaby.com
1611282,,"PishPosh, Inc.",2023-03-07,2024-03-07,7,https://pishposhbaby.com/investors
1611282,,"PishPosh, Inc.",2023-03-07,2024-03-07,8,https://pishposhbaby.com/investor-relations
1611282,,"PishPosh, Inc.",2023-03-07,2024-03-07,9,https://pishposhbaby.com/governance
1611282,,"PishPosh, Inc.",2023-03-07,2024-03-07,10,https://pishposhbaby.com/corporate-governance
1938046,MGRX,"MANGOCEUTICALS, INC.",2023-03-21,2024-03-21,1,https://cleartrustonline.com
1938046,MGRX,"MANGOCEUTICALS, INC.",2023-03-21,2024-03-21,2,https://cleartrustonline.com/investors
1938046,MGRX,"MANGOCEUTICALS, INC.",2023-03-21,2024-03-21,3,https://cleartrustonline.com/investor-relations
1938046,MGRX,"MANGOCEUTICALS, INC.",2023-03-21,2024-03-21,4,https://cleartrustonline.com/governance
1938046,MGRX,"MANGOCEUTICALS, INC.",2023-03-21,2024-03-21,5,https://cleartrustonline.com/corporate-governance
1938046,MGRX,"MANGOCEUTICALS, INC.",2023-03-21,2024-03-21,6,https://mangoceuticals.com
1938046,MGRX,"MANGOCEUTICALS, INC.",2023-03-21,2024-03-21,7,https://mangoceuticals.com/investors
1938046,MGRX,"MANGOCEUTICALS, INC.",2023-03-21,2024-03-21,8,https://mangoceuticals.com/investor-relations
1938046,MGRX,"MANGOCEUTICALS, INC.",2023-03-21,2024-03-21,9,https://mangoceuticals.com/governance
1938046,MGRX,"MANGOCEUTICALS, INC.",2023-03-21,2024-03-21,10,https://mangoceuticals.com/corporate-governance
1938046,MGRX,"MANGOCEUTICALS, INC.",2023-03-21,2024-03-21,11,https://mangorx.com
1938046,MGRX,"MANGOCEUTICALS, INC.",2023-03-21,2024-03-21,12,https://mangorx.com/investors
1875496,,"YanGuFang International Group Co., Ltd",2023-03-28,2024-03-28,,
1948455,ISPR,Ispire Technology Inc.,2023-04-04,2024-04-04,1,https://compsciresources.com
1948455,ISPR,Ispire Technology Inc.,2023-04-04,2024-04-04,2,https://compsciresources.com/investors
1948455,ISPR,Ispire Technology Inc.,2023-04-04,2024-04-04,3,https://compsciresources.com/investor-relations
1948455,ISPR,Ispire Technology Inc.,2023-04-04,2024-04-04,4,https://compsciresources.com/governance
1948455,ISPR,Ispire Technology Inc.,2023-04-04,2024-04-04,5,https://compsciresources.com/corporate-governance
1948455,ISPR,Ispire Technology Inc.,2023-04-04,2024-04-04,6,https://getispire.com
1948455,ISPR,Ispire Technology Inc.,2023-04-04,2024-04-04,7,https://getispire.com/investors
1948455,ISPR,Ispire Technology Inc.,2023-04-04,2024-04-04,8,https://getispire.com/investor-relations
1948455,ISPR,Ispire Technology Inc.,2023-04-04,2024-04-04,9,https://getispire.com/governance
1948455,ISPR,Ispire Technology Inc.,2023-04-04,2024-04-04,10,https://getispire.com/corporate-governance
1948455,ISPR,Ispire Technology Inc.,2023-04-04,2024-04-04,11,https://ispire.com
1948455,ISPR,Ispire Technology Inc.,2023-04-04,2024-04-04,12,https://ispire.com/investors
1930179,ARBB,ARB IOT Group Ltd,2023-04-05,2024-04-05,1,https://arbiotgroup.com
1930179,ARBB,ARB IOT Group Ltd,2023-04-05,2024-04-05,2,https://arbiotgroup.com/investors
1930179,ARBB,ARB IOT Group Ltd,2023-04-05,2024-04-05,3,https://arbiotgroup.com/investor-relations
1930179,ARBB,ARB IOT Group Ltd,2023-04-05,2024-04-05,4,https://arbiotgroup.com/governance
1930179,ARBB,ARB IOT Group Ltd,2023-04-05,2024-04-05,5,https://arbiotgroup.com/corporate-governance
1930179,ARBB,ARB IOT Group Ltd,2023-04-05,2024-04-05,6,https://compsciresources.com
1930179,ARBB,ARB IOT Group Ltd,2023-04-05,2024-04-05,7,https://compsciresources.com/investors
1930179,ARBB,ARB IOT Group Ltd,2023-04-05,2024-04-05,8,https://compsciresources.com/investor-relations
1930179,ARBB,ARB IOT Group Ltd,2023-04-05,2024-04-05,9,https://compsciresources.com/governance
1930179,ARBB,ARB IOT Group Ltd,2023-04-05,2024-04-05,10,https://compsciresources.com/corporate-governance
1930179,ARBB,ARB IOT Group Ltd,2023-04-05,2024-04-05,11,https://xbrl.ifrs.org
1930179,ARBB,ARB IOT Group Ltd,2023-04-05,2024-04-05,12,https://xbrl.ifrs.org/investors
1899658,WLGSF,"WANG & LEE GROUP, Inc.",2023-04-20,2024-04-20,1,https://aogb.com
1899658,WLGSF,"WANG & LEE GROUP, Inc.",2023-04-20,2024-04-20,2,https://aogb.com/investors
1899658,WLGSF,"WANG & LEE GROUP, Inc.",2023-04-20,2024-04-20,3,https://aogb.com/investor-relations
1899658,WLGSF,"WANG & LEE GROUP, Inc.",2023-04-20,2024-04-20,4,https://aogb.com/governance
1899658,WLGSF,"WANG & LEE GROUP, Inc.",2023-04-20,2024-04-20,5,https://aogb.com/corporate-governance
1899658,WLGSF,"WANG & LEE GROUP, Inc.",2023-04-20,2024-04-20,6,https://censtatd.gov.hk
1899658,WLGSF,"WANG & LEE GROUP, Inc.",2023-04-20,2024-04-20,7,https://censtatd.gov.hk/investors
1899658,WLGSF,"WANG & LEE GROUP, Inc.",2023-04-20,2024-04-20,8,https://censtatd.gov.hk/investor-relations
1899658,WLGSF,"WANG & LEE GROUP, Inc.",2023-04-20,2024-04-20,9,https://censtatd.gov.hk/governance
1899658,WLGSF,"WANG & LEE GROUP, Inc.",2023-04-20,2024-04-20,10,https://censtatd.gov.hk/corporate-governance
1899658,WLGSF,"WANG & LEE GROUP, Inc.",2023-04-20,2024-04-20,11,https://cic.hk
1899658,WLGSF,"WANG & LEE GROUP, Inc.",2023-04-20,2024-04-20,12,https://cic.hk/investors
1951067,CISS,C3is Inc.,2023-06-12,2024-06-12,1,https://c3is.pro
1951067,CISS,C3is Inc.,2023-06-12,2024-06-12,2,https://c3is.pro/investors
1951067,CISS,C3is Inc.,2023-06-12,2024-06-12,3,https://c3is.pro/investor-relations
1951067,CISS,C3is Inc.,2023-06-12,2024-06-12,4,https://c3is.pro/governance
1951067,CISS,C3is Inc.,2023-06-12,2024-06-12,5,https://c3is.pro/corporate-governance
1962481,BOF,BranchOut Food Inc.,2023-06-16,2024-06-16,1,https://branchoutfood.com
1962481,BOF,BranchOut Food Inc.,2023-06-16,2024-06-16,2,https://branchoutfood.com/investors
1962481,BOF,BranchOut Food Inc.,2023-06-16,2024-06-16,3,https://branchoutfood.com/investor-relations
1962481,BOF,BranchOut Food Inc.,2023-06-16,2024-06-16,4,https://branchoutfood.com/governance
1962481,BOF,BranchOut Food Inc.,2023-06-16,2024-06-16,5,https://branchoutfood.com/corporate-governance
1962481,BOF,BranchOut Food Inc.,2023-06-16,2024-06-16,6,https://securitize.io
1962481,BOF,BranchOut Food Inc.,2023-06-16,2024-06-16,7,https://securitize.io/investors
1962481,BOF,BranchOut Food Inc.,2023-06-16,2024-06-16,8,https://securitize.io/investor-relations
1962481,BOF,BranchOut Food Inc.,2023-06-16,2024-06-16,9,https://securitize.io/governance
1962481,BOF,BranchOut Food Inc.,2023-06-16,2024-06-16,10,https://securitize.io/corporate-governance
1891856,GENK,"GEN Restaurant Group, Inc.",2023-06-28,2024-06-28,1,https://investorelections.com
1891856,GENK,"GEN Restaurant Group, Inc.",2023-06-28,2024-06-28,2,https://investorelections.com/investors
1891856,GENK,"GEN Restaurant Group, Inc.",2023-06-28,2024-06-28,3,https://investorelections.com/investor-relations
1891856,GENK,"GEN Restaurant Group, Inc.",2023-06-28,2024-06-28,4,https://investorelections.com/governance
1891856,GENK,"GEN Restaurant Group, Inc.",2023-06-28,2024-06-28,5,https://investorelections.com/corporate-governance
1891856,GENK,"GEN Restaurant Group, Inc.",2023-06-28,2024-06-28,6,https://genkoreanbbq.com
1891856,GENK,"GEN Restaurant Group, Inc.",2023-06-28,2024-06-28,7,https://genkoreanbbq.com/investors
1891856,GENK,"GEN Restaurant Group, Inc.",2023-06-28,2024-06-28,8,https://genkoreanbbq.com/investor-relations
1891856,GENK,"GEN Restaurant Group, Inc.",2023-06-28,2024-06-28,9,https://genkoreanbbq.com/governance
1891856,GENK,"GEN Restaurant Group, Inc.",2023-06-28,2024-06-28,10,https://genkoreanbbq.com/corporate-governance
1891856,GENK,"GEN Restaurant Group, Inc.",2023-06-28,2024-06-28,11,https://imetrix.edgar-online.com
1891856,GENK,"GEN Restaurant Group, Inc.",2023-06-28,2024-06-28,12,https://imetrix.edgar-online.com/investors
1823584,AENT,ALLIANCE ENTERTAINMENT HOLDING CORP,2023-06-30,2024-06-30,1,https://aent.com
1823584,AENT,ALLIANCE ENTERTAINMENT HOLDING CORP,2023-06-30,2024-06-30,2,https://aent.com/investors
1823584,AENT,ALLIANCE ENTERTAINMENT HOLDING CORP,2023-06-30,2024-06-30,3,https://aent.com/investor-relations
1823584,AENT,ALLIANCE ENTERTAINMENT HOLDING CORP,2023-06-30,2024-06-30,4,https://aent.com/governance
1823584,AENT,ALLIANCE ENTERTAINMENT HOLDING CORP,2023-06-30,2024-06-30,5,https://aent.com/corporate-governance
1823584,AENT,ALLIANCE ENTERTAINMENT HOLDING CORP,2023-06-30,2024-06-30,6,https://ampeddistribution.com
1823584,AENT,ALLIANCE ENTERTAINMENT HOLDING CORP,2023-06-30,2024-06-30,7,https://ampeddistribution.com/investors
1823584,AENT,ALLIANCE ENTERTAINMENT HOLDING CORP,2023-06-30,2024-06-30,8,https://ampeddistribution.com/investor-relations
1823584,AENT,ALLIANCE ENTERTAINMENT HOLDING CORP,2023-06-30,2024-06-30,9,https://ampeddistribution.com/governance
1823584,AENT,ALLIANCE ENTERTAINMENT HOLDING CORP,2023-06-30,2024-06-30,10,https://ampeddistribution.com/corporate-governance
1823584,AENT,ALLIANCE ENTERTAINMENT HOLDING CORP,2023-06-30,2024-06-30,11,https://ccmusic.com
1823584,AENT,ALLIANCE ENTERTAINMENT HOLDING CORP,2023-06-30,2024-06-30,12,https://ccmusic.com/investors
1765850,AURE,Aurelion Inc.,2023-07-06,2024-07-06,1,https://compsciresources.com
1765850,AURE,Aurelion Inc.,2023-07-06,2024-07-06,2,https://compsciresources.com/investors
1765850,AURE,Aurelion Inc.,2023-07-06,2024-07-06,3,https://compsciresources.com/investor-relations
1765850,AURE,Aurelion Inc.,2023-07-06,2024-07-06,4,https://compsciresources.com/governance
1765850,AURE,Aurelion Inc.,2023-07-06,2024-07-06,5,https://compsciresources.com/corporate-governance
1765850,AURE,Aurelion Inc.,2023-07-06,2024-07-06,6,https://marcumasia.cn
1765850,AURE,Aurelion Inc.,2023-07-06,2024-07-06,7,https://marcumasia.cn/investors
1765850,AURE,Aurelion Inc.,2023-07-06,2024-07-06,8,https://marcumasia.cn/investor-relations
1765850,AURE,Aurelion Inc.,2023-07-06,2024-07-06,9,https://marcumasia.cn/governance
1765850,AURE,Aurelion Inc.,2023-07-06,2024-07-06,10,https://marcumasia.cn/corporate-governance
1765850,AURE,Aurelion Inc.,2023-07-06,2024-07-06,11,https://prestigewm.hk.com
1765850,AURE,Aurelion Inc.,2023-07-06,2024-07-06,12,https://prestigewm.hk.com/investors
1737523,BGLC,BioNexus Gene Lab Corp,2023-07-21,2024-07-21,1,https://bglc.com
1737523,BGLC,BioNexus Gene Lab Corp,2023-07-21,2024-07-21,2,https://bglc.com/investors
1737523,BGLC,BioNexus Gene Lab Corp,2023-07-21,2024-07-21,3,https://bglc.com/investor-relations
1737523,BGLC,BioNexus Gene Lab Corp,2023-07-21,2024-07-21,4,https://bglc.com/governance
1737523,BGLC,BioNexus Gene Lab Corp,2023-07-21,2024-07-21,5,https://bglc.com/corporate-governance
1737523,BGLC,BioNexus Gene Lab Corp,2023-07-21,2024-07-21,6,https://bion.com
1737523,BGLC,BioNexus Gene Lab Corp,2023-07-21,2024-07-21,7,https://bion.com/investors
1737523,BGLC,BioNexus Gene Lab Corp,2023-07-21,2024-07-21,8,https://bion.com/investor-relations
1737523,BGLC,BioNexus Gene Lab Corp,2023-07-21,2024-07-21,9,https://bion.com/governance
1737523,BGLC,BioNexus Gene Lab Corp,2023-07-21,2024-07-21,10,https://bion.com/corporate-governance
1737523,BGLC,BioNexus Gene Lab Corp,2023-07-21,2024-07-21,11,https://bionexusgenelab.com
1737523,BGLC,BioNexus Gene Lab Corp,2023-07-21,2024-07-21,12,https://bionexusgenelab.com/investors
1805526,DFDV,DeFi Development Corp.,2023-07-25,2024-07-25,1,https://ir.janover.co
1805526,DFDV,DeFi Development Corp.,2023-07-25,2024-07-25,2,https://ir.janover.co/investors
1805526,DFDV,DeFi Development Corp.,2023-07-25,2024-07-25,3,https://ir.janover.co/investor-relations
1805526,DFDV,DeFi Development Corp.,2023-07-25,2024-07-25,4,https://ir.janover.co/governance
1805526,DFDV,DeFi Development Corp.,2023-07-25,2024-07-25,5,https://ir.janover.co/corporate-governance
1805526,DFDV,DeFi Development Corp.,2023-07-25,2024-07-25,6,https://cmbs.loans
1805526,DFDV,DeFi Development Corp.,2023-07-25,2024-07-25,7,https://cmbs.loans/investors
1805526,DFDV,DeFi Development Corp.,2023-07-25,2024-07-25,8,https://cmbs.loans/investor-relations
1805526,DFDV,DeFi Development Corp.,2023-07-25,2024-07-25,9,https://cmbs.loans/governance
1805526,DFDV,DeFi Development Corp.,2023-07-25,2024-07-25,10,https://cmbs.loans/corporate-governance
1805526,DFDV,DeFi Development Corp.,2023-07-25,2024-07-25,11,https://datatracks.com
1805526,DFDV,DeFi Development Corp.,2023-07-25,2024-07-25,12,https://datatracks.com/investors
1911545,GITS,"Global Interactive Technologies, Inc.",2023-08-01,2024-08-01,1,https://compsciresources.com
1911545,GITS,"Global Interactive Technologies, Inc.",2023-08-01,2024-08-01,2,https://compsciresources.com/investors
1911545,GITS,"Global Interactive Technologies, Inc.",2023-08-01,2024-08-01,3,https://compsciresources.com/investor-relations
1911545,GITS,"Global Interactive Technologies, Inc.",2023-08-01,2024-08-01,4,https://compsciresources.com/governance
1911545,GITS,"Global Interactive Technologies, Inc.",2023-08-01,2024-08-01,5,https://compsciresources.com/corporate-governance
1911545,GITS,"Global Interactive Technologies, Inc.",2023-08-01,2024-08-01,6,https://edgarsuite.com
1911545,GITS,"Global Interactive Technologies, Inc.",2023-08-01,2024-08-01,7,https://edgarsuite.com/investors
1911545,GITS,"Global Interactive Technologies, Inc.",2023-08-01,2024-08-01,8,https://edgarsuite.com/investor-relations
1911545,GITS,"Global Interactive Technologies, Inc.",2023-08-01,2024-08-01,9,https://edgarsuite.com/governance
1911545,GITS,"Global Interactive Technologies, Inc.",2023-08-01,2024-08-01,10,https://edgarsuite.com/corporate-governance
1911545,GITS,"Global Interactive Technologies, Inc.",2023-08-01,2024-08-01,11,https://hanryuholding.com
1911545,GITS,"Global Interactive Technologies, Inc.",2023-08-01,2024-08-01,12,https://hanryuholding.com/investors
1904286,MIRA,"MIRA PHARMACEUTICALS, INC.",2023-08-03,2024-08-03,1,https://mirapharmaceuticals.com/investors/sec-filings
1904286,MIRA,"MIRA PHARMACEUTICALS, INC.",2023-08-03,2024-08-03,2,https://mirapharmaceuticals.com/investors/sec-filings/investors
1904286,MIRA,"MIRA PHARMACEUTICALS, INC.",2023-08-03,2024-08-03,3,https://mirapharmaceuticals.com/investors/sec-filings/investor-relations
1904286,MIRA,"MIRA PHARMACEUTICALS, INC.",2023-08-03,2024-08-03,4,https://mirapharmaceuticals.com/investors/sec-filings/governance
1904286,MIRA,"MIRA PHARMACEUTICALS, INC.",2023-08-03,2024-08-03,5,https://mirapharmaceuticals.com/investors/sec-filings/corporate-governance
1904286,MIRA,"MIRA PHARMACEUTICALS, INC.",2023-08-03,2024-08-03,6,https://mirapharmaceuticals.com
1904286,MIRA,"MIRA PHARMACEUTICALS, INC.",2023-08-03,2024-08-03,7,https://mirapharmaceuticals.com/investors
1904286,MIRA,"MIRA PHARMACEUTICALS, INC.",2023-08-03,2024-08-03,8,https://mirapharmaceuticals.com/investor-relations
1904286,MIRA,"MIRA PHARMACEUTICALS, INC.",2023-08-03,2024-08-03,9,https://mirapharmaceuticals.com/governance
1904286,MIRA,"MIRA PHARMACEUTICALS, INC.",2023-08-03,2024-08-03,10,https://mirapharmaceuticals.com/corporate-governance
1904286,MIRA,"MIRA PHARMACEUTICALS, INC.",2023-08-03,2024-08-03,11,https://mirapharmaceuticals.com/investors/sec-filings/all-sec-filings
1904286,MIRA,"MIRA PHARMACEUTICALS, INC.",2023-08-03,2024-08-03,12,https://mirapharmaceuticals.com/investors/sec-filings/all-sec-filings/investors
1928581,GMEX,GMEX Robotics Corp,2023-08-08,2024-08-08,1,https://fitellcorp.com
1928581,GMEX,GMEX Robotics Corp,2023-08-08,2024-08-08,2,https://fitellcorp.com/investors
1928581,GMEX,GMEX Robotics Corp,2023-08-08,2024-08-08,3,https://fitellcorp.com/investor-relations
1928581,GMEX,GMEX Robotics Corp,2023-08-08,2024-08-08,4,https://fitellcorp.com/governance
1928581,GMEX,GMEX Robotics Corp,2023-08-08,2024-08-08,5,https://fitellcorp.com/corporate-governance
1843165,YHC,LQR House Inc.,2023-08-10,2024-08-10,1,https://compsciresources.com
1843165,YHC,LQR House Inc.,2023-08-10,2024-08-10,2,https://compsciresources.com/investors
1843165,YHC,LQR House Inc.,2023-08-10,2024-08-10,3,https://compsciresources.com/investor-relations
1843165,YHC,LQR House Inc.,2023-08-10,2024-08-10,4,https://compsciresources.com/governance
1843165,YHC,LQR House Inc.,2023-08-10,2024-08-10,5,https://compsciresources.com/corporate-governance
1843165,YHC,LQR House Inc.,2023-08-10,2024-08-10,6,https://cwspirits.com
1843165,YHC,LQR House Inc.,2023-08-10,2024-08-10,7,https://cwspirits.com/investors
1843165,YHC,LQR House Inc.,2023-08-10,2024-08-10,8,https://cwspirits.com/investor-relations
1843165,YHC,LQR House Inc.,2023-08-10,2024-08-10,9,https://cwspirits.com/governance
1843165,YHC,LQR House Inc.,2023-08-10,2024-08-10,10,https://cwspirits.com/corporate-governance
1843165,YHC,LQR House Inc.,2023-08-10,2024-08-10,11,https://lqrhouse.com
1843165,YHC,LQR House Inc.,2023-08-10,2024-08-10,12,https://lqrhouse.com/investors
1935418,FMST,Foremost Clean Energy Ltd.,2023-08-23,2024-08-23,1,https://foremostlithium.com
1935418,FMST,Foremost Clean Energy Ltd.,2023-08-23,2024-08-23,2,https://foremostlithium.com/investors
1935418,FMST,Foremost Clean Energy Ltd.,2023-08-23,2024-08-23,3,https://foremostlithium.com/investor-relations
1935418,FMST,Foremost Clean Energy Ltd.,2023-08-23,2024-08-23,4,https://foremostlithium.com/governance
1935418,FMST,Foremost Clean Energy Ltd.,2023-08-23,2024-08-23,5,https://foremostlithium.com/corporate-governance
1935418,FMST,Foremost Clean Energy Ltd.,2023-08-23,2024-08-23,6,https://mrctemiscamingue.org
1935418,FMST,Foremost Clean Energy Ltd.,2023-08-23,2024-08-23,7,https://mrctemiscamingue.org/investors
1935418,FMST,Foremost Clean Energy Ltd.,2023-08-23,2024-08-23,8,https://mrctemiscamingue.org/investor-relations
1935418,FMST,Foremost Clean Energy Ltd.,2023-08-23,2024-08-23,9,https://mrctemiscamingue.org/governance
1935418,FMST,Foremost Clean Energy Ltd.,2023-08-23,2024-08-23,10,https://mrctemiscamingue.org/corporate-governance
1935418,FMST,Foremost Clean Energy Ltd.,2023-08-23,2024-08-23,11,https://rdgfilings.com
1935418,FMST,Foremost Clean Energy Ltd.,2023-08-23,2024-08-23,12,https://rdgfilings.com/investors
1948697,SPPL,SIMPPLE LTD.,2023-09-13,2024-09-13,1,https://businesstimes.com.sg
1948697,SPPL,SIMPPLE LTD.,2023-09-13,2024-09-13,2,https://businesstimes.com.sg/investors
1948697,SPPL,SIMPPLE LTD.,2023-09-13,2024-09-13,3,https://businesstimes.com.sg/investor-relations
1948697,SPPL,SIMPPLE LTD.,2023-09-13,2024-09-13,4,https://businesstimes.com.sg/governance
1948697,SPPL,SIMPPLE LTD.,2023-09-13,2024-09-13,5,https://businesstimes.com.sg/corporate-governance
1948697,SPPL,SIMPPLE LTD.,2023-09-13,2024-09-13,6,https://cbre.com.sg
1948697,SPPL,SIMPPLE LTD.,2023-09-13,2024-09-13,7,https://cbre.com.sg/investors
1948697,SPPL,SIMPPLE LTD.,2023-09-13,2024-09-13,8,https://cbre.com.sg/investor-relations
1948697,SPPL,SIMPPLE LTD.,2023-09-13,2024-09-13,9,https://cbre.com.sg/governance
1948697,SPPL,SIMPPLE LTD.,2023-09-13,2024-09-13,10,https://cbre.com.sg/corporate-governance
1948697,SPPL,SIMPPLE LTD.,2023-09-13,2024-09-13,11,https://cbre.com
1948697,SPPL,SIMPPLE LTD.,2023-09-13,2024-09-13,12,https://cbre.com/investors
1825367,,"RayzeBio, Inc.",2023-09-15,2024-09-15,1,https://bms.com/investors
1825367,,"RayzeBio, Inc.",2023-09-15,2024-09-15,2,https://bms.com/investors/investors
1825367,,"RayzeBio, Inc.",2023-09-15,2024-09-15,3,https://bms.com/investors/investor-relations
1825367,,"RayzeBio, Inc.",2023-09-15,2024-09-15,4,https://bms.com/investors/governance
1825367,,"RayzeBio, Inc.",2023-09-15,2024-09-15,5,https://bms.com/investors/corporate-governance
1825367,,"RayzeBio, Inc.",2023-09-15,2024-09-15,6,https://bms.com
1825367,,"RayzeBio, Inc.",2023-09-15,2024-09-15,7,https://bms.com/investor-relations
1825367,,"RayzeBio, Inc.",2023-09-15,2024-09-15,8,https://bms.com/governance
1825367,,"RayzeBio, Inc.",2023-09-15,2024-09-15,9,https://bms.com/corporate-governance
1825367,,"RayzeBio, Inc.",2023-09-15,2024-09-15,10,https://rayzebio.com
1825367,,"RayzeBio, Inc.",2023-09-15,2024-09-15,11,https://rayzebio.com/investors
1825367,,"RayzeBio, Inc.",2023-09-15,2024-09-15,12,https://rayzebio.com/investor-relations
1963439,TURB,"Turbo Energy, S.A.",2023-09-22,2024-09-22,1,https://compsciresources.com
1963439,TURB,"Turbo Energy, S.A.",2023-09-22,2024-09-22,2,https://compsciresources.com/investors
1963439,TURB,"Turbo Energy, S.A.",2023-09-22,2024-09-22,3,https://compsciresources.com/investor-relations
1963439,TURB,"Turbo Energy, S.A.",2023-09-22,2024-09-22,4,https://compsciresources.com/governance
1963439,TURB,"Turbo Energy, S.A.",2023-09-22,2024-09-22,5,https://compsciresources.com/corporate-governance
1963439,TURB,"Turbo Energy, S.A.",2023-09-22,2024-09-22,6,https://fr.enerfip.eu
1963439,TURB,"Turbo Energy, S.A.",2023-09-22,2024-09-22,7,https://fr.enerfip.eu/investors
1963439,TURB,"Turbo Energy, S.A.",2023-09-22,2024-09-22,8,https://fr.enerfip.eu/investor-relations
1963439,TURB,"Turbo Energy, S.A.",2023-09-22,2024-09-22,9,https://fr.enerfip.eu/governance
1963439,TURB,"Turbo Energy, S.A.",2023-09-22,2024-09-22,10,https://fr.enerfip.eu/corporate-governance
1963439,TURB,"Turbo Energy, S.A.",2023-09-22,2024-09-22,11,https://turbo-e.com
1963439,TURB,"Turbo Energy, S.A.",2023-09-22,2024-09-22,12,https://turbo-e.com/investors
1922335,SYRA,Syra Health Corp,2023-09-29,2024-09-29,1,https://ir.syrahealth.com/governance
1922335,SYRA,Syra Health Corp,2023-09-29,2024-09-29,2,https://ir.syrahealth.com/governance/investors
1922335,SYRA,Syra Health Corp,2023-09-29,2024-09-29,3,https://ir.syrahealth.com/governance/investor-relations
1922335,SYRA,Syra Health Corp,2023-09-29,2024-09-29,4,https://ir.syrahealth.com/governance/governance
1922335,SYRA,Syra Health Corp,2023-09-29,2024-09-29,5,https://ir.syrahealth.com/governance/corporate-governance
1922335,SYRA,Syra Health Corp,2023-09-29,2024-09-29,6,https://ir.syrahealth.com
1922335,SYRA,Syra Health Corp,2023-09-29,2024-09-29,7,https://ir.syrahealth.com/investors
1922335,SYRA,Syra Health Corp,2023-09-29,2024-09-29,8,https://ir.syrahealth.com/investor-relations
1922335,SYRA,Syra Health Corp,2023-09-29,2024-09-29,9,https://ir.syrahealth.com/corporate-governance
1922335,SYRA,Syra Health Corp,2023-09-29,2024-09-29,10,https://annualgeneralmeetings.com
1922335,SYRA,Syra Health Corp,2023-09-29,2024-09-29,11,https://annualgeneralmeetings.com/investors
1922335,SYRA,Syra Health Corp,2023-09-29,2024-09-29,12,https://annualgeneralmeetings.com/investor-relations
1713210,ATPC,Agape ATP Corp,2023-10-11,2024-10-11,1,https://agapeatpgroup.com
1713210,ATPC,Agape ATP Corp,2023-10-11,2024-10-11,2,https://agapeatpgroup.com/investors
1713210,ATPC,Agape ATP Corp,2023-10-11,2024-10-11,3,https://agapeatpgroup.com/investor-relations
1713210,ATPC,Agape ATP Corp,2023-10-11,2024-10-11,4,https://agapeatpgroup.com/governance
1713210,ATPC,Agape ATP Corp,2023-10-11,2024-10-11,5,https://agapeatpgroup.com/corporate-governance
1713210,ATPC,Agape ATP Corp,2023-10-11,2024-10-11,6,https://atpc.com.my
1713210,ATPC,Agape ATP Corp,2023-10-11,2024-10-11,7,https://atpc.com.my/investors
1713210,ATPC,Agape ATP Corp,2023-10-11,2024-10-11,8,https://atpc.com.my/investor-relations
1713210,ATPC,Agape ATP Corp,2023-10-11,2024-10-11,9,https://atpc.com.my/governance
1713210,ATPC,Agape ATP Corp,2023-10-11,2024-10-11,10,https://atpc.com.my/corporate-governance
1907108,LXEO,"Lexeo Therapeutics, Inc.",2023-11-03,2024-11-03,1,https://clinicaltrials.gov
1907108,LXEO,"Lexeo Therapeutics, Inc.",2023-11-03,2024-11-03,2,https://clinicaltrials.gov/investors
1907108,LXEO,"Lexeo Therapeutics, Inc.",2023-11-03,2024-11-03,3,https://clinicaltrials.gov/investor-relations
1907108,LXEO,"Lexeo Therapeutics, Inc.",2023-11-03,2024-11-03,4,https://clinicaltrials.gov/governance
1907108,LXEO,"Lexeo Therapeutics, Inc.",2023-11-03,2024-11-03,5,https://clinicaltrials.gov/corporate-governance
1907108,LXEO,"Lexeo Therapeutics, Inc.",2023-11-03,2024-11-03,6,https://lexeo.com
1907108,LXEO,"Lexeo Therapeutics, Inc.",2023-11-03,2024-11-03,7,https://lexeo.com/investors
1907108,LXEO,"Lexeo Therapeutics, Inc.",2023-11-03,2024-11-03,8,https://lexeo.com/investor-relations
1907108,LXEO,"Lexeo Therapeutics, Inc.",2023-11-03,2024-11-03,9,https://lexeo.com/governance
1907108,LXEO,"Lexeo Therapeutics, Inc.",2023-11-03,2024-11-03,10,https://lexeo.com/corporate-governance
1907108,LXEO,"Lexeo Therapeutics, Inc.",2023-11-03,2024-11-03,11,https://lexeotx.com
1907108,LXEO,"Lexeo Therapeutics, Inc.",2023-11-03,2024-11-03,12,https://lexeotx.com/investors
1963685,RR,RICHTECH ROBOTICS INC.,2023-11-17,2024-11-17,1,https://compsciresources.com
1963685,RR,RICHTECH ROBOTICS INC.,2023-11-17,2024-11-17,2,https://compsciresources.com/investors
1963685,RR,RICHTECH ROBOTICS INC.,2023-11-17,2024-11-17,3,https://compsciresources.com/investor-relations
1963685,RR,RICHTECH ROBOTICS INC.,2023-11-17,2024-11-17,4,https://compsciresources.com/governance
1963685,RR,RICHTECH ROBOTICS INC.,2023-11-17,2024-11-17,5,https://compsciresources.com/corporate-governance
1963685,RR,RICHTECH ROBOTICS INC.,2023-11-17,2024-11-17,6,https://hospitalitynet.org
1963685,RR,RICHTECH ROBOTICS INC.,2023-11-17,2024-11-17,7,https://hospitalitynet.org/investors
1963685,RR,RICHTECH ROBOTICS INC.,2023-11-17,2024-11-17,8,https://hospitalitynet.org/investor-relations
1963685,RR,RICHTECH ROBOTICS INC.,2023-11-17,2024-11-17,9,https://hospitalitynet.org/governance
1963685,RR,RICHTECH ROBOTICS INC.,2023-11-17,2024-11-17,10,https://hospitalitynet.org/corporate-governance
1963685,RR,RICHTECH ROBOTICS INC.,2023-11-17,2024-11-17,11,https://richtechrobot.com
1963685,RR,RICHTECH ROBOTICS INC.,2023-11-17,2024-11-17,12,https://richtechrobot.com/investors
1840563,ELAB,PMGC Holdings Inc.,2023-11-21,2024-11-21,1,https://compsciresources.com
1840563,ELAB,PMGC Holdings Inc.,2023-11-21,2024-11-21,2,https://compsciresources.com/investors
1840563,ELAB,PMGC Holdings Inc.,2023-11-21,2024-11-21,3,https://compsciresources.com/investor-relations
1840563,ELAB,PMGC Holdings Inc.,2023-11-21,2024-11-21,4,https://compsciresources.com/governance
1840563,ELAB,PMGC Holdings Inc.,2023-11-21,2024-11-21,5,https://compsciresources.com/corporate-governance
1840563,ELAB,PMGC Holdings Inc.,2023-11-21,2024-11-21,6,https://elevailabsinc.com
1840563,ELAB,PMGC Holdings Inc.,2023-11-21,2024-11-21,7,https://elevailabsinc.com/investors
1840563,ELAB,PMGC Holdings Inc.,2023-11-21,2024-11-21,8,https://elevailabsinc.com/investor-relations
1840563,ELAB,PMGC Holdings Inc.,2023-11-21,2024-11-21,9,https://elevailabsinc.com/governance
1840563,ELAB,PMGC Holdings Inc.,2023-11-21,2024-11-21,10,https://elevailabsinc.com/corporate-governance
1840563,ELAB,PMGC Holdings Inc.,2023-11-21,2024-11-21,11,https://elevaiskincare.com
1840563,ELAB,PMGC Holdings Inc.,2023-11-21,2024-11-21,12,https://elevaiskincare.com/investors
1961847,INHD,INNO HOLDINGS INC.,2023-12-04,2024-12-04,1,https://innoholdings.com
1961847,INHD,INNO HOLDINGS INC.,2023-12-04,2024-12-04,2,https://innoholdings.com/investors
1961847,INHD,INNO HOLDINGS INC.,2023-12-04,2024-12-04,3,https://innoholdings.com/investor-relations
1961847,INHD,INNO HOLDINGS INC.,2023-12-04,2024-12-04,4,https://innoholdings.com/governance
1961847,INHD,INNO HOLDINGS INC.,2023-12-04,2024-12-04,5,https://innoholdings.com/corporate-governance
1961847,INHD,INNO HOLDINGS INC.,2023-12-04,2024-12-04,6,https://innoholdingsinc.com
1961847,INHD,INNO HOLDINGS INC.,2023-12-04,2024-12-04,7,https://innoholdingsinc.com/investors
1961847,INHD,INNO HOLDINGS INC.,2023-12-04,2024-12-04,8,https://innoholdingsinc.com/investor-relations
1961847,INHD,INNO HOLDINGS INC.,2023-12-04,2024-12-04,9,https://innoholdingsinc.com/governance
1961847,INHD,INNO HOLDINGS INC.,2023-12-04,2024-12-04,10,https://innoholdingsinc.com/corporate-governance
1961847,INHD,INNO HOLDINGS INC.,2023-12-04,2024-12-04,11,https://innometalstuds.com
1961847,INHD,INNO HOLDINGS INC.,2023-12-04,2024-12-04,12,https://innometalstuds.com/investors
