cik,ticker,legal_name,issuer_type,country,sic,sic_description,nasdaq_listing_date,listing_date_basis,initial_matrix_due_date,due_plus_30_grace,release_bucket,release_bucket_confidence,initial_matrix_status,initial_release_date,initial_release_timing,initial_release_source_actor,initial_release_source_url,initial_release_source_type,initial_release_form_type,initial_release_accession_or_url,initial_release_matched_query,initial_release_evidence_hash,initial_release_excerpt,initial_matrix_title,initial_matrix_as_of_date,initial_matrix_total_directors,initial_matrix_gender_columns,initial_matrix_demographic_rows,initial_matrix_has_nonbinary_column,initial_matrix_has_gender_undisclosed_column,initial_matrix_has_demographic_undisclosed_row,post_vacatur_status,post_vacatur_date,post_vacatur_source_actor,post_vacatur_source_url,post_vacatur_form_type,post_vacatur_source,post_vacatur_confidence,post_vacatur_matched_signal,post_vacatur_candidate_filings,post_vacatur_reviewed_filings,post_vacatur_fetch_failed_filings,post_vacatur_evidence_hash,post_vacatur_excerpt,post_vacatur_matrix_title,post_vacatur_matrix_as_of_date,post_vacatur_matrix_total_directors,post_vacatur_matrix_gender_columns,post_vacatur_matrix_demographic_rows,post_vacatur_matrix_has_nonbinary_column,post_vacatur_matrix_has_gender_undisclosed_column,post_vacatur_matrix_has_demographic_undisclosed_row,post_vacatur_matrix_format_status,post_vacatur_matrix_changes,post_vacatur_text_signal_type,review_reason,review_notes,committed_current_sec_status,committed_current_sec_found_date,committed_current_sec_found_url,committed_wayback_status,committed_wayback_found_date,committed_wayback_found_url,committed_fts_status,needs_manual_review,manual_review_reason,regression_key_fields_hash,board_size,female_count,nonbinary_count,gender_undisclosed_count,underrepresented_race_ethnicity_count,white_count,lgbtq_count,demographic_undisclosed_count,female_share,nonbinary_share,gender_undisclosed_share,underrepresented_race_ethnicity_share,lgbtq_share,demographic_undisclosed_share,disclosure_detail_score,parsed_gender_counts,parsed_demographic_counts,has_female_director,has_nonbinary_director,has_underrepresented_race_ethnicity,has_lgbtq_director,has_any_measured_diversity_signal,has_any_undisclosed_signal,initial_release_days_before_due,sector,country_group,due_year,initial_form_group,published_initial_any,published_initial_clean,published_initial_late_or_problematic,continued_any,retained_same_matrix,continued_narrative_only,stopped_after_vacatur,changed_or_reduced_among_continuers,same_matrix_or_same_shape_among_continuers
1689731,,"Southern States Bancshares, Inc.",domestic,AL,6022,State Commercial Banks,2021-08-12,first_trading,2022-08-12,2022-09-11,released_in_required_window,high,published_on_time,2022-03-30,on_or_before_due_date,issuer SEC filing,https://www.sec.gov/Archives/edgar/data/1689731/000162828022007803/a2022proxy-def14a.htm,edgar_filing,DEF 14A,0001628280-22-007803,Board Diversity Matrix;Total Number of Directors;Did Not Disclose Gender;Did Not Disclose Demographic Background,2ba5b8a50d657459,"d of director’s priority in selecting board members is the identification of persons who will further the interests of our stockholders through his or her record of professional and personal experiences and expertise relevant to our growth strategy. Board Diversity Matrix The table below contains information based on the voluntary self-identification of each member of the Company’s board as of March 30, 2022. Board Diversity Matrix (as of March 23, 2022) Total Number of Directors 11 Female Male Non-Binary Did Not Disclose Gender Part I: Gender Identity Directors 1 10 0 0 Part II: Demographic Background African American or Black 0 1 0 0 Alaskan Native or Native American 0 0 0 0 Asian 0 0 0 0 Hispanic or Latinx 0 0 0 0 Native Hawaiian or Pacific Islander 0 0 0 0 White 1 9 0 0 Two or More Races or Ethnicities 0 0 0 0 LGBTQ+ 0 Did Not Disclose Demographic Background 0 Director Independence U",Board Diversity Matrix,"as of March 30, 2022",11,Female|Male|Non-Binary|Did Not Disclose Gender,African American or Black|Alaskan Native or Native American|Asian|Hispanic or Latinx|Hispanic or Latin|Native Hawaiian or Pacific Islander|White|Two or More Races or Ethnicities|LGBTQ+|Did Not Disclose Demographic Background,1,1,1,continued_other_narrative,2025-04-18,issuer SEC filing,https://www.sec.gov/Archives/edgar/data/1689731/000162828025018318/ssbk-20241231.htm,10-K/A,0001628280-25-018318,0.75,\bdiversity of (?:our|the) board\b,2,2,0,6ced73872f11160f,"ector candidates, our board also considers the candidate’s independence, character, judgment, diversity, age, skills, including financial literacy, and experience in the context of our needs and those of our board. While we have no formal policy regarding the diversity of our board, our board may consider a broad range of factors relating to the qualifications and background of director nominees, which may include personal characteristics. Our board of director’s priority in selecting board members is the identification of persons who will further the interests of our stockholders through his or her record of professional and personal experiences and expertise relevant to our growth strategy. Director Independence Under the rules of NASDAQ, independent directors must comprise a majority of our board. The rules of NASDAQ, as well as those of the SEC, also impose several other requirements with respect to the independence of our directors. Our board has undertaken a review of the independence of each non-employee director based upon these rules and the charter of our Nominating and Corporate Governance Committee. App",,,,,,0,0,0,matrix_replaced_by_or_supplemented_with_narrative,"Post-vacatur evidence is board/diversity narrative, not an extracted matrix.",board_diversity_narrative,Published matrix date is on/before due+30 grace.,,,,,,,,,0,,d0c375fc30d12f24,11.0,1,0,0,1,10,0,0,0.09090909090909091,0.0,0.0,0.09090909090909091,0.0,0.0,6.0,1,1,1,0,1,0,1,0,135,Finance / real estate,Other non-US,2022,proxy,1,1,0,1,0,1,0,1,0
1853816,DRMA,"Dermata Therapeutics, Inc.",domestic,CA,2834,Pharmaceutical Preparations,2021-08-13,first_trading,2022-08-13,2022-09-12,released_in_required_window,high,published_on_time,2022-06-01,on_or_before_due_date,issuer SEC filing,https://www.sec.gov/Archives/edgar/data/1853816/000165495422007809/drma_def14a.htm,edgar_filing,DEF 14A,0001654954-22-007809,Board Diversity Matrix;Total Number of Directors;Did Not Disclose Gender;Did Not Disclose Demographic Background,9346092cde4622b4,"ders through his or her established record of professional accomplishment, the ability to contribute positively to the collaborative culture among board members, knowledge of our business and understanding of the competitive landscape. The following Board Diversity Matrix presents our board diversity statistics in accordance with Nasdaq Rule 5606. The information is based on our directors’ self-reporting. As we pursue future board recruitment efforts, our Nominating and Corporate Governance Committee will continue to seek candidates who can contribute to the diversity of views and perspectives of the board. Board Diversity Matrix (As of May 1, 2022) Total Number of Directors: 8 Female Male Non-Binary Did Not Disclose Gender Part I: Gender Identity Directors 3 5 Part II: Demographic Background African American or Black Alaskan Native or Native American Asian Hispanic or Latin Native Hawai",Board Diversity Matrix,"As of May 1, 2022",8,Female|Male|Non-Binary|Did Not Disclose Gender,African American or Black|Alaskan Native or Native American|Asian|Hispanic or Latin,1,1,0,continued_other_narrative,2025-05-23,issuer SEC filing,https://www.sec.gov/Archives/edgar/data/1853816/000164117225012257/pre14a.htm,PRE 14A,0001641172-25-012257,0.75,"\bdiversity\b.{0,220}\b(?:director|directors|nominee|nominees|board)\b",8,8,0,83b795464e5035b2,"strong finance experience; relevant social policy concerns; experience relevant to the Company’s industry; experience as a board member of another publicly held company; relevant academic expertise or other proficiency in an area of the Company’s operations; diversity of expertise and experience in substantive matters pertaining to the Company’s business relative to other Board members; diversity of background and perspective, including, but not limited to, with respect to age, gender, race and ethnicity; practical and mature business judgment, including, but not limited to, the ability to make independent analytical inquiries; and any other relevant qualifications, attributes or skills In determining whether to recommend a director for re-election, the Nominating and Corporate Governance Committee may also consider the director’s past attendance at meetings and participation in and contributions to the activities of the Board. We do not have a formal policy with regard to the consideration of diversity in identifying director nominees. The Board evaluates each individual in the context of the Board as a whole, with the objective of assembling a group that can best perpetuate the success of the business and rep",,,,,,0,0,0,matrix_replaced_by_or_supplemented_with_narrative,"Post-vacatur evidence is board/diversity narrative, not an extracted matrix.",board_diversity_narrative,Published matrix date is on/before due+30 grace.,,,,,,,,,0,,fa55487b1efcf729,8.0,,,,,,,,,,,,,,2.0,0,0,0,0,0,0,0,0,73,Life sciences / medical,Other non-US,2022,proxy,1,1,0,1,0,1,0,1,0
1534154,AUID,authID Inc.,domestic,CO,7372,Services-Prepackaged Software,2021-08-25,pricing_proxy,2022-08-25,2022-09-24,released_in_required_window,high,published_on_time,2022-08-05,on_or_before_due_date,issuer SEC filing,https://www.sec.gov/Archives/edgar/data/1534154/000121390022044960/ea163261-def14a_authidinc.htm,edgar_filing,DEF 14A,0001213900-22-044960,Board Diversity Matrix;Total Number of Directors,ecd768246ee084af,"t two diverse directors, including one who self-identifies as female and one who self-identifies as either an underrepresented minority or LGBTQ+. The chart below provides certain information regarding the diversity of the Board as of June 27, 2022. Board Diversity Matrix as of June 27, 2022 Total Number of Directors 8 Female Male Non-Binary Part I: Gender Identity Directors 2 6 - Part II: Demographic Background African American or Black - - - Alaskan Native or Native American - - - Asian 1 - - Hispanic or Latinx - 1 - Native Hawaiian or Pacific Islander - - - White 1 6 - Two or More Races or Ethnicities - - - LGBTQ+ 0 0 0 Board Leadership Structure and Role in Risk Oversight The Board recognizes that the leadership structure and combination or separation of the CEO and Chairman roles is driven by the needs of the Company at any point in time. As a result, no policy exists requiring comb",Board Diversity Matrix,"as of June 27, 2022",8,Female|Male|Non-Binary,African American or Black|Alaskan Native or Native American|Asian|Hispanic or Latinx|Hispanic or Latin|Native Hawaiian or Pacific Islander|White|Two or More Races or Ethnicities|LGBTQ+,1,0,0,not_continued_in_reviewed_filings,,,,,,0.7,,3,3,0,,,,,,,,0,0,0,no_post_vacatur_matrix_extracted,No post-vacatur matrix was extracted from reviewed filings.,no_signal_found,Published matrix date is on/before due+30 grace.,,,,,,,,,0,,70bc2697536a0baf,8.0,2,0,,2,7,62,,0.25,0.0,,0.25,1.0,,4.0,1,1,1,0,1,1,1,0,20,Technology,Other non-US,2022,proxy,1,1,0,0,0,0,1,0,0
1574094,RNXT,"RenovoRx, Inc.",domestic,CA,2834,Pharmaceutical Preparations,2021-08-26,first_trading,2022-08-26,2022-09-25,released_in_required_window,high,published_on_time,2022-04-29,on_or_before_due_date,issuer SEC filing,https://www.sec.gov/Archives/edgar/data/1574094/000149315222011553/formdef14-a.htm,edgar_filing,DEF 14A,0001493152-22-011553,Board Diversity Matrix;Total Number of Directors;Did Not Disclose Gender;Did Not Disclose Demographic Background,aec2b07850ea8a39,"on, skill, and other individual qualities and attributes that contribute to the total mix of viewpoints and experience represented on our Board of Directors. Board Diversity Our directors represent a wide variety of skills and backgrounds. The below Board Diversity Matrix reports self-identified diversity statistics for the Board in the format required by the Nasdaq Marketplace Rules. As demonstrated by the Board Diversity Matrix, the Company is compliant with the diversity requirements of Nasdaq Rule 5605(f) and the California Corporations Code. Board Diversity Matrix (as of April 29, 2022) Total Number of Directors 6 Female Male Non-Binary Did Not Disclose Gender Part I: Gender Identity Directors 2 4 0 0 Part II: Demographic Background African American or Black 0 0 0 0 Alaskan Native or Native American 0 0 0 0 Asian 0 1 0 0 Hispanic or Latinx 0 0 0 0 Native Hawaiian or Pacific Islander",Board Diversity Matrix,"as of April 29, 2022",6,Female|Male|Non-Binary|Did Not Disclose Gender,African American or Black|Alaskan Native or Native American|Asian|Hispanic or Latinx|Hispanic or Latin|Native Hawaiian or Pacific Islander,1,1,0,continued_other_narrative,2025-04-30,issuer SEC filing,https://www.sec.gov/Archives/edgar/data/1574094/000164117225007884/formdef14a.htm,DEF 14A,0001641172-25-007884,0.75,\bboard diversity\b,5,5,0,023a961e16f666ee,"ed excellence in his/her field; and ● nominees should have the ability to exercise sound business judgment and have the commitment to represent the long-term interests of our stockholders. Although our Board does not maintain a specific policy with respect to board diversity, it believes that our Board should be a diverse body, and our Nominating and Corporate Governance Committee may consider such factors as differences in professional background, education, skill, and other individual qualities and attributes that contribute to the total mix of viewpoints and experience represented on our Board. Process for Identifying and Evaluating Nominees Candidates for director may come to the attention of the Nominating and Corporate Governance Committee through current members of the Board, professional search firms, stockholders or industry sources. The Nominating and Corporate Governance Committee first evaluates director candidates by reviewing their biographical information and qualifications. Potentially qualified candidates will meet with our Chief Executive Officer and at least one member of the Nominating an",,,,,,0,0,0,matrix_replaced_by_or_supplemented_with_narrative,"Post-vacatur evidence is board/diversity narrative, not an extracted matrix.",board_diversity_narrative,Published matrix date is on/before due+30 grace.,,,,,,,,,0,,06943f1f1b9639ab,6.0,2,0,0,1,,,,0.3333333333333333,0.0,0.0,0.16666666666666666,,,2.6666666666666665,1,1,1,0,1,0,1,0,119,Life sciences / medical,Other non-US,2022,proxy,1,1,0,1,0,1,0,1,0
1605888,ATLN,ATLANTIC INTERNATIONAL CORP.,domestic,NJ,7363,Services-Help Supply Services,2021-08-27,first_trading,2022-08-27,2022-09-26,released_after_required_window,high,published_late,2023-03-16,after_30_day_grace,issuer SEC filing,https://www.sec.gov/Archives/edgar/data/1605888/000121390023020621/f10k2022_seqllinc.htm,edgar_filing,10-K,https://www.sec.gov/Archives/edgar/data/1605888/000121390023020621/f10k2022_seqllinc.htm,Board Diversity Matrix,1dbfa0f3a35f0d28,"Board Diversity Matrix (As of March 7, 2023) Total Number of Directors 4 Female 1 Male 2 Did Not Disclose Gender 1",Board Diversity Matrix,"As of March 7, 2023",4,Female|Male|Did Not Disclose Gender,,0,1,0,not_continued_in_reviewed_filings,,,,,,0.7,,7,7,0,,,,,,,,0,0,0,no_post_vacatur_matrix_extracted,No post-vacatur matrix was extracted from reviewed filings.,no_signal_found,Published matrix date is after due+30 grace.,Search found 2024 SEC matrix and Browser confirmed substantive matrix; targeted reclassification selected earlier existing 2023 10-K matrix observation.,not_found_in_current_sec_filings,,,not_found,,,not_found,0,,df243f5358f89323,4.0,,,,,,,,,,,,,,1.0,0,0,0,0,0,0,0,0,-201,Services,Other non-US,2022,10-K,1,0,1,0,0,0,1,0,0
1590418,FCUV,FOCUS UNIVERSAL INC.,domestic,CA,3823,"Industrial Instruments For Measurement, Display, and Control",2021-09-01,pricing_proxy,2022-09-01,2022-10-01,released_in_required_window,high,published_on_time,2022-04-06,on_or_before_due_date,issuer SEC filing,https://www.sec.gov/Archives/edgar/data/1590418/000168316822002377/focus_def14a.htm,edgar_filing,DEF 14A,0001683168-22-002377,Board of Directors Diversity Matrix;Directors Diversity Matrix;Did Not Disclose Demographic Background,9663a4384616bdc5,"son of Audit Committee. (5) Chairperson of Compensation Committee. (6) Chairperson of Nominating and Corporate Governance Committee. 2 The following provides certain information with respect to the diversity of our nominees and continuing directors. Board of Directors Diversity Matrix Total Director Nominees and Continuing Directors 7 Female Male Gender Identity Directors 3 4 Demographic Background African American or Black – – Alaskan Native or Native American – – Asian 1 2 Hispanic, Latinx or Spanish Origin – – Native Hawaiian or Pacific Islander – – White 2 2 Other – – Two or More Races of Ethnicities – – LGBTQ+ – Did not Disclose Demographic Background – The Board of Directors recommends a vote FOR the election of Dr. Desheng Wang, Dr. Edward Lee, Dr. Jennifer Gu, Michael Pope, Sheri Lofgren, Carine Clark and Greg Butterfield to the Board of Directors. Biographical Information Regard",Board of Directors Diversity Matrix,,,Female|Male,African American or Black|Alaskan Native or Native American|Asian|Native Hawaiian or Pacific Islander|White|LGBTQ+|Did Not Disclose Demographic Background,0,0,1,continued_same_matrix,2025-04-18,issuer SEC filing,https://www.sec.gov/Archives/edgar/data/1590418/000168316825002686/focus_ipre14a-062025.htm,PRE 14A,0001683168-25-002686,0.95,Board of Directors Diversity Matrix;Directors Diversity Matrix;Did Not Disclose Gender;Did Not Disclose Demographic Background,7,2,0,d1b407e98970ed77,"ating and Corporate Governance Committee. 13 The following chart provides certain self-identified characteristics of our nominees and current directors utilizing the categories and terms set forth in the applicable Nasdaq rules and related guidance. Board of Directors Diversity Matrix (as of April 18, 2025) Total Director Nominees and Continuing Directors 5 Female Male Non-Binary Did Not Disclose Gender Gender Identity Directors 1 4 – – Demographic Background African American or Black – – Alaskan Native or Native American – – Asian – 2 Hispanic, Latinx or Spanish Origin – – Native Hawaiian or Pacific Islander – – White 1 2 Other – – Two or More Races of Ethnicities – – LGBTQ+ – – Did not Disclose Demographic Background – – Vote Required and Recommendation of the Board Directors are elected by a plurality of the votes cast at the Annual Meeting. If a quorum is present, the nominees receiving the highest number of “FOR” votes will be elected to the Board. Shares represented by executed proxies will be voted for which no contrary instruction is given, if authority to do so is not withheld, “FOR” the election of each of the nominees nam",Board of Directors Diversity Matrix,"as of April 18, 2025",,Female|Male|Non-Binary|Did Not Disclose Gender,African American or Black|Alaskan Native or Native American|Asian|Native Hawaiian or Pacific Islander|White|LGBTQ+|Did Not Disclose Demographic Background,1,1,1,changed_extracted_shape,"as-of date: post-vacatur extracted, initial not extracted; gender columns: Female|Male -> Female|Male|Non-Binary|Did Not Disclose Gender",matrix,Published matrix date is on/before due+30 grace.,,,,,,,,,1,post_vacatur_matrix_format_changed,3c8c21176751c6a7,,,,,3,4,0,0,,,,,,,3.8333333333333335,0,1,0,0,1,0,1,0,148,Manufacturing / industrials,Other non-US,2022,proxy,1,1,0,1,1,0,0,1,0
1836470,SRAD,Sportradar Group AG,foreign_private_issuer,V8,7370,"Services-Computer Programming, Data Processing, Etc.",2021-09-14,first_trading,2022-09-14,2022-10-14,no_release_found_after_checks,medium,not_located,,no_dated_release,,,,,,,,,,,,,,0,0,0,not_continued_in_reviewed_filings,,,,,,0.7,,21,21,0,,,,,,,,0,0,0,no_post_vacatur_matrix_extracted,No post-vacatur matrix was extracted from reviewed filings.,no_signal_found,"No substantive primary matrix located after SEC, committed-check FTS/Wayback, website candidates, and manual/browser review where applicable.","Web search for exact company name plus Board Diversity Matrix returned third-party/other-company references, not Sportradar own matrix.",not_found_in_current_sec_filings,,,not_found,,,not_found,1,no_release_found_after_checks,89889eccb065dbe2,,,,,,,,,,,,,,,0.0,0,0,0,0,0,0,0,0,,Technology,Other non-US,2022,unknown,0,0,1,0,0,0,1,0,0
1588978,PRCT,PROCEPT BioRobotics Corp,domestic,CA,3841,Surgical & Medical Instruments & Apparatus,2021-09-15,first_trading,2022-09-15,2022-10-15,released_in_required_window,high,published_on_time,2022-04-28,on_or_before_due_date,issuer SEC filing,https://www.sec.gov/Archives/edgar/data/1588978/000162828022011112/procept2022proxy.htm,edgar_filing,DEF 14A,0001628280-22-011112,Board Diversity Matrix;Total Number of Directors;Did Not Disclose Gender;Did Not Disclose Demographic Background,a77dd7d04834635d,"e committed to sharing information related to our corporate responsibility and ESG related programs, priorities, goals, and performance and we intend to compile and publish a report on these topics within the next year. Director Skills and Diversity Board Diversity Matrix (As of April 28, 2022) Total Number of Directors 9 Female Male Non-Binary Did Not Disclose Gender Part I: Gender Identity Directors 3 6 — — Part II: Demographic Background African American or Black — — — — Alaskan Native or Native American — — — — Asian — 1 — — Hispanic or Latinx 1 — — — Native Hawaiian or Pacific Islander — — — — White 2 5 — — Two or More Races or Ethnicities — — — — LGBTQ+ — — — — Did Not Disclose Demographic Background — — — — INFORMATION REGARDING COMMITTEES OF THE BOARD OF DIRECTORS The Board has a number of committees that perform certain functions for the Board. The current standing committees of",Director Skills and Diversity Board Diversity Matrix,"As of April 28, 2022",9,Female|Male|Non-Binary|Did Not Disclose Gender,African American or Black|Alaskan Native or Native American|Asian|Hispanic or Latinx|Hispanic or Latin|Native Hawaiian or Pacific Islander|White|Two or More Races or Ethnicities|LGBTQ+|Did Not Disclose Demographic Background,1,1,1,continued_same_matrix,2025-04-25,issuer SEC filing,https://www.sec.gov/Archives/edgar/data/1588978/000158897825000028/prct-20250425.htm,DEF 14A,0001588978-25-000028,0.85,Total Number of Directors;Did Not Disclose Gender;Did Not Disclose Demographic Background,7,3,0,2fc8120f95eaa620,"our corporate responsibility and ESG related programs, priorities, goals, and performance and we have published a report on these topics available on our website. Director Skills and Board Composition Board Composition Matrix (As of April 25, 2025) Total Number of Directors 9 Female Male Non-Binary Did Not Disclose Gender Part I: Gender Identity Directors 3 6 — — Part II: Demographic Background African American or Black — — — — Alaskan Native or Native American — — — — Asian — 1 — — Hispanic or Latinx 1 — — — Native Hawaiian or Pacific Islander — — — — White 2 5 — — Two or More Races or Ethnicities — — — — Did Not Disclose Demographic Background 1 INFORMATION REGARDING COMMITTEES OF THE BOARD OF DIRECTORS The Board has a number of committees that perform certain functions for the Board. The current standing committees of the Board are the Audit Committee, the Compensation Committee and the Nominating and ESG Committee. Below is a description of each committee of the Board. Each of the committees has authority to engage legal counsel or other experts or consultants, as it deems appropriate to carry out its responsibilities. 11 Audit",,"As of April 25, 2025",9,Female|Male|Non-Binary|Did Not Disclose Gender,African American or Black|Alaskan Native or Native American|Asian|Hispanic or Latinx|Hispanic or Latin|Native Hawaiian or Pacific Islander|White|Two or More Races or Ethnicities|Did Not Disclose Demographic Background,1,1,1,changed_extracted_shape,"title: initial extracted, post-vacatur not extracted; as-of date: As of April 28, 2022 -> As of April 25, 2025; demographic rows: African American or Black|Alaskan Native or Native American|Asian|Hispanic or Latinx|Hispanic or Latin|Native Hawaiian or Pacific Islander|White|Two or More Races or Ethnicities|LGBTQ+|Did Not Disclose Demographic Background -> African American or Black|Alaskan Native or Native American|Asian|Hispanic or Latinx|Hispanic or Latin|Native Hawaiian or Pacific Islander|White|Two or More Races or Ethnicities|Did Not Disclose Demographic Background",matrix,Published matrix date is on/before due+30 grace.,,,,,,,,,1,post_vacatur_matrix_format_changed,96cb92e519621fba,9.0,3,0,0,2,7,0,0,0.3333333333333333,0.0,0.0,0.2222222222222222,0.0,0.0,6.0,1,1,1,0,1,0,1,0,140,Life sciences / medical,Other non-US,2022,proxy,1,1,0,1,1,0,0,1,0
1645569,,"DICE Therapeutics, Inc.",domestic,CA,2834,Pharmaceutical Preparations,2021-09-15,first_trading,2022-09-15,2022-10-15,released_in_required_window,high,published_on_time,2022-04-26,on_or_before_due_date,issuer SEC filing,https://www.sec.gov/Archives/edgar/data/1645569/000156459022015687/dice-def14a_20220607.htm,edgar_filing,DEF 14A,0001564590-22-015687,Board Diversity Matrix;Total Number of Directors;Did Not Disclose Gender;Did Not Disclose Demographic Background,0b8d25101eed202c,"d its committees. While we have not adopted a specific policy regarding Board diversity, we value diversity on a company-wide basis. The following table sets forth the diversity statistics as self-identified by the members of our Board of Directors. Board Diversity Matrix (As of March 31, 2022) Total Number of Directors 8 Female Male Non-Binary Did Not Disclose Gender Part I: Gender Identity Directors 1 5 — 2 Part II: Demographic Background Asian — 1 — — White 1 4 — — Did Not Disclose Demographic Background — — — 2 5 Committees of Our Board of Directors Our Board of Directors has established an Audit Committee, a Compensation Committee, a Nominating and Corporate Governance Committee, and a Research and Development Committee, each of which has the composition and responsibilities described below. Members serve on these committees until their resignation or until otherwise determined by o",Board Diversity Matrix,"As of March 31, 2022",8,Female|Male|Non-Binary|Did Not Disclose Gender,Asian|White|Did Not Disclose Demographic Background,1,1,1,no_post_vacatur_relevant_filing,,,,,,0.65,,0,0,0,,,,,,,,0,0,0,no_post_vacatur_matrix_extracted,No post-vacatur matrix was extracted from reviewed filings.,no_signal_found,Published matrix date is on/before due+30 grace.,,,,,,,,,0,,9e72019986016b89,8.0,1,0,2,1,5,,2,0.125,0.0,0.25,0.125,,0.25,4.166666666666666,1,0,1,0,1,0,1,1,142,Life sciences / medical,Other non-US,2022,proxy,1,1,0,0,0,0,1,0,0
1817004,NXXT,"NEXTNRG, INC.",domestic,FL,5500,Retail-Auto Dealers & Gasoline Stations,2021-09-15,first_trading,2022-09-15,2022-10-15,released_in_required_window,high,published_on_time,2022-04-25,on_or_before_due_date,issuer SEC filing,https://www.sec.gov/Archives/edgar/data/1817004/000149315222010860/def14a.htm,edgar_filing,DEF 14A,0001493152-22-010860,Board Diversity Matrix;Total Number of Directors;Did Not Disclose Gender;Did Not Disclose Demographic Background,281da0f0e9e86409,"other corporate board memberships. ● Compatibility. The Board candidate should be able to develop a good working relationship with other Board members and contribute to the Board’s working relationship with the senior management of the Company. The Board Diversity Matrix, below, provides certain highlights of the composition of our board members and nominees. Each of the categories listed in the below table has the meaning as it is used in Nasdaq Rule 5605(f). Board Diversity Matrix (as of April 15, 2022) Total Number of Directors 7 Female Male Non-Binary Did Not Disclose Gender Part I: Gender Identity Directors 1 6 African American or Black - - - - Alaskan Native or Native American - - - - Asian - - - - Hispanic or Latinx - 1 - - Native Hawaiian or Pacific Islander - - - - White 1 5 - - Two or More Races or Ethnicities - - - - LGBTQ+ - Did Not Disclose Demographic Background - Informati",Board Diversity Matrix,"as of April 15, 2022",7,Female|Male|Non-Binary|Did Not Disclose Gender,African American or Black|Alaskan Native or Native American|Asian|Hispanic or Latinx|Hispanic or Latin|Native Hawaiian or Pacific Islander|White|Two or More Races or Ethnicities|LGBTQ+|Did Not Disclose Demographic Background,1,1,1,continued_same_matrix,2024-12-31,issuer SEC filing,https://www.sec.gov/Archives/edgar/data/1817004/000149315224052756/formdef14a.htm,DEF 14A,0001493152-24-052756,0.95,Board Diversity Matrix;Did Not Disclose Gender;Did Not Disclose Demographic Background,7,1,0,22209b553c33c425,"mmittee Bennett Kurtz Chair Member Member Jack Leibler Member Chair Member Sean Oppen Member Member Chair The following matrices provide race/ethnicity, as well as gender, of the members of our Board, as self-identified by members of our Board. 2024 Board Diversity Matrix Female Male Non-Binary Did Not Disclose Gender Part I Gender Identity Directors - 5 - - Part II: Demographic Background African American or Black - - - - Alaskan Native or Native American - - - - Asian - - - - Hispanic or Latinx - - - - Native Hawaiian or Pacific Islander - - - - White - - - - Middle Eastern - - - - Scandinavian - - - - Two or More Races or Ethnicities - - - - LGBTQ+ - - - - Did Not Disclose Demographic Background - - - - 2023 Board Diversity Matrix Female Male Non-Binary Did Not Disclose Gender Part I Gender Identity Directors - 5 - - Part II: Demographic Background African American or Black - - - - Alaskan Native or Native American - - - - Asian - - - - Hispanic or Latinx - - - - Native Hawaiian or Pacific Islander - - - - White - - - - Middle Eastern - - - - Scandinavian - - - - Two or More Races or Ethnicities - - - - LGBTQ+ - - - - Did Not Dis",Board Diversity Matrix,,,Female|Male|Non-Binary|Did Not Disclose Gender,African American or Black|Alaskan Native or Native American|Asian|Hispanic or Latinx|Hispanic or Latin|Native Hawaiian or Pacific Islander|White|Two or More Races or Ethnicities|LGBTQ+|Did Not Disclose Demographic Background,1,1,1,changed_extracted_shape,"as-of date: initial extracted, post-vacatur not extracted; total directors: initial extracted, post-vacatur not extracted",matrix,Published matrix date is on/before due+30 grace.,,,,,,,,,1,post_vacatur_matrix_format_changed,8e15929965594778,7.0,1,0,0,1,6,0,0,0.14285714285714285,0.0,0.0,0.14285714285714285,0.0,0.0,6.0,1,1,1,0,1,0,1,0,143,Consumer / retail,Other non-US,2022,proxy,1,1,0,1,1,0,0,1,0
1841330,KTTA,Pasithea Therapeutics Corp.,domestic,FL,2834,Pharmaceutical Preparations,2021-09-15,first_trading,2022-09-15,2022-10-15,released_in_required_window,high,published_on_time,2022-05-13,on_or_before_due_date,issuer SEC filing,https://www.sec.gov/Archives/edgar/data/1841330/000121390022026293/ea159602-def14a_pasitheathe.htm,edgar_filing,DEF 14A,0001213900-22-026293,Board Diversity Matrix;Total Number of Directors;Did Not Disclose Gender;Did Not Disclose Demographic Background,23d996beb905dc9c,"new listing rules relating to board diversity and disclosure. As approved by the SEC, the new Nasdaq listing rules require all Nasdaq listed companies to disclose consistent, transparent diversity statistics regarding their boards of directors. The Board Diversity Matrix below presents the Board’s diversity statistics in the format prescribed by the Nasdaq rules. Board Diversity Matrix (As of May 13, 2022) Total Number of Directors 5 Female Male Non-Binary Did Not Disclose Gender Part I: Gender Identity Directors 0 5 0 0 Part II: Demographic Background African American or Black 0 0 0 0 Alaskan Native or Native American 0 0 0 0 Asian 0 0 0 0 Hispanic or Latinx 0 0 0 0 Native Hawaiian or Pacific Islander 0 0 0 0 White 0 4 0 0 Two or More Races or Ethnicities 0 1 0 0 LGBTQ+ 0 0 0 0 Did Not Disclose Demographic Background 0 0 0 0 Section 16(a) Reporting Section 16(a) of the Exchange Act requ",Board Diversity Matrix,"As of May 13, 2022",5,Female|Male|Non-Binary|Did Not Disclose Gender,African American or Black|Alaskan Native or Native American|Asian|Hispanic or Latinx|Hispanic or Latin|Native Hawaiian or Pacific Islander|White|Two or More Races or Ethnicities|LGBTQ+|Did Not Disclose Demographic Background,1,1,1,continued_other_narrative,2025-07-14,issuer SEC filing,https://www.sec.gov/Archives/edgar/data/1841330/000121390025063716/ea0248813-pre14a_pasithea.htm,PRE 14A,0001213900-25-063716,0.75,"\bdiversity\b.{0,220}\b(?:director|directors|nominee|nominees|board)\b",6,6,0,90860c7b6fda2c5c,"strong finance experience; relevant social policy concerns; experience relevant to our industry; experience as a board member or executive officer of another publicly held company; relevant academic expertise or other proficiency in an area of our operations; diversity of expertise and experience in substantive matters pertaining to our business relative to other board members; diversity of background and perspective, including, but not limited to, with respect to age, gender, race, place of residence and specialized experience; practical and mature business judgment, including, but not limited to, the ability to make independent analytical inquiries; and any other relevant qualifications, attributes or skills. We evaluate each individual in the context of the Board as a whole, with the objective of assembling a group that can best perpetuate the success of the business and represent stockholder interests through the exercise of sound judgment using its diversity of experience in these various areas. In determining whether to recommend a director for re-election, the Nominating and Corporate Governance Committee may also consider the director’s past attendance at meetings and participation in and contr",,,,,,0,0,0,matrix_replaced_by_or_supplemented_with_narrative,"Post-vacatur evidence is board/diversity narrative, not an extracted matrix.",board_diversity_narrative,Published matrix date is on/before due+30 grace.,,,,,,,,,0,,f0b3ef89cc2475d3,5.0,0,0,0,1,4,0,0,0.0,0.0,0.0,0.2,0.0,0.0,6.0,1,1,0,0,1,0,1,0,125,Life sciences / medical,Other non-US,2022,proxy,1,1,0,1,0,1,0,1,0
1861795,DH,Definitive Healthcare Corp.,domestic,MA,7372,Services-Prepackaged Software,2021-09-15,first_trading,2022-09-15,2022-10-15,released_in_required_window,high,published_on_time,2022-04-12,on_or_before_due_date,issuer SEC filing,https://www.sec.gov/Archives/edgar/data/1861795/000119312522102925/d290538ddef14a.htm,edgar_filing,DEF 14A,0001193125-22-102925,Board Diversity Matrix;Total Number of Directors,e00ccdf865c50796,"trading policy also prohibits directors, officers and employees from pledging the Company’s stock as collateral for loans. Board Diversity The following table sets forth certain diversity statistics concerning the members of the Board of Directors: Board Diversity Matrix (as of April 12, 2022) Total Number of Directors 10 Female Male Part I: Gender Identity Directors 3 7 Part II: Demographic Background White 3 7 Executive Officers of the Company Set forth below is certain information regarding each of our current executive officers, other than Messrs. Krantz and Musslewhite, each of whom also serve as directors of the Company. For biographical information for Messrs. Krantz and Musslewhite, see “Proposal No. 1 – Election of Class I Directors — Nominees for Election to the Board of Directors in 2022” and “Proposal No. 1 – Election of Class I Directors — Continuing Members of the Board of",Board Diversity Matrix,"as of April 12, 2022",10,Female|Male,White,0,0,0,continued_other_narrative,2025-04-23,issuer SEC filing,https://www.sec.gov/Archives/edgar/data/1861795/000095017025057364/dh-20250422.htm,DEF 14A,0000950170-25-057364,0.75,\bdiverse board\b,6,6,0,75e62404c0a195df,"ound judgment, leadership, courage, and diversity of experience (for example, in relation to finance and accounting, strategy, risk management, technical expertise, policymaking, etc.). In addition, the Company recognizes and embraces the benefits of having a diverse Board. In evaluating the Board’s composition, although the Board does not have a formal policy specifying how diversity of background and personal experience should be applied in identifying or evaluating director candidates, the Nominating and Corporate Governance Committee considers diversity among other relevant considerations, including, but not limited to, diversity of gender, age, race, ethnicity, cultural and educational background, professional experience, skills, knowledge, and length of service. The Nominating and Corporate Governance Committee values the input of stockholders in identifying director candidates. The Nominating and Corporate Governance Committee considers recommendations for Board candidates submitted by stockholders using the same criteria it applies to recommendations from the committee, directors, and members of ma",,,,,,0,0,0,matrix_replaced_by_or_supplemented_with_narrative,"Post-vacatur evidence is board/diversity narrative, not an extracted matrix.",board_diversity_narrative,Published matrix date is on/before due+30 grace.,,,,,,,,,0,,0b1a79ee049f1ef4,10.0,3,,,,10,,,0.3,,,,,,1.0,1,0,1,0,0,0,1,0,156,Technology,Other non-US,2022,proxy,1,1,0,1,0,1,0,1,0
1863127,TYRA,"Tyra Biosciences, Inc.",domestic,CA,2834,Pharmaceutical Preparations,2021-09-15,first_trading,2022-09-15,2022-10-15,released_in_required_window,high,published_on_time,2022-04-28,on_or_before_due_date,issuer SEC filing,https://www.sec.gov/Archives/edgar/data/1863127/000119312522127537/d293476ddef14a.htm,edgar_filing,DEF 14A,0001193125-22-127537,Board Diversity Matrix;Total Number of Directors;Did Not Disclose Gender,0be3b8ea03036e82,"nition of “independent director” under Nasdaq qualification standards. The Nominating and Corporate Governance Committee also believes it is appropriate for our Chairman and Chief Executive Officer to serve as a member of our Board. 16 The following Board Diversity Matrix presents our Board diversity statistics in accordance with Nasdaq Rule 5606, as self-disclosed by our directors. Board Diversity Matrix (As of April 10, 2022) Total Number of Directors 9 Female Male Non-Binary Did Not Disclose Gender Part I: Gender Identity Directors 3 6 0 0 Part II: Demographic Background Asian 0 3 0 0 White 3 3 0 0 Identification and Evaluation of Nominees for Directors The Nominating and Corporate Governance Committee identifies nominees for director by first evaluating the current members of our Board willing to continue in service. Current members with qualifications and skills that are consistent",Board Diversity Matrix,"As of April 10, 2022",9,Female|Male|Non-Binary|Did Not Disclose Gender,Asian|White,1,1,0,not_continued_in_reviewed_filings,,,,,,0.7,,6,6,0,,,,,,,,0,0,0,no_post_vacatur_matrix_extracted,No post-vacatur matrix was extracted from reviewed filings.,no_signal_found,Published matrix date is on/before due+30 grace.,,,,,,,,,0,,039672eacdc2e425,9.0,3,0,0,3,6,,,0.3333333333333333,0.0,0.0,0.3333333333333333,,,3.1666666666666665,1,0,1,0,1,0,1,0,140,Life sciences / medical,Other non-US,2022,proxy,1,1,0,0,0,0,1,0,0
1866550,,"Thoughtworks Holding, Inc.",domestic,IL,7371,Services-Computer Programming Services,2021-09-15,first_trading,2022-09-15,2022-10-15,released_in_required_window,high,published_on_time,2022-04-29,on_or_before_due_date,issuer SEC filing,https://www.sec.gov/Archives/edgar/data/1866550/000114036122016768/ny20003191x1_def14a.htm,edgar_filing,DEF 14A,0001140361-22-016768,Board Diversity Matrix;Total Number of Directors;Did Not Disclose Demographic Background,30b26a58d92410c5,"key goals. We believe that diversity of backgrounds, life experiences and opinions not only makes us more innovative but are essential to our long-term success. As such, we believe that our Board of Directors is representative of that diversity. The Board Diversity Matrix below is as of April 18, 2022. ​ ​ ​Female ​ ​ Male Part I: Gender Identity Directors ​ ​ 3 ​ ​ 6 Part II: Demographic Background African American or Black ​ ​ 1 ​ ​ 0 Asian ​ ​ 0 ​ ​ 3 White ​ ​ 2 ​ ​ 3 Did Not Disclose Demographic Background ​ ​ 1 18 TABLE OF CONTENTS 2022 Proxy Report ​ ​ Proposal 1: Election of Directors Identifying and Evaluating Director Nominees Our Nominating and Governance Committee is responsible for identifying individuals qualified to become members of our Board of Directors and ensuring that its membership consists of persons with sufficiently diverse and independent backgrounds. The identi",Board Diversity Matrix,"as of April 18, 2022",,Female|Male,African American or Black|Asian|White|Did Not Disclose Demographic Background,0,0,1,no_post_vacatur_relevant_filing,,,,,,0.65,,0,0,0,,,,,,,,0,0,0,no_post_vacatur_matrix_extracted,No post-vacatur matrix was extracted from reviewed filings.,no_signal_found,Published matrix date is on/before due+30 grace.,,,,,,,,,0,,349543cd72a72787,,3,,,4,5,,19,,,,,,,2.333333333333333,1,0,1,0,1,0,1,1,139,Technology,Israel,2022,proxy,1,1,0,0,0,0,1,0,0
1544522,FRSH,Freshworks Inc.,domestic,CA,7372,Services-Prepackaged Software,2021-09-22,first_trading,2022-09-22,2022-10-22,released_in_required_window,high,published_on_time,2022-04-11,on_or_before_due_date,issuer SEC filing,https://www.sec.gov/Archives/edgar/data/1544522/000154452222000005/freshworks-proxystatement2.htm,edgar_filing,DEF 14A,0001544522-22-000005,Board Diversity Matrix;Total Number of Directors;Did Not Disclose Gender;Did Not Disclose Demographic Background,d7e37a331aab1a5a,"ersity and an M.B.A. from Harvard Business School. 8 We believe Ms. Taylor is qualified to serve as a member of our board of directors because of her product development expertise and strong experience in the technology industry. Board Diversity The Board Diversity Matrix, below, provides the diversity statistics for our board of directors. Board Diversity Matrix (As of April 11, 2022) Total Number of Directors 8 Female Male Non- Binary Did Not Disclose Gender Part I: Gender Identity Directors 3 5 — — Part II: Demographic Background African American or Black — — — — Alaskan Native or Native American — — — — Asian — 2 — — Hispanic or Latinx — — — — Native Hawaiian or Pacific Islander — — — — White 3 3 — — Two or More Races or Ethnicities — — — — LGBTQ+ 1 Did Not Disclose Demographic Background — Independence of our Board of Directors Our Class A common stock is listed on the Nasdaq Global",Board Diversity The Board Diversity Matrix,"As of April 11, 2022",8,Female|Male|Did Not Disclose Gender,African American or Black|Alaskan Native or Native American|Asian|Hispanic or Latinx|Hispanic or Latin|Native Hawaiian or Pacific Islander|White|Two or More Races or Ethnicities|LGBTQ+|Did Not Disclose Demographic Background,0,1,1,continued_other_narrative,2025-04-17,issuer SEC filing,https://www.sec.gov/Archives/edgar/data/1544522/000154452225000015/frsh-20250417.htm,DEF 14A,0001544522-25-000015,0.75,\bboard diversity\b,7,7,0,cc4992d515577b57,"in Public Policy from Brown University and an M.B.A. from Harvard Business School. We believe Ms. Taylor is qualified to serve as a member of our board of directors because of her product development expertise and strong experience in the technology industry. Board Diversity Our board of directors values diversity and believes that a board that collectively reflects a diversity of background, thought and experience enhances a board's effectiveness. To that end, we consider a broad range of backgrounds and experiences and the benefits of diverse viewpoints. Fifty percent (50%) of our board of directors (inclusive of the three director nominees) are diverse based on gender and/or race/ethnicity. (1)(2) (1) Director Diversity calculations are as of April 17, 2025. (2) Based on gender and racial/ethnic diversity of director nominees and incumbent directors. Independence of our Board of Directors Under the Nasdaq listing standards, a majority of the members of a listed company’s board of directors must satisfy the Nasdaq independence criteria. The Nasdaq listing standards also generally require that each member o",,"as of April 17, 2025",,,,0,0,0,matrix_replaced_by_or_supplemented_with_narrative,"Post-vacatur evidence is board/diversity narrative, not an extracted matrix.",board_diversity_narrative,Published matrix date is on/before due+30 grace.,,,,,,,,,0,,8cd1346ea90f9147,8.0,3,,0,2,6,1,0,0.375,,0.0,0.25,0.125,0.0,5.0,1,1,1,0,1,1,1,0,164,Technology,Other non-US,2022,proxy,1,1,0,1,0,1,0,1,0
1645070,,Sterling Check Corp.,domestic,OH,7374,Services-Computer Processing & Data Preparation,2021-09-23,first_trading,2022-09-23,2022-10-23,released_in_required_window,high,published_on_time,2022-04-29,on_or_before_due_date,issuer SEC filing,https://www.sec.gov/Archives/edgar/data/1645070/000114036122016924/ny20001781x1_def14a.htm,edgar_filing,DEF 14A,0001140361-22-016924,Board Diversity Matrix;Total Number of Directors,4ef4e6a7e00d841c,"y is considered from a number of aspects, including gender, age, race, ethnicity, nationality, cultural and educational background, professional experience, skills, knowledge and length of service. Sterling Proxy Statement ​ ​ 13 TABLE OF CONTENTS ​ Board Diversity Matrix (as of April 29, 2022)* ​ ​ Total Number of Directors ​ ​ 10 ​ ​ ​ ​ Female ​ ​ Male ​ ​ Part I: Gender Identity ​ ​ ​ ​ ​ ​ Directors ​ ​ 1 ​ ​ 9 ​ ​ Part II: Demographic Background ​ ​ ​ ​ ​ ​ Asian ​ ​ — ​ ​ 2 ​ ​ White ​ ​ 1 ​ ​ 6 ​ Directors who identify as “other” demographic background per Nasdaq’s board diversity disclosure requirements: 1 *Inapplicable categories omitted as permitted by Nasdaq’s board diversity disclosure requirements. Board Leadership Our Board directs and oversees the management of the business and affairs of the Company in a manner consistent with the best interests of the Company. The Board",Board Diversity Matrix,"as of April 29, 2022",,Female|Male,Asian|White,0,0,0,no_post_vacatur_relevant_filing,,,,,,0.65,,0,0,0,,,,,,,,0,0,0,no_post_vacatur_matrix_extracted,No post-vacatur matrix was extracted from reviewed filings.,no_signal_found,Published matrix date is on/before due+30 grace.,,,,,,,,,0,,92c99757e95a7f4f,,1,,,2,7,,,,,,,,,1.1666666666666667,1,0,1,0,1,0,1,0,147,Technology,Other non-US,2022,proxy,1,1,0,0,0,0,1,0,0
1782170,RELY,"Remitly Global, Inc.",domestic,WA,7389,"Services-Business Services, NEC",2021-09-23,first_trading,2022-09-23,2022-10-23,released_in_required_window,high,published_on_time,2022-04-19,on_or_before_due_date,issuer SEC filing,https://www.sec.gov/Archives/edgar/data/1782170/000178217022000068/relyproxystatement2022.htm,edgar_filing,DEF 14A,0001782170-22-000068,Board Diversity Matrix;Total Number of Directors,bb92cd29561ab9f8,"tive class is set forth above in Proposal No. 1. The table below provides certain information regarding the composition of our board of directors. Each of the categories listed in the below table has the meaning as it is used in Nasdaq Rule 5605(f). Board Diversity Matrix (as of March 1, 2022) Board Size: Total Number of Directors Female Male Non-Binary Gender Undisclosed Gender: Number of Directors Based on Gender Identity 2 8 Number of Directors Who Identify in Any of the Categories Below: African American or Black Alaskan Native or Native American Asian 1 2 Hispanic or Latino/Latina Native Hawaiian or Pacific Islander White 1 6 Two or More Races or Ethnicities LGBTQ+ Demographic Background Undisclosed 12 REMITLY GLOBAL, INC. Director Independence Our common stock is listed on Nasdaq. Under the rules of Nasdaq, independent directors must comprise a majority of a listed company’s board",Board Diversity Matrix,"as of March 1, 2022",,Female|Male|Non-Binary,African American or Black|Alaskan Native or Native American|Asian|Hispanic or Latin|Native Hawaiian or Pacific Islander|White|Two or More Races or Ethnicities|LGBTQ+,1,0,0,not_continued_in_reviewed_filings,,,,,,0.7,,6,6,0,,,,,,,,0,0,0,no_post_vacatur_matrix_extracted,No post-vacatur matrix was extracted from reviewed filings.,no_signal_found,Published matrix date is on/before due+30 grace.,,,,,,,,,0,,0e461c28bf5dfc66,,,,,,,12,,,,,,,,2.0,0,0,0,0,0,1,1,0,157,Services,Other non-US,2022,proxy,1,1,0,0,0,0,1,0,0
1841675,ARBK,Argo Blockchain Plc,foreign_private_issuer,United Kingdom,6199,Finance Services,2021-09-23,first_trading,2022-09-23,2022-10-23,no_release_found_after_checks,medium,not_located,,no_dated_release,,,,,,,,,,,,,,0,0,0,continued_other_narrative,2025-05-09,issuer SEC filing,https://www.sec.gov/Archives/edgar/data/1841675/000165495425005344/a9889h.htm,6-K,0001654954-25-005344,0.75,"\bdiversity\b.{0,220}\b(?:director|directors|nominee|nominees|board)\b",54,40,0,cbc48b1f60678b1f,"all relevant interests and perspectives are considered and addressed in the decision making process. A significant part of any business is maintaining a good relationship with its suppliers, and the Group maintains strong relationships with its key suppliers. Diversity Policy Given the Company’s current stage of development, its organizational structure and limited headcount, the Board considers that a formal diversity policy would not be practicable for the Company to develop and implement and would not improve the Group’s policies or processes in a meaningful manner. The Company and the Board already integrate equality and diversity in all aspects of the Company’s business and all decisions are made on merit and without regard to protected characteristics. Where appropriate and practicable for the Company, the Company considers and implements positive actions to enable the Company to provide additional support. This can include, for example, making adjustments to assist staff and ensuring that, to the extent possible, all relevant perspectives are included in decision making on an ongoing basis. The Company will keep the requirement for a formal diversity policy under review and will give serious consideration to the",,,,,,0,0,0,matrix_replaced_by_or_supplemented_with_narrative,"Post-vacatur evidence is board/diversity narrative, not an extracted matrix.",board_diversity_narrative,"No substantive primary matrix located after SEC, committed-check FTS/Wayback, website candidates, and manual/browser review where applicable.","Web search for exact company name plus Board Diversity Matrix returned third-party/competitor references, not Argo own matrix.",not_found_in_current_sec_filings,,,not_found,,,not_found,1,no_release_found_after_checks,c4fffdb407fab40a,,,,,,,,,,,,,,,0.0,0,0,0,0,0,0,0,0,,Finance / real estate,Europe,2022,unknown,0,0,1,1,0,1,0,1,0
1844280,,"Thorne Healthtech, Inc.",domestic,SC,2834,Pharmaceutical Preparations,2021-09-23,first_trading,2022-09-23,2022-10-23,released_in_required_window,high,published_on_time,2022-04-22,on_or_before_due_date,issuer SEC filing,https://www.sec.gov/Archives/edgar/data/1844280/000119312522115188/d479811ddef14a.htm,edgar_filing,DEF 14A,0001193125-22-115188,Board Diversity Matrix;Total Number of Directors;Did Not Disclose Gender;Did Not Disclose Demographic Background,35e893c1f51c628f,"lose why the board does not include) a certain number of “diverse” directors. The compliance period for this disclosure requirement began in 2022. Accordingly, a matrix disclosing the diversity breakdown of our board of directors is set forth below: Board Diversity Matrix (As of March 31, 2022) Total Number of Directors 7 Female Male Non- Binary Did Not Disclose Gender Part1: Gender Identity Directors 2 5 0 0 Part 2: Demographic Background African American or Black 0 0 0 0 Alaskan Native or Native American 0 0 0 0 Asian 1 2 0 0 Hispanic or Latinx 0 0 0 0 Native Hawaiian or Pacific Islander 0 0 0 0 White 1 3 0 0 Two or More Races or Ethnicities 0 0 0 0 LGBTQ+ 0 Did Not Disclose Demographic Background 0 Corporate Governance Guidelines and Code of Business Conduct and Ethics Our board of directors has adopted Corporate Governance Guidelines that address items such as the qualifications and",Board Diversity Matrix,"As of March 31, 2022",7,Female|Male|Did Not Disclose Gender,African American or Black|Alaskan Native or Native American|Asian|Hispanic or Latinx|Hispanic or Latin|Native Hawaiian or Pacific Islander|White|Two or More Races or Ethnicities|LGBTQ+|Did Not Disclose Demographic Background,0,1,1,no_post_vacatur_relevant_filing,,,,,,0.65,,0,0,0,,,,,,,,0,0,0,no_post_vacatur_matrix_extracted,No post-vacatur matrix was extracted from reviewed filings.,no_signal_found,Published matrix date is on/before due+30 grace.,,,,,,,,,0,,0ac614573f4f28a7,7.0,2,,0,3,4,0,0,0.2857142857142857,,0.0,0.42857142857142855,0.0,0.0,5.0,1,1,1,0,1,0,1,0,154,Life sciences / medical,Other non-US,2022,proxy,1,1,0,0,0,0,1,0,0
1856608,,"Sovos Brands, Inc.",domestic,CO,2000,Food and Kindred Products,2021-09-23,first_trading,2022-09-23,2022-10-23,released_in_required_window,high,published_on_time,2022-04-25,on_or_before_due_date,issuer SEC filing,https://www.sec.gov/Archives/edgar/data/1856608/000155837022005891/tmb-20220609xdef14a.htm,edgar_filing,DEF 14A,0001558370-22-005891,Board Diversity Matrix;Total Number of Directors,3d86a4b011c0916e,"Governance key attributes of our board ​ ​ ​ INDEPENDENCE ​ AGE ​ ​ ​ ​ ​ ​ ​ ​ GENDER ​ DIVERSITY ​ ​ ​ ​ BOARD DIVERSITY The following table sets forth certain diversity statistics concerning the members of the Board of Directors: ​ HIDDEN_ROW ​ ​ Board Diversity Matrix (as of April 25, 2022) Total Number of Directors: 8 ​ ​ ​ Female Male Part I: Gender Identity ​ ​ Directors 3 5 Part II: Demographic Background ​ ​ Asian 2 - White 1 5 ​ ​ ​ ir.sovosbrands.com 2022 Proxy Statement / 13 ​ Table of Contents Corporate Governance Class I Director Nominees (terms to expire at 2022 annual meeting) See biographical information below under “Proposal 1 – Election of Class I Directors.” Class II Directors (terms to expire at the 2023 annual meeting) ​ ​ Robert L. Graves, 55 Director Mr. Graves has served as our Vice President, Strategic Initiatives and as a director since November 2018. Mr. Grave",Board Diversity Matrix,"as of April 25, 2022",8,Female|Male,Asian|White,0,0,0,no_post_vacatur_relevant_filing,,,,,,0.65,,0,0,0,,,,,,,,0,0,0,no_post_vacatur_matrix_extracted,No post-vacatur matrix was extracted from reviewed filings.,no_signal_found,Published matrix date is on/before due+30 grace.,,,,,,,,,0,,565c58df2c5a7b60,8.0,3,,,2,6,,,0.375,,,0.25,,,1.1666666666666667,1,0,1,0,1,0,1,0,151,Consumer / retail,Other non-US,2022,proxy,1,1,0,0,0,0,1,0,0
1866757,BRLT,"Brilliant Earth Group, Inc.",domestic,CA,3910,"Jewelry, Silverware & Plated Ware",2021-09-23,first_trading,2022-09-23,2022-10-23,released_in_required_window,high,published_on_time,2022-04-26,on_or_before_due_date,issuer SEC filing,https://www.sec.gov/Archives/edgar/data/1866757/000186675722000077/brltdef14a.htm,edgar_filing,DEF 14A,0001866757-22-000077,Board Diversity Matrix;Total Number of Directors;Did Not Disclose Gender;Did Not Disclose Demographic Background,5d6a016d1b6662dd,"sors or retain search firms to assist in the search for qualified candidates, or consider director candidates recommended by our stockholders. The Nominating and Corporate Governance Committee met once during the fiscal year ended December 31, 2021. BOARD DIVERSITY MATRIX (As of April 26, 2022) Board Size: Total Number of Directors: 7 Part I: Gender Identity Male Female Non-Binary Did not Disclose Gender Directors 2 4 _ 1 Part II: Demographic Background African American or Black 1 White 5 Did Not Disclose Demographic Background 1 EXECUTIVE COMPENSATION This section discusses the material components of the executive compensation program for our executive officers who are named in the “Summary Compensation Table” below. In 2021, our chief executive officer and our two other highest-paid executive officers, or our named executive officers or ""NEOS"", were as follows: • Beth Gerstein, Co-Chie",BOARD DIVERSITY MATRIX,"As of April 26, 2022",7,Female|Male|Non-Binary|Did Not Disclose Gender,African American or Black|White|Did Not Disclose Demographic Background,1,1,1,continued_other_narrative,2025-03-13,issuer SEC filing,https://www.sec.gov/Archives/edgar/data/1866757/000186675725000038/brlt-20241231.htm,10-K,0001866757-25-000038,0.75,"\bdiversity\b.{0,220}\b(?:director|directors|nominee|nominees|board)\b",7,7,0,c24509395c75fa4a,"anies on ESG topics. Topics taken into account in such assessments include, among others, the company’s efforts and impacts, including impacts associated with our suppliers or other partners, on climate change and human rights, ethics and compliance with law, diversity, and the role of the Board in supervising various ESG issues. In light of investors’ increased focus on ESG matters, there can be no certainty that we will manage such issues successfully, or that we will successfully meet society’s expectations as to our proper role or our own ESG goals and values, including in respect of our diamond sourcing standards. This could lead to risk of litigation or reputational damage relating to our ESG policies or performance. As we continue to focus on developing ESG practices, and as investor and other stakeholder expectations, voluntary and regulatory ESG disclosure standards and policies continue to evolve, we have made disclosures in these areas. Such disclosures may reflect aspirational goals, targets, and other expectations and assumptions, which are necessarily uncertain and may not be realized. Standards for tracking and re",,,,,,0,0,0,matrix_replaced_by_or_supplemented_with_narrative,"Post-vacatur evidence is board/diversity narrative, not an extracted matrix.",board_diversity_narrative,Published matrix date is on/before due+30 grace.,,,,,,,,,0,,dfa3ee0997207769,7.0,2,1,1,,,,1,0.2857142857142857,0.14285714285714285,0.14285714285714285,,,0.14285714285714285,3.0,1,0,1,1,0,0,1,1,150,Manufacturing / industrials,Other non-US,2022,proxy,1,1,0,1,0,1,0,1,0
1628945,,Cue Health Inc.,domestic,CA,3826,Laboratory Analytical Instruments,2021-09-24,first_trading,2022-09-24,2022-10-24,released_in_required_window,high,published_on_time,2022-08-09,on_or_before_due_date,issuer SEC filing,https://www.sec.gov/Archives/edgar/data/1628945/000162894522000096/cuehealth-proxystatement.htm,edgar_filing,DEF 14A,0001628945-22-000096,Board Diversity Matrix;Total Number of Directors;Did Not Disclose Demographic Background,15b7968c16c59d07,"garding nominations of directors, the nominating and corporate governance committee may take into account the benefits of diverse viewpoints. The following chart provides summary information about the diversity of our directors as of August 5, 2022: Board Diversity Matrix (as of August 5, 2022) Total Number of Directors: 6 Female Male Gender Undisclosed Part I: Gender Identity Directors 3 3 — Part II: Demographic Background African American — 1 — Hispanic or Latinx 1 — — White 2 — — Two or More Races or Ethnicities — 2 — LGBTQ+ 1 — — Did not Disclose Demographic Background — Stockholder Recommendations for Nominations to the Board of Directors Our nominating and corporate governance committee will consider candidates for director recommended by stockholders of the Company who are stockholders of record at the time of the submission of the director recommendation and on the record date fo",Board Diversity Matrix,"as of August 5, 2022",6,Female|Male,Hispanic or Latinx|Hispanic or Latin|White|Two or More Races or Ethnicities|LGBTQ+|Did Not Disclose Demographic Background,0,0,1,no_post_vacatur_relevant_filing,,,,,,0.65,,0,0,0,,,,,,,,0,0,0,no_post_vacatur_matrix_extracted,No post-vacatur matrix was extracted from reviewed filings.,no_signal_found,Published matrix date is on/before due+30 grace.,,,,,,,,,0,,de6c15384d40ea1b,6.0,3,,,3,2,1,0,0.5,,,0.5,0.16666666666666666,0.0,3.333333333333333,1,0,1,0,1,1,1,0,46,Manufacturing / industrials,Other non-US,2022,proxy,1,1,0,0,0,0,1,0,0
1866692,AMPL,"Amplitude, Inc.",domestic,CA,7372,Services-Prepackaged Software,2021-09-28,first_trading,2022-09-28,2022-10-28,released_in_required_window,high,published_on_time,2022-04-25,on_or_before_due_date,issuer SEC filing,https://www.sec.gov/Archives/edgar/data/1866692/000119312522117799/d334704ddef14a.htm,edgar_filing,DEF 14A,0001193125-22-117799,Board Diversity Matrix;Total Number of Directors;Did Not Disclose Demographic Background,5d881c5536f8aaeb,"g substantially the same criteria, as it follows for candidates submitted by others. 2022 Proxy Statement 19 Table of Contents Board Diversity The following table summarizes our current directors’ voluntary self-identified diversity characteristics. Board Diversity Matrix as of April 25, 2022 Total Number of Directors 10 Female Male Non-Binary Did Not Disclose Part I: Gender Identity Directors 3 7 — — Part II: Demographic Background African American or Black — — — — Alaskan Native or Native American — — — — Asian 1 3 — — Hispanic or Latinx — — — — Native Hawaiian or Pacific Islander — — — — White 2 3 — — Two or More Races or Ethnicities — 1 — — LGBTQ+ — Did Not Disclose Demographic Background — Communications from Stockholders The Board will give appropriate attention to written communications that are submitted by stockholders, and will respond if and as appropriate. Our Secretary is pr",Board Diversity Matrix,"as of April 25, 2022",10,Female|Male|Non-Binary,African American or Black|Alaskan Native or Native American|Asian|Hispanic or Latinx|Hispanic or Latin|Native Hawaiian or Pacific Islander|White|Two or More Races or Ethnicities|LGBTQ+|Did Not Disclose Demographic Background,1,0,1,not_continued_in_reviewed_filings,,,,,,0.7,,6,6,0,,,,,,,,0,0,0,no_post_vacatur_matrix_extracted,No post-vacatur matrix was extracted from reviewed filings.,no_signal_found,Published matrix date is on/before due+30 grace.,,,,,,,,,0,,002496d4fcdaeded,10.0,3,0,,5,5,0,0,0.3,0.0,,0.5,0.0,0.0,5.0,1,1,1,0,1,0,1,0,156,Technology,Other non-US,2022,proxy,1,1,0,0,0,0,1,0,0
1804469,GFAI,"Guardforce AI Co., Ltd.",foreign_private_issuer,U0,7381,"Services-Detective, Guard & Armored Car Services",2021-09-30,pricing_proxy,2022-09-30,2022-10-30,no_release_found_after_checks,medium,not_located,,no_dated_release,,,,,,,,,,,,,,0,0,0,not_continued_in_reviewed_filings,,,,,,0.7,,16,16,0,,,,,,,,0,0,0,no_post_vacatur_matrix_extracted,No post-vacatur matrix was extracted from reviewed filings.,no_signal_found,"No substantive primary matrix located after SEC, committed-check FTS/Wayback, website candidates, and manual/browser review where applicable.",Web search returned Guardforce proxy/IR pages but opened PDF did not contain Board Diversity Matrix evidence.,not_found_in_current_sec_filings,,,not_found,,,not_found,1,no_release_found_after_checks,89889eccb065dbe2,,,,,,,,,,,,,,,0.0,0,0,0,0,0,0,0,0,,Services,Other non-US,2022,unknown,0,0,1,0,0,0,1,0,0
1868726,OLPX,"OLAPLEX HOLDINGS, INC.",domestic,NY,2844,"Perfumes, Cosmetics & Other Toilet Preparations",2021-09-30,first_trading,2022-09-30,2022-10-30,released_in_required_window,high,published_on_time,2022-04-19,on_or_before_due_date,issuer SEC filing,https://www.sec.gov/Archives/edgar/data/1868726/000186872622000019/olaplexincproxy.htm,edgar_filing,DEF 14A,0001868726-22-000019,Board Diversity Matrix;Total Number of Directors;Did Not Disclose Gender,dc96766e7adde415,"e, gender and ethnicity/race, but we do not have a formal policy with respect to diversity. We also seek to have a Board that embodies a combination of skills, professional experience and diversity of viewpoints necessary to oversee our business. 20 Board Diversity Matrix (as of April 19, 2022) Total Number of Directors 11 Female Male Non-Binary Did Not Disclose Gender Part I: Gender Identity Directors 9 2 - - Part II: Demographic Background African American or Black 1 - - - Alaskan Native or Native American - - - - Asian 1 - - - Hispanic or Latinx - - - - Native Hawaiian or Pacific Islander - - - - White 7 2 - - Two or More Races or Ethnicities - - - - LGBTQ+ - Demographic Background Undisclosed - Board and Committee Annual Performance Reviews Our Corporate Governance Guidelines provide that the Nominating and Corporate Governance Committee is responsible for reporting annually to the B",Board Diversity Matrix,"as of April 19, 2022",11,Female|Male|Non-Binary|Did Not Disclose Gender,African American or Black|Alaskan Native or Native American|Asian|Hispanic or Latinx|Hispanic or Latin|Native Hawaiian or Pacific Islander|White|Two or More Races or Ethnicities|LGBTQ+,1,1,0,continued_same_matrix,2025-04-23,issuer SEC filing,https://www.sec.gov/Archives/edgar/data/1868726/000186872625000048/olpx-20250423.htm,DEF 14A,0001868726-25-000048,0.85,Total Number of Directors;Did Not Disclose Gender,7,2,0,b3c5a6fbdfc02f50,"Board considers the qualifications of directors and director candidates individually and in the broader context of its overall diversity and composition and the Company's current and future needs. 26 Board Demographics Matrix (as of April 23, 2025) Total Number of Directors 11 Female Male Non-Binary Did Not Disclose Gender Part I: Gender Identity Directors 8 3 - - Part II: Demographic Background African American or Black 2 - - - Alaskan Native or Native American - - - - Asian - - - - Hispanic or Latinx - - - - Native Hawaiian or Pacific Islander - - - - White 6 3 - - Two or More Races or Ethnicities - - - - LGBTQ+ - Demographic Background Undisclosed - Board and Committee Annual Performance Reviews Our Corporate Governance Guidelines provide that the Nominating and Corporate Governance Committee is responsible for reporting annually to the Board an evaluation of the overall performance of the Board. In addition, the written charters of each of the Audit Committee, Compensation Committee and Nominating and Corporate Governance Committee provide that each such committee shall evaluate its performance as well as its role and responsib",Board Demographics Matrix,"as of April 23, 2025",11,Female|Male|Non-Binary|Did Not Disclose Gender,African American or Black|Alaskan Native or Native American|Asian|Hispanic or Latinx|Hispanic or Latin|Native Hawaiian or Pacific Islander|White|Two or More Races or Ethnicities|LGBTQ+,1,1,0,changed_extracted_shape,"title: Board Diversity Matrix -> Board Demographics Matrix; as-of date: as of April 19, 2022 -> as of April 23, 2025",matrix,Published matrix date is on/before due+30 grace.,,,,,,,,,1,post_vacatur_matrix_format_changed,d76ae1a63e6cf013,11.0,9,0,0,2,9,0,,0.8181818181818182,0.0,0.0,0.18181818181818182,0.0,,5.0,1,1,1,0,1,0,1,0,164,Energy / industrials,Other non-US,2022,proxy,1,1,0,1,1,0,0,1,0
1676047,NTRB,NutriBand Inc.,domestic,FL,3842,"Orthopedic, Prosthetic & Surgical Appliances & Supplies",2021-10-01,first_trading,2022-10-01,2022-10-31,released_in_required_window,high,published_on_time,2022-10-31,within_30_day_grace,issuer SEC filing,https://www.sec.gov/Archives/edgar/data/1676047/000121390022067690/def14a1022_nutribandinc.htm,edgar_filing,DEF 14A,0001213900-22-067690,Board Diversity Matrix;Total Number of Directors;Did Not Disclose Gender;Did Not Disclose Demographic Background,68db2ace3c497ac8,and conflicts of interest may arise that can be resolved only through the exercise by management their best judgment as may be consistent with their fiduciary duties. Management will try to resolve conflicts to the best advantage of all concerned. 8 Board Diversity Matrix Our Nasdaq Board Diversity Matrix as filed with NASDAQ has been posted on the Internet and may be viewed at https: // nutriband.com / diversity / . Board Diversity Matrix FOR: Nutriband Inc. As of 10 / 04 / 2022 Total Number of Directors 6 Female Male Non-Binary Did Not Disclose Gender Part I: Gender Identity Directors 1 4 1 Part II: Demographic Background African American or Black Alaskan Native or Native American Asian Asian American Hispanic or Latinx Native Hawaiian or Pacific Islander White 6 Two or More Races or Ethnicities LGBTQ+ 1 Did Not Disclose Demographic Background Compliance with Section 16(a) of the Secur,Board Diversity Matrix Our Nasdaq Board Diversity Matrix,,6,Female|Male|Non-Binary|Did Not Disclose Gender,African American or Black|Alaskan Native or Native American|Asian|Hispanic or Latinx|Hispanic or Latin|Native Hawaiian or Pacific Islander|White|Two or More Races or Ethnicities|LGBTQ+|Did Not Disclose Demographic Background,1,1,1,continued_same_matrix,2024-12-16,issuer SEC filing,https://www.sec.gov/Archives/edgar/data/1676047/000121390024109109/ea0221125-01.htm,DEF 14A,0001213900-24-109109,0.95,Board Diversity Matrix;Total Number of Directors;Did Not Disclose Gender;Did Not Disclose Demographic Background,6,1,0,34e1d9ea406eec44,"of losses that we could incur relating to such indemnities. Historically, any amounts payable pursuant to such director and officer indemnities have not had a material negative effect on our business, financial condition or results of operations. 8 Board Diversity Matrix Our Nasdaq Board Diversity Matrix as filed with NASDAQ has been posted on the Internet and may be viewed at https: // nutriband.com / diversity / . Board Diversity Matrix FOR: Nutriband Inc. As of 12 / 01 / 2024 Total Number of Directors 7 Female Male Non-Binary Did Not Disclose Gender Part I: Gender Identity Directors 1 5 1 Part II: Demographic Background African American or Black Alaskan Native or Native American Asian Asian American Hispanic or Latinx Native Hawaiian or Pacific Islander White 7 Two or More Races or Ethnicities LGBTQ+ 1 Did Not Disclose Demographic Background Compliance with Section 16(a) of the Securities Exchange Act of 1934 Section 16(a) of the Exchange Act requires our officers and directors, and persons who beneficially own more than ten percent of our Common Stock, to file reports of ownership and changes of ownership of such securities wit",Board Diversity Matrix Our Nasdaq Board Diversity Matrix,,7,Female|Male|Non-Binary|Did Not Disclose Gender,African American or Black|Alaskan Native or Native American|Asian|Hispanic or Latinx|Hispanic or Latin|Native Hawaiian or Pacific Islander|White|Two or More Races or Ethnicities|LGBTQ+|Did Not Disclose Demographic Background,1,1,1,changed_extracted_shape,total directors: 6 -> 7,matrix,Published matrix date is on/before due+30 grace.,,,,,,,,,1,post_vacatur_matrix_format_changed,e061b7ec65573ae5,6.0,,,,,,1,16,,,,,0.16666666666666666,1.0,4.0,0,0,0,0,0,1,1,1,-30,Life sciences / medical,Other non-US,2022,proxy,1,1,0,1,1,0,0,1,0
1789940,FWRG,"First Watch Restaurant Group, Inc.",domestic,FL,5812,Retail-Eating  Places,2021-10-01,first_trading,2022-10-01,2022-10-31,released_in_required_window,high,published_on_time,2022-04-11,on_or_before_due_date,issuer SEC filing,https://www.sec.gov/Archives/edgar/data/1789940/000178994022000044/fwrg-proxystatement2022.htm,edgar_filing,DEF 14A,0001789940-22-000044,Board Diversity Matrix;Total Number of Directors,30f64966824f71da,"10b5-1 plan or outside of the three business day period following pre-clearance approval under the Company’s insider trading policy. 12 Board Diversity The following table sets forth certain diversity statistics concerning the members of the Board: Board Diversity Matrix (as of April 11, 2022) Total Number of Directors: 8 Female Male Part I: Gender Identity Directors 3 5 Part II: Demographic Background African American or Black 1 - Hispanic or Latinx - 1 White 2 4 Communications with the Company and the Board Stockholders may communicate with the Company through its Investor Relations Department by writing to: Investor Relations, First Watch Restaurant Group, Inc., 8725 Pendery Place, Ste. 201, Bradenton, FL 34201. Stockholders interested in communicating with our Board, any Board committee, any individual director, or any group of directors (such as our independent directors) should sen",Board Diversity Matrix,"as of April 11, 2022",8,Female|Male,African American or Black|Hispanic or Latinx|Hispanic or Latin|White,0,0,0,continued_other_narrative,2025-04-08,issuer SEC filing,https://www.sec.gov/Archives/edgar/data/1789940/000178994025000031/fwrg-20250407.htm,DEF 14A,0001789940-25-000031,0.75,\bboard diversity\b,6,6,0,3a7e796c20a30118,"Capital Management ○ ○ ○ ○ ○ ○ ● ○ ○ Legal ○ ○ ○ ○ Social & Environmental Responsibility ○ ○ ○ ○ ○ ● C-Suite/Executive Management ● ● ● ● ● ● ● ● ● 14 ● Integral element of career ○ Meaningful involvement during career, including directorships/certifications Board Diversity In addition to the broad diversity of experience and expertise reflected above, our Board consists of three female directors, seven male directors, and we have two self-identified directors from an underrepresented minority. Communications with the Company and the Board Stockholders may communicate with the Company through its Investor Relations Department by writing to: Investor Relations, First Watch Restaurant Group, Inc., 8725 Pendery Place, Ste. 201, Bradenton, FL 34201. Stockholders interested in communicating with our Board, any Board committee, any individual director, or any group of directors (such as our independent directors) should send written correspondence to First Watch Restaurant Group, Inc. Board of Directors, 8725 Pendery Place, Ste. 201, Bradenton, FL 34201, Attn: Secretary. At the direction of the Board, all mail re",,,,Female|Male,,0,0,0,matrix_replaced_by_or_supplemented_with_narrative,"Post-vacatur evidence is board/diversity narrative, not an extracted matrix.",board_diversity_narrative,Published matrix date is on/before due+30 grace.,,,,,,,,,0,,f2f9e1ec7d96a244,8.0,3,,,2,6,,,0.375,,,0.25,,,1.3333333333333333,1,0,1,0,1,0,1,0,173,Consumer / retail,Other non-US,2022,proxy,1,1,0,1,0,1,0,1,0
1865408,,Exscientia plc,foreign_private_issuer,X0,2836,"Biological Products, (No Diagnostic Substances)",2021-10-01,first_trading,2022-10-01,2022-10-31,released_in_required_window,high,published_on_time,2022-03-23,on_or_before_due_date,issuer SEC filing,https://www.sec.gov/Archives/edgar/data/1865408/000186540822000005/exai-20211231.htm,edgar_filing,20-F,0001865408-22-000005,Board Diversity Matrix;Total Number of Directors;Did Not Disclose Gender;Did Not Disclose Demographic Background,d641906ba9b7d129,"ersity, a master’s degree in Commerce from Waseda University and a M.B.A. from Harvard Business School. We believe Ms. Xu’s experience as an investor in the biopharma and life sciences industries qualifies her to serve on our board of directors. 176 Board Diversity Matrix (as of December 31, 2021) Country of Principal Executive Offices: United Kingdom Foreign Private Issuer: Yes Disclosure Prohibited under Home Country Law: No Total Number of Directors: 7 Part I: Gender Identity Female Male Non-Binary Did Not Disclose Gender Directors 2 5 0 0 Part II: Demographic Background Underrepresented Individual in Home Country Jurisdiction 0 LGBTQ+ 0 Did Not Disclose Demographic Background 7 Family Arrangements and Selection Arrangements There are no family relationships among any of our executive officers or directors. B. Compensation Compensation of Executive Officers and Directors For the year",Board Diversity Matrix,"as of December 31, 2021",7,Female|Male|Non-Binary|Did Not Disclose Gender,LGBTQ+|Did Not Disclose Demographic Background,1,1,1,no_post_vacatur_relevant_filing,,,,,,0.65,,0,0,0,,,,,,,,0,0,0,no_post_vacatur_matrix_extracted,No post-vacatur matrix was extracted from reviewed filings.,no_signal_found,Published matrix date is on/before due+30 grace.,,,,,,,,,0,,c4feeac48414f25d,7.0,2,0,0,,,0,7,0.2857142857142857,0.0,0.0,,0.0,1.0,4.0,1,0,1,0,0,0,1,1,192,Life sciences / medical,Other non-US,2022,20-F,1,1,0,0,0,0,1,0,0
1784567,,"Harbor Custom Development, Inc.",domestic,WA,1531,Operative Builders,2021-10-05,pricing_proxy,2022-10-05,2022-11-04,released_in_required_window,high,published_on_time,2022-04-21,on_or_before_due_date,issuer SEC filing,https://www.sec.gov/Archives/edgar/data/1784567/000149315222010645/formdef14a.htm,edgar_filing,DEF 14A,0001493152-22-010645,Board Diversity Matrix;Total Number of Directors,07a5a1f8f606bc1e,"out in this rule within the applicable transition period. We identified candidates for our board of directors who meet the board diversity requirement and have appointed one female independent director to our Board of Directors. The following is our Board Diversity Matrix as of April 20, 2022: Board Diversity Matrix Total Number of Directors 7 Part I: Gender Identity Female Male Directors 1 6 Number of Directors who Identify in Any of the Categories Below: Asian (other than South Asian) 0 1 White 1 5 LGBTQ+ 1 Meetings of the Board of Directors During our last fiscal year, our Company was a public company, and our Board held five meetings. It is the policy of our Board that all directors should attend the annual meeting of shareholders unless unavoidably prevented from doing so by unforeseen circumstances. 5 Board Leadership Structure Sterling Griffin is our Chief Executive Officer, Presi",Board Diversity Matrix,"as of April 20, 2022",7,Female|Male,Asian|White|LGBTQ+,0,0,0,no_post_vacatur_relevant_filing,,,,,,0.65,,0,0,0,,,,,,,,0,0,0,no_post_vacatur_matrix_extracted,No post-vacatur matrix was extracted from reviewed filings.,no_signal_found,Published matrix date is on/before due+30 grace.,,,,,,,,,0,,50a92d83b12cf6b6,7.0,1,,,,6,1,,0.14285714285714285,,,,0.14285714285714285,,2.0,1,0,1,0,0,1,1,0,167,Other / mixed,Other non-US,2022,proxy,1,1,0,0,0,0,1,0,0
1829794,EMPD,Empery Digital Inc.,domestic,TX,3711,Motor Vehicles & Passenger Car Bodies,2021-10-06,first_trading,2022-10-06,2022-11-05,no_release_found_after_checks,medium,not_located,,no_dated_release,,,,,,,,,,,,,,0,0,0,continued_other_narrative,2025-04-25,issuer SEC filing,https://www.sec.gov/Archives/edgar/data/1829794/000168316825002834/volcon_pre14a.htm,PRE 14A,0001683168-25-002834,0.75,"\bdiversity\b.{0,220}\b(?:director|directors|nominee|nominees|board)\b",9,9,0,b0e2d4afe14d238f,"em, given their individual circumstances, to perform responsibly all director duties. Each director must represent the interests of all stockholders. When considering potential director candidates, our Board also considers the candidate’s character, judgment, diversity, skill set, specific business background and global or international experience in the context of our needs and those of the Board. Director Independence Pursuant to Rule 5605(b)(1) of the Nasdaq listing standards, a majority of the members of the Board must be “independent directors” as that term is defined by Nasdaq Rule 5605(a)(2). Our Board has evaluated the independence of its current members based upon the applicable SEC rules and Nasdaq director independence standards. Applying these standards, our Board has affirmatively determined that Messrs. Foster, Olason, Solgaard, and Ms. Tjon are “independent directors” under the applicable rules. We have determined that Mr. Kim is not an “independent director” under the applicable rules. Insider Trading Policy Our Board has adopted an Insider Trading Policy that applies to all of our directors, executive officers, and employees. The policy attempts to establish standards that will avoid even the appearance of improper conduct",,,,,,0,0,0,matrix_replaced_by_or_supplemented_with_narrative,"Post-vacatur evidence is board/diversity narrative, not an extracted matrix.",board_diversity_narrative,"No substantive primary matrix located after SEC, committed-check FTS/Wayback, website candidates, and manual/browser review where applicable.","Web search for Empery/Volcon plus Board Diversity Matrix returned generic/non-company results, no substantive matrix.",not_found_in_current_sec_filings,,,not_found,,,not_found,1,no_release_found_after_checks,1ae012dca7478ed3,,,,,,,,,,,,,,,0.0,0,0,0,0,0,0,0,0,,Manufacturing / industrials,Other non-US,2022,unknown,0,0,1,1,0,1,0,1,0
1745020,,"Theseus Pharmaceuticals, Inc.",domestic,MA,2834,Pharmaceutical Preparations,2021-10-07,first_trading,2022-10-07,2022-11-06,released_in_required_window,high,published_on_time,2022-04-25,on_or_before_due_date,issuer SEC filing,https://www.sec.gov/Archives/edgar/data/1745020/000155837022005880/tmb-20220610xdef14a.htm,edgar_filing,DEF 14A,0001558370-22-005880,Board Diversity Matrix;Total Number of Directors;Did Not Disclose Gender;Did Not Disclose Demographic Background,fc6630d535e9c5de,"our 2021 Equity Incentive Plan within certain grant guidelines specified in the equity awards committee charter and equity awards grant policy or as adopted from time to time by our Board of Directors or compensation committee. 14 Table of Contents Board Diversity Matrix The following table provides information in a standardized matrix pursuant to NASDAQ Rule 5606 setting forth: (i) the total number of Company board members and (ii) how those board members self-identify regarding gender, predefined race and ethnicity categories and LGBTQ+ status. ​ Board Diversity Matrix (As of December 31, 2021) ​ ​ ​ ​ ​ Total Number of Directors ​ 5 ​ ​ ​ ​ ​ ​ Female Male Non- Binary Did Not Disclose Gender Part I: Gender Identity ​ ​ ​ ​ ​ ​ ​ ​ ​ Directors ​ 1 ​ — ​ — ​ — ​ Part II: Demographic Background ​ ​ ​ ​ ​ ​ ​ ​ ​ African American or Black ​ — ​ — ​ — ​ — ​ Alaskan Native or Native America",Board Diversity Matrix,"As of December 31, 2021",,Female|Male|Did Not Disclose Gender,African American or Black|LGBTQ+,0,1,0,no_post_vacatur_relevant_filing,,,,,,0.65,,0,0,0,,,,,,,,0,0,0,no_post_vacatur_matrix_extracted,No post-vacatur matrix was extracted from reviewed filings.,no_signal_found,Published matrix date is on/before due+30 grace.,,,,,,,,,0,,ada339700f815054,,1,,0,0,,36,,,,,,,,2.166666666666667,1,0,1,0,0,1,1,0,165,Life sciences / medical,Other non-US,2022,proxy,1,1,0,0,0,0,1,0,0
1455365,CGTX,COGNITION THERAPEUTICS INC,domestic,NY,2836,"Biological Products, (No Diagnostic Substances)",2021-10-08,first_trading,2022-10-08,2022-11-07,released_in_required_window,high,published_on_time,2022-04-25,on_or_before_due_date,issuer SEC filing,https://www.sec.gov/Archives/edgar/data/1455365/000110465922049727/tm2213252-1_def14a.htm,edgar_filing,DEF 14A,0001104659-22-049727,Board Diversity Matrix;Total Number of Directors;Did Not Disclose Demographic Background,5b6346c112ec4d85,"ment. Each term used above and in the matrix below has the meaning given to it in Nasdaq Listing Rule 5605(f). The matrix below provides certain highlights of the composition of our Board members based on self-identification: 4 TABLE OF CONTENTS ​ ​ Board Diversity Matrix (As of April 25, 2022) ​ ​ Total Number of Directors : 6 ​ ​ Part I: Gender Identity ​ ​ Female ​ ​ Male ​ ​ Non-Binary ​ ​ Did Not Disclose ​ ​ Directors ​ ​ 3 ​ ​ 3 ​ ​ — ​ ​ — ​ ​ Part II: Demographic Background ​ ​ African American or Black ​ ​ — ​ ​ — ​ ​ — ​ ​ — ​ ​ Alaskan Native or Native American ​ ​ — ​ ​ — ​ ​ — ​ ​ — ​ ​ Asian ​ ​ — ​ ​ — ​ ​ — ​ ​ — ​ ​ Hispanic or Latinx ​ ​ — ​ ​ — ​ ​ — ​ ​ — ​ ​ Native Hawaiian or Pacific Islander ​ ​ — ​ ​ — ​ ​ — ​ ​ — ​ ​ White ​ ​ 3 ​ ​ 3 ​ ​ — ​ ​ — ​ ​ Two or More Races or Ethnicities ​ ​ — ​ ​ — ​ ​ — ​ ​ — ​ ​ LGBTQ+ ​ ​ — ​ ​ — ​ ​ — ​ ​ — ​ ​ Did Not Disclose",Board Diversity Matrix,"As of April 25, 2022",6,Female|Male|Non-Binary,African American or Black|Alaskan Native or Native American|Asian|Hispanic or Latinx|Hispanic or Latin|Native Hawaiian or Pacific Islander|White|Two or More Races or Ethnicities|LGBTQ+,1,0,0,continued_other_narrative,2025-04-28,issuer SEC filing,https://www.sec.gov/Archives/edgar/data/1455365/000110465925040193/tm252486-4_def14a.htm,DEF 14A,0001104659-25-040193,0.75,"\bdiversity\b.{0,220}\b(?:director|directors|nominee|nominees|board)\b",6,6,0,56cd5c30119b4e57,"such as other positions the director or candidate holds, including other boards of directors on which he or she serves, and the independence of each director and candidate, to ensure that a substantial majority of our Board is independent. Board Commitment to Diversity Our Board is committed to building a Board that consists of the optimal mix of skills and experience capable of effectively overseeing the execution of our business and meeting our evolving needs.. The Nominating and Corporate Governance Committee considers the value of diversity on our Board in evaluating director nominees. Accordingly, the Nominating and Corporate Governance Committee’s evaluation of director nominees includes consideration of their ability to contribute to the diversity of personal and professional experiences, opinions, perspectives and backgrounds on our Board. As presently constituted, our Board represents a deliberate mix of members who have a deep understanding of our business as well as members who have different skill sets and points of view. Potential Director Candidates On an ongoing basis, the Nominating and Corporate Governance Committee will consid",,,,,,0,0,0,matrix_replaced_by_or_supplemented_with_narrative,"Post-vacatur evidence is board/diversity narrative, not an extracted matrix.",board_diversity_narrative,Published matrix date is on/before due+30 grace.,,,,,,,,,0,,5d6f926a34dc157c,6.0,3,0,,0,6,0,,0.5,0.0,,0.0,0.0,,4.0,1,1,1,0,0,0,1,0,166,Life sciences / medical,Other non-US,2022,proxy,1,1,0,1,0,1,0,1,0
1615055,,IsoPlexis Corp,domestic,CT,3826,Laboratory Analytical Instruments,2021-10-08,first_trading,2022-10-08,2022-11-07,released_in_required_window,high,published_on_time,2022-08-13,on_or_before_due_date,issuer website archived by Internet Archive,https://web.archive.org/web/20220813055156id_/https://investors.isoplexis.com/investor-resources/investor-faqs,website_archive,,https://web.archive.org/web/20220813055156id_/https://investors.isoplexis.com/investor-resources/investor-faqs,Board Diversity Matrix,deff3e32395795a6,"Investor FAQs | IsoPlexis Skip to main navigation Investor Relations Overview Financials SEC Filings Governance Governance Highlights Management Team Board of Directors Committee Composition Board Diversity Matrix News & Events Press Releases Investor Calendar Presentations Stock Stock Quote & Chart Historic Price Lookup Investment Calculator Analyst Coverage Resources Investor FAQs Email Alerts Contact IR INVESTOR RELATIONS Investor FAQs Show All Where is IsoPlexis’ corporate headquarters? Our corporate headquarters are located at 35 NE Industrial Rd, Branford, CT 06405. Where and when was IsoPlexis incorporated? We were incorporated in Delaware in 2013 as IsoPlexis Corporation. On what stock exchange are IsoPlexis shares traded, and what is the ticker symbol? Our ticker is ISO. Shares of our common stock are traded on the Nasdaq Global Select Market exchange. Where can I find all of Is",Board of Directors Committee Composition Board Diversity Matrix,,,,,0,0,0,no_post_vacatur_relevant_filing,,,,,,0.65,,0,0,0,,,,,,,,0,0,0,no_post_vacatur_matrix_extracted,No post-vacatur matrix was extracted from reviewed filings.,no_signal_found,Published matrix date is on/before due+30 grace.,,,,,not_found,,,not_found,0,,ab4aa947b87fee3e,,,,,,,,,,,,,,,0.0,0,0,0,0,0,0,0,0,56,Manufacturing / industrials,Other non-US,2022,unknown,1,1,0,0,0,0,1,0,0
1782223,PYXS,"Pyxis Oncology, Inc.",domestic,MA,2834,Pharmaceutical Preparations,2021-10-08,first_trading,2022-10-08,2022-11-07,released_in_required_window,high,published_on_time,2022-04-28,on_or_before_due_date,issuer SEC filing,https://www.sec.gov/Archives/edgar/data/1782223/000119312522127710/d107411ddef14a.htm,edgar_filing,DEF 14A,0001193125-22-127710,Board Diversity Matrix;Total Number of Directors;Did Not Disclose Gender;Did Not Disclose Demographic Background,3e99d613431bd077,Executive Officers 8 Recommendation of Our Board of Directors 9 CORPORATE GOVERNANCE 10 Director Independence 10 Leadership Structure of the Board of Directors 10 Board of Directors’ Role in Risk Oversight 10 Evaluation of the Board of Directors 11 Board Diversity Matrix 11 Meetings of the Board of Directors 12 Committees of the Board of Directors 12 Board Membership Criteria and Nomination Process 14 Changes in Board of Directors Member Criteria 15 Term Limits and Retirement Age 15 Succession Planning 15 Compensation Committee Interlocks and Insider Participation 15 Corporate Governance Guidelines 15 Code of Business Conduct and Ethics 15 Prohibition on Hedging and Pledging of Company Securities 16 Stockholder Communications 16 CERTAIN RELATIONSHIPS AND RELATED PERSON TRANSACTIONS 17 DIRECTOR COMPENSATION 19 EXECUTIVE COMPENSATION 21 PROPOSAL TWO: RATIFICATION OF THE APPOINTMENT OF ERNS,Board Diversity Matrix,,,,,0,0,0,not_continued_in_reviewed_filings,,,,,,0.7,,6,6,0,,,,,,,,0,0,0,no_post_vacatur_matrix_extracted,No post-vacatur matrix was extracted from reviewed filings.,no_signal_found,Published matrix date is on/before due+30 grace.,,,,,,,,,0,,c56412697bde9eab,,,,,,,,,,,,,,,0.0,0,0,0,0,0,0,0,0,163,Life sciences / medical,Other non-US,2022,proxy,1,1,0,0,0,0,1,0,0
1844971,GREE,Greenidge Generation Holdings Inc.,domestic,NY,6199,Finance Services,2021-10-12,pricing_proxy,2022-10-12,2022-11-11,released_in_required_window,high,published_on_time,2022-07-28,on_or_before_due_date,issuer SEC filing,https://www.sec.gov/Archives/edgar/data/1844971/000114036122027197/ny20004435x2_def14a.htm,edgar_filing,DEF 14A,0001140361-22-027197,Board Diversity Matrix;Total Number of Directors;Did Not Disclose Gender;Did Not Disclose Demographic Background,b7d4434525e2fdfb,D ​ ​ 2 HOW TO VOTE ​ ​ 2 REVOKING A PROXY ​ ​ 2 SOLICITATION ​ ​ 3 VOTES REQUIRED ​ ​ 3 QUORUM ​ ​ 3 IMPLICATIONS OF BEING AN “EMERGING GROWTH COMPANY” ​ ​ 4 DIRECTORS AND EXECUTIVE OFFICERS ​ ​ 5 OUR EXECUTIVE OFFICERS AND BOARD OF DIRECTORS ​ ​ 5 BOARD DIVERSITY MATRIX ​ ​ 8 BOARD MEETING QUORUM REQUIREMENTS ​ ​ 8 BOARD COMMITTEES ​ ​ 8 DIRECTOR COMPENSATION ​ ​ 11 CORPORATE GOVERNANCE ​ ​ 12 BOARD LEADERSHIP STRUCTURE ​ ​ 12 DIRECTOR INDEPENDENCE ​ ​ 12 RISK OVERSIGHT ​ ​ 12 ANTI-HEDGING AND ANTI-PLEDGING POLICY ​ ​ 12 COMPENSATION COMMITTEE INTERLOCKS AND INSIDER PARTICIPATION ​ ​ 13 CODE OF BUSINESS CONDUCT AND ETHICS ​ ​ 13 DIRECTOR NOMINATIONS AND SELECTION ​ ​ 13 STOCKHOLDER RECOMMENDATIONS ​ ​ 13 BOARD SELF-ASSESSMENT ​ ​ 13 EXECUTIVE SESSIONS OF INDEPENDENT BOARD MEMBERS ​ ​ 13 COMMUNICATING WITH OUR DIRECTORS ​ ​ 13 CORPORATE GOVERNANCE GUIDELINES ​ ​ 14 DELINQUENT SECTION 16,BOARD DIVERSITY MATRIX,,,,,0,0,0,continued_other_narrative,2025-04-28,issuer SEC filing,https://www.sec.gov/Archives/edgar/data/1844971/000119380525000565/def14a14132002_04282025.htm,DEF 14A,0001193805-25-000565,0.75,"\b(?:director|directors|nominee|nominees|board)\b.{0,220}\bdiversity\b",7,7,0,311942448abbe26a,"S AND SELECTION Our Board is responsible for reviewing, at least annually, the appropriate skills and experience required of Board members. We have not formally established any specific, minimum qualifications that must be met or skills that are necessary for directors to possess. In general, in identifying and evaluating nominees for director, our Board considers educational background, diversity of professional experience, knowledge of our business, integrity, professional reputation, independence, wisdom, and the ability to represent the best interests of our stockholders. In accordance with Nasdaq Rule 5605, a majority of the independent directors may recommend a new director nominee for selection by the Board of Directors. Our Board believes that the independent directors can satisfactorily carry out the responsibility of properly selecting or approving director nominees without the formation of a standing nominating and corporate governance committee. The directors who will participate in the consideration and recommendation of director nominees are Messrs. Fearn, Krug, Lowe, Neuscheler and Rogers. Our Board recommends candidates for election to the Board in accordance with the policies, principles and criteria described in",,,,,,0,0,0,matrix_replaced_by_or_supplemented_with_narrative,"Post-vacatur evidence is board/diversity narrative, not an extracted matrix.",board_diversity_narrative,Published matrix date is on/before due+30 grace.,,,,,,,,,0,,e13de27056093793,,,,,,,,,,,,,,,0.0,0,0,0,0,0,0,0,0,76,Finance / real estate,Other non-US,2022,proxy,1,1,0,1,0,1,0,1,0
1419554,BBLG,Bone Biologics Corp,domestic,MA,3842,"Orthopedic, Prosthetic & Surgical Appliances & Supplies",2021-10-13,first_trading,2022-10-13,2022-11-12,no_release_found_after_checks,medium,not_located,,no_dated_release,,,,,,,,,,,,,,0,0,0,continued_other_narrative,2025-04-11,issuer SEC filing,https://www.sec.gov/Archives/edgar/data/1419554/000164117225003884/formpre14a.htm,PRE 14A,0001641172-25-003884,0.75,"\bdiversity\b.{0,220}\b(?:director|directors|nominee|nominees|board)\b",4,4,0,3a4e4e8d69838061,"or candidates from stockholders, management, directors, and other sources. In its assessment of each potential candidate, the Nominating and Corporate Governance Committee considers, among other things, each candidate’s experience, qualifications, attributes, diversity and skills in light of the Company’s business, structure and current needs of the Board. Stockholders may recommend candidates for Nominating and Governance Committee consideration by submitting such recommendation using the method described under “Communications with the Board.” Stockholders may also nominate director candidates in accordance with our Bylaws as described under “2026 Annual Meeting ⸻ Stockholder Nominations of Directors.” Board (and Committee) Meetings and Attendance For fiscal year 2024, each of our directors attended 75% or more of the aggregate number of meetings of the Board, and the committee(s) of the Board on which he serves. Each director is expected to attend and participate in, either in person or by means of telephonic or video conference, all scheduled meetings of the Board and all meetings of the committees of the Board on which such director serves, and all scheduled meetings of stockholders o",,,,,,0,0,0,matrix_replaced_by_or_supplemented_with_narrative,"Post-vacatur evidence is board/diversity narrative, not an extracted matrix.",board_diversity_narrative,"No substantive primary matrix located after SEC, committed-check FTS/Wayback, website candidates, and manual/browser review where applicable.","Web search returned OutLeadership aggregate mention for Bone Biologics, not a company primary-source matrix.",not_found_in_current_sec_filings,,,not_found,,,not_found,1,no_release_found_after_checks,117eb17f14d126a8,,,,,,,,,,,,,,,0.0,0,0,0,0,0,0,0,0,,Life sciences / medical,Other non-US,2022,unknown,0,0,1,1,0,1,0,1,0
1839285,HCTI,"Healthcare Triangle, Inc.",domestic,CA,7373,Services-Computer Integrated Systems Design,2021-10-13,first_trading,2022-10-13,2022-11-12,released_in_required_window,high,published_on_time,2022-10-19,within_30_day_grace,issuer SEC filing,https://www.sec.gov/Archives/edgar/data/1839285/000160706222000633/hcti101422def14a.htm,edgar_filing,DEF 14A,0001607062-22-000633,Board Diversity Matrix;Total Number of Directors;Did Not Disclose Gender;Did Not Disclose Demographic Background,249811bb7a6fee6b,"ion about the gender and demographic diversity of our directors in the format required by such rule. The information in the matrix below is based solely on information provided by our directors about their gender and demographic self-identification. Board Diversity Matrix (As of September 19, 2022) Total Number of Directors Female Male Non-Binary Did Not Disclose Gender Part I: Gender Identity Directors 1 6 Part II: Demographic Background African American or Black Alaskan Native or Native American Asian 3 Hispanic or Latinx Native Hawaiian or Pacific Islander White 1 3 Two or More Races or Ethnicities LGBTQ+ Did Not Disclose Demographic Background 8 Nominees for Election for a One Year Term Ending at the 2023 Annual Meeting Based on the recommendation of the nominating and corporate governance committee of our Board of Directors, our Board of Directors has nominated Suresh Venkatachari,",Board Diversity Matrix,"As of September 19, 2022",,Female|Male|Non-Binary|Did Not Disclose Gender,African American or Black|Alaskan Native or Native American|Asian|Hispanic or Latinx|Hispanic or Latin|Native Hawaiian or Pacific Islander|White|Two or More Races or Ethnicities|LGBTQ+|Did Not Disclose Demographic Background,1,1,1,continued_other_narrative,2025-02-25,issuer SEC filing,https://www.sec.gov/Archives/edgar/data/1839285/000121390025017146/ea0232172-pre14a_health.htm,PRE 14A,0001213900-25-017146,0.75,\bboard diversity\b,12,12,0,933a0bda275c4bc2,hies of Nominees For Director 5 Recommendation of the Board of Directors 6 CORPORATE GOVERNANCE 7 Meetings of the Board of Directors 7 Code of Business Conduct and Ethics 7 Independence of the Board of Directors 7 Identifying and Evaluating Director Nominees; Board Diversity 8 Minimum Qualifications 8 Procedures For Submitting Stockholder Proposals 9 Securityholder and Interested Party Communications 9 Board Leadership Structure and Board’s Role in Risk Oversight 9 Risks Related to Compensation Policies and Practices 10 Board Committees 10 Board and Committee Evaluations 10 Director Attendance at Annual Meeting of Stockholders 10 Audit Committee 11 Report of The Audit Committee of the Board of Directors 11 Compensation Committee 12 Nominating and Corporate Governance Committee 13 SECURITY OWNERSHIP OF CERTAIN BENEFICIAL OWNERS AND MANAGEMENT 14 PROPOSAL TWO: PROPOSAL FOR THE AUTOMATIC INCREASE IN THE NUMBER OF SHARES SUBJECT TO THE 2020 STOCK INCENTIVE PLAN 15 PROPOSAL THREE: RATIFICATION OF THE APPOINTMENT OF OUR INDEPENDENT REGISTERED PUBLIC ACCOUNTING FIRM 17 Policy on Audit Committee Pre-Approval of Audi,,,,,,0,0,0,matrix_replaced_by_or_supplemented_with_narrative,"Post-vacatur evidence is board/diversity narrative, not an extracted matrix.",board_diversity_narrative,Published matrix date is on/before due+30 grace.,,,,,,,,,0,,85a1d8fc834ca334,,,,,,,,8,,,,,,,3.0,0,0,0,0,0,0,0,1,-6,Technology,Other non-US,2022,proxy,1,1,0,1,0,1,0,1,0
1858257,,"AvidXchange Holdings, Inc.",domestic,NC,7372,Services-Prepackaged Software,2021-10-13,first_trading,2022-10-13,2022-11-12,released_in_required_window,high,published_on_time,2022-04-28,on_or_before_due_date,issuer SEC filing,https://www.sec.gov/Archives/edgar/data/1858257/000119312522127975/d337608ddef14a.htm,edgar_filing,DEF 14A,0001193125-22-127975,Board Diversity Matrix;Total Number of Directors;Did Not Disclose Gender;Did Not Disclose Demographic Background,b47e8e62b18c7e54,"ctful measures we have adopted in an effort to break the glass ceiling for women in technology. The following chart provides the diversity statistics for our board of directors in accordance with Nasdaq Rule 5606, as self-disclosed by our directors. Board Diversity Matrix (As of April 28, 2022) Total Number of Directors 9 Female Male Non-Binary Did Not Disclose Gender Part I: Gender Identity Directors 2 7 0 0 Part II: Demographic Background African American or Black 0 1 0 0 Alaskan Native or Native American 0 0 0 0 Asian 0 0 0 0 Hispanic or Latinx 0 0 0 0 Native Hawaiian or Pacific Islander 0 0 0 0 White 2 6 0 0 Two or More Races or Ethnicities 0 0 0 0 LGBTQ 0 0 0 0 Did Not Disclose Demographic Background 0 0 0 0 Our commitment to our community goes beyond our commitment to diversity and inclusion. In 2005, we founded the AvidXchange Foundation in an effort to help elementary school chil",Board Diversity Matrix,"As of April 28, 2022",9,Female|Male|Non-Binary|Did Not Disclose Gender,African American or Black|Alaskan Native or Native American|Asian|Hispanic or Latinx|Hispanic or Latin|Native Hawaiian or Pacific Islander|White|Two or More Races or Ethnicities|Did Not Disclose Demographic Background,1,1,1,not_continued_in_reviewed_filings,,,,,,0.7,,16,16,0,,,,,,,,0,0,0,no_post_vacatur_matrix_extracted,No post-vacatur matrix was extracted from reviewed filings.,no_signal_found,Published matrix date is on/before due+30 grace.,,,,,,,,,0,,6dfd365d7eb4ae1c,9.0,2,0,0,1,8,,0,0.2222222222222222,0.0,0.0,0.1111111111111111,,0.0,5.0,1,1,1,0,1,0,1,0,168,Technology,Other non-US,2022,proxy,1,1,0,0,0,0,1,0,0
1653482,GTLB,Gitlab Inc.,domestic,CA,7372,Services-Prepackaged Software,2021-10-14,first_trading,2022-10-14,2022-11-13,released_in_required_window,high,published_on_time,2022-05-05,on_or_before_due_date,issuer SEC filing,https://www.sec.gov/Archives/edgar/data/1653482/000165348222000023/gitlab-def14aproxyx2022.htm,edgar_filing,DEF 14A,0001653482-22-000023,diversity matrix of our board;Total Number of Directors;Did Not Disclose Demographic Background,d5f179917f23f8df,"o. 1 below includes the primary individual experience, qualifications, attributes and skills of each of our directors that led to the conclusion that each director should serve as a member of our board of directors at this time. 16 See below for the diversity matrix of our board of directors as of March 31, 2022: Total Number of Directors: 7 directors Female Male Non-Binary Did Not Disclosure Gender Gender Identity Directors 3 4 — — Demographic Background African American or Black 1 — — — Alaskan Native or Native American — — — — Asian — 1 — — Hispanic or Latinx — — — — Native Hawaiian or Pacific Islander — — — — White 2 3 — — Two or More Races or Ethnicities — — — — LGBTQ+ — — — — Did Not Disclose Demographic Background — — — — 17 PROPOSAL NO. 1 ELECTION OF DIRECTORS Our board of directors currently consists of seven directors and is divided into three classes. Each class serves for thr",,"as of March 31, 2022",7,Female|Male|Non-Binary,African American or Black|Alaskan Native or Native American|Asian|Hispanic or Latinx|Hispanic or Latin|Native Hawaiian or Pacific Islander|White|Two or More Races or Ethnicities|LGBTQ+|Did Not Disclose Demographic Background,1,0,1,continued_other_narrative,2025-05-01,issuer SEC filing,https://www.sec.gov/Archives/edgar/data/1653482/000162828025021573/gtlb-20250501.htm,DEF 14A,0001628280-25-021573,0.75,"\bdiversity\b.{0,220}\b(?:director|directors|nominee|nominees|board)\b",6,6,0,9f0f0848f426b115,"believes must be met by a committee-recommended nominee for membership on our board of directors and any specific qualities or skills that the committee believes are necessary for one or more of the members of our board of directors to possess. We also value diversity on a company-wide basis and seek to achieve a mix of members to our board of directors that represent a broad range of backgrounds and experiences, including with respect to age, gender, race, ethnicity, and occupation. Because the identification, evaluation and selection of qualified directors is a complex and subjective process that requires consideration of many intangible factors, and will be significantly influenced by the particular needs of our board of directors from time to time, our board of directors has not adopted a specific set of minimum qualifications, qualities or skills that are necessary for a nominee to possess, other than those that are necessary to meet U.S. legal and regulatory rules and the Nasdaq listing requirements and the provisions of our restated certificate of incorporation, and amended and restated bylaws, Corporate Governance Guidelines, and charters of the committees of our board of direct",,,,,,0,0,0,matrix_replaced_by_or_supplemented_with_narrative,"Post-vacatur evidence is board/diversity narrative, not an extracted matrix.",board_diversity_narrative,Published matrix date is on/before due+30 grace.,,,,,,,,,0,,07cd26f3ed6693f5,7.0,0,4,,2,5,0,0,0.0,0.5714285714285714,,0.2857142857142857,0.0,0.0,5.0,1,1,0,1,1,0,1,0,162,Technology,Other non-US,2022,proxy,1,1,0,1,0,1,0,1,0
1799011,LUCD,Lucid Diagnostics Inc.,domestic,NY,3841,Surgical & Medical Instruments & Apparatus,2021-10-14,first_trading,2022-10-14,2022-11-13,released_in_required_window,high,published_on_time,2022-05-02,on_or_before_due_date,issuer SEC filing,https://www.sec.gov/Archives/edgar/data/1799011/000149315222011734/formdef14a.htm,edgar_filing,DEF 14A,0001493152-22-011734,Board Diversity Matrix;Total Number of Directors;Did Not Disclose Gender;Did Not Disclose Demographic Background,9aac3cf94ff843d9,"ement of support for the nominee. The suggested nominee must also provide a statement of consent to being considered for nomination. There have been no material changes to the procedures by which security holders may recommend nominees to the Board. Board Diversity Matrix The nominating committee believes in an expansive definition of diversity that includes differences of gender, ethnicity, sexual orientation and other underrepresented groups as well as experience, education and talents, among other things. The diversity matrix required under the Nasdaq listing rules is set forth below. 41 Board Diversity Matrix (As of April 25, 2022) Total Number of Directors 6 Males Female Non-Binary Did Not Disclose Gender Part I: Gender Identity Directors 5 1 Part II: Demographic Background African American or Black 1 1 Alaskan Native or Native American 1 0 Asian 0 0 Hispanic or Latinx 0 0 Native Ha",Board Diversity Matrix,"As of April 25, 2022",6,Female|Male|Non-Binary|Did Not Disclose Gender,African American or Black|Alaskan Native or Native American|Asian|Hispanic or Latinx|Hispanic or Latin,1,1,0,continued_other_narrative,2025-04-18,issuer SEC filing,https://www.sec.gov/Archives/edgar/data/1799011/000164117225005446/formpre14a.htm,PRE 14A,0001641172-25-005446,0.75,"\bdiversity\b.{0,220}\b(?:director|directors|nominee|nominees|board)\b",8,8,0,37fc3294dbdebafb,"board needs that arise from time to time and will also consider the overall experience and makeup of its members to obtain a broad and diverse mix of board members. Though the nominating and corporate governance committee does not have specific guidelines on diversity, it is one of many criteria considered by the nominating and corporate governance committee when evaluating candidates. The nominating and corporate governance committee does not distinguish among nominees recommended by stockholders and other persons. The nominating and corporate governance committee does not have a written policy or formal procedural requirements for stockholders to submit recommendations for director nominations. However, the nominating and corporate governance committee will consider recommendations from stockholders. Stockholders should communicate nominee suggestions directly to the nominating and corporate governance committee and accompany the recommendation with biographical details and a statement of support for the nominee. The suggested nominee must also provide a statement of consent to being considered for nomination. There have been no material changes to the procedures by which security holders may recommend nominees to the Board. 29 In addition to being responsible for selecting nominees to serve on the Bo",,,,,,0,0,0,matrix_replaced_by_or_supplemented_with_narrative,"Post-vacatur evidence is board/diversity narrative, not an extracted matrix.",board_diversity_narrative,Published matrix date is on/before due+30 grace.,,,,,,,,,0,,62979378001c73ba,6.0,5,1,1,,,,,0.8333333333333334,0.16666666666666666,0.16666666666666666,,,,2.0,1,0,1,1,0,0,1,1,165,Life sciences / medical,Other non-US,2022,proxy,1,1,0,1,0,1,0,1,0
1840229,INKT,"MiNK Therapeutics, Inc.",domestic,NY,2836,"Biological Products, (No Diagnostic Substances)",2021-10-15,first_trading,2022-10-15,2022-11-14,partial_or_unretrieved_primary_evidence,low,not_located,,no_dated_release,issuer/current website or manually reviewed primary source,https://investor.minktherapeutics.com/static-files/46fee85e-a5e3-47ac-9531-2e6c4f5aa42f,issuer_static_file_candidate,,,,,,,,,,,0,0,0,continued_other_narrative,2025-04-18,issuer SEC filing,https://www.sec.gov/Archives/edgar/data/1840229/000095017025055881/mink-pre_14a_2025_v2.htm,PRE 14A,0000950170-25-055881,0.75,"\b(?:director|directors|nominee|nominees|board)\b.{0,220}\bdiversity\b",6,6,0,6b5a6c0c11362a6c,"haracteristics necessary to create a highly functional and collegial Board, which include personal and professional integrity, practical wisdom and mature judgment, an inquisitive and objective perspective, and time availability for performing the duties of a director. The Board, as a group, is expected to encompass a range of talents, ages, skills, diversity, and expertise sufficient to provide sound and prudent guidance with respect to the operations and interests of our business. Examples of desired professional competencies include accounting and financial literacy, industry knowledge, medical or scientific knowledge, and management experience. When evaluating potential new Board appointments, the Corporate Governance and Nominating Committee considers these factors, but does not have any fixed criteria for candidates it recommends because the Board believes that a flexible evaluation process allows the committee to make sound judgments based on the needs of the organization and specific attributes of each candidate without a need for a formal policy. Candidates should also be enthusiastic about service on our Board and working collaboratively with existing Board members to create value f",,,,,,0,0,0,matrix_replaced_by_or_supplemented_with_narrative,"Post-vacatur evidence is board/diversity narrative, not an extracted matrix.",board_diversity_narrative,"Primary matrix candidate/link found, but file could not be retrieved or values not extracted.","Browser confirmed issuer page has Board Diversity Matrix link; direct static-file retrieval hung/failed, so not inserted yet.",not_found_in_current_sec_filings,,,not_found,,,not_found,1,partial_or_unretrieved_primary_evidence,2a088b5dc03f4e0d,,,,,,,,,,,,,,,0.0,0,0,0,0,0,0,0,0,,Life sciences / medical,Other non-US,2022,unknown,1,0,1,1,0,1,0,1,0
1856028,,"Stronghold Digital Mining, Inc.",domestic,NY,6199,Finance Services,2021-10-20,first_trading,2022-10-20,2022-11-19,released_after_required_window,high,published_late,2023-05-01,after_30_day_grace,issuer SEC filing,https://www.sec.gov/Archives/edgar/data/1856028/000114036123021620/ny20008399x1_def14a.htm,edgar_filing,DEF 14A,https://www.sec.gov/Archives/edgar/data/1856028/000114036123021620/ny20008399x1_def14a.htm,Board Diversity Matrix,d4e1630360230ff4,"Board Diversity Matrix (As of April 28, 2023) Total Number of Directors 7 Female 2 Male 5",Board Diversity Matrix,"As of April 28, 2023",7,Female|Male,,0,0,0,no_post_vacatur_relevant_filing,,,,,,0.65,,0,0,0,,,,,,,,0,0,0,no_post_vacatur_matrix_extracted,No post-vacatur matrix was extracted from reviewed filings.,no_signal_found,Published matrix date is after due+30 grace.,Browser confirmed substantive SEC proxy matrix; late versus 2022-10-20 due date.,not_found_in_current_sec_filings,,,not_found,,,not_found,0,,a9e9e8d4f37fd93d,7.0,,,,,,,,,,,,,,0.0,0,0,0,0,0,0,0,0,-193,Finance / real estate,Other non-US,2022,proxy,1,0,1,0,0,0,1,0,0
1874097,CYN,Cyngn Inc.,domestic,CA,7371,Services-Computer Programming Services,2021-10-20,first_trading,2022-10-20,2022-11-19,released_in_required_window,high,published_on_time,2022-06-22,on_or_before_due_date,issuer SEC filing,https://www.sec.gov/Archives/edgar/data/1874097/000121390022034398/def14a0622_cyngninc.htm,edgar_filing,DEF 14A,0001213900-22-034398,Board Diversity Matrix;Total Number of Directors;Did Not Disclose Gender;Did Not Disclose Demographic Background,41169abddb6c4609,"ship with the senior management of the Company. The matrix below provides certain highlights of the composition of our board members and nominees. Each of the categories listed in the below table has the meaning as it is used in Nasdaq Rule 5605(f). Board Diversity Matrix for Cyngn Inc. (as of June 21, 2022) Total Number of Directors: 5 Female Male Non-Binary Did Not Disclose Gender Part I: Gender Identity Directors 2 3 — — African American or Black — — — — Alaskan Native or Native American — — — — Asian — — — — Hispanic or Latinx — — — — Native Hawaiian or Pacific Islander — — — — White 2 3 — — Two or More Races or Ethnicities — — — — LGBTQ+ — — — — Did Not Disclose Demographic Background — — — — 10 Information Regarding Stockholder Communication with the Board of Directors; Attendance of Board Members at the Annual Meeting Stockholders may contact an individual director, the Board as a",Board Diversity Matrix,"as of June 21, 2022",5,Female|Male|Non-Binary|Did Not Disclose Gender,African American or Black|Alaskan Native or Native American|Asian|Hispanic or Latinx|Hispanic or Latin|Native Hawaiian or Pacific Islander|White|Two or More Races or Ethnicities|LGBTQ+|Did Not Disclose Demographic Background,1,1,1,continued_other_narrative,2025-08-08,issuer SEC filing,https://www.sec.gov/Archives/edgar/data/1874097/000121390025073730/ea0252444-01.htm,PRE 14A,0001213900-25-073730,0.75,"\bdiversity\b.{0,220}\b(?:director|directors|nominee|nominees|board)\b",11,11,0,6fe18036ad144546,"an annual basis to determine the appropriate and desirable mix of characteristics, skills, expertise, and experience for the full Board and each committee, taking into account both existing directors and all nominees for election as directors, as well as any diversity considerations and the membership criteria applied by the Nominating and Corporate Governance Committee. The Nominating and Corporate Governance Committee and the Board, which do not have a formal diversity policy, consider diversity in a broad sense when evaluating board composition and nominations; and they seek to include directors with a diversity of experience, professions, viewpoints, skills, and backgrounds that will enable them to make significant contributions to the Board and the Company, both as individuals and as part of a group of directors. The Board evaluates each individual in the context of the full Board, with the objective of recommending a group that can best contribute to the success of the business and represent stockholder interests through the exercise of sound judgment. In determining whether to recommend a director for re -election , the Nominating and Corporate Governance Committee also considers the director’s attendance at meetings and participation in and contributions to t",,,,,,0,0,0,matrix_replaced_by_or_supplemented_with_narrative,"Post-vacatur evidence is board/diversity narrative, not an extracted matrix.",board_diversity_narrative,Published matrix date is on/before due+30 grace.,,,,,,,,,0,,0ae8397f79bccb66,5.0,2,0,0,0,5,0,0,0.4,0.0,0.0,0.0,0.0,0.0,6.0,1,1,1,0,0,0,1,0,120,Technology,Other non-US,2022,proxy,1,1,0,1,0,1,0,1,0
1482981,COCO,"Vita Coco Company, Inc.",domestic,NY,2080,Beverages,2021-10-21,first_trading,2022-10-21,2022-11-20,released_in_required_window,high,published_on_time,2022-04-21,on_or_before_due_date,issuer SEC filing,https://www.sec.gov/Archives/edgar/data/1482981/000119312522113049/d309576ddef14a.htm,edgar_filing,DEF 14A,0001193125-22-113049,Board Diversity Matrix;Total Number of Directors;Did Not Disclose Gender;Did Not Disclose Demographic Background,77936a8153463b02,ied Public Accountant. We believe Ms. Morreau’s extensive leadership experience as well as her particular knowledge and experience in finance and accounting as well as extensive beverage industry experience makes her qualified to serve on our Board. Board Diversity Matrix The table below reports the diversity of our Class I directors and nominee and the current Class II and III directors. Board Diversity Matrix Total Number of Directors and Nominees 9 Female Male Non-Binary Did Not Disclose Gender Part I: Gender Identity Directors 2 7 0 0 Part II: Demographic Background African American or Black 1 0 0 0 Alaskan Native or Native American 0 0 0 0 Asian 0 0 0 0 Hispanic or Latinx 0 0 0 0 Native Hawaiian or Pacific Islander 0 0 0 0 White 1 7 0 0 Two or More Races or Ethnicities 0 0 0 0 LGBTQ+ 0 Did Not Disclose Demographic Background 0 Proposal 2: Ratification of Appointment of Independent R,Board Diversity Matrix,,,Female|Male|Non-Binary|Did Not Disclose Gender,African American or Black|Alaskan Native or Native American|Asian|Hispanic or Latinx|Hispanic or Latin|Native Hawaiian or Pacific Islander|White|Two or More Races or Ethnicities|LGBTQ+|Did Not Disclose Demographic Background,1,1,1,continued_same_matrix,2025-04-23,issuer SEC filing,https://www.sec.gov/Archives/edgar/data/1482981/000148298125000073/coco-20250423.htm,DEF 14A,0001482981-25-000073,0.95,Board Diversity Matrix;Total Number of Directors;Did Not Disclose Gender;Did Not Disclose Demographic Background,7,2,0,22517a2e7f6ed299,"nificant background in the consumer, food and beverage industries and technology and security, and her experience serving on other boards make her qualified to serve on our Board. The Vita Coco Company, Inc. 17 2025 Proxy Statement Table of Contents Board Diversity Matrix Throughout the director selection and nomination process, the Nominating, Environmental, Social and Corporate Governance Committee (the “Nominating and ESG Committee”) and the Board seek to achieve diversity within the Board with a broad array of viewpoints and perspectives that are representative of our global business. The Nominating and ESG Committee adheres to the Company’s philosophy of maintaining an environment free from discrimination on the basis of race, color, religion, sex, sexual orientation, gender identity, age, national origin, disability, veteran status or any other protected category under applicable law. This process is designed to provide that the Board includes members with diverse backgrounds, perspectives and experience, including appropriate financial and other expertise relevant to the business of the Company. The table below reports the di",Board Diversity Matrix,,,,,0,0,0,changed_extracted_shape,"gender columns: initial extracted, post-vacatur not extracted; demographic rows: initial extracted, post-vacatur not extracted",matrix,Published matrix date is on/before due+30 grace.,,,,,,,,,1,post_vacatur_matrix_format_changed,6e55af0c33c362e3,,,,,1,8,0,0,,,,,,,6.0,0,1,0,0,1,0,1,0,183,Consumer / retail,Other non-US,2022,proxy,1,1,0,1,1,0,0,1,0
1653384,RWAY,Runway Growth Finance Corp.,domestic,IL,,,2021-10-21,pricing_proxy,2022-10-21,2022-11-20,released_after_required_window,high,published_late,2023-05-04,after_30_day_grace,issuer SEC filing,https://www.sec.gov/Archives/edgar/data/1653384/000110465923053106/tm231923-1_def14a.htm,edgar_filing,DEF 14A,https://www.sec.gov/Archives/edgar/data/1653384/000110465923053106/tm231923-1_def14a.htm,Board Diversity Matrix,1981dff367501304,"BOARD DIVERSITY MATRIX (as of April 28, 2023) Total Number of Directors 5",BOARD DIVERSITY MATRIX,"as of April 28, 2023",5,,,0,0,0,continued_other_narrative,2024-12-13,issuer SEC filing,https://www.sec.gov/Archives/edgar/data/1653384/000110465924128500/tm2427219-2_def14a.htm,DEF 14A,0001104659-24-128500,0.75,"\bdiversity\b.{0,220}\b(?:director|directors|nominee|nominees|board)\b",14,14,0,9ee9b9c308d3f6f4,"g-term interests of our stockholders as a whole; and ​ • are selected such that the Board represents a range of backgrounds and experience. ​ The Nominating and Corporate Governance Committee has not adopted a formal policy with regard to the consideration of diversity in identifying director nominees. In determining whether to recommend a director nominee, the Nominating and Corporate Governance Committee considers and discusses diversity, among other factors, with a view toward the needs of the Board as a whole. The Nominating and Corporate Governance Committee generally conceptualizes diversity expansively to include, without limitation, concepts such as race, gender, national origin, differences of viewpoint, professional experience, education, skill and other qualities that contribute to the Board, when identifying and recommending director nominees. The Nominating and Corporate Governance Committee believes that the inclusion of diversity as one of many factors considered in selecting director nominees is consistent with the Nominating and Corporate Governance Committee’s goal of creating a board of directors that best serves our needs and the interests of our stockholders. In additi",,,,,,0,0,0,matrix_replaced_by_or_supplemented_with_narrative,"Post-vacatur evidence is board/diversity narrative, not an extracted matrix.",board_diversity_narrative,Published matrix date is after due+30 grace.,Existing SQLite observation was substantive; targeted reclassification moved row to published_late.,not_found_in_current_sec_filings,,,not_found,,,not_found,0,,2f5581e9e407a351,5.0,,,,,,,,,,,,,,0.0,0,0,0,0,0,0,0,0,-195,Unknown,Israel,2022,proxy,1,0,1,1,0,1,0,1,0
1851194,,"Ventyx Biosciences, Inc.",domestic,CA,2834,Pharmaceutical Preparations,2021-10-21,first_trading,2022-10-21,2022-11-20,released_in_required_window,high,published_on_time,2022-04-27,on_or_before_due_date,issuer SEC filing,https://www.sec.gov/Archives/edgar/data/1851194/000119312522123613/d313295ddef14a.htm,edgar_filing,DEF 14A,0001193125-22-123613,Board Diversity Matrix;Total Number of Directors;Did Not Disclose Gender;Did Not Disclose Demographic Background,cddb81d95f52ea76,"nd corporate governance committee has discretion to decide which individuals to recommend for nomination as directors and our board of directors has the final authority in determining the selection of director candidates for nomination to our board. Board Diversity Matrix The table below provides certain highlights of the composition of the members of our board of directors as of March 31, 2022. Each of the categories listed in the table below has the meaning set forth in Nasdaq Listing Rule 5605(f). Board Size: Total Number of Directors: 7 Gender: Male Female Non-Binary Did Not Disclose Gender Number of directors based on gender identity 6 1 0 0 Number of directors who identify in any of the categories below: African American or Black 0 0 0 0 Alaskan Native or American Indian 0 0 0 0 Asian 3 0 0 0 Hispanic or Latinx 0 0 0 0 Native Hawaiian or Pacific Islander 0 0 0 0 White 3 0 0 0 Two o",Board Diversity Matrix,"as of March 31, 2022",7,Female|Male|Non-Binary|Did Not Disclose Gender,African American or Black|Asian|Hispanic or Latinx|Hispanic or Latin|Native Hawaiian or Pacific Islander|White,1,1,0,continued_other_narrative,2025-04-23,issuer SEC filing,https://www.sec.gov/Archives/edgar/data/1851194/000095017025057384/vtyx-20250423.htm,DEF 14A,0000950170-25-057384,0.75,\bboard diversity\b,14,14,0,a5f3c8bdca22a9d9,"nal background, age and geography, as well as other individual qualities and attributes that contribute to the total mix of viewpoints and experience represented on our board. Although our board of directors does not maintain a specific policy with respect to board diversity, our board of directors believes that the board should be a diverse body, and the nominating and corporate governance committee considers a broad range of perspectives, backgrounds and experiences. If our nominating and corporate governance committee determines that an additional or replacement director is required, then the committee may take such measures as it considers appropriate in connection with its evaluation of a director candidate, including candidate interviews, inquiry of the person or persons making the recommendation or nomination, engagement of an outside search firm to gather additional information, or reliance on the knowledge of the members of the committee, board or management. After completing its review and evaluation of director candidates, our nominating and corporate governance committee recommends to our full bo",,,,,,0,0,0,matrix_replaced_by_or_supplemented_with_narrative,"Post-vacatur evidence is board/diversity narrative, not an extracted matrix.",board_diversity_narrative,Published matrix date is on/before due+30 grace.,,,,,,,,,0,,3b705f85382fb61d,7.0,,,,3,3,,,,,,0.42857142857142855,,,3.6666666666666665,0,1,0,0,1,0,1,0,177,Life sciences / medical,Other non-US,2022,proxy,1,1,0,1,0,1,0,1,0
1871509,PTLO,Portillo's Inc.,domestic,IL,5812,Retail-Eating  Places,2021-10-21,first_trading,2022-10-21,2022-11-20,released_in_required_window,high,published_on_time,2022-05-09,on_or_before_due_date,issuer SEC filing,https://www.sec.gov/Archives/edgar/data/1871509/000119312522144334/d278654ddef14a.htm,edgar_filing,DEF 14A,0001193125-22-144334,Board Diversity Matrix;Total Number of Directors,e4bece02bf1ee647,"cial diversity, Mses. Bordelon and Dodson each enhance the Board’s functional expertise in accounting, corporate governance, finance, and complex corporate legal matters. The following table sets forth certain diversity characteristics of our Board: Board Diversity Matrix as of May 9, 2022 Total Number of Directors 8 Female Male Part I: Gender Identity Directors 2 6 Part II: Demographic Background African American or Black 1 Alaskan Native or Native American Asian Hispanic or Latinx Native Hawaiian or Pacific Islander White 1 6 Two or More Races or Ethnicities LGBTQ+ DIRECTOR INDEPENDENCE AND CONTROLLED COMPANY EXEMPTIONS Berkshire indirectly beneficially owns more than 50% of the voting power of our common stock. As a result, we are considered a “controlled company” under the Nasdaq listing standards and we are therefore eligible to avail ourselves of the “controlled company” exemption",Board Diversity Matrix,"as of May 9, 2022",8,Female|Male,African American or Black|Alaskan Native or Native American|Asian|Hispanic or Latinx|Hispanic or Latin|Native Hawaiian or Pacific Islander|White|Two or More Races or Ethnicities|LGBTQ+,0,0,0,continued_other_narrative,2025-04-28,issuer SEC filing,https://www.sec.gov/Archives/edgar/data/1871509/000187150925000071/ptlo-20250428.htm,DEF 14A,0001871509-25-000071,0.75,"\bdiversity\b.{0,220}\b(?:director|directors|nominee|nominees|board)\b",9,9,0,39c99071262df225,"Board has significant industry or operational experience, as well as brand management or marketing experience, among other key skills. For a description of our Board's nomination and selection process, see pg. 22 of this proxy statement. Board Overview Gender Diversity 25% of our Directors are women Board Service > 63% Have Prior or Current Public Company Board Service Age 59 years Average Age g <50 Years g 50-60 Years g >60 Years Director Tenure ~7 years Average Tenure g 0–3 Years g 4–7 Years g 8+ Years The Board of Directors recommends a vote “FOR” each of the Director Nominees. See Page 15 2025 Proxy Statement 11 Voting Roadmap Proposal 2 Advisory Vote on Executive Compensation You are being asked to vote for the approval, on an advisory basis, of the compensation for our Named Executive Officers as disclosed in this Proxy Statement. Compensation Philosophy The Company's compensation philosophy prioritizes performance and aims to align executive compensation with shareholders' interests while ensuring that the Company can retain key talent. To achieve this alignment, the Compensation Committee focuses on maintaining market-competitive base salaries and structuring short-term and long-term incentives to directly tie to Company performance on strategic objectives within m",,,,,,0,0,0,matrix_replaced_by_or_supplemented_with_narrative,"Post-vacatur evidence is board/diversity narrative, not an extracted matrix.",board_diversity_narrative,Published matrix date is on/before due+30 grace.,,,,,,,,,0,,93c5d9253204ca83,8.0,2,,,,7,50,,0.25,,,,1.0,,2.0,1,0,1,0,0,1,1,0,165,Consumer / retail,Israel,2022,proxy,1,1,0,1,0,1,0,1,0
1452965,,MINERVA SURGICAL INC,domestic,CA,3841,Surgical & Medical Instruments & Apparatus,2021-10-22,first_trading,2022-10-22,2022-11-21,released_in_required_window,high,published_on_time,2022-04-22,on_or_before_due_date,issuer SEC filing,https://www.sec.gov/Archives/edgar/data/1452965/000119312522115153/d301911ddef14a.htm,edgar_filing,DEF 14A,0001193125-22-115153,Board Diversity Matrix;Total Number of Directors;Did Not Disclose Gender;Did Not Disclose Demographic Background,5449f756f36c5720,"ng to identify and recruit highly qualified director candidates with diverse experiences, perspectives, and backgrounds to join our board of directors. The table below provides certain information regarding the composition of our board of directors. Board Diversity Matrix (as of March 31, 2022) Total Number of Directors 7 Female Male Non-Binary Did Not Disclose Gender Part I: Gender Identity Directors 3 4 — — Part II: Demographic Background African American or Black 1 — — — Alaskan Native or Native American — — — — Asian — — — — Hispanic or Latinx — — — — Native Hawaiian or Pacific Islander — — — — White 2 3 — — Two or More Races or Ethnicities — — — — LGBTQ+ — — — — Did Not Disclose Demographic Background — — — — Directors who identify as Persian: 1 -7- Table of Contents Nominees for director David M. Clapper has served as our President and Chief Executive Officer since May 2011 and has",Board Diversity Matrix,"as of March 31, 2022",7,Female|Male|Non-Binary|Did Not Disclose Gender,African American or Black|Alaskan Native or Native American|Asian|Hispanic or Latinx|Hispanic or Latin|Native Hawaiian or Pacific Islander|White|Two or More Races or Ethnicities|LGBTQ+|Did Not Disclose Demographic Background,1,1,1,no_post_vacatur_relevant_filing,,,,,,0.65,,0,0,0,,,,,,,,0,0,0,no_post_vacatur_matrix_extracted,No post-vacatur matrix was extracted from reviewed filings.,no_signal_found,Published matrix date is on/before due+30 grace.,,,,,,,,,0,,5db1c5723beef0ca,7.0,3,0,0,1,5,0,0,0.42857142857142855,0.0,0.0,0.14285714285714285,0.0,0.0,6.0,1,1,1,0,1,0,1,0,183,Life sciences / medical,Other non-US,2022,proxy,1,1,0,0,0,0,1,0,0
1840233,XLO,"Xilio Therapeutics, Inc.",domestic,MA,2834,Pharmaceutical Preparations,2021-10-22,first_trading,2022-10-22,2022-11-21,released_in_required_window,high,published_on_time,2022-04-26,on_or_before_due_date,issuer SEC filing,https://www.sec.gov/Archives/edgar/data/1840233/000155837022005974/tmb-20220609xdef14a.htm,edgar_filing,DEF 14A,0001558370-22-005974,Board Diversity Matrix,46ef3b732e10a4a2,"tional origin, in evaluating nominees and directors. Our nominating and corporate governance committee’s and our board of directors’ priority in selecting board members is identification of persons who will further the interests of our stockholders. Board Diversity Matrix (as of April 15, 2022) Gender Identity Lynch Russo Bonstein Curran Xu Clancy Rossi Ross Total Male ✓ ​ ​ ​ ​ ​ ​ ✓ ​ ​ ​ ​ ​ ✓ ​ ​ ​ ​ ​ ✓ 4 Female ✓ ​ ​ ✓ ​ ​ ​ ​ ​ ✓ ​ ​ ​ ​ ​ ✓ ​ ​ ​ 4 Did Not Disclose N/A Demographic Background Asian ​ ​ ​ ​ ​ ​ ​ ​ ​ ✓ ​ ​ ​ ​ ​ ​ ​ ​ ​ 1 White ✓ ✓ ​ ​ ✓ ​ ​ ✓ ​ ​ ​ ​ ​ ✓ ​ ​ ✓ ​ ​ ✓ 7 Did Not Disclose N/A ​ Stockholder Nominations Stockholders may recommend individuals to the nominating and corporate governance committee for consideration as potential director candidates. Any such proposals should be submitted to our corporate secretary at our principal executive offices and must",Board Diversity Matrix,"as of April 15, 2022",,Female|Male,Asian|White,0,0,0,not_continued_in_reviewed_filings,,,,,,0.7,,11,11,0,,,,,,,,0,0,0,no_post_vacatur_matrix_extracted,No post-vacatur matrix was extracted from reviewed filings.,no_signal_found,Published matrix date is on/before due+30 grace.,,,,,,,,,0,,366aaac942a3c8df,,,,,,,,,,,,,,,0.0,0,0,0,0,0,0,0,0,179,Life sciences / medical,Other non-US,2022,proxy,1,1,0,0,0,0,1,0,0
1468327,RENT,"Rent the Runway, Inc.",domestic,NY,5990,"Retail-Retail Stores, NEC",2021-10-27,first_trading,2022-10-27,2022-11-26,released_in_required_window,high,published_on_time,2022-05-24,on_or_before_due_date,issuer SEC filing,https://www.sec.gov/Archives/edgar/data/1468327/000114036122020412/ny20002604x1_def14a.htm,edgar_filing,DEF 14A,0001140361-22-020412,Board Diversity Matrix;Total Number of Directors;Did Not Disclose Gender,d35b084eb98988de,"e to the total diversity of viewpoints and experience represented on the Board. The Board also considers other factors, including issues of character, integrity, judgment, potential conflicts of interest, and other commitments, as described below. ​ Board Diversity Matrix (as of May 24, 2022) ​ ​ Total Number of Directors ​ ​ 11 ​ ​ ​ ​ ​ ​ ​ ​ Female ​ ​ Male ​ ​ Non-Binary ​ ​ Did not disclose gender ​ ​ Part I: Gender Identity ​ ​ 6 ​ ​ 5 ​ ​ — ​ ​ — ​ ​ Part II: Demographic Background ​ ​ ​ ​ ​ ​ ​ ​ ​ ​ African American or Black ​ ​ 1 ​ ​ — ​ ​ — ​ ​ — ​ ​ Alaskan Native or Native American ​ ​ — ​ ​ — ​ ​ — ​ ​ — ​ ​ Asian ​ ​ — ​ ​ — ​ ​ — ​ ​ — ​ ​ Hispanic or Latinx ​ ​ — ​ ​ — ​ ​ — ​ ​ — ​ ​ Native Hawaiian or Pacific Islander ​ ​ — ​ ​ — ​ ​ — ​ ​ — ​ ​ White ​ ​ 5 ​ ​ 5 ​ ​ — ​ ​ — ​ ​ Two or More Races or Ethnicities ​ ​ — ​ ​ — ​ ​ — ​ ​ — ​ ​ LGBTQ+ ​ ​ — ​ ​ — ​ ​ — ​ ​ —",Board Diversity Matrix,"as of May 24, 2022",,Female|Male|Non-Binary|Did Not Disclose Gender,African American or Black|Alaskan Native or Native American|Asian|Hispanic or Latinx|Hispanic or Latin|Native Hawaiian or Pacific Islander|White|Two or More Races or Ethnicities|LGBTQ+,1,1,0,continued_other_narrative,2025-04-15,issuer SEC filing,https://www.sec.gov/Archives/edgar/data/1468327/000146832725000056/wdq-20250131.htm,10-K,0001468327-25-000056,0.75,"\bdiversity\b.{0,220}\b(?:director|directors|nominee|nominees|board)\b",8,8,0,406690a937fe6f6f,"measures to their investment decisions. Topics taken into account in such assessments include, among others, the Company’s efforts and impacts on climate change and the environment and human and labor rights, ethics and compliance with law, human capital and diversity, equity and inclusion matters, and the role of the Company’s board of directors in supervising ESG issues. Unfavorable ESG ratings could lead to negative investor sentiment toward us and/or our industry, which could have a negative impact on our access to and costs of capital. In light of investors’ and other stakeholders’ increased focus on ESG matters, there can be no certainty that we will manage such issues successfully, or that we will successfully meet our stakeholders’ or society’s ESG expectations or achieve our ESG goals and financial goals. Additionally, many of our third-party suppliers and vendors may be subject to similar expectations, which may augment or create additional risks, including risks that may not be known to us. We rely on the experience and expertise of our Co-Founder and Chief Executive Officer, senior management team, key technical and strategic employees and hourly personnel. We believe",,,,,,0,0,0,matrix_replaced_by_or_supplemented_with_narrative,"Post-vacatur evidence is board/diversity narrative, not an extracted matrix.",board_diversity_narrative,Published matrix date is on/before due+30 grace.,,,,,,,,,0,,544575752639801e,,,,,1,10,0,,,,,,,,5.0,0,1,0,0,1,0,1,0,156,Consumer / retail,Other non-US,2022,proxy,1,1,0,1,0,1,0,1,0
1667011,AIP,"Arteris, Inc.",domestic,CA,3674,Semiconductors & Related Devices,2021-10-27,first_trading,2022-10-27,2022-11-26,released_in_required_window,high,published_on_time,2022-04-28,on_or_before_due_date,issuer SEC filing,https://www.sec.gov/Archives/edgar/data/1667011/000119312522127538/d323776ddef14a.htm,edgar_filing,DEF 14A,0001193125-22-127538,Board Diversity Matrix;Total Number of Directors;Did Not Disclose Gender;Did Not Disclose Demographic Background,2e6df470ea583c62,"fy as Asian, and one Board member self-identifies as Hispanic, Latino or Latinx. One director, Claudia Fan Munce, who self-identifies as female and Asian, and who will join the Board effective as of May 1, 2022, was not included in the below matrix. Board Diversity Matrix Total Number of Directors 7 Female Male Non-Binary Did Not Disclose Gender Part I: Gender Identity Directors 1 6 — — Part II: Demographic Background African American or Black — — — — Alaskan Native or Native American — — — — Asian — 2 — — Hispanic, Latino or Latinx — 1 — — Native Hawaiian or Pacific Islander — — — — White 1 3 — — Two or More Races or Ethnicities — — — — LGBTQ+ — — — — Did Not Disclose Demographic Background — — — — 19 Table of Contents TRANSACTIONS WITH RELATED PERSONS We describe below transactions and series of similar transactions, since January 1, 2021, to which we were a party or will be a party, i",Board Diversity Matrix,"as of May 1, 2022",7,Female|Male|Non-Binary|Did Not Disclose Gender,African American or Black|Alaskan Native or Native American|Asian|Native Hawaiian or Pacific Islander|White|Two or More Races or Ethnicities|LGBTQ+|Did Not Disclose Demographic Background,1,1,1,continued_other_narrative,2025-04-23,issuer SEC filing,https://www.sec.gov/Archives/edgar/data/1667011/000119312525091349/d880245ddef14a.htm,DEF 14A,0001193125-25-091349,0.75,\bboard diversity\b,6,6,0,d1ff15d3d78dbc04,"derivative instruments related to our securities, (iii) engaging in any hedging or similar transaction designed to decrease the risks associated with holding our securities and (iv) purchasing our securities on margin or pledging our securities as collateral. Board Diversity Among our seven Board members as of April 23, 2025, one Board member self-identifies as female, and six Board members self-identify as male. One Board member self-identifies as white, three Board members self-identify as Asian, one Board member self-identifies as Hispanic, Latino or Latinx, and two Board members do not disclose demographic background. 22 Table of Contents TRANSACTIONS WITH RELATED PERSONS We describe below transactions and series of similar transactions, since January 1, 2022, to which we were a party or will be a party, in which the amount involved exceeded or will exceed the lesser of $120,000 or one percent of the average of our total assets at year-end for the last two completed years with any of our directors, executive officers or holders of more than 5% of our common stock, or an affiliate or immediate family memb",,"as of April 23, 2025",,Female|Male,Asian|White,0,0,0,matrix_replaced_by_or_supplemented_with_narrative,"Post-vacatur evidence is board/diversity narrative, not an extracted matrix.",board_diversity_narrative,Published matrix date is on/before due+30 grace.,,,,,,,,,0,,b6b03a0702301668,7.0,1,0,0,0,4,0,0,0.14285714285714285,0.0,0.0,0.0,0.0,0.0,5.666666666666666,1,1,1,0,0,0,1,0,182,Technology,Other non-US,2022,proxy,1,1,0,1,0,1,0,1,0
1844392,MRAI,"Marpai, Inc.",domestic,FL,8090,"Services-Misc Health & Allied Services, NEC",2021-10-27,first_trading,2022-10-27,2022-11-26,no_release_found_after_checks,medium,not_located,,no_dated_release,,,,,,,,,,,,,,0,0,0,continued_other_narrative,2025-03-27,issuer SEC filing,https://www.sec.gov/Archives/edgar/data/1844392/000101376225002871/ea0235056-10k_marpai.htm,10-K,0001013762-25-002871,0.75,"\b(?:director|directors|nominee|nominees|board)\b.{0,220}\bdiversity\b",4,4,0,62db21b87b07feab,"r stockholders who wish to nominate a director for election to our board of directors should follow the procedures set forth in our bylaws. We have not formally established any specific, minimum qualifications that must be met or skills that are necessary for directors to possess. In general, in identifying and evaluating nominees for director, the board of directors considers educational background, diversity of professional experience, knowledge of our business, integrity, professional reputation, independence, wisdom, and the ability to represent the best interests of our stockholders. 39 Compensation Committee Interlocks and Insider Participation None of our executive officers currently serves, and in the past year has not served, as a member of the compensation committee of any entity that has one or more executive officers serving on our board of directors. Code of Ethics We adopted a Code of Ethics and Insider Trading Policy applicable to our directors, officers, and employees. A copy of the Code of Ethics will be provided without charge upon request from us. We intend to disclose any amendments to or waivers of certain provisions of our Code of Ethics in a Current Report on Form 8-K. Insider Trading Policy We have adopted an insider tr",,,,,,0,0,0,matrix_replaced_by_or_supplemented_with_narrative,"Post-vacatur evidence is board/diversity narrative, not an extracted matrix.",board_diversity_narrative,"No substantive primary matrix located after SEC, committed-check FTS/Wayback, website candidates, and manual/browser review where applicable.","Browser checked Marpai direct matrix guesses; /board-diversity-matrix returned 404 and index.php?s=124 was fundamentals, no matrix.",,,,found,2022-10-27,https://web.archive.org/web/20221027/https://ir.marpaihealth.com/governance,not_found,1,no_release_found_after_checks,968f83ab07af7062,,,,,,,,,,,,,,,0.0,0,0,0,0,0,0,0,0,,Life sciences / medical,Other non-US,2022,unknown,0,0,1,1,0,1,0,1,0
1709048,GFS,GLOBALFOUNDRIES Inc.,foreign_private_issuer,NY,3674,Semiconductors & Related Devices,2021-10-28,first_trading,2022-10-28,2022-11-27,no_release_found_after_checks,medium,not_located,,no_dated_release,,,,,,,,,,,,,,0,0,0,not_continued_in_reviewed_filings,,,,,,0.7,,28,28,0,,,,,,,,0,0,0,no_post_vacatur_matrix_extracted,No post-vacatur matrix was extracted from reviewed filings.,no_signal_found,"No substantive primary matrix located after SEC, committed-check FTS/Wayback, website candidates, and manual/browser review where applicable.","Web search for GLOBALFOUNDRIES plus Board Diversity Matrix returned Nasdaq examples/other-company references, not GFS own matrix.",not_found_in_current_sec_filings,,,not_found,,,not_found,1,no_release_found_after_checks,89889eccb065dbe2,,,,,,,,,,,,,,,0.0,0,0,0,0,0,0,0,0,,Technology,Other non-US,2022,unknown,0,0,1,0,0,0,1,0,0
1769804,,"Augmedix, Inc.",domestic,CA,7389,"Services-Business Services, NEC",2021-10-28,pricing_proxy,2022-10-28,2022-11-27,released_in_required_window,high,published_on_time,2022-05-02,on_or_before_due_date,issuer SEC filing,https://www.sec.gov/Archives/edgar/data/1769804/000121390022023206/def14a0422_augmedixinc.htm,edgar_filing,DEF 14A,0001213900-22-023206,Board Diversity Matrix;Total Number of Directors;Did Not Disclose Gender;Did Not Disclose Demographic Background,913d04a9b07fffb0,"e end of 2019 and are required to have at least three female directors by the end of 2021. We believe that we are presently in compliance with the diversity requirements imposed by the proposed Nasdaq listing rules as well as SB826 summarized above. Board Diversity Matrix Board Diversity Matrix (As of April 29, 2022) Total Number of Directors 9 Female Male Non- Binary Did Not Disclose Gender Directors 3 6 0 0 Number of Directors who identify in Any of the Categories Below: African American or Black 0 0 0 0 Alaskan Native or Native American 0 0 0 0 Asian 1 0 0 0 Hispanic or Latinx 0 0 0 0 Native Hawaiian or Pacific Islander 0 0 0 0 White 0 0 0 0 Two or More Races or Ethnicities 0 0 0 0 LGBTQ+ 1 Did not Disclose Demographic Background 0 In 2020, AB 979 was adopted which requires all publicly held corporations headquartered in California to diversify their boards of directors with directors",Board Diversity Matrix Board Diversity Matrix,"As of April 29, 2022",9,Female|Male|Did Not Disclose Gender,African American or Black|Alaskan Native or Native American|Asian|Hispanic or Latinx|Hispanic or Latin|Native Hawaiian or Pacific Islander|White|Two or More Races or Ethnicities|LGBTQ+|Did Not Disclose Demographic Background,0,1,1,no_post_vacatur_relevant_filing,,,,,,0.65,,0,0,0,,,,,,,,0,0,0,no_post_vacatur_matrix_extracted,No post-vacatur matrix was extracted from reviewed filings.,no_signal_found,Published matrix date is on/before due+30 grace.,,,,,,,,,0,,0a3128fc3c86edbf,9.0,3,,0,1,0,1,0,0.3333333333333333,,0.0,0.1111111111111111,0.1111111111111111,0.0,5.0,1,1,1,0,1,1,1,0,179,Services,Other non-US,2022,proxy,1,1,0,0,0,0,1,0,0
1868941,FLNC,"Fluence Energy, Inc.",domestic,VA,3690,"Miscellaneous Electrical Machinery, Equipment & Supplies",2021-10-28,first_trading,2022-10-28,2022-11-27,released_in_required_window,high,published_on_time,2022-01-28,on_or_before_due_date,issuer SEC filing,https://www.sec.gov/Archives/edgar/data/1868941/000114036122003004/ny20002104x1_def14a.htm,edgar_filing,DEF 14A,0001140361-22-003004,Board Diversity Matrix;Total Number of Directors;Did Not Disclose Gender;Did Not Disclose Demographic Background,f50dd885d63745a3,"the attention of the Corporate Secretary at our offices at 4601 Fairfax Drive, Suite 600, Arlington, Virginia 22203. The Corporate Secretary will forward the communication to the appropriate director or directors as appropriate. 24 TABLE OF CONTENTS Board Diversity Matrix The matrix below sets forth the self-identified gender identity and demographic diversity attributes of each of our directors as of January 28, 2022. Please see “Information About Director Nominees,” above, for biographical information on each of our directors. ​ Total Number of Directors ​ ​ ​ ​ ​ ​ Female ​ ​ Male ​ ​ Non- Binary ​ ​ Did Not Disclose Gender ​ ​ Part I: Gender Identity ​ ​ Directors ​ ​ 5 ​ ​ 7 ​ ​ — ​ ​ — ​ ​ Part II: Demographic Background ​ ​ African American or Black ​ ​ — ​ ​ 1 ​ ​ ​ ​ ​ ​ Alaskan Native or Native American ​ ​ — ​ ​ — ​ ​ ​ ​ ​ ​ Asian ​ ​ — ​ ​ — ​ ​ ​ ​ ​ ​ Hispanic or Latinx ​",Board Diversity Matrix The matrix,"as of January 28, 2022",,Female|Male|Did Not Disclose Gender,African American or Black|Alaskan Native or Native American|Asian|Hispanic or Latinx|Hispanic or Latin,0,1,0,continued_same_matrix,2025-01-24,issuer SEC filing,https://www.sec.gov/Archives/edgar/data/1868941/000186894125000007/flnc-20250124.htm,DEF 14A,0001868941-25-000007,0.9,"\b(?:director|directors|board|nominee|nominees)\s+(?:diversity|demographics?)\s+matrix\b;\bgender identity\b;\bdemographic background\b;\bfemale\b.{0,80}\bmale\b",6,1,0,d2801366b9ad50f2,"X X X X X X X X X X DisruptTech X X X X X X X Global Citizenship X X X X X X X X Operational Experience X X X X X X X X X X X Financial Expertise X X X X X X X X X X X X Corporate Governance X X X X X X X X X X X Board Experience X X X X X X X X X X Director Nominee Diversity Matrix The Board believes that diversity and inclusion are important considerations in board composition. In considering any potential director nominees, our Nominating and Corporate Governance Committee considers a number of factors including, but not limited to, personal and professional integrity, ethics and values; diversity of expertise and experience in substantive matters pertaining to the Company’s business relative to other board members; and diversity of background and perspective. The matrix below sets forth the self-identified gender identity and demographic diversity attributes of each of our Director Nominees. Please see “ Information About Director Nominees ” above, for biographical information on each of our Director Nominees. Total Number of Director Nominees 12 Female Male Part I: Gender Identity Director Nominees 4 8 Part II: Demographic Background African American or Black — 1 Asian — 1 Hispanic or Latinx 1 2 White 3 4 Boa",Director Nominee Diversity Matrix,,12,Female|Male,African American or Black|Asian|Hispanic or Latinx|Hispanic or Latin|White,0,0,0,changed_extracted_shape,"title: Board Diversity Matrix The matrix -> Director Nominee Diversity Matrix; as-of date: initial extracted, post-vacatur not extracted; total directors: post-vacatur extracted, initial not extracted; gender columns: Female|Male|Did Not Disclose Gender -> Female|Male; demographic rows: African American or Black|Alaskan Native or Native American|Asian|Hispanic or Latinx|Hispanic or Latin -> African American or Black|Asian|Hispanic or Latinx|Hispanic or Latin|White",matrix,Published matrix date is on/before due+30 grace.,,,,,,,,,1,post_vacatur_matrix_format_changed,fb9a4bd10ace39a0,,,,,,,,,,,,,,,1.0,0,0,0,0,0,0,0,0,273,Energy / industrials,Other non-US,2022,proxy,1,1,0,1,1,0,0,1,0
1501796,AURA,"Aura Biosciences, Inc.",domestic,MA,2836,"Biological Products, (No Diagnostic Substances)",2021-10-29,first_trading,2022-10-29,2022-11-28,released_in_required_window,high,published_on_time,2022-04-28,on_or_before_due_date,issuer SEC filing,https://www.sec.gov/Archives/edgar/data/1501796/000119312522127614/d309116ddef14a.htm,edgar_filing,DEF 14A,0001193125-22-127614,Board Diversity Matrix;Total Number of Directors;Did Not Disclose Gender;Did Not Disclose Demographic Background,8b637a5829b09df5,"creating a board of directors with diversity, including diversity of expertise, experience, background and gender, and are committed to identifying, recruiting and advancing candidates offering such diversity in future searches. 7 Table of Contents Board Diversity Matrix As of April 28, 2022 Total Number of Directors 7 Female Male Non-Binary Did Not Disclose Gender Part I: Gender Identity Directors 2 5 — — Part II: Demographic Background African American or Black — — — — Alaskan Native or Native American — — — — Asian 1 2 — — Hispanic or Latinx 1 — — — Native Hawaiian or Pacific Islander — — — — White — 3 — — Two or More Races or Ethnicities — — — — LGBTQ+ — Did Not Disclose Demographic Background — In addition to the information presented below regarding each of the nominees and continuing directors’ specific experience, qualifications, attributes and skills that our board of directors",Board Diversity Matrix,"As of April 28, 2022",7,Female|Male|Non-Binary|Did Not Disclose Gender,African American or Black|Alaskan Native or Native American|Asian|Hispanic or Latinx|Hispanic or Latin|Native Hawaiian or Pacific Islander|White|Two or More Races or Ethnicities|LGBTQ+|Did Not Disclose Demographic Background,1,1,1,continued_other_narrative,2025-04-24,issuer SEC filing,https://www.sec.gov/Archives/edgar/data/1501796/000095017025058062/aura-20250424.htm,DEF 14A,0000950170-25-058062,0.75,"\bdiversity\b.{0,220}\b(?:director|directors|nominee|nominees|board)\b",7,7,0,57ed3cdccd2c36ef,"ative culture among board members and their knowledge of our business and understanding of the competitive landscape in which we operate and adherence to high ethical standards. Although our Nominating and Corporate Governance Committee does not have a formal diversity policy and does not follow any ratio or formula with respect to diversity in order to determine the appropriate composition of the Board of Directors, the Nominating and Corporate Governance Committee and the full Board of Directors are committed to creating a board of directors with diverse expertise, experience and background. In addition to the information presented below regarding each of the nominees and continuing directors’ specific experience, qualifications, attributes and skills that our Board of Directors and our Nominating and Corporate Governance Committee considered in determining that he or she should serve as a director, we also believe that each of our directors has demonstrated business acumen, integrity and an ability to exercise sound judgment, as well as a commitment of service to our Company and our Board of Directors. Nominee for Election as Class I Director The following table identifies our director nominees, and sets forth their principal occupation and business experience during the last five years and age as of March 31, 2025",,"as of March 31, 2025",,,,0,0,0,matrix_replaced_by_or_supplemented_with_narrative,"Post-vacatur evidence is board/diversity narrative, not an extracted matrix.",board_diversity_narrative,Published matrix date is on/before due+30 grace.,,,,,,,,,0,,a264cb11d77ef442,7.0,2,0,0,4,3,0,0,0.2857142857142857,0.0,0.0,0.5714285714285714,0.0,0.0,6.0,1,1,1,0,1,0,1,0,184,Life sciences / medical,Other non-US,2022,proxy,1,1,0,1,0,1,0,1,0
1607939,UDMY,"Udemy, Inc.",domestic,CA,8200,Services-Educational Services,2021-10-29,first_trading,2022-10-29,2022-11-28,released_in_required_window,high,published_on_time,2022-04-20,on_or_before_due_date,issuer SEC filing,https://www.sec.gov/Archives/edgar/data/1607939/000160793922000021/udemyinc-definitiveproxyst.htm,edgar_filing,DEF 14A,0001607939-22-000021,Board Diversity Matrix;Total Number of Directors,f3d1fd8485fc873f,"responsibilities on behalf of our stockholders, while Mr. Coccari’s combined role enables strong leadership, creates clear accountability and enhances our ability to communicate our message and strategy clearly and consistently to stockholders. -8- Board Diversity Matrix as of April 20, 2022 Board Size: Total number of directors: 7 Gender: Male Female Non-Binary Number of directors based on gender identity 3 1 1 Number of directors who identify in any of the categories below: African American or Black – – – Alaskan Native of American Indian – – – Asian – 1 – Hispanic or Latino – – – Native Hawaiian or Pacific Islander – – – White 3 – – Two or More Races or Ethnicities – – 1 LGBTQ+ 1 Undisclosed 2 Role of Board in Risk Oversight Process Risk is inherent with every business, and we face a number of risks, including strategic, financial, business and operational, legal and compliance and re",Board Diversity Matrix,"as of April 20, 2022",7,Female|Male|Non-Binary,African American or Black|Asian|Hispanic or Latin|Native Hawaiian or Pacific Islander|White|Two or More Races or Ethnicities|LGBTQ+,1,0,0,continued_other_narrative,2025-04-02,issuer SEC filing,https://www.sec.gov/Archives/edgar/data/1607939/000160793925000040/ude-20250402.htm,PRE 14A,0001607939-25-000040,0.75,"\bdiversity\b.{0,220}\b(?:director|directors|nominee|nominees|board)\b",6,6,0,3aaff123c3957816,"pt our CEO and former CEO) • Fully independent standing Board committees • Independent Board chairperson • Robust Board oversight of long-term strategy, risk management, cybersecurity, executive compensation, and governance matters • Healthy mix of tenure and diversity represented on our Board (4 of our independent directors joined since 2022 and 2 new independent directors in 2024, all of whom are diverse in race, ethnicity, or gender) • Robust annual self-evaluation process for our Board, its committees and our directors • Board members encouraged to limit participation on other public company boards • Anti-hedging and anti-pledging policy for directors, officers, and employees • Meaningful stock ownership guidelines for our Board and executive officers • Incentive compensation recovery policy for accounting restatements • Board policy for CEO succession planning Executive Compensation Highlights We believe that our long-term success depends, in part, on attracting, motivating, and retaining talented executive leadership through compensation incentives that are closely aligned with Udemy's performance and the interests of our stockholders. Our compensation programs emphasize long-term performance and the creation of stockholder value by significantly weighting the compensation of our named executive officers towards equi",,,,,,0,0,0,matrix_replaced_by_or_supplemented_with_narrative,"Post-vacatur evidence is board/diversity narrative, not an extracted matrix.",board_diversity_narrative,Published matrix date is on/before due+30 grace.,,,,,,,,,0,,42f4b34142a4bd9b,7.0,,,,2,3,1,,,,,0.2857142857142857,0.14285714285714285,,3.8333333333333335,0,1,0,0,1,1,1,0,192,Services,Other non-US,2022,proxy,1,1,0,1,0,1,0,1,0
1689375,TRDA,"Entrada Therapeutics, Inc.",domestic,MA,2834,Pharmaceutical Preparations,2021-10-29,first_trading,2022-10-29,2022-11-28,released_in_required_window,high,published_on_time,2022-04-19,on_or_before_due_date,issuer SEC filing,https://www.sec.gov/Archives/edgar/data/1689375/000110465922047338/tm2212715-1_def14a.htm,edgar_filing,DEF 14A,0001104659-22-047338,Board Diversity Matrix;Total Number of Directors;Did Not Disclose Gender;Did Not Disclose Demographic Background,b632dee3491cb596,"e, conflicts of interest, and other factors. The composition of our board of directors currently includes five individuals who are diverse under the Nasdaq Stock Market LLC (“Nasdaq”) listing rule regarding board diversity, as presented in the below Board Diversity Matrix. Under the Nasdaq listing rule, directors who self-identify as (i) female, (ii) an underrepresented minority, or (iii) LGBTQ+ are defined as being diverse. 8 TABLE OF CONTENTS Board Diversity Matrix ​ ​ ​ As of April 19, 2022 ​ Total Number of Directors ​ ​ 7 ​ ​ ​ ​ Female ​ ​ Male ​ ​ ​ ​ ​ ​ ​ ​ Non- Binary ​ ​ Did Not Disclose Gender ​ Part I: Gender Identity ​ ​ ​ ​ ​ ​ ​ ​ ​ ​ ​ ​ ​ ​ ​ ​ ​ ​ ​ ​ ​ ​ ​ ​ ​ ​ ​ ​ ​ ​ ​ Directors ​ ​ ​ ​ 2 ​ ​ ​ ​ ​ 5 ​ ​ ​ ​ ​ ​ ​ ​ ​ ​ ​ — ​ ​ ​ ​ ​ — ​ ​ Part II: Demographic Background ​ ​ ​ ​ ​ ​ ​ ​ ​ ​ ​ ​ ​ ​ ​ ​ ​ ​ ​ ​ ​ ​ ​ ​ ​ ​ ​ ​ ​ ​ ​ African American or Black ​ ​ ​ ​",Board Diversity Matrix,"As of April 19, 2022",,Female|Male|Did Not Disclose Gender,African American or Black|LGBTQ+,0,1,0,not_continued_in_reviewed_filings,,,,,,0.7,,8,8,0,,,,,,,,0,0,0,no_post_vacatur_matrix_extracted,No post-vacatur matrix was extracted from reviewed filings.,no_signal_found,Published matrix date is on/before due+30 grace.,,,,,,,,,0,,c8abb62b8d529d14,,,,,,,34,,,,,,,,2.0,0,0,0,0,0,1,1,0,193,Life sciences / medical,Other non-US,2022,proxy,1,1,0,0,0,0,1,0,0
1858685,BFRI,Biofrontera Inc.,domestic,MA,2834,Pharmaceutical Preparations,2021-10-29,first_trading,2022-10-29,2022-11-28,released_in_required_window,high,published_on_time,2022-11-08,within_30_day_grace,issuer SEC filing,https://www.sec.gov/Archives/edgar/data/1858685/000149315222030999/formdef14a.htm,edgar_filing,DEF 14A,0001493152-22-030999,Board Diversity Matrix;Total Number of Directors;Did Not Disclose Gender;Did Not Disclose Demographic Background,d93cb629d47fe1ec,"by law or the Nasdaq listing standards concerning any amendments to, or waivers from, any provision of the code. The information on or accessed through our website is deemed not to be incorporated in this prospectus or to be part of this prospectus. Board Diversity Matrix The matrix below summarizes certain information regarding the diversity of our Board as of the date of this proxy statement. Each of the categories listed in the table below has the meaning set forth in Nasdaq Rule 5605(f). Board Diversity Matrix for Biofrontera Inc. As of November 8, 2022 Total Number of Directors: 5 Part I: Gender Identity Female Male Non-Binary Did Not Disclose Gender Directors 2 3 Part II: Demographic Background African American or Black Alaskan Native or American Indian Asian Hispanic or Latinx Native Hawaiian or Pacific Islander White 1 3 Two or More Races or Ethnicities LGBTQ+ Did Not Disclose De",Board Diversity Matrix The matrix,"As of November 8, 2022",5,Female|Male|Non-Binary|Did Not Disclose Gender,African American or Black|Asian|Hispanic or Latinx|Hispanic or Latin|Native Hawaiian or Pacific Islander|White|Two or More Races or Ethnicities|LGBTQ+,1,1,0,continued_other_narrative,2025-04-18,issuer SEC filing,https://www.sec.gov/Archives/edgar/data/1858685/000164117225005431/formpre14a.htm,PRE 14A,0001641172-25-005431,0.75,"\bdiversity\b.{0,220}\b(?:director|directors|nominee|nominees|board)\b",8,8,0,fa775e7ddf91200f,"he proposed nominee to be named as a nominee and to serve as a director if elected. The nominating and corporate governance committee and the Board of Directors have not established any specific minimum qualification standards for director nominees (including diversity characteristics); rather, in evaluating the suitability of individuals for board membership, the nominating and corporate governance committee and the Board of Directors consider the way in which it believes the individual can assist the Company in pursuing its goals and advancing its strategies. During the year ended December 31, 2024, our nominating and corporate governance committee held two meetings. Compensation Committee Our compensation committee consists of Mr. Weber (Chairperson), Mr. Borer, and Dr. Hoffman. Our compensation committee charter details the principal functions of the compensation committee, including: ● reviewing and approving on an annual basis the corporate goals and objectives relevant to the compensation of our President and Chief Executive Officer (and Executive Chairman, when applicable), evaluating the performance of our President and Chief Executive Officer (and Executive Chairman, when applicable) in light of such goals and objectives, and determining and approving the rem",,,,,,0,0,0,matrix_replaced_by_or_supplemented_with_narrative,"Post-vacatur evidence is board/diversity narrative, not an extracted matrix.",board_diversity_narrative,Published matrix date is on/before due+30 grace.,,,,,,,,,0,,ef16d86f854fbbd5,5.0,,,,,,,,,,,,,,2.0,0,0,0,0,0,0,0,0,-10,Life sciences / medical,Other non-US,2022,proxy,1,1,0,1,0,1,0,1,0
1870940,AIRS,"Airsculpt Technologies, Inc.",domestic,FL,8011,Services-Offices & Clinics of  Doctors of  Medicine,2021-10-29,first_trading,2022-10-29,2022-11-28,released_after_required_window,high,published_late,2024-08-08,after_30_day_grace,issuer website archived by Internet Archive,https://investors.elitebodysculpture.com/corporate-governance/board-of-directors/,website_archive,,https://investors.elitebodysculpture.com/corporate-governance/board-of-directors/,Board Diversity Matrix;Total Number of Directors;Gender Identity;Demographic Background,91fd2f340193f3a7,"AirSculpt Technologies, Inc. Board Diversity Matrix. Board Diversity Matrix (As of August 8, 2024). Total Number of Directors 7. Part I: Gender Identity: Directors Female 2, Male 5. Part II: Demographic Background: Asian 1; White Female 1, Male 5; LGBTQ+ 1. The page also shows a January 7, 2025 matrix.",Board Diversity Matrix,"As of August 8, 2024",7,Female|Male,Asian|White|LGBTQ+,0,0,0,continued_other_narrative,2025-03-28,issuer SEC filing,https://www.sec.gov/Archives/edgar/data/1870940/000187094025000014/airsculpt2024proxydef14a.htm,DEF 14A,0001870940-25-000014,0.75,\bdiverse board\b,6,6,0,61c2608a13471fec,"d that directors should possess strong personal and professional ethics, integrity, and values; be business savvy and genuinely interested in the Company; and be committed to representing the long-term interests of our stockholders. Our goal is a balanced and diverse Board, with members whose skills, background and experience are complementary and, together, cover the spectrum of areas that impact our business. In reviewing any candidates for director nomination, our Board and nominating and corporate governance committee will consider candidates who reflect diverse backgrounds. Communications with Directors Stockholders wishing to communicate with the Board may do so by writing to the Board or to the non-employee members of the Board as a group, at: AirSculpt Technologies, Inc. 1111 Lincoln Road, Suite 802 Miami Beach, Florida 33139 Attention: Secretary The communication must prominently display the legend “BOARD COMMUNICATION” in order to indicate to the Chief Financial Officer that it is a communication for the Board. Upon receiving such a communication, the Chief Financial Officer will promptly forward",,,,,,0,0,0,matrix_replaced_by_or_supplemented_with_narrative,"Post-vacatur evidence is board/diversity narrative, not an extracted matrix.",board_diversity_narrative,Published matrix date is after due+30 grace.,Browser confirmed substantive current issuer-site matrix; late versus initial due date.,not_found_in_current_sec_filings,,,not_found,,,not_found,0,,1c000e2f456f4536,7.0,2,,,,6,8,,0.2857142857142857,,,,1.0,,2.0,1,0,1,0,0,1,1,0,-649,Services,Other non-US,2022,unknown,1,0,1,1,0,1,0,1,0
1831283,LIANY,LianBio,domestic,NJ,2834,Pharmaceutical Preparations,2021-11-01,first_trading,2022-11-01,2022-12-01,no_release_found_after_checks,medium,not_located,,no_dated_release,,,,,,,,,,,,,,0,0,0,no_post_vacatur_relevant_filing,,,,,,0.65,,0,0,0,,,,,,,,0,0,0,no_post_vacatur_matrix_extracted,No post-vacatur matrix was extracted from reviewed filings.,no_signal_found,"No substantive primary matrix located after SEC, committed-check FTS/Wayback, website candidates, and manual/browser review where applicable.","Web search for LianBio plus Board Diversity Matrix returned other-company references and aggregate/third-party mentions, not a primary LianBio matrix.",not_found_in_current_sec_filings,,,not_found,,,not_found,1,no_release_found_after_checks,74b36c0a0967cfeb,,,,,,,,,,,,,,,0.0,0,0,0,0,0,0,0,0,,Life sciences / medical,Other non-US,2022,unknown,0,0,1,0,0,0,1,0,0
1392694,SURG,"SurgePays, Inc.",domestic,TN,4813,Telephone Communications (No Radiotelephone),2021-11-03,pricing_proxy,2022-11-03,2022-12-03,released_after_required_window,high,published_late,2024-03-12,after_30_day_grace,issuer SEC filing,https://www.sec.gov/Archives/edgar/data/1392694/000149315224009671/formdef14a.htm,edgar_filing,DEF 14A,https://www.sec.gov/Archives/edgar/data/1392694/000149315224009671/formdef14a.htm,Board Diversity Matrix,290f80e357131b54,"Board Diversity Matrix (as of June 5, 2023) Part I: Gender Identity Male 4 Female 1",Board Diversity Matrix,"as of June 5, 2023",,Female|Male,,0,0,0,not_continued_in_reviewed_filings,,,,,,0.7,,5,5,0,,,,,,,,0,0,0,no_post_vacatur_matrix_extracted,No post-vacatur matrix was extracted from reviewed filings.,no_signal_found,Published matrix date is after due+30 grace.,Existing SQLite observation was substantive; targeted reclassification moved row to published_late.,not_found_in_current_sec_filings,,,not_found,,,not_found,0,,56530fa4741be070,,,,,,,,,,,,,,,0.0,0,0,0,0,0,0,0,0,-495,Other / mixed,Other non-US,2022,proxy,1,0,1,0,0,0,1,0,0
1653909,BIRD,"Allbirds, Inc.",domestic,CA,2300,Apparel & Other Finishd Prods of  Fabrics & Similar Matl,2021-11-03,first_trading,2022-11-03,2022-12-03,released_in_required_window,high,published_on_time,2022-04-28,on_or_before_due_date,issuer SEC filing,https://www.sec.gov/Archives/edgar/data/1653909/000165390922000029/allbirds-proxystatement202.htm,edgar_filing,DEF 14A,0001653909-22-000029,Board Diversity Matrix;Total Number of Directors;Did Not Disclose Gender;Did Not Disclose Demographic Background,10cd5d709d6bc85c,"versity of Pennsylvania. Mr. Zwillinger was selected to serve on our Board of Directors because of the perspective and experience he brings as our co-founder and Co-Chief Executive Officer as well as his management experience. 10 BOARD DIVERSITY The Board Diversity Matrix, below, provides the diversity statistics for our Board of Directors. Board Diversity Matrix (As of April 28, 2022) Total Number of Directors 8 Female Male Non- Binary Did Not Disclose Gender Part I: Gender Identity Directors 3 4 0 1 Part II: Demographic Background African American or Black 1 0 0 0 Alaskan Native or Native American 0 0 0 0 Asian 0 0 0 0 Hispanic or Latinx 0 0 0 0 Native Hawaiian or Pacific Islander 0 0 0 0 White 2 4 0 0 Two or More Races or Ethnicities 0 0 0 0 LGBTQ+ 0 Did Not Disclose Demographic Background 1 11 INFORMATION REGARDING THE BOARD OF DIRECTORS AND CORPORATE GOVERNANCE INDEPENDENCE OF THE B",BOARD DIVERSITY The Board Diversity Matrix,"As of April 28, 2022",8,Female|Male|Did Not Disclose Gender,African American or Black|Alaskan Native or Native American|Asian|Hispanic or Latinx|Hispanic or Latin|Native Hawaiian or Pacific Islander|White|Two or More Races or Ethnicities|LGBTQ+|Did Not Disclose Demographic Background,0,1,1,continued_other_narrative,2025-04-24,issuer SEC filing,https://www.sec.gov/Archives/edgar/data/1653909/000165390925000014/bird-20250423.htm,DEF 14A,0001653909-25-000014,0.75,"\bdiversity\b.{0,220}\b(?:director|directors|nominee|nominees|board)\b",8,8,0,5c46687282abc943,"orporation status. Candidates for director nominees are reviewed in the context of the current composition of the Board, the operating requirements of the Company, and the long-term interests of stockholders. In conducting this assessment, the Board considers diversity (including diversity of gender, ethnic background, and country of origin), age, skills, and other factors that it deems appropriate to maintain a balance of knowledge, experience, and capability on the Board. From time to time, the Board in its discretion may change the criteria for Board membership. Board and Committee Self-Evaluations The SNG Committee annually oversees a self-evaluation of the Board to determine whether the Board and its committees are functioning effectively. As appropriate, the SNG Committee will make recommendations to the Board for areas of improvement. The self-evaluation includes evaluation of (a) the Board’s and each committee’s contribution as a whole and effectiveness in serving the best interests of the Company and its stockholders, (b) specific areas in which the Board and management believe that the performance of the Board and its committees could be improved, and (c) overall Board composition and makeup. The factors to be considered shall include whether the directors can and do provide the integrity, experi",,,,,,0,0,0,matrix_replaced_by_or_supplemented_with_narrative,"Post-vacatur evidence is board/diversity narrative, not an extracted matrix.",board_diversity_narrative,Published matrix date is on/before due+30 grace.,,,,,,,,,0,,936e1f05402227ed,8.0,3,,0,1,6,0,1,0.375,,0.0,0.125,0.0,0.125,5.0,1,1,1,0,1,0,1,1,189,Consumer / retail,Other non-US,2022,proxy,1,1,0,1,0,1,0,1,0
1412558,EVO,Evotec SE,foreign_private_issuer,Germany,2834,Pharmaceutical Preparations,2021-11-04,first_trading,2022-11-04,2022-12-04,released_in_required_window,high,published_on_time,2022-04-26,on_or_before_due_date,issuer SEC filing,https://www.sec.gov/Archives/edgar/data/1412558/000110465922049929/evo-20211231x20f.htm,edgar_filing,20-F,0001104659-22-049929,Board Diversity Matrix;Did Not Disclose Gender;Did Not Disclose Demographic Background,4d613d0ff13caef8,"s ensured by composing an international experienced Board with broad based skill sets rather than focusing specifically on to ethnic, gender or age diversity. The following chart provides additional diversity information about our Supervisory Board. Board Diversity Matrix (As of April 12, 2022) Country of Principal Executive Office Germany Foreign Private Issuer Yes Disclosure Prohibited Under Home Country Law No Total Number of Members 6 Female Male Non-Binary Did Not Disclose Gender Part I: Gender Identity Directors [3] [3] [0] [0] Part II: Demographic Background Underrepresented Individual in Home Country Jurisdiction 0 LGBTQ+ 0 Did Not Disclose Demographic Background 6 ​ Our Supervisory Board as a whole generally makes decisions, however decisions on certain matters may be delegated to committees of our Supervisory Board to the extent permitted by law. The chairperson, or if he or sh",Board Diversity Matrix,"As of April 12, 2022",,Female|Male|Non-Binary|Did Not Disclose Gender,LGBTQ+|Did Not Disclose Demographic Background,1,1,1,continued_same_matrix,2025-04-17,issuer SEC filing,https://www.sec.gov/Archives/edgar/data/1412558/000110465925035638/evo-20241231x20f.htm,20-F,0001104659-25-035638,0.95,Board Diversity Matrix;Did Not Disclose Gender;Did Not Disclose Demographic Background,25,1,0,624cc3342169d44b,"thoughts” is ensured by composing internationally experienced Management and Supervisory Boards with broad and complementary skill sets. 81 Table of Contents The following chart provides additional diversity information about our Supervisory Board. Board Diversity Matrix (As of December 31, 2024) Country of Principal Executive Office Germany Foreign Private Issuer Yes Disclosure Prohibited Under Home Country Law No Total Number of Members 6 Female Male Non-Binary Did Not Disclose Gender Part I: Gender Identity Directors [3] [3] [0] [0] Part II: Demographic Background Underrepresented Individual in Home Country Jurisdiction 0 LGBTQ+ 0 Did Not Disclose Demographic Background 6 ​ Our Supervisory Board as a whole generally makes decisions, however decisions on certain matters may be delegated to committees of our Supervisory Board to the extent permitted by law. The chairperson, or if he or she is prevented from doing so, the vice chairperson, chairs the meetings of the Supervisory Board and determines the order in which the agenda items are discussed, the method and order of voting, as well as any adjournment of the discussion and pas",Board Diversity Matrix,"As of December 31, 2024",,Female|Male|Non-Binary|Did Not Disclose Gender,LGBTQ+|Did Not Disclose Demographic Background,1,1,1,changed_extracted_shape,"as-of date: As of April 12, 2022 -> As of December 31, 2024",matrix,Published matrix date is on/before due+30 grace.,,,,,,,,,1,post_vacatur_matrix_format_changed,50c333475a9f33cd,,3,0,0,,,0,6,,,,,,,4.0,1,0,1,0,0,0,1,1,192,Life sciences / medical,Other non-US,2022,20-F,1,1,0,1,1,0,0,1,0
1625278,NRDS,"NERDWALLET, INC.",domestic,CA,7374,Services-Computer Processing & Data Preparation,2021-11-04,first_trading,2022-11-04,2022-12-04,released_in_required_window,high,published_on_time,2022-04-14,on_or_before_due_date,issuer SEC filing,https://www.sec.gov/Archives/edgar/data/1625278/000119312522104971/d258585ddef14a.htm,edgar_filing,DEF 14A,0001193125-22-104971,Board Diversity Matrix;Total Number of Directors;Did Not Disclose Demographic Background,4c6e821f2c46b5ae,"MMARY A HIGHLY DIVERSE AND SKILLED BOARD We believe that our diverse Board has an appropriate mix of skills, expertise and experience to oversee critical matters of the Company and to represent the interests of our stockholders. Board and Committees Board Diversity Matrix (as of April 14, 2022) Total Number of Directors: 5 Part I: Gender Identity Male Female Non-Binary Not Disclosed Directors 3 2 — — Part II: Demographic Background African American or Black — — — — Alaskan Native or Native American — — — — Asian 1 — — — Hispanic or Latinx — — — — Native Hawaiian or Pacific Islander — — — — White 4 — — — Two or More Races or Ethnicities — LGBTQ+ — Did Not Disclose Demographic Background — 7 Table of Contents PROXY SUMMARY Executive Compensation—A Transition Year of a New Public Company We are an “emerging growth company,” as defined in the JOBS Act. As an emerging growth company, we have",Board and Committees Board Diversity Matrix,"as of April 14, 2022",5,Female|Male|Non-Binary,African American or Black|Alaskan Native or Native American|Asian|Hispanic or Latinx|Hispanic or Latin|Native Hawaiian or Pacific Islander|White|Two or More Races or Ethnicities|LGBTQ+|Did Not Disclose Demographic Background,1,0,1,continued_same_matrix,2025-04-14,issuer SEC filing,https://www.sec.gov/Archives/edgar/data/1625278/000162527825000056/def14aandproxycard2025.htm,DEF 14A,0001625278-25-000056,0.85,Total Number of Directors;Did Not Disclose Demographic Background,6,2,0,9e03e6e40a501a9d,"ublic Company Board Experience • • • Operations & Strategy • • • Corporate Governance • Former CEO • • Diversity • Finance/Capital Allocation • • COMMITTEES Audit Committee Compensation Committee CHAIR MEMBER Board Composition (as of March 24, 2025) Total Number of Directors: 5 Part I: Gender Identity Male Female Non-Binary Not Disclosed Directors 3 2 — — Part II: Demographic Background African American or Black 1 — — — Alaskan Native or Native American — — — — Asian 1 — — — Hispanic or Latinx — — — — Native Hawaiian or Pacific Islander — — — — White 1 2 — — Two or More Races or Ethnicities — — — — LGBTQ+ — — — — Did Not Disclose Demographic Background — — — — 6 PROXY STATEMENT 2025 PROXY SUMMARY Executive Compensation We are an “emerging growth company,” as defined in the JOBS Act. As an emerging growth company, we have reduced disclosure and are exempt from certain requirements related to executive compensation, including the requirements to hold non-binding advisory votes on executive compensation, to provide information relating to the ratio of total compensation of our Chief Executive Officer to the median of the annual total c",,"as of March 24, 2025",5,Female|Male|Non-Binary,African American or Black|Alaskan Native or Native American|Asian|Hispanic or Latinx|Hispanic or Latin|Native Hawaiian or Pacific Islander|White|Two or More Races or Ethnicities|LGBTQ+|Did Not Disclose Demographic Background,1,0,1,changed_extracted_shape,"title: initial extracted, post-vacatur not extracted; as-of date: as of April 14, 2022 -> as of March 24, 2025",matrix,Published matrix date is on/before due+30 grace.,,,,,,,,,1,post_vacatur_matrix_format_changed,6c27ce8a153fc5c6,5.0,3,0,,1,4,0,7,0.6,0.0,,0.2,0.0,1.0,4.833333333333334,1,1,1,0,1,0,1,1,204,Technology,Other non-US,2022,proxy,1,1,0,1,1,0,0,1,0
1872529,MDXH,MDxHealth SA,foreign_private_issuer,C9,8071,Services-Medical Laboratories,2021-11-04,first_trading,2022-11-04,2022-12-04,released_after_required_window,high,published_late,2024-04-30,after_30_day_grace,issuer SEC filing,https://www.sec.gov/Archives/edgar/data/1872529/000121390024037806/ea0203819-20f_mdxhealt.htm,edgar_filing,20-F,https://www.sec.gov/Archives/edgar/data/1872529/000121390024037806/ea0203819-20f_mdxhealt.htm,Board Diversity Matrix;Total Number of Directors;Gender Identity;Demographic Background,da1dfed13398f25f,"MDxHealth SA Board Diversity Matrix (as of April 30, 2024). Country of Principal Executive Offices: Belgium. Foreign Private Issuer Yes. Disclosure Prohibited under Home Country Law Yes. Total Number of Directors 7. Part I: Gender Identity: Directors Female 3, Male 4. Part II: Demographic Background: Did Not Disclose Demographic Background Female 3, Male 4. The filing also includes a prior matrix as of April 25, 2023.",Board Diversity Matrix,"as of April 30, 2024",7,Female|Male,Did Not Disclose Demographic Background,0,0,1,not_continued_in_reviewed_filings,,,,,,0.7,,19,19,0,,,,,,,,0,0,0,no_post_vacatur_matrix_extracted,No post-vacatur matrix was extracted from reviewed filings.,no_signal_found,Published matrix date is after due+30 grace.,Browser confirmed substantive 20-F matrix; late versus initial due date.,not_found_in_current_sec_filings,,,not_found,,,not_found,0,,74d3539dd6d36258,7.0,3,,,,,,7,0.42857142857142855,,,,,1.0,1.0,1,0,1,0,0,0,1,1,-543,Life sciences / medical,Other non-US,2022,20-F,1,0,1,0,0,0,1,0,0
1875444,ARHS,"Arhaus, Inc.",domestic,OH,5712,Retail-Furniture Stores,2021-11-04,first_trading,2022-11-04,2022-12-04,released_in_required_window,high,published_on_time,2022-04-04,on_or_before_due_date,issuer SEC filing,https://www.sec.gov/Archives/edgar/data/1875444/000119312522094328/d295938ddef14a.htm,edgar_filing,DEF 14A,0001193125-22-094328,Board Diversity Matrix;Total Number of Directors;Did Not Disclose Gender;Did Not Disclose Demographic Background,46401a579259bb4a,"Ms. Hyde and Messrs. Adams, Beargie, Brutocao, Doody, Kyees, Lewis and Roth qualify as “independent directors,” as defined under the rules of Nasdaq. Mr. Reed is the Company’s CEO and, therefore, not independent from the Company. Board Diversity The Board Diversity Matrix sets forth information about the diversity of the Board of Directors in accordance with the recently adopted Nasdaq board diversity disclosure rules. Each of the categories listed below has the meaning as used in Nasdaq Rule 5605. Board Diversity Matrix (as of March 1, 2022) Total Number of Directors: 9 Female Male Non-Binary Did Not Disclose Gender African American or Black - - - - Alaskan Native or Native American - - - - Asian - - - - Hispanic or Latino - - - - Native Hawaiian or Pacific Islander - - - - White 1 8 - - Two or More Races or Ethnicities - - - - LGBTQ+ - - - - Did Not Disclose Demographic Background - -",Board Diversity The Board Diversity Matrix,"as of March 1, 2022",9,Female|Male|Non-Binary|Did Not Disclose Gender,African American or Black|Alaskan Native or Native American|Asian|Hispanic or Latin|Native Hawaiian or Pacific Islander|White|Two or More Races or Ethnicities|LGBTQ+|Did Not Disclose Demographic Background,1,1,1,continued_other_narrative,2025-04-10,issuer SEC filing,https://www.sec.gov/Archives/edgar/data/1875444/000119312525077328/d791153ddef14a.htm,DEF 14A,0001193125-25-077328,0.75,\bboard diversity\b,4,4,0,c91e4254104aae97,"tees, regularly discusses with management our major risk exposures, their potential impact on the Company, and the steps we take to monitor and control such exposures. The Board’s role in the Company’s risk oversight has not affected our leadership structure. Board Diversity Of our total number of ten directors, we have two female directors. As further described below, when considering director candidates, our Nominating and Corporate Governance Committee considers diversifying factors they deem appropriate, including, among other things, age, skills, gender, ethnicity, areas of expertise, and other relevant factors. 9 Table of Contents BOARD COMMITTEES AND MEETINGS Our Board of Directors has an Audit Committee, a Compensation Committee, and a Nominating & Corporate Governance Committee, each of which operates under a charter that is posted on our website at https://ir.arhaus.com/corporate-governance/governance-overview. Our Board of Directors also has a Real Estate Committee and a Technology Committee. Directors who are members of these committees serve until their resignation or until as otherwise determin",,,,Female|Male,,0,0,0,matrix_replaced_by_or_supplemented_with_narrative,"Post-vacatur evidence is board/diversity narrative, not an extracted matrix.",board_diversity_narrative,Published matrix date is on/before due+30 grace.,,,,,,,,,0,,cafa066451b71dc7,9.0,,,,0,9,0,0,,,,0.0,0.0,0.0,6.0,0,1,0,0,0,0,0,0,214,Consumer / retail,Other non-US,2022,proxy,1,1,0,1,0,1,0,1,0
1730773,BSFC,Blue Star Foods Corp.,domestic,FL,2092,Prepared Fresh or  Frozen Fish & Seafoods,2021-11-05,first_trading,2022-11-05,2022-12-05,released_in_required_window,high,published_on_time,2022-11-09,within_30_day_grace,issuer SEC filing,https://www.sec.gov/Archives/edgar/data/1730773/000149315222031050/formdef14a.htm,edgar_filing,DEF 14A,0001493152-22-031050,Board Diversity Matrix;Total Number of Directors,287a61ee1d973be5,"new listing rules relating to board diversity and disclosure. As approved by the SEC, the new Nasdaq listing rules require all Nasdaq listed companies to disclose consistent, transparent diversity statistics regarding their boards of directors. The Board Diversity Matrix below presents the Board’s diversity statistics in the format prescribed by the Nasdaq rules. 9 Board Diversity Matrix (as of October 31, 2022) Total Number of Directors 7 Female Male Part I: Gender Identity Directors 1 6 Part II: Demographic Background Hispanic or Latinx 1 3 White 0 3 Code of Ethics We have adopted a code of ethics that applies to our executive officers, directors and employees. We have filed a copy of our Code of Ethics as an exhibit to our Current Report on Form 8-K filed with the SEC on July 19, 2021. Our Code of Ethics is available on the Company’s website at www.bluestarfoods.com. In addition, a co",Board Diversity Matrix,"as of October 31, 2022",7,Female|Male,Hispanic or Latinx|Hispanic or Latin|White,0,0,0,continued_other_narrative,2025-06-23,issuer SEC filing,https://www.sec.gov/Archives/edgar/data/1730773/000164117225015976/form10-k.htm,10-K,0001641172-25-015976,0.75,\bboard diversity\b,2,2,0,fe0177b463ec43d7,"risks facing us. Director Independence Our board of directors currently consists of five members. We were not subject to listing requirements of any national securities exchange that has requirements that a majority of the board of directors be “independent.” Board Diversity The board of directors’ reviews, on an annual basis, the appropriate characteristics, skills and experience required for the board of directors as a whole and its individual members. In evaluating the suitability of individual candidates (both new candidates and current members), the board of directors, in approving (and, in the case of vacancies, appointing) such candidates, will take into account many factors, including the following: ● personal and professional integrity; ● ethics and values; ● experience in the industries in which we compete; ● experience as a director or executive officer of another publicly held company; ● diversity of expertise and experience in substantive matters pertaining to our business relative to other board members; ● conflicts of interest; and ● practical business judgment. 46 The board of directors revie",,,,,,0,0,0,matrix_replaced_by_or_supplemented_with_narrative,"Post-vacatur evidence is board/diversity narrative, not an extracted matrix.",board_diversity_narrative,Published matrix date is on/before due+30 grace.,,,,,,,,,0,,cfe64f89863c6fce,7.0,1,,,4,3,,,0.14285714285714285,,,0.5714285714285714,,,1.1666666666666667,1,0,1,0,1,0,1,0,-4,Consumer / retail,Other non-US,2022,proxy,1,1,0,1,0,1,0,1,0
1865494,IOBTQ,"IO Biotech, Inc.",domestic,G7,2834,Pharmaceutical Preparations,2021-11-05,first_trading,2022-11-05,2022-12-05,released_in_required_window,high,published_on_time,2022-04-14,on_or_before_due_date,issuer SEC filing,https://www.sec.gov/Archives/edgar/data/1865494/000119312522105529/d112845ddef14a.htm,edgar_filing,DEF 14A,0001193125-22-105529,Board Diversity Matrix;Total Number of Directors;Did Not Disclose Gender;Did Not Disclose Demographic Background,ae3dc49ec468c5a1,ntinuing Directors 6 Recommendation of Our Board of Directors 9 CORPORATE GOVERNANCE 10 Director Independence 10 Leadership Structure of the Board of Directors 10 Board of Directors’ Role in Risk Oversight 10 Evaluations of the Board of Directors 10 Board Diversity Matrix 11 Meetings of the Board of Directors 11 Committees of the Board of Directors 11 Compensation Committee Interlocks and Insider Participation 13 Board Membership Criteria and Nomination Process 14 Changes in Board of Directors Member Criteria 14 Term Limits and Retirement Age 15 Succession Planning 15 Corporate Governance Guidelines 15 Code of Business Conduct and Ethics 15 Prohibition on Hedging and Pledging of Company Stock 15 Stockholder Communications 15 Delinquent Section 16(a) Reports 16 CERTAIN RELATIONSHIPS AND RELATED PERSON TRANSACTIONS 17 DIRECTOR COMPENSATION 20 Annual Cash Compensation 20 Equity Compensation,Board Diversity Matrix,,,,,0,0,0,continued_other_narrative,2025-03-31,issuer SEC filing,https://www.sec.gov/Archives/edgar/data/1865494/000095017025047744/iobt-20241231.htm,10-K,0000950170-25-047744,0.75,"\b(?:director|directors|nominee|nominees|board)\b.{0,220}\bdiversity\b",3,3,0,4c5a614d94802818,"to grow and evolve. If our approach to these matters fail to meet the expectations and standards of investors, employees, other stakeholders and governmental authorities regarding responsible corporate citizenship in areas including environmental stewardship, Board of Directors and employee diversity, human capital management, corporate governance and transparency, we may face not only reputational harm but also regulatory scrutiny, litigation risk, and loss of business opportunities, which could have a material adverse effect on our business or financial condition. The biopharmaceutical industry is subject to extensive regulatory obligations and policies that are subject to change, including due to judicial challenges. On June 28, 2024, the U.S. Supreme Court issued an opinion holding that courts reviewing agency action pursuant to the Administrative Procedure Act (the “APA”) “must exercise their independent judgment” and “may not defer to an agency interpretation of the law simply because a statute is ambiguous.” The decision will have a significant impact on how lower courts evaluate challenges to agency interpretations of law, in",,,,,,0,0,0,matrix_replaced_by_or_supplemented_with_narrative,"Post-vacatur evidence is board/diversity narrative, not an extracted matrix.",board_diversity_narrative,Published matrix date is on/before due+30 grace.,,,,,,,,,0,,3d3616cad3d2157b,,,,,,,,,,,,,,,0.0,0,0,0,0,0,0,0,0,205,Life sciences / medical,Other non-US,2022,proxy,1,1,0,1,0,1,0,1,0
1871149,,"Real Good Food Company, Inc.",domestic,NJ,2000,Food and Kindred Products,2021-11-05,first_trading,2022-11-05,2022-12-05,no_release_found_after_checks,medium,not_located,,no_dated_release,,,,,,,,,,,,,,0,0,0,no_post_vacatur_relevant_filing,,,,,,0.65,,0,0,0,,,,,,,,0,0,0,no_post_vacatur_matrix_extracted,No post-vacatur matrix was extracted from reviewed filings.,no_signal_found,"No substantive primary matrix located after SEC, committed-check FTS/Wayback, website candidates, and manual/browser review where applicable.",Web search for Real Good Food Company plus Board Diversity Matrix returned governance/S-1 pages without substantive matrix evidence.,not_found_in_current_sec_filings,,,not_found,,,not_found,1,no_release_found_after_checks,74b36c0a0967cfeb,,,,,,,,,,,,,,,0.0,0,0,0,0,0,0,0,0,,Consumer / retail,Other non-US,2022,unknown,0,0,1,0,0,0,1,0,0
1505497,BRTX,"BioRestorative Therapies, Inc.",domestic,NY,8090,"Services-Misc Health & Allied Services, NEC",2021-11-09,pricing_proxy,2022-11-09,2022-12-09,released_in_required_window,high,published_on_time,2022-09-23,on_or_before_due_date,issuer SEC filing,https://www.sec.gov/Archives/edgar/data/1505497/000102177122000053/def14a.htm,edgar_filing,DEF 14A,0001021771-22-000053,Board Diversity Matrix;Total Number of Directors,136014a04beff027,"ch executive officer will hold office until the initial meeting of the Board of Directors following the next annual meeting of stockholders and until his successor is elected and qualified or until his earlier resignation or removal. Board Diversity Board Diversity Matrix (As of September 15, 2022) Board Size: Total Number of Directors: 5 Female Male Part I: Gender Identity Directors - 5 12 Part II: Demographic Background Asian - 1 White - 5 Two or More Races or Ethnicities - 1 Committees Audit Committee The Audit Committee of the Board of Directors is responsible for overseeing our accounting and financial reporting processes and the services provided by our independent registered public accounting firm. The responsibilities and duties of the Audit Committee include the following: • assist the Board of Directors in fulfilling its responsibilities by reviewing the financial reports provi",Board Diversity Board Diversity Matrix,"As of September 15, 2022",5,Female|Male,Asian|White|Two or More Races or Ethnicities,0,0,0,continued_other_narrative,2025-08-08,issuer SEC filing,https://www.sec.gov/Archives/edgar/data/1505497/000164117225022812/formdef14a.htm,DEF 14A,0001641172-25-022812,0.75,"\bdiversity\b.{0,220}\b(?:director|directors|nominee|nominees|board)\b",5,5,0,78761b32dd3e5941,"essrs. Rosa (Chair) and Williams and Dr. Kukekov. Our Board has adopted a written charter for the Nominating Committee. A copy of the charter is available on our website, www.biorestorative.com . While the Nominating Committee does not have a formal policy on diversity for members of the Board of Directors, the Nominating Committee considers diversity of background, experience and qualifications in evaluating prospective Board members. The Nominating Committee will consider qualified director candidates recommended by stockholders if such recommendations are provided in accordance with the procedures set forth in the section entitled “Stockholder Proposals - Stockholder Nominees” below. The Nominating Committee evaluates all candidates based upon, among other factors, a candidate’s financial literacy, knowledge of our industry, other relevant background experience, judgment, skill, integrity, the interplay of a candidate’s experience with the experience of other Board members, ‘independence’ (for purposes of compliance with the NASDAQ Marketplace Rules), and willingness, ability and availability for service. After conducting an initial evaluation of a prospective nominee, the Nominating Committee will interview that candidate if it believes the candidate might be suitable to be a director. The Nominating Committee may also as",,,,,,0,0,0,matrix_replaced_by_or_supplemented_with_narrative,"Post-vacatur evidence is board/diversity narrative, not an extracted matrix.",board_diversity_narrative,Published matrix date is on/before due+30 grace.,,,,,,,,,0,,50a14ce0a2601d11,5.0,0,,,2,5,,,0.0,,,0.4,,,1.3333333333333333,1,0,0,0,1,0,1,0,47,Life sciences / medical,Other non-US,2022,proxy,1,1,0,1,0,1,0,1,0
1657853,HTZ,"HERTZ GLOBAL HOLDINGS, INC",domestic,FL,7510,Services-Auto Rental & Leasing (No Drivers),2021-11-09,first_trading,2022-11-09,2022-12-09,released_in_required_window,high,published_on_time,2022-04-08,on_or_before_due_date,issuer SEC filing,https://www.sec.gov/Archives/edgar/data/1657853/000114036122013707/edge20001995x1_def14a.htm,edgar_filing,DEF 14A,0001140361-22-013707,Board Diversity Matrix;Total Number of Directors;Did Not Disclose Gender;Did Not Disclose Demographic Background,bfaafa50cc7a978e,"rse backgrounds, experiences and skills as part of each director search the Board undertakes. The table below provides additional information regarding our directors’ self-identified gender and demographic background in accordance with Nasdaq Rules. Board Diversity Matrix (as of March 25, 2022) Total Number of Directors 9 Female Male Non-Binary Did Not Disclose Gender Part I: Gender Identity Directors 2 7 0 0 Part II: Demographic Background African American or Black 0 0 0 0 Alaskan Native or Native American 0 0 0 0 Asian 0 0 0 0 Hispanic or Latinx 0 0 0 0 Native Hawaiian or Pacific Islander 0 0 0 0 White 2 7 0 0 Two or More Races or Ethnicities 0 0 0 0 LGBTQ+ 0 Did Not Disclose Demographic Background 0 Director Search In identifying prospective director candidates for the Board, the Governance Committee may seek referrals from other members of the Board, management, stockholders and othe",Board Diversity Matrix,"as of March 25, 2022",9,Female|Male|Non-Binary|Did Not Disclose Gender,African American or Black|Alaskan Native or Native American|Asian|Hispanic or Latinx|Hispanic or Latin|Native Hawaiian or Pacific Islander|White|Two or More Races or Ethnicities|LGBTQ+|Did Not Disclose Demographic Background,1,1,1,not_continued_in_reviewed_filings,,,,,,0.7,,6,6,0,,,,,,,,0,0,0,no_post_vacatur_matrix_extracted,No post-vacatur matrix was extracted from reviewed filings.,no_signal_found,Published matrix date is on/before due+30 grace.,,,,,,,,,0,,a2a1dfee98399d8e,9.0,2,0,0,0,9,0,0,0.2222222222222222,0.0,0.0,0.0,0.0,0.0,6.0,1,1,1,0,0,0,1,0,215,Services,Other non-US,2022,proxy,1,1,0,0,0,0,1,0,0
1781730,TCBX,"Third Coast Bancshares, Inc.",domestic,TX,6036,"Savings Institutions, Not Federally Chartered",2021-11-09,first_trading,2022-11-09,2022-12-09,released_in_required_window,high,published_on_time,2022-04-25,on_or_before_due_date,issuer SEC filing,https://www.sec.gov/Archives/edgar/data/1781730/000119312522117790/d303316ddef14a.htm,edgar_filing,DEF 14A,0001193125-22-117790,Board Diversity Matrix;Total Number of Directors,ebca34ee9d96f574,NTS ABOUT THE ANNUAL MEETING 2 PROPOSAL 1. ELECTION OF DIRECTORS 7 Number of Directors; Term of Office 7 Nominees for Election 7 Election Procedures 8 Class A Directors with a Term Expiring in 2023 9 Class B Directors with a Term Expiring in 2024 10 Board Diversity Matrix 11 PROPOSAL 2. RATIFICATION OF THE APPOINTMENT OF INDEPENDENT REGISTERED PUBLIC ACCOUNTING FIRM 12 BOARD AND COMMITTEE MATTERS 13 Board Meetings 13 Director Attendance at Annual Meeting 13 Board Composition 13 Director Independence 13 Board Leadership Structure 14 Risk Management and Oversight 14 Director Nominations 14 Procedures to be Followed by Shareholders for Director Nominations 15 Committees of the Board 16 Certain Corporate Governance Matters 19 Code of Business Conduct and Ethics 19 Corporate Governance Guidelines 20 Whistleblower Policy 20 Independent Auditors 20 Fees Paid to Independent Registered Public Acc,Board Diversity Matrix,,,,,0,0,0,continued_other_narrative,2025-04-17,issuer SEC filing,https://www.sec.gov/Archives/edgar/data/1781730/000119312525083409/d903817ddef14a.htm,DEF 14A,0001193125-25-083409,0.75,"\bdiversity\b.{0,220}\b(?:director|directors|nominee|nominees|board)\b",4,4,0,b04bc7d46d520520,"and such other relevant factors that the Corporate Governance and Nominating Committee considers appropriate in the context of the needs of the board of directors. The Corporate Governance and Nominating Committee does not have a formal policy with respect to diversity; however, the board of directors and Corporate Governance and Nominating Committee believe that it is essential that the board members represent diverse viewpoints. In addition, prior to nominating an existing director for re-election to the board of directors, the Corporate Governance and Nominating Committee considers and reviews such director’s board of directors and committee attendance and performance; length of board of directors service; experience, skills and contributions that the existing director brings to the board of directors; independence; and any significant change in the director’s status, including the attributes considered for initial membership on our board of directors. Process for Identifying and Evaluating Director Nominees Pursuant to the Corporate Governance and Nominating Committee Charter as approved by the board of directors, the Corporate Governance and Nominating Committee is responsible for the process relating to 16 Table of Contents director nominations, including identifying, recommending, interviewing and selecting in",,,,,,0,0,0,matrix_replaced_by_or_supplemented_with_narrative,"Post-vacatur evidence is board/diversity narrative, not an extracted matrix.",board_diversity_narrative,Published matrix date is on/before due+30 grace.,,,,,,,,,0,,2fc8fec87f45234b,,,,,,,,,,,,,,,0.0,0,0,0,0,0,0,0,0,198,Finance / real estate,Other non-US,2022,proxy,1,1,0,1,0,1,0,1,0
1817511,SOPA,SOCIETY PASS INCORPORATED.,domestic,Singapore,7389,"Services-Business Services, NEC",2021-11-09,first_trading,2022-11-09,2022-12-09,released_in_required_window,high,published_on_time,2022-12-01,within_30_day_grace,issuer SEC filing,https://www.sec.gov/Archives/edgar/data/1817511/000114036122044044/ny20005174x1_def14a.htm,edgar_filing,DEF 14A,0001140361-22-044044,Board Diversity Matrix;Total Number of Directors;Did Not Disclose Demographic Background,1dc322e1f187b952,"board memberships. • Compatibility. The Board candidate should be able to develop a good working relationship with other Board members and contribute to the Board’s working relationship with the senior management of the Company. 10 TABLE OF CONTENTS Board Diversity Matrix The matrix below summarizes certain information regarding the diversity of our Board as of the date of this proxy statement. Each of the categories listed in the table below has the meaning set forth in Nasdaq Rule 5605(f). Board Diversity Matrix for Society Pass Incorporated As of November 30, 2022 Total Number of Directors: 5 Part I: Gender Identity ​ ​ Female ​ ​ Male Directors ​ ​ 1 ​ ​ 4 ​ ​ ​ ​ Part II: Demographic Background ​ ​ ​ ​ African American or Black ​ ​ 0 ​ ​ 0 Alaskan Native or American Indian ​ ​ 0 ​ ​ 0 Asian ​ ​ 0 ​ ​ 2 Hispanic or Latinx ​ ​ 0 ​ ​ 0 Native Hawaiian or Pacific Islander ​ ​ 0 ​ ​ 0 Wh",Board Diversity Matrix The matrix,"As of November 30, 2022",5,Female|Male,African American or Black|Asian|Hispanic or Latinx|Hispanic or Latin|Native Hawaiian or Pacific Islander,0,0,0,continued_other_narrative,2025-08-29,issuer SEC filing,https://www.sec.gov/Archives/edgar/data/1817511/000164117225025901/formdef14a.htm,DEF 14A,0001641172-25-025901,0.75,"\bdiversity\b.{0,220}\b(?:director|directors|nominee|nominees|board)\b",2,2,0,7ce4cec614b741c9,"an annual basis to determine the appropriate and desirable mix of characteristics, skills, expertise, and experience for the full Board and each committee, taking into account both existing directors and all nominees for election as directors, as well as any diversity considerations and the membership criteria applied by the Nominating and Corporate Governance Committee. The Nominating and Corporate Governance Committee and the Board, which do not have a formal diversity policy, consider diversity in a broad sense when evaluating board composition and nominations; and they seek to include directors with a diversity of experience, professions, viewpoints, skills, and backgrounds that will enable them to make significant contributions to the Board and the Company, both as individuals and as part of a group of directors. The Board evaluates each individual in the context of the full Board, with the objective of recommending a group that can best contribute to the success of the business and represent stockholder interests through the exercise of sound judgment. In determining whether to recommend a director for re-election, the Nominating and Corporate Governance Committee also considers the director’s attendance at meetings and participation in and contributions to the",,,,,,0,0,0,matrix_replaced_by_or_supplemented_with_narrative,"Post-vacatur evidence is board/diversity narrative, not an extracted matrix.",board_diversity_narrative,Published matrix date is on/before due+30 grace.,,,,,,,,,0,,d9bae523206a1862,5.0,1,,,2,,,,0.2,,,0.4,,,0.6666666666666666,1,1,1,0,1,0,1,0,-22,Services,Other non-US,2022,proxy,1,1,0,1,0,1,0,1,0
1872525,SWAG,"Stran & Company, Inc.",domestic,MA,7311,Services-Advertising Agencies,2021-11-09,first_trading,2022-11-09,2022-12-09,released_in_required_window,high,published_on_time,2022-10-31,on_or_before_due_date,issuer SEC filing,https://www.sec.gov/Archives/edgar/data/1872525/000121390022067346/ea167709-def14a_stranandco.htm,edgar_filing,DEF 14A,0001213900-22-067346,Board Diversity Matrix;Total Number of Directors;Did Not Disclose Gender;Did Not Disclose Demographic Background,c205ef966669e90f,"hnicity, gender, age, cultural background and professional experiences in evaluating candidates for Board membership. Diversity is important because a variety of points of view contribute to a more effective decision-making process. 21 The following Board Diversity Matrix presents our Board diversity statistics, as voluntarily self-identified by our directors, in accordance with Nasdaq Listing Rule 5606. Board Diversity Matrix (As of October 31, 2022) Total Number of Directors: 6 Female Male Non-Binary Did Not Disclose Gender Part I: Gender Identity Directors 1 4 0 1 Part II: Demographic Background African American or Black 0 0 0 0 Alaskan Native or Native American 0 0 0 0 Asian 0 0 0 0 Hispanic or Latinx 0 1 0 0 Native Hawaiian or Pacific Islander 0 0 0 0 White 1 3 0 0 Two or More Races or Ethnicities 0 0 0 0 LGBTQ+ 0 0 0 0 Did Not Disclose Demographic Background 0 0 0 1 Stockholder Rec",Board Diversity Matrix,"As of October 31, 2022",6,Female|Male|Non-Binary|Did Not Disclose Gender,African American or Black|Alaskan Native or Native American|Asian|Hispanic or Latinx|Hispanic or Latin|Native Hawaiian or Pacific Islander|White|Two or More Races or Ethnicities|LGBTQ+|Did Not Disclose Demographic Background,1,1,1,continued_other_narrative,2025-07-11,issuer SEC filing,https://www.sec.gov/Archives/edgar/data/1872525/000121390025062961/ea024561701-def14a_stran.htm,DEF 14A,0001213900-25-062961,0.75,\bboard diversity\b,5,5,0,777c7e71b88694e2,"ominations, see “— Stockholder Recommendations ” below. Each of the director nominees included in this proxy statement and the Company’s proxy card for the Annual Meeting was recommended for such inclusion by the Nominating and Corporate Governance Committee. Board Diversity The Board and the Nominating and Corporate Governance Committee do not have a specific diversity policy, but consider diversity of race, ethnicity, gender, age, cultural background and professional experiences in evaluating candidates for Board membership. Diversity is important because a variety of points of view contribute to a more effective decision-making process. Stockholder Recommendations The Nominating and Corporate Governance Committee is responsible for the consideration of any written stockholder recommendations for candidates for the Board, which recommendations should be delivered or mailed, postage prepaid, to: Nominating and Corporate Governance Committee Stran & Company, Inc. 500 Victory Road, Suite 301 Quincy, MA 02171 20 Stockholder recommendations must include the following information to be considered by the Nominati",,,,,,0,0,0,matrix_replaced_by_or_supplemented_with_narrative,"Post-vacatur evidence is board/diversity narrative, not an extracted matrix.",board_diversity_narrative,Published matrix date is on/before due+30 grace.,,,,,,,,,0,,4447b733c6deba96,6.0,1,0,1,1,4,0,1,0.16666666666666666,0.0,0.16666666666666666,0.16666666666666666,0.0,0.16666666666666666,6.0,1,1,1,0,1,0,1,1,9,Services,Other non-US,2022,proxy,1,1,0,1,0,1,0,1,0
1476840,EXFY,"Expensify, Inc.",domestic,CA,7372,Services-Prepackaged Software,2021-11-10,first_trading,2022-11-10,2022-12-10,released_in_required_window,high,published_on_time,2022-04-29,on_or_before_due_date,issuer SEC filing,https://www.sec.gov/Archives/edgar/data/1476840/000147684022000036/def14a.htm,edgar_filing,DEF 14A,0001476840-22-000036,Board Diversity Matrix;Total Number of Directors,7fc47bb6aaa0cd5b,"rs of the Board of Directors the communication is intended. Such communications generally will be forwarded to the intended recipients. However, our Secretary may, in his sole discretion, decline to forward any communications that are inappropriate. BOARD DIVERSITY MATRIX The table below provides certain highlights of the composition of our Board members and nominees as of April 29, 2022. Each of the categories listed in the table below has the meaning as it is used in Nasdaq Rule 5605(f). 10 Table of Contents Board Diversity Matrix (As of April 29, 2022) Board Size: Total Number of Directors 8 Gender: Male Female Non-Binary Gender Undisclosed 5 3 Number of directors who identify in any of the categories below: African American or Black Alaskan Native or American Indian Asian 3 Hispanic or Latinx 1 Native Hawaiian or Pacific Islander White 4 Two or More Races or Ethnicities LGBTQ+ Undisc",BOARD DIVERSITY MATRIX,"as of April 29, 2022",8,Female|Male|Non-Binary,African American or Black|Asian|Hispanic or Latinx|Hispanic or Latin|Native Hawaiian or Pacific Islander|White|Two or More Races or Ethnicities|LGBTQ+,1,0,0,continued_other_narrative,2025-02-27,issuer SEC filing,https://www.sec.gov/Archives/edgar/data/1476840/000147684025000018/exfy-20241231.htm,10-K,0001476840-25-000018,0.75,"\bdiversity\b.{0,220}\b(?:director|directors|nominee|nominees|board)\b",7,7,0,0b6ab84e365f37df,"alue-added manufacturer providing prototyping and tooling, production fabrication, coating, assembly, and aftermarket services across diverse industries Ellen Pao 55 Director Cofounder and Chief Executive Officer of Project Include, a nonprofit advocating for diversity, equity and inclusion in technology companies Ying (Vivian) Liu 49 Director Former President, Chief Operating Officer, and Chief Financial Officer of ContextLogic, Inc. (d/b/a Wish), a mobile e-commerce platform We have adopted an insider trading policy that governs the purchase, sale, and/or other dispositions of our securities by officers, directors, contractors, consultants and employees that is reasonably designed to promote compliance with insider trading laws, rules and regulations, and the listing requirements of Nasdaq. A copy of our insider trading policy is filed as Exhibit 19.1 to this Annual Report on Form 10-K. The other information required by this Item will be set forth in, and is incorporated by reference to, our 2025 Proxy Statement (the “2025 Proxy Statement”) to be filed with the SEC within 120 days after December 31, 2024. 151 Table of Contents Item 11. Executive Compensation The information",,,,,,0,0,0,matrix_replaced_by_or_supplemented_with_narrative,"Post-vacatur evidence is board/diversity narrative, not an extracted matrix.",board_diversity_narrative,Published matrix date is on/before due+30 grace.,,,,,,,,,0,,2de3163d2ef66380,8.0,,,,,,,,,,,,,,1.0,0,0,0,0,0,0,0,0,195,Technology,Other non-US,2022,proxy,1,1,0,1,0,1,0,1,0
1704287,BJDX,"Bluejay Diagnostics, Inc.",domestic,MA,3841,Surgical & Medical Instruments & Apparatus,2021-11-10,first_trading,2022-11-10,2022-12-10,released_in_required_window,high,published_on_time,2022-05-13,on_or_before_due_date,issuer SEC filing,https://www.sec.gov/Archives/edgar/data/1704287/000121390022026051/ea159832-def14a_bluejaydia.htm,edgar_filing,DEF 14A,0001213900-22-026051,Board Diversity Matrix;Total Number of Directors,4abafb1f598bf2d5,"director positions. Diversity of Directors The following table summarizes certain self-identified characteristics of our directors, utilizing the categories and terms set forth in applicable Nasdaq rules and related guidance (as of April 29, 2022): Board Diversity Matrix (As of April 29, 2022) Total Number of Directors 6 Female Male Part I: Gender Identity Directors 1 5 Part II: Demographic Information Asian 1 White 1 4 LGBTQ+ 1 Stockholder Communications with Directors Persons wishing to write to our Board of Directors, or to a specified director or committee of the Board, should send correspondence to the Corporate Secretary at 360 Massachusetts Avenue, Suite 203, Acton, MA 01720. Electronic submissions of stockholder correspondence will not be accepted. The Corporate Secretary will forward to the directors all communications that, in his or her judgment, are appropriate for considerat",Board Diversity Matrix,"as of April 29, 2022",6,Female|Male,Asian|White|LGBTQ+,0,0,0,continued_other_narrative,2025-04-29,issuer SEC filing,https://www.sec.gov/Archives/edgar/data/1704287/000121390025036783/ea0239880-10ka1_bluejay.htm,10-K/A,0001213900-25-036783,0.75,"\bdiversity\b.{0,220}\b(?:director|directors|nominee|nominees|board)\b",8,8,0,1f6204848ea82c8a,"any; experience on other boards of directors, preferably public company boards; and time available for meetings and consultation on Company matters. Our Nominating and Corporate Governance Committee does not have a formal policy regarding the consideration of diversity in identifying director candidates but seeks a diverse group of candidates who possess the background, skills and expertise to make a significant contribution to the Board, to the Company and our stockholders. Candidates whose evaluations are favorable are recommended by our Nominating and Corporate Governance Committee to the full Board for consideration. The full Board selects and recommends candidates for nomination as directors for stockholders to consider and vote upon at the annual meeting. 6 A stockholder wishing to nominate a candidate for election to our Board at any annual meeting at which the Board has determined that one or more directors will be elected must submit a written notice of his or her nomination of a candidate to the Chairperson of the Nominating and Corporate Governance Committee (c/o the Corporate Secretary), providing the candidates name, biographical data and other relevant information together with a consent from the nominee. Pursuant to our Bylaws, the submission must be recei",,,,,,0,0,0,matrix_replaced_by_or_supplemented_with_narrative,"Post-vacatur evidence is board/diversity narrative, not an extracted matrix.",board_diversity_narrative,Published matrix date is on/before due+30 grace.,,,,,,,,,0,,419eee8cc24f0f09,6.0,1,,,,5,1,,0.16666666666666666,,,,0.16666666666666666,,2.0,1,0,1,0,0,1,1,0,181,Life sciences / medical,Other non-US,2022,proxy,1,1,0,1,0,1,0,1,0
1874178,RIVN,"Rivian Automotive, Inc. / DE",domestic,CA,3711,Motor Vehicles & Passenger Car Bodies,2021-11-10,first_trading,2022-11-10,2022-12-10,released_in_required_window,high,published_on_time,2022-04-27,on_or_before_due_date,issuer SEC filing,https://www.sec.gov/Archives/edgar/data/1874178/000187417822000021/rivian-2022proxystatement.htm,edgar_filing,DEF 14A,0001874178-22-000021,Board of Directors Diversity Matrix;Directors Diversity Matrix;Total Number of Directors;Did Not Disclose Gender;Did Not Disclose Demographic Background,eaae6e8ae4d9004c,"d relationships as they may relate to us and our management, including the beneficial ownership of our capital stock by each director. There are no family relationships among any of our directors or executive officers. Rivian 2022 Proxy Statement 21 Board of Directors Diversity Matrix (As of April 27, 2022) Total Number of Directors 7 Female Male Non-Binary Did Not Disclose Gender Part I: Gender Identity Directors 3 4 0 0 Part II: Demographic Background African American or Black 1 0 0 0 Alaskan Native or Native American 0 0 0 0 Asian 0 0 0 0 Hispanic or Latinx 0 0 0 0 Native Hawaiian or Pacific Islander 0 0 0 0 White 2 4 0 0 Two or More Races or Ethnicities 0 0 0 0 LGBTQ+ 1 Did Not Disclose Demographic Background 0 Executive Sessions Our independent directors meet in executive session on a regularly scheduled basis. Each executive session of the independent directors is presided over by",Board of Directors Diversity Matrix,"As of April 27, 2022",7,Female|Male|Non-Binary|Did Not Disclose Gender,African American or Black|Alaskan Native or Native American|Asian|Hispanic or Latinx|Hispanic or Latin|Native Hawaiian or Pacific Islander|White|Two or More Races or Ethnicities|LGBTQ+|Did Not Disclose Demographic Background,1,1,1,continued_other_narrative,2025-04-18,issuer SEC filing,https://www.sec.gov/Archives/edgar/data/1874178/000187417825000015/rivn-20250418.htm,PRE 14A,0001874178-25-000015,0.75,"\bdiversity\b.{0,220}\b(?:director|directors|nominee|nominees|board)\b",7,7,0,1a3dbcf934ffba6d,"such as serving as an officer or former officer of a publicly held company; professional and academic experience relevant to the Company’s industry, operations, business lines, and target markets; experience as a board member of another publicly held company; diversity of expertise and experience in substantive matters pertaining to the Company’s business relative to other directors; ability to make mature business judgments, including the ability to make independent analytical inquiries; and any other relevant qualifications, attributes, or skills. The Board of Directors evaluates each individual in the context of the Board of Directors as a whole, with the objective of ensuring that the Board of Directors, as a whole, has the necessary tools to perform its oversight function effectively in light of the Company’s business and structure. Stockholders may recommend individuals to the Nominating and Governance Committee for consideration as potential director candidates by submitting the names of the recommended individuals, together with appropriate biographical information and background materials, to the Nominating and Governance Committee, c/o Secretary, Rivian Automotive, Inc., 14600 Myford Road, Irvine, Californ",,,,,,0,0,0,matrix_replaced_by_or_supplemented_with_narrative,"Post-vacatur evidence is board/diversity narrative, not an extracted matrix.",board_diversity_narrative,Published matrix date is on/before due+30 grace.,,,,,,,,,0,,093a946fa3cea91a,7.0,3,0,0,1,6,1,0,0.42857142857142855,0.0,0.0,0.14285714285714285,0.14285714285714285,0.0,6.0,1,1,1,0,1,1,1,0,197,Manufacturing / industrials,Other non-US,2022,proxy,1,1,0,1,0,1,0,1,0
1462056,BLZE,"Backblaze, Inc.",domestic,CA,7372,Services-Prepackaged Software,2021-11-11,first_trading,2022-11-11,2022-12-11,released_in_required_window,high,published_on_time,2022-04-21,on_or_before_due_date,issuer SEC filing,https://www.sec.gov/Archives/edgar/data/1462056/000119312522112978/d363594ddef14a.htm,edgar_filing,DEF 14A,0001193125-22-112978,Board Diversity Matrix;Total Number of Directors;Did Not Disclose Gender;Did Not Disclose Demographic Background,b751c7d553883040,"r removal. The classification of our Board may have the effect of delaying or preventing changes in our control or management. Board Diversity The following matrix presents the diverse composition of our Board as of the date of this proxy statement: Board Diversity Matrix Total Number of Directors 7 Female Male Non- Binary Did Not Disclose Gender Part I: Gender Identity Directors 3 4 — — Part II: Demographic Background African American or Black 1 — — — Alaskan Native or Native American — — — — Asian — — — — Hispanic or Latinx 1 — — — Native Hawaiian or Pacific Islander — — — — White 1 3 — — Two or More Races or Ethnicities — 1 — — LGBTQ+ — — — — Did Not Disclose Demographic Background — — — — Director Independence Our Class A common stock is listed on the NASDAQ Global Market (“Nasdaq”). Under Nasdaq’s rules, independent directors must comprise a majority of a listed company’s board of d",Board Diversity The following matrix,,7,Female|Male|Did Not Disclose Gender,African American or Black|Alaskan Native or Native American|Asian|Hispanic or Latinx|Hispanic or Latin|Native Hawaiian or Pacific Islander|White|Two or More Races or Ethnicities|LGBTQ+|Did Not Disclose Demographic Background,0,1,1,continued_other_narrative,2025-04-14,issuer SEC filing,https://www.sec.gov/Archives/edgar/data/1462056/000114036125013748/ny20044236x1_def14a.htm,DEF 14A,0001140361-25-013748,0.75,"\bdiversity\b.{0,220}\b(?:director|directors|nominee|nominees|board)\b",7,7,0,a0719151fda8373f,"system experience, length of service, potential conflicts of interest, availability, other commitments and the like; industry best practices; and such other factors as the Nominating and Corporate Governance Committee may consider appropriate. With respect to diversity, the Board believes that a diverse boardroom provides a number of benefits, including greater diversity of thought which can help lead to a stronger decision-making process, enhanced breadth of personal experiences and viewpoints, and better representation of different stockholders and other stakeholders. The Board and its committees consider the effectiveness of such policies and procedures as part of its annual evaluation process. The Nominating and Corporate Governance Committee has established certain minimum qualifications for director candidates: (i) high personal and professional ethics and integrity, (ii) proven achievement and competence in the nominee’s field and the ability to exercise sound business judgment, (iii) skills that are beneficial to those of existing Board members, (iv) the ability to assist and support management and make s",,,,,,0,0,0,matrix_replaced_by_or_supplemented_with_narrative,"Post-vacatur evidence is board/diversity narrative, not an extracted matrix.",board_diversity_narrative,Published matrix date is on/before due+30 grace.,,,,,,,,,0,,cb62a348a5fb2c9c,7.0,3,,0,3,4,0,0,0.42857142857142855,,0.0,0.42857142857142855,0.0,0.0,5.0,1,1,1,0,1,0,1,0,204,Technology,Other non-US,2022,proxy,1,1,0,1,0,1,0,1,0
1779372,BEAT,"HeartBeam, Inc.",domestic,CA,3841,Surgical & Medical Instruments & Apparatus,2021-11-11,first_trading,2022-11-11,2022-12-11,released_in_required_window,high,published_on_time,2022-05-02,on_or_before_due_date,issuer SEC filing,https://www.sec.gov/Archives/edgar/data/1779372/000177937222000015/heartbeaminc-proxystatemen.htm,edgar_filing,DEF 14A,0001779372-22-000015,Board Diversity Matrix;Total Number of Directors;Did Not Disclose Gender;Did Not Disclose Demographic Background,1b96996badf353f5,"and qualified. Board Diversity The table below provides information relating to certain voluntary self-identified characteristics of our directors. Each of the categories listed in the table below has the meaning as set forth in NASDAQ Rule 5605(f). Board Diversity Matrix (As of March 31, 2022) Total Number of Directors 5 Female Male Non-Binary Did Not Disclose Gender Part I: Gender Identity Directors 1 4 0 0 Part II: Demographic Background African American or Black Alaskan Native or Native American Asian Hispanic or Latinx 1 Native Hawaiian or Pacific Islander White 3 Two or More Races or Ethnicities 1 LGBTQ Did Not Disclose Demographic Background Director Independence The Board has affirmatively determined that four of the directors are “independent directors” under NASDAQ Listing Rule 5605(a)(2) and the related rules of the U.S. Securities and Exchange Commission (the “SEC”). In makin",Board Diversity Matrix,"As of March 31, 2022",5,Female|Male|Non-Binary|Did Not Disclose Gender,African American or Black|Alaskan Native or Native American|Asian|Hispanic or Latinx|Hispanic or Latin|Native Hawaiian or Pacific Islander|White|Two or More Races or Ethnicities|Did Not Disclose Demographic Background,1,1,1,continued_other_narrative,2025-03-13,issuer SEC filing,https://www.sec.gov/Archives/edgar/data/1779372/000162828025012614/beat-20241231.htm,10-K,0001628280-25-012614,0.75,"\bdiversity\b.{0,220}\b(?:director|directors|nominee|nominees|board)\b",4,4,0,8e0c355cabd5479f,"ting and reporting to the Board on the performance and effectiveness of the directors, committees and the Board as a whole; • working with the Board to determine the appropriate and desirable mix of characteristics, skills, expertise and experience, including diversity considerations, for the full Board and each committee; • annually presenting to the Board a list of individuals recommended to be nominated for election to the Board; • reviewing, evaluating, and recommending changes to the Company’s Corporate Governance Principles and Committee Charters; • recommending to the Board individuals to be elected to fill vacancies and newly created directorships; • overseeing the Company’s compliance program, including the Code of Conduct; and • overseeing and evaluating how the Company’s corporate governance and legal and regulatory compliance policies and practices, including leadership, structure, and succession planning, may affect the Company’s major risk exposures. The Nominating and Corporate Governance Committee will consist of Ms. Ortigas-Wedekind, Mr. Elfrink and Mr. Jaff. Ms. Ortigas-Wedekind will serve as chairperson. The Company’s board of directors has determined that each member of the Nominating and Corporate Governance Committee is independent within the",,,,,,0,0,0,matrix_replaced_by_or_supplemented_with_narrative,"Post-vacatur evidence is board/diversity narrative, not an extracted matrix.",board_diversity_narrative,Published matrix date is on/before due+30 grace.,,,,,,,,,0,,9b6bba6e1aae4c42,5.0,1,0,0,,,,2,0.2,0.0,0.0,,,0.4,3.0,1,0,1,0,0,0,1,1,193,Life sciences / medical,Other non-US,2022,proxy,1,1,0,1,0,1,0,1,0
1780201,LVLU,"Lulu's Fashion Lounge Holdings, Inc.",domestic,CA,5961,Retail-Catalog & Mail-Order Houses,2021-11-11,first_trading,2022-11-11,2022-12-11,released_in_required_window,high,published_on_time,2022-04-29,on_or_before_due_date,issuer SEC filing,https://www.sec.gov/Archives/edgar/data/1780201/000114036122016935/ny20002680x1_def14a.htm,edgar_filing,DEF 14A,0001140361-22-016935,Board Diversity Matrix;Total Number of Directors;Did Not Disclose Gender;Did Not Disclose Demographic Background,e93823072e3f36dd,"s, digital marketing/brand development, global supply chains and human capital management, and apparel and direct-to-consumer experience as our Chief Executive Officer provides him with the qualifications and skills to serve as a director. The below board diversity matrix reflects certain self-reported statistics about the current eight members of our Board of Directors. Board Diversity Matrix Board Diversity Matrix (As of April 29, 2022) Total Number of Directors ​ ​ 8 ​ ​ Female ​ ​ Male ​ ​ Non-Binary ​ ​ Did Not Disclose Gender Part I: Gender Identity ​ ​ ​ ​ ​ ​ ​ ​ Directors ​ ​ 3 ​ ​ 5 ​ ​ 0 ​ ​ 0 Part II: Demographic Background ​ ​ ​ ​ ​ ​ ​ ​ African American or Black ​ ​ 0 ​ ​ 0 ​ ​ 0 ​ ​ 0 Alaskan Native or Native American ​ ​ 0 ​ ​ 0 ​ ​ 0 ​ ​ 0 Asian ​ ​ 2 ​ ​ 1 ​ ​ 0 ​ ​ 0 Hispanic or Latinx ​ ​ 0 ​ ​ 0 ​ ​ 0 ​ ​ 0 Native Hawaiian or Pacific Islander ​ ​ 0 ​ ​ 0 ​ ​ 0 ​ ​ 0",board diversity matrix,"As of April 29, 2022",,Female|Male|Non-Binary|Did Not Disclose Gender,African American or Black|Alaskan Native or Native American|Asian|Hispanic or Latinx|Hispanic or Latin|Native Hawaiian or Pacific Islander,1,1,0,continued_other_narrative,2025-04-14,issuer SEC filing,https://www.sec.gov/Archives/edgar/data/1780201/000114036125013751/ny20042374x1_pre14a.htm,PRE 14A,0001140361-25-013751,0.75,"\bdiversity\b.{0,220}\b(?:director|directors|nominee|nominees|board)\b",8,8,0,b6434595e1f07249,"s evaluates each individual in the context of the Board of Directors as a whole, with the objective of assembling a group that can best perpetuate the success of the business and represent stockholder interests through the exercise of sound judgment using its diversity of experience in these various areas. In determining whether to recommend a director for re-election, the Nominating and Corporate Governance Committee may also consider the director’s past attendance at meetings and participation in and contributions to the activities of the Board of Directors. Stockholders may recommend individuals to the Nominating and Corporate Governance Committee for consideration as potential director candidates by submitting the names of the recommended individuals, together with written consent by the potential director candidate to being named in the proxy statement, a description of any direct or indirect material interest in any material contract or agreement between the stockholder nominating the potential director candidate and the potential director candidate, and appropriate biographical information and background materials, including a completed and signed questionnaire, representation and agreement, as provided in Lulus’ Amended and Restated Bylaws to the Nominating and Corporate Go",,,,,,0,0,0,matrix_replaced_by_or_supplemented_with_narrative,"Post-vacatur evidence is board/diversity narrative, not an extracted matrix.",board_diversity_narrative,Published matrix date is on/before due+30 grace.,,,,,,,,,0,,46233d697b98f5a8,,3,0,0,3,,,,,,,,,,2.8333333333333335,1,1,1,0,1,0,1,0,196,Consumer / retail,Other non-US,2022,proxy,1,1,0,1,0,1,0,1,0
1787740,VBIO,"Valion Bio, Inc.",domestic,TX,3845,Electromedical & Electrotherapeutic Apparatus,2021-11-11,first_trading,2022-11-11,2022-12-11,released_in_required_window,high,published_on_time,2022-05-02,on_or_before_due_date,issuer SEC filing,https://www.sec.gov/Archives/edgar/data/1787740/000114036122017248/edge20002788x1_def14a.htm,edgar_filing,DEF 14A,0001140361-22-017248,Board Diversity Matrix;Total Number of Directors;Did Not Disclose Demographic Background,67633e590446e698,"olicy in place, our Board values diversity and supports having directors of diverse gender, race, and ethnicity, along with varied skills and experiences. Information regarding the diversity of our Board members is outlined in the below table: Tivic Board Diversity Matrix (April 18, 2022) Total Number of Directors ​ ​ 4 ​ ​ Female ​ ​ Male ​ ​ Non-Binary ​ ​ Gender Not Disclosed Part 1: Gender Identity ​ ​ ​ ​ ​ ​ ​ ​ Directors ​ ​ 3 ​ ​ 1 ​ ​ 0 ​ ​ 0 Part II: Demographic Background ​ ​ ​ ​ ​ ​ ​ ​ Hispanic or Latinx ​ ​ 0 ​ ​ 0 ​ ​ 0 ​ ​ 0 Caucasian ​ ​ 3 ​ ​ 1 ​ ​ 0 ​ ​ 0 Did Not Disclose Demographic Background ​ ​ 0 Board Leadership Structure Our Board currently consists of four directors. The positions of Chairperson of the Board and Chief Executive Officer are currently separated. Our Board does not have a policy regarding the separation of the roles of Chairperson of the Board and",Board Diversity Matrix,,,Female|Male|Non-Binary,Asian|Hispanic or Latinx|Hispanic or Latin|Did Not Disclose Demographic Background,1,0,1,continued_other_narrative,2025-03-21,issuer SEC filing,https://www.sec.gov/Archives/edgar/data/1787740/000095017025043234/tivc-20241231.htm,10-K,0000950170-25-043234,0.75,"\bdiversity\b.{0,220}\b(?:director|directors|nominee|nominees|board)\b",11,11,0,d5b87014475de1ed,"than the foregoing, there are no stated minimum criteria for director nominees, although the Nominations and Corporate Governance Committee may also consider such other factors as it deems to be in the Company’s and its stockholders’ best interests, including diversity. The Nominations and Corporate Governance Committee does, however, believe it appropriate for at least one member of the Board to meet the criteria for an “audit committee financial expert,” as defined by Commission rules, and for a majority of the members of the Board to meet the definition of an “independent director” under Nasdaq listing standards. The Nominations and Corporate Governance Committee also believes it is appropriate for our chief executive officer to serve on our Board. The Nominations and Corporate Governance Committee identifies nominees by first evaluating the current members of the relevant class of our Board that are willing to continue in service. Current members of our Board with skills and experience that are relevant to our business and who are willing to continue in service are considered for re-nomination, but the committee at all times seeks to balance the value of continuity of service by existing members of the Board with that of o",,,,,,0,0,0,matrix_replaced_by_or_supplemented_with_narrative,"Post-vacatur evidence is board/diversity narrative, not an extracted matrix.",board_diversity_narrative,Published matrix date is on/before due+30 grace.,,,,,,,,,0,,f3595dba3b98fca6,,,,,4,,,0,,,,,,,2.3333333333333335,0,0,0,0,1,0,1,0,193,Life sciences / medical,Other non-US,2022,proxy,1,1,0,1,0,1,0,1,0
1851657,,"Vaxxinity, Inc.",domestic,FL,2834,Pharmaceutical Preparations,2021-11-11,first_trading,2022-11-11,2022-12-11,released_in_required_window,high,published_on_time,2022-05-02,on_or_before_due_date,issuer SEC filing,https://www.sec.gov/Archives/edgar/data/1851657/000156276222000201/vaxxdef14a4292022.htm,edgar_filing,DEF 14A,0001562762-22-000201,Board Diversity Matrix;Total Number of Directors,bf2d0dceb62a2f17,"ard composition, including on director diversity. TABLE OF CONTENTS 17 The table below reports self-identified gender and demographic statistics for the board of directors, as constituted prior to the Annual Meeting, in the format adopted by Nasdaq. Board Diversity Matrix (as of May 2, 2022) Female Male Total Number of Directors 7 Part I: Gender Identity Directors 1 6 Part II: Demographic Background Asian 1 1 White - 5 Board Role in Risk Oversight The board of directors has overall responsibility for risk oversight, including, as part of regular board and committee meetings, general oversight of executives’ management of risks relevant to the Company. A fundamental part of risk oversight is not only understanding the material risks a company faces and the steps management is taking to manage those risks, but also understanding what level of risk is appropriate for the Company. The involv",Board Diversity Matrix,"as of May 2, 2022",7,Female|Male,Asian|White,0,0,0,no_post_vacatur_relevant_filing,,,,,,0.65,,0,0,0,,,,,,,,0,0,0,no_post_vacatur_matrix_extracted,No post-vacatur matrix was extracted from reviewed filings.,no_signal_found,Published matrix date is on/before due+30 grace.,,,,,,,,,0,,51747320ff013bc2,7.0,1,,,2,5,,,0.14285714285714285,,,0.2857142857142857,,,1.1666666666666667,1,0,1,0,1,0,1,0,193,Life sciences / medical,Other non-US,2022,proxy,1,1,0,0,0,0,1,0,0
1861522,,KIDPIK CORP.,domestic,NY,5961,Retail-Catalog & Mail-Order Houses,2021-11-11,first_trading,2022-11-11,2022-12-11,released_in_required_window,high,published_on_time,2022-05-02,on_or_before_due_date,issuer SEC filing,https://www.sec.gov/Archives/edgar/data/1861522/000149315222011826/formdef14a.htm,edgar_filing,DEF 14A,0001493152-22-011826,Board Diversity Matrix;Total Number of Directors;Did Not Disclose Gender;Did Not Disclose Demographic Background,b778876cf0861a4f,orships 11 Classified board of directors 11 Committees of the Board 12 Board Committee Membership 12 Audit Committee 12 Compensation Committee and Nominating and Corporate Governance Committee 13 Nominations for Directors 13 Director Independence 13 Board Diversity Matrix 14 Website Availability of Documents 14 Executive Sessions of the Board of Directors 14 Stockholder Communications with the Board 14 Board of Directors Meetings 14 Executive Sessions of the Board of Directors 15 Policy on Equity Ownership 15 Policy Against Hedging 15 Compensation Recovery and Clawback Policies 15 Code of Ethics 15 Whistleblower Protection Policy 15 Controlled Company Exception 16 Delinquent Section 16(a) Reports 16 EXECUTIVE OFFICERS 17 General 17 Business Experience 17 EXECUTIVE COMPENSATION 18 Summary Compensation Table 18 Outstanding Equity Awards at Fiscal Year End 19 Employment Agreements and Key M,Board Diversity Matrix,,,,,0,0,0,no_post_vacatur_relevant_filing,,,,,,0.65,,0,0,0,,,,,,,,0,0,0,no_post_vacatur_matrix_extracted,No post-vacatur matrix was extracted from reviewed filings.,no_signal_found,Published matrix date is on/before due+30 grace.,,,,,,,,,0,,ccc6e7c16678c34c,,,,,,,,,,,,,,,0.0,0,0,0,0,0,0,0,0,193,Consumer / retail,Other non-US,2022,proxy,1,1,0,0,0,0,1,0,0
1567900,ALOY,REALLOYS INC.,domestic,FL,1000,Metal Mining,2021-11-12,pricing_proxy,2022-11-12,2022-12-12,released_in_required_window,high,published_on_time,2022-08-24,on_or_before_due_date,issuer SEC filing,https://www.sec.gov/Archives/edgar/data/1567900/000143774922021244/blkbx20220812_def14a.htm,edgar_filing,DEF 14A,0001437749-22-021244,Board Diversity Matrix;Total Number of Directors,542d9b41d30737d9,"ny. Board Composition and Diversity The following table sets forth certain diversity statistics as self-reported by the current members of the Board. Each of the categories listed in the below table has the meaning as it is used in the Nasdaq Rules. Board Diversity Matrix for Blackboxstocks, Inc. (As of August 24, 2022) Total Number of Directors 5 Female Male Part I: Gender Identity Directors 1 4 Part II: Demographic Background White 1 4 LGBTQ+ -- -- Board Meetings and Attendance During fiscal year 2021, the Board held two telephonic meetings. No incumbent director attended fewer than 75% of the aggregate of all meetings of the Board, for which at the time of the meeting they were a member of the Board. The Board also approved certain actions by unanimous written consent. Annual Meeting Attendance During fiscal year 2021, the Company did not hold an Annual Meeting of Stockholders. Though",Board Diversity Matrix,"As of August 24, 2022",5,Female|Male,White|LGBTQ+,0,0,0,continued_same_matrix,2024-12-13,issuer SEC filing,https://www.sec.gov/Archives/edgar/data/1567900/000143774924037441/blkbx20241212_def14a.htm,DEF 14A,0001437749-24-037441,0.85,Board Diversity Matrix;Total Number of Directors,7,1,0,147e5b52347af2c9,"ny. Board Composition and Diversity The following table sets forth certain diversity statistics as self-reported by the current members of the Board. Each of the categories listed in the below table has the meaning as it is used in the Nasdaq Rules. Board Diversity Matrix for Blackboxstocks, Inc. (As of December 13, 2024) Total Number of Directors 5 Female Male Part I: Gender Identity Directors 1 4 Part II: Demographic Background White 1 4 LGBTQ+ -- -- Board Meetings and Attendance During fiscal year 2023, the Board held 4 telephonic meetings. No incumbent director attended fewer than 75% of the aggregate of all meetings of the Board, for which at the time of the meeting they were a member of the Board. The Board also approved certain actions by unanimous written consent. Annual Meeting Attendance During fiscal year 2023, the Company held an Annual Meeting of Stockholders on December 29, 2023. Though attendance is encouraged, the Company does not currently maintain a policy with regard to Board members’ attendance at the Annual Meeting of Stockholders. 4 Board members attended our 2023 annual meeting of stockholders. Family Relation",Board Diversity Matrix,"As of December 13, 2024",5,Female|Male,White|LGBTQ+,0,0,0,changed_extracted_shape,"as-of date: As of August 24, 2022 -> As of December 13, 2024",matrix,Published matrix date is on/before due+30 grace.,,,,,,,,,1,post_vacatur_matrix_format_changed,839ee8c31e113b45,5.0,1,,,,5,0,,0.2,,,,0.0,,2.0,1,0,1,0,0,0,1,0,80,Energy / industrials,Other non-US,2022,proxy,1,1,0,1,1,0,0,1,0
1649739,BAFN,BayFirst Financial Corp.,domestic,FL,6022,State Commercial Banks,2021-11-12,pricing_proxy,2022-11-12,2022-12-12,released_in_required_window,high,published_on_time,2022-04-07,on_or_before_due_date,issuer SEC filing,https://www.sec.gov/Archives/edgar/data/1649739/000164973922000137/def14a-proxy2022.htm,edgar_filing,DEF 14A,0001649739-22-000137,Board Diversity Matrix;Total Number of Directors;Did Not Disclose Gender;Did Not Disclose Demographic Background,cd56f259be72b9d6,"es, the markets the Bank serves, and other stakeholders. To that end, the Board and its Nominating Committee has recruited and nominated a diverse group of directors. The diversity of the composition of the Board is disclosed in the following table. Board Diversity Matrix (as of March 31, 2022) Total Number of Directors Female Male Non-Binary Did Not Disclose Gender Part I: Gender Identity Directors 2 11 — — Part II: Demographic Background African American or Black — 1 — — Alaskan Native or Native American — — — — Asian 1 — — — Hispanic or Latinx — — — — Native Hawaiian or Pacific Islander — — — — White 1 10 — — Two or More Races or Ethnicities — — — — LGBTQ+ — — — — Did Not Disclose Demographic Background — — — — 9 Board Committees The Company’s Board is divided into five committees. The following table discloses the membership and Chair of each committee. Name Audit and Risk Management",Board Diversity Matrix,"as of March 31, 2022",,Female|Male|Non-Binary|Did Not Disclose Gender,African American or Black|Alaskan Native or Native American|Asian|Hispanic or Latinx|Hispanic or Latin|Native Hawaiian or Pacific Islander|White|Two or More Races or Ethnicities|LGBTQ+|Did Not Disclose Demographic Background,1,1,1,continued_other_narrative,2025-04-04,issuer SEC filing,https://www.sec.gov/Archives/edgar/data/1649739/000164973925000110/def14a-proxy2025.htm,DEF 14A,0001649739-25-000110,0.75,"\bdiversity\b.{0,220}\b(?:director|directors|nominee|nominees|board)\b",4,4,0,1df829981a516e27,"ility to serve as effective Board members and to determine whether they are independent in accordance with applicable SEC and Nasdaq rules (to ensure that, at all times, at least a majority of our directors are independent). Although we do not have a separate diversity policy, the Nominating Committee may consider the diversity of the Company’s directors and nominees in terms of knowledge, experience, skills, expertise, and other factors that may contribute to the effectiveness of our Board. 10 Our Nominating Committee has adopted a written charter, which sets forth the committee’s duties and responsibilities. This charter is available in the Investor Relations section of our website at www.bayfirstfinancial.com . Bank Directors The Board of Directors of the Bank is comprised of each Company director except for Mark S. Berset. Board Recommendation Our Board recommends that our shareholders vote “for” the nominees named above. PROPOSAL TWO ADJOURNMENT OF THE ANNUAL MEETING General The Board of Directors is asking for your approval to adjourn the Annual Meeting in the event that there are an insufficient number of votes to approve Proposal 1 at the Annual Meeting. In order to permit proxies to be voted",,,,,,0,0,0,matrix_replaced_by_or_supplemented_with_narrative,"Post-vacatur evidence is board/diversity narrative, not an extracted matrix.",board_diversity_narrative,Published matrix date is on/before due+30 grace.,,,,,,,,,0,,418b9af62ddd3006,,2,0,0,2,11,0,0,,,,,,,6.0,1,1,1,0,1,0,1,0,219,Finance / real estate,Other non-US,2022,proxy,1,1,0,1,0,1,0,1,0
1718224,BTBD,"BT Brands, Inc.",domestic,MN,5812,Retail-Eating  Places,2021-11-12,first_trading,2022-11-12,2022-12-12,released_after_required_window,high,published_late,2023-12-05,after_30_day_grace,issuer SEC filing,https://www.sec.gov/Archives/edgar/data/1718224/000147793223009378/btb_def14a.htm,edgar_filing,DEF 14A,https://www.sec.gov/Archives/edgar/data/1718224/000147793223009378/btb_def14a.htm,Board Diversity Matrix;Total Number of Directors;Gender Identity;Demographic Background,6cabf67b15479472,"BT Brands, Inc. Board Diversity Matrix (As of April 1, 2023). Total Number of Directors: five. Part I: Gender Identity: Directors Female 1, Male 4, Non-Binary 0, Did Not Disclose 0. Part II: Demographic Background: Asian Female 1, Hispanic or Latinx Female 1, all other listed categories 0.",Board Diversity Matrix,"As of April 1, 2023",,Female|Male|Non-Binary,Asian|Hispanic or Latinx|Hispanic or Latin,1,0,0,not_continued_in_reviewed_filings,,,,,,0.7,,3,3,0,,,,,,,,0,0,0,no_post_vacatur_matrix_extracted,No post-vacatur matrix was extracted from reviewed filings.,no_signal_found,Published matrix date is after due+30 grace.,Browser confirmed substantive SEC proxy matrix; late versus initial due date.,not_found_in_current_sec_filings,,,not_found,,,not_found,0,,bf25e7181af00001,,1,0,,,,,,,,,,,,1.0,1,0,1,0,0,0,1,0,-388,Consumer / retail,Other non-US,2022,proxy,1,0,1,0,0,0,1,0,0
1850453,,Mynaric AG,foreign_private_issuer,2M,4899,"Communications Services, NEC",2021-11-12,first_trading,2022-11-12,2022-12-12,released_in_required_window,high,published_on_time,2022-05-06,on_or_before_due_date,issuer SEC filing,https://www.sec.gov/Archives/edgar/data/1850453/000119312522143674/d310942d20f.htm,edgar_filing,20-F,0001193125-22-143674,Board Diversity Matrix;Total Number of Directors;Did Not Disclose Gender,75195f75a86506c9,"d of the equity capital markets team. He currently serves on the supervisory board of nextmarkets AG. Board Diversity The table below provides certain information regarding the diversity of the supervisory board as of the date of this Annual Report. Board Diversity Matrix Country of Principal Executive Offices Germany Foreign Private Issuer Yes Disclosure Prohibited under Home Country Law No Total Number of Directors and Board Observers 5 Female Male Non-Binary Did Not Disclose Gender Part I: Gender Identity Directors 0 3 0 2 Part II: Demographic Background Underrepresented Individual in Home Country Jurisdiction 0 LGBTQ+ 1 Did Note Disclose Demographic Backgrounds 2 B. Compensation Compensation of Management Board Members The remuneration for management board members consists of three components: • a non-performance-related remuneration (fixed remuneration), • performance-related bonuse",Board Diversity Matrix,,,Female|Male|Non-Binary|Did Not Disclose Gender,LGBTQ+,1,1,0,not_continued_in_reviewed_filings,,,,,,0.7,,15,15,0,,,,,,,,0,0,0,no_post_vacatur_matrix_extracted,No post-vacatur matrix was extracted from reviewed filings.,no_signal_found,Published matrix date is on/before due+30 grace.,,,,,,,,,0,,dcc340c8561aa511,,0,0,2,,,1,,,,,,,,3.0,1,0,0,0,0,1,1,1,190,Other / mixed,Other non-US,2022,20-F,1,1,0,0,0,0,1,0,0
1676238,BRZE,"Braze, Inc.",domestic,NY,7372,Services-Prepackaged Software,2021-11-17,first_trading,2022-11-17,2022-12-17,released_in_required_window,high,published_on_time,2022-05-18,on_or_before_due_date,issuer SEC filing,https://www.sec.gov/Archives/edgar/data/1676238/000114036122019788/ny20003702x1_def14a.htm,edgar_filing,DEF 14A,0001140361-22-019788,Board Diversity Matrix;Total Number of Directors;Did Not Disclose Gender;Did Not Disclose Demographic Background,440a275fa3297b6f,"y. 10 TABLE OF CONTENTS The table below provides additional diversity information regarding our board of directors as of April 30, 2022. Each of the categories listed in the below table has the meaning as it is used in Nasdaq Listing Rule 5605(f). ​ Board Diversity Matrix ​ ​ Total Number of Directors ​ ​ 7 ​ ​ ​ ​ Female ​ ​ Male ​ ​ Non- Binary ​ ​ Did Not Disclose Gender ​ ​ Part I: Gender Identity ​ ​ ​ ​ ​ ​ ​ ​ ​ ​ Directors ​ ​ 1 ​ ​ 6 ​ ​ ​ ​ ​ ​ Part II: Demographic Background ​ ​ ​ ​ ​ ​ ​ ​ ​ ​ African American or Black ​ ​ ​ ​ ​ ​ ​ ​ ​ ​ Alaskan Native or Native American ​ ​ ​ ​ ​ ​ ​ ​ ​ ​ Asian ​ ​ ​ ​ 1 ​ ​ ​ ​ ​ ​ Hispanic or Latinx ​ ​ ​ ​ ​ ​ ​ ​ ​ ​ Native Hawaiian or Pacific Islander ​ ​ ​ ​ ​ ​ ​ ​ ​ ​ White ​ ​ ​ ​ 5 ​ ​ ​ ​ ​ ​ Two or More Races or Ethnicities ​ ​ ​ ​ ​ ​ ​ ​ ​ ​ LGBTQ+ ​ ​ 1 ​ ​ Did Not Disclose Demographic Background ​ ​ 1 ​ 11 TABLE OF CONTENTS",Board Diversity Matrix,,,Female|Male|Did Not Disclose Gender,African American or Black|Alaskan Native or Native American|Asian|Hispanic or Latinx|Hispanic or Latin|Native Hawaiian or Pacific Islander|White|Two or More Races or Ethnicities|LGBTQ+|Did Not Disclose Demographic Background,0,1,1,continued_other_narrative,2025-05-15,issuer SEC filing,https://www.sec.gov/Archives/edgar/data/1676238/000114036125019268/ny20045978x1_def14a.htm,DEF 14A,0001140361-25-019268,0.75,"\bdiversity\b.{0,220}\b(?:director|directors|nominee|nominees|board)\b",7,7,0,eece12b61ea5049f,"our board of directors or the board of directors may reduce its size. Our nominating and corporate governance committee seeks to assemble a board that, as a whole, possesses the appropriate balance of professional and industry knowledge, financial expertise, diversity and high-level management experience necessary to oversee and direct our business. To that end, the committee has identified and evaluated nominees in the broader context of the board’s overall composition, with the goal of recruiting members who possess relevant expertise and experience upon which to be able to offer advice and guidance to management, have sufficient time to devote to the affairs of Braze, demonstrate excellence in his or her field, have the ability to exercise sound business judgment, have experience as a board member or executive officer of another publicly held company, and have the commitment to rigorously represent the long-term interests of our stockholders. To provide a mix of experience and perspective on the board, the committee also takes into account diversity (including diversity of gender, ethnic background and country of origin), skills and such other factors that it deems appropriate to maintain a balance of knowledge, experience and capability on the board. The biographies below under",,,,,,0,0,0,matrix_replaced_by_or_supplemented_with_narrative,"Post-vacatur evidence is board/diversity narrative, not an extracted matrix.",board_diversity_narrative,Published matrix date is on/before due+30 grace.,,,,,,,,,0,,6c1f91567fbb4590,,,,,,,1,1,,,,,,,3.0,0,0,0,0,0,1,1,1,183,Technology,Other non-US,2022,proxy,1,1,0,1,0,1,0,1,0
1840416,SSM,Sono Group N.V.,domestic,2M,3674,Semiconductors & Related Devices,2021-11-17,first_trading,2022-11-17,2022-12-17,no_release_found_after_checks,medium,not_located,,no_dated_release,,,,,,,,,,,,,,0,0,0,not_continued_in_reviewed_filings,,,,,,0.7,,8,8,0,,,,,,,,0,0,0,no_post_vacatur_matrix_extracted,No post-vacatur matrix was extracted from reviewed filings.,no_signal_found,"No substantive primary matrix located after SEC, committed-check FTS/Wayback, website candidates, and manual/browser review where applicable.",Web search for Sono Group N.V. plus Board Diversity Matrix did not return primary own-company matrix evidence.,not_found_in_current_sec_filings,,,not_found,,,not_found,1,no_release_found_after_checks,89889eccb065dbe2,,,,,,,,,,,,,,,0.0,0,0,0,0,0,0,0,0,,Technology,Other non-US,2022,unknown,0,0,1,0,0,0,1,0,0
1878848,IREN,IREN Ltd,domestic,Australia,6199,Finance Services,2021-11-17,first_trading,2022-11-17,2022-12-17,released_in_required_window,high,published_on_time,2022-09-13,on_or_before_due_date,issuer SEC filing,https://www.sec.gov/Archives/edgar/data/1878848/000114036122033208/brhc10041484_20f.htm,edgar_filing,20-F,0001140361-22-033208,Board Diversity Matrix;Total Number of Directors;Did Not Disclose Gender;Did Not Disclose Demographic Background,0c90aa07d67388d8,"requirements) within one year of the IPO. All members of the Audit and Risk Committee are able to read and understand fundamental financial statements, are familiar with finance and accounting practices and principles, and are financially literate. Board Diversity Matrix Board Diversity Matrix (As of June 30, 2022) Country of Principal Executive Offices: Australia Foreign Private Issuer Yes Disclosure Prohibited under Home Country Law No Total Number of Directors 5 Female Male Non- Binary Did Not Disclose Gender Part I: Gender Identity Directors — 5 — — Part II: Demographic Background Underrepresented Individual in Home Country Jurisdiction 1 LGBTQ+ ⸺ Did Not Disclose Demographic Background ⸺ D. Employees We had 102, 39 and 25 employees as of June 30, 2022, 2021 and 2020, respectively. As of June 30, 2022, we employed 21 employees in a corporate head office capacity and 81 employees focu",Board Diversity Matrix Board Diversity Matrix,"As of June 30, 2022",5,Female|Male|Did Not Disclose Gender,LGBTQ+|Did Not Disclose Demographic Background,0,1,1,continued_other_narrative,2025-09-22,issuer SEC filing,https://www.sec.gov/Archives/edgar/data/1878848/000114036125035738/ny20053824x1_pre14a.htm,PRE 14A,0001140361-25-035738,0.75,"\bdiversity\b.{0,220}\b(?:director|directors|nominee|nominees|board)\b",25,25,0,77d6a648d011268b,"inance and marketing; senior leadership experience; and international experience. The Board then determines whether a nominee’s background, experience, personal characteristics and skills will advance the Board’s goal of creating and sustaining a Board with a diversity of perspectives and viewpoints that can support and oversee IREN’s complex activities. 8 TABLE OF CONTENTS Board of Directors Leadership Structure The Board periodically evaluates our leadership structure and the combination or separation of the chief executive officer and chair of the board of director roles. The combination or separation of the chief executive officer and chair of the board of director roles is and will be driven by IREN’s governance and leadership needs at any point in time. At this time, IREN has two chief executive officers, Daniel Roberts and William Roberts (the “ Co-Chief Executive Officers ”), and a separate Chair of the Board, David Bartholomew, who is independent. IREN believes that having an independent Chair provides strong independent leadership and oversight for IREN and the Board. We believe that the separation of the Chair and Co-Chief Executive Officer positions allows our independent Chair to focus on the governance of the Board, Board meeting agenda plann",,,,,,0,0,0,matrix_replaced_by_or_supplemented_with_narrative,"Post-vacatur evidence is board/diversity narrative, not an extracted matrix.",board_diversity_narrative,Published matrix date is on/before due+30 grace.,,,,,,,,,0,,978c591a4f271a62,5.0,0,,0,,,,166,0.0,,0.0,,,1.0,2.0,1,0,0,0,0,0,0,1,65,Finance / real estate,Other non-US,2022,20-F,1,1,0,1,0,1,0,1,0
1769697,FNUC,Frontier Nuclear & Minerals Inc.,foreign_private_issuer,"Manitoba, Canada",1090,Miscellaneous Metal Ores,2021-11-19,first_trading,2022-11-19,2022-12-19,no_release_found_after_checks,medium,not_located,,no_dated_release,,,,,,,,,,,,,,0,0,0,not_continued_in_reviewed_filings,,,,,,0.7,,81,40,0,,,,,,,,0,0,0,no_post_vacatur_matrix_extracted,No post-vacatur matrix was extracted from reviewed filings.,no_signal_found,"No substantive primary matrix located after SEC, committed-check FTS/Wayback, website candidates, and manual/browser review where applicable.","Web search for Frontier Nuclear/Snow Lake plus Board Diversity Matrix returned governance/news pages, no substantive matrix evidence.",not_found_in_current_sec_filings,,,not_found,,,not_found,1,no_release_found_after_checks,89889eccb065dbe2,,,,,,,,,,,,,,,0.0,0,0,0,0,0,0,0,0,,Energy / industrials,Other non-US,2022,unknown,0,0,1,0,0,0,1,0,0
1815436,,Advanced Health Intelligence Ltd,foreign_private_issuer,C3,7372,Services-Prepackaged Software,2021-11-19,first_trading,2022-11-19,2022-12-19,released_after_required_window,high,published_late,2023-01-31,after_30_day_grace,issuer SEC filing,https://www.sec.gov/Archives/edgar/data/1815436/000121390023007932/f20f2022_advancedhealth.htm,edgar_filing,20-F,https://www.sec.gov/Archives/edgar/data/1815436/000121390023007932/f20f2022_advancedhealth.htm,Board Diversity Matrix;Total Number of Directors;Gender Identity;Demographic Background,8dbecf7b747876c4,"Advanced Health Intelligence Ltd Board Diversity Matrix. Country of Principal Executive Officers: Singapore and Australia. Foreign Private Issuer Yes. Disclosure Prohibited under Home Country Law No. Total Number of Directors 7. Part I: Gender Identity: Directors Female 2, Male 5, Non-Binary -, Did Not Disclose Gender -. Part II: Demographic Background: Underrepresented Individual in Home Country Jurisdiction -, LGBTQ+ -, Did Not Disclose Demographic Background -.",Board Diversity Matrix,,7,Female|Male|Non-Binary|Did Not Disclose Gender,LGBTQ+|Did Not Disclose Demographic Background,1,1,1,not_continued_in_reviewed_filings,,,,,,0.7,,2,2,0,,,,,,,,0,0,0,no_post_vacatur_matrix_extracted,No post-vacatur matrix was extracted from reviewed filings.,no_signal_found,Published matrix date is after due+30 grace.,Browser confirmed substantive SEC 20-F matrix; late versus initial due date.,not_found_in_current_sec_filings,,,no_company_url,,,not_found,0,,65ebd2030149c0df,7.0,2,0,0,,,0,0,0.2857142857142857,0.0,0.0,,0.0,0.0,4.0,1,0,1,0,0,0,1,0,-73,Technology,Other non-US,2022,20-F,1,0,1,0,0,0,1,0,0
1876581,IMPP,Imperial Petroleum Inc./Marshall Islands,foreign_private_issuer,Greece,4412,Deep Sea Foreign Transportation of  Freight,2021-11-23,pricing_proxy,2022-11-23,2022-12-23,no_release_found_after_checks,medium,not_located,,no_dated_release,,,,,,,,,,,,,,0,0,0,not_continued_in_reviewed_filings,,,,,,0.7,,14,14,0,,,,,,,,0,0,0,no_post_vacatur_matrix_extracted,No post-vacatur matrix was extracted from reviewed filings.,no_signal_found,"No substantive primary matrix located after SEC, committed-check FTS/Wayback, website candidates, and manual/browser review where applicable.","Web search for Imperial Petroleum plus Board Diversity Matrix returned C3is/third-party references and aggregate sources, not Imperial own matrix.",not_found_in_current_sec_filings,,,not_found,,,not_found,1,no_release_found_after_checks,89889eccb065dbe2,,,,,,,,,,,,,,,0.0,0,0,0,0,0,0,0,0,,Transportation / utilities,Other non-US,2022,unknown,0,0,1,0,0,0,1,0,0
1187953,CELZ,"CREATIVE MEDICAL TECHNOLOGY HOLDINGS, INC.",domestic,AZ,2836,"Biological Products, (No Diagnostic Substances)",2021-12-06,pricing_proxy,2022-12-06,2023-01-05,released_in_required_window,high,published_on_time,2022-12-08,within_30_day_grace,issuer website archived by Internet Archive,https://web.archive.org/web/20221208001234/https://creativemedicaltechnology.com/board-diversity-matrix/,website_archive,,https://web.archive.org/web/20221208001234/https://creativemedicaltechnology.com/board-diversity-matrix/,Board Diversity Matrix;Total Number of Directors;Gender Identity;Demographic Background,6d96ecdfd959abef,"Creative Medical Technology Holdings, Inc. Board Diversity Matrix. The table states it provides information related to the composition of board members and nominees under Nasdaq Rule 5605(f). Board Diversity Matrix (As of 6/30/2022). Total Number of Directors 5. Part I: Gender Identity: Directors Female 1, Male 4, Non-Binary -, DND Gender -. Part II: Demographic Background: African American or Black -; Alaskan Native or American Indian -; Asian -; Hispanic or Latinx -; Native Hawaiian or Pacific Islander -; White Female 1, Male 4; Two or More Races or Ethnicities -; LGBTQ+ -; DND Demographic Background -.",Board Diversity Matrix,As of 6/30/2022,5,Female|Male|Non-Binary,African American or Black|Asian|Hispanic or Latinx|Hispanic or Latin|Native Hawaiian or Pacific Islander|White|Two or More Races or Ethnicities|LGBTQ+,1,0,0,continued_other_narrative,2025-10-30,issuer SEC filing,https://www.sec.gov/Archives/edgar/data/1187953/000147793225007803/celz_def14a.htm,DEF 14A,0001477932-25-007803,0.75,\bboard diversity\b,11,11,0,fc53873d9e25a7b9,"idates for membership on the Board. In evaluating such recommendations, the corporate governance and nominating committee will address the membership criteria set forth above. Although our Board of Directors does not maintain a specific policy with respect to board diversity, our Board of Directors believes that it should be a diverse body, and our corporate governance and nominating committee considers a broad range of backgrounds and experiences. In making determinations regarding nominations of directors, our corporate governance and nominating committee may take into account the benefits of diverse viewpoints. Our corporate governance and nominating committee also considers these and other factors as it oversees the annual Board of Directors and committee evaluations. After completing its review and evaluation of director candidates, our corporate governance and nominating committee recommends to our full Board of Directors the director nominees for selection. Code of Ethics and Insider Trading Policy We have adopted a Code of Business Conduct and Ethics (the “Code”) that applies to our directors, office",,,,,,0,0,0,matrix_replaced_by_or_supplemented_with_narrative,"Post-vacatur evidence is board/diversity narrative, not an extracted matrix.",board_diversity_narrative,Published matrix date is on/before due+30 grace.,,,,,found,2022-12-06,https://web.archive.org/web/20221206/https://creativemedicaltechnology.com,not_found,0,,1e8bc3fd659fcb1e,5.0,1,0,,,,0,,0.2,0.0,,,0.0,,2.0,1,0,1,0,0,0,1,0,-2,Life sciences / medical,Other non-US,2022,unknown,1,1,0,1,0,1,0,1,0
1862150,CING,Cingulate Inc.,domestic,KS,2834,Pharmaceutical Preparations,2021-12-08,first_trading,2022-12-08,2023-01-07,released_in_required_window,high,published_on_time,2022-04-22,on_or_before_due_date,issuer SEC filing,https://www.sec.gov/Archives/edgar/data/1862150/000149315222010723/formdef14a.htm,edgar_filing,DEF 14A,0001493152-22-010723,Board Diversity Matrix;Total Number of Directors;Did Not Disclose Gender;Did Not Disclose Demographic Background,3e8df6f214e06778,"eutic areas, and his experience serving as our Chief Executive Officer, qualifies him to serve on our Board of Directors. 10 Board Membership Diversity In accordance with Nasdaq’s new Board Diversity Rules (Rule 5605(f) and Rule 5606), the following Board Diversity Matrix presents our Board diversity statistics. The minimum diversity objective for small reporting companies listed on the Nasdaq Capital Market on or after August 6, 2021 is two diverse directors by August 6, 2026 or two years from the date of listing, whichever is later, including one who self-identifies as female, and one who self-identifies as either female, an underrepresented minority or LGBTQ+. “Underrepresented Minority” means an individual who self-identifies as one or more of the following: Black or African American, Hispanic or Latinx, Asian, Native American or Alaska Native, Native Hawaiian or Pacific Islander, or",Board Diversity Matrix,,,Female|Male,Asian|Hispanic or Latinx|Hispanic or Latin|Native Hawaiian or Pacific Islander|LGBTQ+,0,0,0,continued_other_narrative,2025-03-27,issuer SEC filing,https://www.sec.gov/Archives/edgar/data/1862150/000164117225000970/form10-k.htm,10-K,0001641172-25-000970,0.75,"\bdiversity\b.{0,220}\b(?:director|directors|nominee|nominees|board)\b",13,13,0,5c9d4b205f90916c,"ved only for cause, and that any vacancy on our Board, including a vacancy resulting from an enlargement of our Board, may be filled only by vote of a majority of our directors then in office. We do not have a formal policy with regard to the consideration of diversity in identifying director nominees. The Board evaluates each individual in the context of the Board as a whole, with the objective of assembling a group that can best perpetuate the success of the business and represent stockholder interests through the exercise of sound judgment using its diversity of experience in these various areas. Audit Committee and Audit Committee Financial Expert Our Audit Committee consists of Messrs. Ervin, Lawrence and Roberts, with Mr. Roberts serving as the Chairman of the Audit Committee. Our Board has determined that the three directors currently serving on our Audit Committee are independent within the meaning of the NASDAQ Marketplace Rules and Rule 10A-3 under the Exchange Act. In addition, our Board has determined that Mr. Roberts qualifies as an audit committee financial expert within the meaning of SEC regulations and The NASDAQ Marketplace Rules. 116 Delinquent Section 16(a) Reports Section 16(a)",,,,,,0,0,0,matrix_replaced_by_or_supplemented_with_narrative,"Post-vacatur evidence is board/diversity narrative, not an extracted matrix.",board_diversity_narrative,Published matrix date is on/before due+30 grace.,,,,,,,,,0,,41ca2e871d9ddfe6,,6,,,,,0,,,,,,,,1.0,1,0,1,0,0,0,1,0,230,Life sciences / medical,Other non-US,2022,proxy,1,1,0,1,0,1,0,1,0
1720671,,"HashiCorp, Inc.",domestic,CA,7371,Services-Computer Programming Services,2021-12-09,first_trading,2022-12-09,2023-01-08,no_release_found_after_checks,medium,not_located,,no_dated_release,,,,,,,,,,,,,,0,0,0,no_post_vacatur_relevant_filing,,,,,,0.65,,0,0,0,,,,,,,,0,0,0,no_post_vacatur_matrix_extracted,No post-vacatur matrix was extracted from reviewed filings.,no_signal_found,"No substantive primary matrix located after SEC, committed-check FTS/Wayback, website candidates, and manual/browser review where applicable.","Web search for HashiCorp plus Board Diversity Matrix returned aggregate/third-party and other-company references, not a primary HashiCorp matrix.",not_found_in_current_sec_filings,,,not_found,,,not_found,1,no_release_found_after_checks,74b36c0a0967cfeb,,,,,,,,,,,,,,,0.0,0,0,0,0,0,0,0,0,,Technology,Other non-US,2022,unknown,0,0,1,0,0,0,1,0,0
1875091,NRSN,NeuroSense Therapeutics Ltd.,foreign_private_issuer,L3,2834,Pharmaceutical Preparations,2021-12-09,first_trading,2022-12-09,2023-01-08,released_in_required_window,high,published_on_time,2023-01-08,within_30_day_grace,issuer website archived by Internet Archive,https://web.archive.org/web/20230327150705/https://neurosense.investorroom.com/download/NRSN+-+Diversity+Matrix.pdf,website_archive,,https://web.archive.org/web/20230327150705/https://neurosense.investorroom.com/download/NRSN+-+Diversity+Matrix.pdf,Board Diversity Matrix;Total Number of Directors;Gender Identity;Demographic Background,128bd678a9bdb76f,"NeuroSense Therapeutics Ltd. Board Diversity Matrix. Country of Principal Executive Offices: Israel. Foreign Private Issuer: Yes. Disclosure Prohibited under Home Country Law: No. Total Number of Directors: 6. Part I: Gender Identity: Directors Female 3, Male 3, Non-Binary 0, Did Not Disclose Gender 0. Part II: Demographic Background: Underrepresented Individual in Home Country Jurisdiction 1; LGBTQ+ 0; Did Not Disclose Demographic Background 0.",Board Diversity Matrix,,6,Female|Male|Non-Binary|Did Not Disclose Gender,LGBTQ+|Did Not Disclose Demographic Background,1,1,1,continued_other_narrative,2025-04-07,issuer SEC filing,https://www.sec.gov/Archives/edgar/data/1875091/000121390025029464/ea0237295-20f_neuro.htm,20-F,0001213900-25-029464,0.75,"\b(?:director|directors|nominee|nominees|board)\b.{0,220}\bdiversity\b",40,40,0,2f7f561a9eed146f,"ctices fail to meet regulatory requirements or investor, customer, consumer, employee or other shareholders’ evolving expectations and standards for responsible corporate citizenship in areas including environmental stewardship, support for local communities, board of Directors and employee diversity, human capital management, employee health and safety practices, product quality, supply chain management, corporate governance and transparency, our reputation, brand and employee retention may be negatively impacted, and our customers and suppliers may be unwilling to continue to do business with us. 42 Customers, consumers, investors and other shareholders are increasingly focusing on environmental issues, including climate change, energy and water use, plastic waste and other sustainability concerns. Concern over climate change may result in new or increased legal and regulatory requirements to reduce or mitigate impacts to the environment. Changing customer and consumer preferences or increased regulatory requirements may result in increased demands or requirements regarding plastics and packaging materials, including single-use and",,,,,,0,0,0,matrix_replaced_by_or_supplemented_with_narrative,"Post-vacatur evidence is board/diversity narrative, not an extracted matrix.",board_diversity_narrative,Published matrix date is on/before due+30 grace.,,,,,found,2023-01-08,https://web.archive.org/web/20230108/https://neurosense.investorroom.com,not_found,0,,24b24d44c4830dd9,6.0,3,0,0,,,0,0,0.5,0.0,0.0,,0.0,0.0,4.0,1,0,1,0,0,0,1,0,-30,Life sciences / medical,Other non-US,2022,unknown,1,1,0,1,0,1,0,1,0
1084267,MOBQ,"Mobiquity Technologies, Inc.",domestic,NY,7310,Services-Advertising,2021-12-10,pricing_proxy,2022-12-10,2023-01-09,released_in_required_window,high,published_on_time,2022-12-14,within_30_day_grace,issuer website archived by Internet Archive,https://mobiquitytechnologies.com/wp-content/uploads/2023/04/MOBQ-Board-Diversity-Matrix-2022.pdf,website_archive,,https://mobiquitytechnologies.com/wp-content/uploads/2023/04/MOBQ-Board-Diversity-Matrix-2022.pdf,Board Diversity Matrix;Total Number of Directors;Gender Identity;Demographic Background,baded98dc5b55933,"Board Diversity Matrix for Mobiquity Technologies, Inc. As of December 14, 2022. Total Number of Directors 5. Part I: Gender Identity: Directors Female 1, Male 4, Non-Binary 0, Did Not Disclose Gender 0. Part II: Demographic Background: African American or Black Male 1; White Female 1, Male 3; all other listed categories 0.",Board Diversity Matrix,"As of December 14, 2022",5,Female|Male|Non-Binary|Did Not Disclose Gender,African American or Black|White,1,1,0,not_continued_in_reviewed_filings,,,,,,0.7,,2,2,0,,,,,,,,0,0,0,no_post_vacatur_matrix_extracted,No post-vacatur matrix was extracted from reviewed filings.,no_signal_found,Published matrix date is on/before due+30 grace.,Browser found issuer PDF link; local PDF extraction confirmed substantive matrix. Within grace window.,not_found_in_current_sec_filings,,,not_found,,,not_found,0,,825fa48f51fc2d46,5.0,1,0,0,,,,,0.2,0.0,0.0,,,,2.0,1,0,1,0,0,0,1,0,-4,Services,Other non-US,2022,unknown,1,1,0,0,0,0,1,0,0
1838716,GNTA,Genenta Science S.p.A.,foreign_private_issuer,L6,2836,"Biological Products, (No Diagnostic Substances)",2021-12-15,first_trading,2022-12-15,2023-01-14,partial_or_unretrieved_primary_evidence,low,not_located,,no_dated_release,issuer/current website or manually reviewed primary source,https://genenta.gcs-web.com/governance/documents-charters,issuer_governance_candidate,,,,,,,,,,,0,0,0,not_continued_in_reviewed_filings,,,,,,0.7,,23,23,0,,,,,,,,0,0,0,no_post_vacatur_matrix_extracted,No post-vacatur matrix was extracted from reviewed filings.,no_signal_found,"Primary matrix candidate/link found, but file could not be retrieved or values not extracted.","Search result reports Genenta Board Diversity Matrix 2024 PDF; Browser/direct fetch failed or hung, so not inserted yet.",not_found_in_current_sec_filings,,,not_found,,,not_found,1,partial_or_unretrieved_primary_evidence,1b5da6e3c2a33f84,,,,,,,,,,,,,,,0.0,0,0,0,0,0,0,0,0,,Life sciences / medical,Other non-US,2022,unknown,1,0,1,0,0,0,1,0,0
1191070,NEUP,Neuphoria Therapeutics Inc.,domestic,MA,2834,Pharmaceutical Preparations,2021-12-16,first_trading,2022-12-16,2023-01-15,released_in_required_window,high,published_on_time,2022-10-14,on_or_before_due_date,issuer SEC filing,https://www.sec.gov/Archives/edgar/data/1191070/000095017022019563/bnox-20220630.htm,edgar_filing,20-F,0000950170-22-019563,Board Diversity Matrix;Total Number of Directors;Did Not Disclose Gender;Did Not Disclose Demographic Background,dc5e7a31ed0fe0ca,ributed to our board of directors’ conclusion that he should serve as a director of our company. 123 Board Diversity The table below provides certain information regarding the diversity of our board of directors as of the date of this Annual Report. Board Diversity Matrix Country of Principal Executive Offices: Australia Foreign Private Issuer Yes Disclosure Prohibited under Home Country Law No Total Number of Directors 6 Female Male Non-Binary Did Not Disclose Gender Part I: Gender Identity Directors 1 5 0 0 Part II: Demographic Background Underrepresented Individual in Home Country Jurisdiction 0 LGBTQ+ 0 Did Not Disclose Demographic Background 1 B. Com pensation We set out below the amount of compensation paid and benefits in kind provided by us or our subsidiaries to our executive officers and members of our board for services in all capacities to us or our subsidiaries for the fisca,Board Diversity Matrix,,6,Female|Male|Non-Binary|Did Not Disclose Gender,LGBTQ+|Did Not Disclose Demographic Background,1,1,1,not_continued_in_reviewed_filings,,,,,,0.7,,9,9,0,,,,,,,,0,0,0,no_post_vacatur_matrix_extracted,No post-vacatur matrix was extracted from reviewed filings.,no_signal_found,Published matrix date is on/before due+30 grace.,,,,,,,,,0,,f819a6ac7990f676,6.0,1,0,0,,,0,1,0.16666666666666666,0.0,0.0,,0.0,0.16666666666666666,4.0,1,0,1,0,0,0,1,1,63,Life sciences / medical,Other non-US,2022,20-F,1,1,0,0,0,0,1,0,0
1873835,IMMX,"Immix Biopharma, Inc.",domestic,CA,2834,Pharmaceutical Preparations,2021-12-16,first_trading,2022-12-16,2023-01-15,released_after_required_window,high,published_late,2024-04-30,after_30_day_grace,issuer SEC filing,https://www.sec.gov/Archives/edgar/data/1873835/000149315224017060/formdef14a.htm,edgar_filing,DEF 14A,https://www.sec.gov/Archives/edgar/data/1873835/000149315224017060/formdef14a.htm,Board Diversity Matrix;Total Number of Directors;Gender Identity;Demographic Background,1164c54d18cc64a2,"Immix Biopharma, Inc. Board Diversity Matrix (As of April 22, 2024). Total Number of Directors 8. Part I: Gender Identity: Directors Female 4, Male 4. Part II: Demographic Background: Asian 2; Hispanic or Latinx 1; White Female 3, Male 2.",Board Diversity Matrix,"As of April 22, 2024",8,Female|Male,Asian|Hispanic or Latinx|Hispanic or Latin|White,0,0,0,continued_other_narrative,2025-04-30,issuer SEC filing,https://www.sec.gov/Archives/edgar/data/1873835/000164117225006711/formdef14a.htm,DEF 14A,0001641172-25-006711,0.75,\bboard diversity\b,9,9,0,aa2de1912e79d5dc,"at may be served by a director; however, in connection with evaluating recommendations for nomination for reelection, the Board of Directors considers director tenure. We value diversity on a company-wide basis but have not adopted a specific policy regarding Board diversity. 13 PROPOSAL 1 ELECTION OF DIRECTORS At the Annual Meeting, the stockholders will elect eight directors to hold office until the 2026 Annual Meeting. Directors are elected by a plurality of votes cast by stockholders. In the event the nominees are unable or unwilling to serve as directors at the time of the Annual Meeting, the proxies will be voted for any substitute nominees designated by the present Board or the proxy holders to fill such vacancy, or for the balance of the nominees named without nomination of a substitute, or the size of the Board will be reduced in accordance with the Bylaws of the Company. The Board has no reason to believe that the persons named below will be unable or unwilling to serve as nominees or as directors if elected. Assuming a quorum is present, the eight nominees receiving the highest number of affirmati",,,,,,0,0,0,matrix_replaced_by_or_supplemented_with_narrative,"Post-vacatur evidence is board/diversity narrative, not an extracted matrix.",board_diversity_narrative,Published matrix date is after due+30 grace.,Browser confirmed substantive SEC proxy matrix; late versus initial due date.,not_found_in_current_sec_filings,,,not_found,,,not_found,0,,b0f0db4593e4c30a,8.0,4,,,,5,,,0.5,,,,,,1.0,1,0,1,0,0,0,1,0,-501,Life sciences / medical,Other non-US,2022,proxy,1,0,1,1,0,1,0,1,0
1468929,NXGL,"NEXGEL, INC.",domestic,PA,3841,Surgical & Medical Instruments & Apparatus,2021-12-22,first_trading,2022-12-22,2023-01-21,released_in_required_window,high,published_on_time,2022-07-18,on_or_before_due_date,issuer SEC filing,https://www.sec.gov/Archives/edgar/data/1468929/000149315222019575/formdef14a.htm,edgar_filing,DEF 14A,0001493152-22-019575,Board Diversity Matrix;Total Number of Directors,aaf581d32dd7bb21,"rate nimbly and efficiently, while maintaining new ideas, expertise, experience and diversity among its membership. As of July 7, 2022, a female comprises approximately 14% of our Board. We currently have no underrepresented minorities on our Board. Board Diversity Matrix (as of July 7, 2022) Total Number of Directors 7 Female Male Part I: Gender Identity 1 6 Part II: Demographic Background White 1 6 The biographies of the Company Nominees are as follows: Adam Levy . Mr. Levy has served as our Chief Executive Officer and President since September 10, 2019 and was our Chief Financial Officer from December 31, 2019 until June 1, 2021. Mr. Levy has also served on our Board since September 9, 2021. Mr. Levy is an investment banker associated with Cova Capital and has been a capital markets specialist for the past six years. Prior to that, he was the president and CEO of Warlock Records Inc.",Board Diversity Matrix,"as of July 7, 2022",7,Female|Male,White,0,0,0,continued_same_matrix,2025-04-30,issuer SEC filing,https://www.sec.gov/Archives/edgar/data/1468929/000164117225007863/def14a.htm,DEF 14A,0001641172-25-007863,0.85,Board Diversity Matrix;Total Number of Directors,7,2,0,2cb97eb5c180afe4,"optimal size and composition of the Board to allow it to operate nimbly and efficiently, while maintaining new ideas, expertise, experience and diversity among its membership. We currently have no females or underrepresented minorities on our Board. Board Diversity Matrix (as of April 30, 2025) Total Number of Directors 5 Female Male Part I: Gender Identity 0 5 Part II: Demographic Background White 0 5 The biographies of the Company Nominees are as follows: Adam Levy . Mr. Levy has served as our Chief Executive Officer and President since September 10, 2019 and was our Chief Financial Officer from December 31, 2019 until June 1, 2021. Mr. Levy has also served on our Board since September 9, 2021. Mr. Levy was an investment banker associated with Cova Capital for six years prior to joining NexGel and has significant capital markets experience. Prior to that, he was the president and CEO of Warlock Records Inc. and its related companies from its inception in 1985. While at Warlock, he led the successful turn-around of several financially distressed music companies as part of a roll up strategy. Mr. Levy has expertise in consumer produ",Board Diversity Matrix,"as of April 30, 2025",5,Female|Male,White,0,0,0,changed_extracted_shape,"as-of date: as of July 7, 2022 -> as of April 30, 2025; total directors: 7 -> 5",matrix,Published matrix date is on/before due+30 grace.,,,,,,,,,1,post_vacatur_matrix_format_changed,a98841c2dd7a020d,7.0,,,,,7,,,,,,,,,1.0,0,0,0,0,0,0,0,0,157,Life sciences / medical,Other non-US,2022,proxy,1,1,0,1,1,0,0,1,0
1070050,APCX,AppTech Payments Corp.,domestic,CA,7372,Services-Prepackaged Software,2022-01-06,pricing_proxy,2023-01-06,2023-02-05,released_after_required_window,high,published_late,2023-03-21,after_30_day_grace,issuer SEC filing,https://www.sec.gov/Archives/edgar/data/1070050/000190359623000206/apcx_def14a.htm,edgar_filing,DEF 14A,https://www.sec.gov/Archives/edgar/data/1070050/000190359623000206/apcx_def14a.htm,Board Diversity Matrix;Total Number of Directors;Gender Identity;Demographic Background,25f1f7362b31ad2a,"AppTech Payments Corp. Board Diversity Matrix (As of the Record Date). Total Number of Directors 7. Part I: Gender Identity: Directors Female 1, Male 6, Non-Binary 0, Did Not Disclose Gender 0. Part II: Demographic Background: Asian Female 1; White Male 5; Two or More Races or Ethnicities Male 1; all other listed categories 0.",Board Diversity Matrix,,7,Female|Male|Non-Binary|Did Not Disclose Gender,Asian|White|Two or More Races or Ethnicities,1,1,0,continued_same_matrix,2025-04-17,issuer SEC filing,https://www.sec.gov/Archives/edgar/data/1070050/000168316825002670/apptech_idef14a.htm,DEF 14A,0001683168-25-002670,0.95,Board Diversity Matrix;Total Number of Directors;Did Not Disclose Gender;Did Not Disclose Demographic Background,7,2,0,eee0cbe17c252450,"9 X C X 2026 II 6 Board Diversity In accordance with the Nasdaq listing rules, the Board has self-identified a number of attributes that identify its members’ diversity. The following is a matrix showing the makeup of those self-reported attributes: Board Diversity Matrix (As of the Record Date) Total Number of Directors 5 Female Male Non-Binary Did Not Disclose Gender Part I: Gender Identity Directors – 5 – – Part II: Demographic Background African American or Black – – – – Alaskan Native or Native American – – – – Asian – 1 – – Hispanic or Latinx – – – – Native Hawaiian or Pacific Islander – – – – White – 4 – – Two or More Races or Ethnicities – – – – LGBTQ+ – Did Not Disclose Demographic Background – The primary responsibilities of each committee are described below. Audit Committee In 2024 and until December 13, 2024, Mengyin H. Liang ‘Roz Huang’, William Huff, and Michael O’Neal served on the audit committee, which William Huff chaired, at which time they all resigned. On December 30, 2024, the Board of Directors appointed a new audit committee, comprising Albert L. Lord, Thomas J. Kozlowski, Jr., and Calvin D. Walsh, with Thom",Board Diversity Matrix,,5,Female|Male|Non-Binary|Did Not Disclose Gender,African American or Black|Alaskan Native or Native American|Asian|Hispanic or Latinx|Hispanic or Latin|Native Hawaiian or Pacific Islander|White|Two or More Races or Ethnicities|LGBTQ+|Did Not Disclose Demographic Background,1,1,1,changed_extracted_shape,total directors: 7 -> 5; demographic rows: Asian|White|Two or More Races or Ethnicities -> African American or Black|Alaskan Native or Native American|Asian|Hispanic or Latinx|Hispanic or Latin|Native Hawaiian or Pacific Islander|White|Two or More Races or Ethnicities|LGBTQ+|Did Not Disclose Demographic Background,matrix,Published matrix date is after due+30 grace.,Web search found SEC DEF 14A; archive document checked directly and matrix text confirmed. Filing date is after due date plus 30-day grace.,found_current_sec_matrix,2025-04-17,https://www.sec.gov/Archives/edgar/data/1070050/000168316825002670/apptech_idef14a.htm,not_found,,,not_found,1,post_vacatur_matrix_format_changed,5c96731135063c8f,7.0,1,0,0,,,,,0.14285714285714285,0.0,0.0,,,,2.0,1,0,1,0,0,0,1,0,-74,Technology,Other non-US,2023,proxy,1,0,1,1,1,0,0,1,0
1658551,AMLX,"Amylyx Pharmaceuticals, Inc.",domestic,MA,2834,Pharmaceutical Preparations,2022-01-07,first_trading,2023-01-07,2023-02-06,released_after_required_window,high,published_late,2023-04-27,after_30_day_grace,issuer SEC filing,https://www.sec.gov/Archives/edgar/data/1658551/000095017023015261/amlx-def14a-2023-proxy.htm,edgar_filing,DEF 14A,https://www.sec.gov/Archives/edgar/data/1658551/000095017023015261/amlx-def14a-2023-proxy.htm,Board Diversity Matrix;Total Number of Directors;Gender Identity;Demographic Background,ec0f9e95b1966819,"Amylyx Pharmaceuticals, Inc. Board Diversity Matrix (As of April 27, 2023). Total Number of Directors 6. Part I: Gender Identity: Directors Female 2, Male 4, Non-Binary 0, Did Not Disclose Gender 0. Part II: Demographic Background: Hispanic or Latinx Female 1; White Female 1, Male 4; all other listed categories 0.",Board Diversity Matrix,"As of April 27, 2023",6,Female|Male|Non-Binary|Did Not Disclose Gender,Hispanic or Latinx|Hispanic or Latin|White,1,1,0,continued_other_narrative,2025-03-04,issuer SEC filing,https://www.sec.gov/Archives/edgar/data/1658551/000095017025031309/amlx-20241231.htm,10-K,0000950170-25-031309,0.75,"\bdiversity\b.{0,220}\b(?:director|directors|nominee|nominees|board)\b",6,6,0,741e6f7e77dee1b7,"As we advance novel drug candidates in our pipeline, we will attempt to ensure equal access for all to clinical trials and, in particular, we will attempt to conduct clinical trials comprised of a diverse set of people impacted by the disease. As an employer, diversity is also important, including having representation of diverse views and backgrounds at the highest levels of the organization. Three of our eight senior executives are women, and two of our seven board members are women. We care deeply about supporting and investing in our people. Employee benefits are an important part of total rewards, and we’re pleased to offer a comprehensive package to enable our employees’ best work and help support their health, family, and way of life. Our range of medical plans provides comprehensive coverage for our employees and their families with the flexibility to choose what will best suit their needs. We also offer dental and vision insurance. We complement these offerings with options for a Flexible Spending Account, or FSA, or Health Savings Account, or HSA for eligible medical expenses, Dependent Care FSA for child or elder care expenses, and a Limited Purpose FSA for dental and vision expenses. In addition to the competitive benefits above, we offer: • Hybrid Work Environment: We are primarily remot",,,,,,0,0,0,matrix_replaced_by_or_supplemented_with_narrative,"Post-vacatur evidence is board/diversity narrative, not an extracted matrix.",board_diversity_narrative,Published matrix date is after due+30 grace.,Web search found SEC DEF 14A; archive document checked directly and matrix text confirmed. Filing date is after due date plus 30-day grace.,not_found_in_current_sec_filings,,,not_found,,,not_found,0,,24b44d8d5bc15a27,6.0,2,0,0,,,,,0.3333333333333333,0.0,0.0,,,,2.0,1,0,1,0,0,0,1,0,-110,Life sciences / medical,Other non-US,2023,proxy,1,0,1,1,0,1,0,1,0
1827087,,"Vigil Neuroscience, Inc.",domestic,MA,2836,"Biological Products, (No Diagnostic Substances)",2022-01-07,first_trading,2023-01-07,2023-02-06,released_in_required_window,high,published_on_time,2022-04-28,on_or_before_due_date,issuer SEC filing,https://www.sec.gov/Archives/edgar/data/1827087/000119312522127499/d338283ddef14a.htm,edgar_filing,DEF 14A,0001193125-22-127499,Board Diversity Matrix;Total Number of Directors;Did Not Disclose Gender;Did Not Disclose Demographic Background,383dd2d2376fcdb4,"to serve on our board of directors. 11 Table of Contents Board Diversity Disclosure The following table provides certain self-identified personal characteristics of our Board members, in accordance with Rule 5605(f) of the Nasdaq listing standards: Board Diversity Matrix (As of April 28, 2022) Total Number of Directors 8 Female Male Non-Binary Did Not Disclose Gender Part I: Gender Identity Directors 3 — — 5 Part II: Demographic Background African American or Black — — — — Alaskan Native or Native American — — — — Asian — — — 1 Hispanic or Latinx — — — — Native Hawaiian or Pacific Islander — — — — White 1 — — — Two or More Races or Ethnicities — — — — LGBTQ+ — Did Not Disclose Demographic Background 6 12 Table of Contents PROPOSAL NO. 2 – RATIFICATION OF THE APPOINTMENT OF PRICEWATERHOUSECOOPERS LLP AS VIGIL NEUROSCIENCE’S INDEPENDENT REGISTERED PUBLIC ACCOUNTING FIRM FOR THE FISCAL YEAR",Board Diversity Matrix,"As of April 28, 2022",8,Female|Male|Non-Binary|Did Not Disclose Gender,African American or Black|Alaskan Native or Native American|Asian|Hispanic or Latinx|Hispanic or Latin|Native Hawaiian or Pacific Islander|White|Two or More Races or Ethnicities|LGBTQ+|Did Not Disclose Demographic Background,1,1,1,continued_other_narrative,2025-03-31,issuer SEC filing,https://www.sec.gov/Archives/edgar/data/1827087/000119312525067733/d918323ddef14a.htm,DEF 14A,0001193125-25-067733,0.75,\bboard diversity\b,8,8,0,61cb37bdd20b0f42,"ce committee recommends candidates for the board of directors’ approval to fill a vacancy or as director nominees for election to the board of directors by our stockholders each year in the class of directors whose term expires at the relevant annual meeting. Board Diversity Policies Our Director Guidelines provide that the value of diversity should be considered in determining director candidates as well as other factors such as a candidate’s character, judgment, skills, education, expertise and absence of conflicts of interest. Our priority in selection of board members is identification of members who will further the interests of our stockholders through their established records of professional accomplishment, their ability to contribute positively to the collaborative culture among board members, and their knowledge of our business and understanding of the competitive landscape in which we operate and adherence to high ethical standards. The nominating and corporate governance committee and the full board of directors are committed to creating a board of directors with diversity, including diversity of",,,,,,0,0,0,matrix_replaced_by_or_supplemented_with_narrative,"Post-vacatur evidence is board/diversity narrative, not an extracted matrix.",board_diversity_narrative,Published matrix date is on/before due+30 grace.,,,,,,,,,0,,8789eb0cb2bc80f1,8.0,3,0,5,1,1,0,20,0.375,0.0,0.625,0.125,0.0,1.0,6.0,1,1,1,0,1,0,1,1,254,Life sciences / medical,Other non-US,2023,proxy,1,1,0,1,0,1,0,1,0
1868734,,"CinCor Pharma, Inc.",domestic,MA,2834,Pharmaceutical Preparations,2022-01-07,first_trading,2023-01-07,2023-02-06,no_release_found_after_checks,medium,not_located,,no_dated_release,,,,,,,,,,,,,,0,0,0,no_post_vacatur_relevant_filing,,,,,,0.65,,0,0,0,,,,,,,,0,0,0,no_post_vacatur_matrix_extracted,No post-vacatur matrix was extracted from reviewed filings.,no_signal_found,"No substantive primary matrix located after SEC, committed-check FTS/Wayback, website candidates, and manual/browser review where applicable.","Search results reviewed; apparent matrix hits were other companies filings mentioning CinCor directors, not a CinCor Pharma primary-source board diversity matrix.",not_found_in_current_sec_filings,,,not_found,,,not_found,1,no_release_found_after_checks,74b36c0a0967cfeb,,,,,,,,,,,,,,,0.0,0,0,0,0,0,0,0,0,,Life sciences / medical,Other non-US,2023,unknown,0,0,1,0,0,0,1,0,0
1874875,HOUR,"Hour Loop, Inc",domestic,WA,5961,Retail-Catalog & Mail-Order Houses,2022-01-07,first_trading,2023-01-07,2023-02-06,released_after_required_window,high,published_late,2023-02-20,after_30_day_grace,issuer website archived by Internet Archive,https://ir.hourloop.com/corporate-governance/board-of-directors/,website_archive,,https://ir.hourloop.com/corporate-governance/board-of-directors/,Board Diversity Matrix;Total Number of Directors;Gender Identity;Demographic Background,1ebfcdcdf720bd7e,"Hour Loop, Inc. Board Diversity Matrix (As of Feb 20, 2023). Total Number of Directors 6. Part I: Gender Identity: Directors Female 2, Male 4. Part II: Demographic Background: Asian Female 2, Male 2; White Male 2. The issuer page also shows a later Board Diversity Matrix as of July 22, 2024.",Board Diversity Matrix,"As of Feb 20, 2023",6,Female|Male,Asian|White,0,0,0,continued_other_narrative,2025-03-27,issuer SEC filing,https://www.sec.gov/Archives/edgar/data/1874875/000164117225000930/form10-k.htm,10-K,0001641172-25-000930,0.75,"\b(?:director|directors|nominee|nominees|board)\b.{0,220}\bdiversity\b",4,4,0,684326452804a1c4,"rector Nominations Our full Board of Directors recommends candidates for nomination for election at the annual meeting of the stockholders. We have not formally established any specific, minimum qualifications that must be met or skills that are necessary for directors to possess. In general, in identifying and evaluating nominees for director, the Board of Directors considers educational background, diversity of professional experience, knowledge of our business, integrity, professional reputation, independence, wisdom, and the ability to represent the best interests of our stockholders. Compensation Committee Interlocks and Insider Participation Because we are a “controlled company” within the meaning of Nasdaq corporate governance standards, we are not required to have, and do not currently have, a compensation committee. None of our executive officers serves on the board of directors or compensation committee of a company that has an executive officer that serves on our board or compensation committee. No member of our board is an executive officer of a company in which one of our executive officers serves as a member of the board of directors or compensation committee of that company. 58 Code of Ethics The Company has adopted a Code of Et",,,,,,0,0,0,matrix_replaced_by_or_supplemented_with_narrative,"Post-vacatur evidence is board/diversity narrative, not an extracted matrix.",board_diversity_narrative,Published matrix date is after due+30 grace.,Browser checked issuer IR board page and confirmed matrix text. Matrix date is after due date plus 30-day grace.,not_found_in_current_sec_filings,,,not_found,,,not_found,0,,4c59500a38b91948,6.0,2,,,4,24,,,0.3333333333333333,,,0.6666666666666666,,,1.1666666666666667,1,0,1,0,1,0,1,0,-44,Consumer / retail,Other non-US,2023,unknown,1,0,1,1,0,1,0,1,0
1861657,CNTN,"Canton Strategic Holdings, Inc.",domestic,NJ,2834,Pharmaceutical Preparations,2022-01-12,first_trading,2023-01-12,2023-02-11,no_release_found_after_checks,medium,not_located,,no_dated_release,,,,,,,,,,,,,,0,0,0,continued_other_narrative,2025-04-30,issuer SEC filing,https://www.sec.gov/Archives/edgar/data/1861657/000164117225007859/formdef14a.htm,DEF 14A,0001641172-25-007859,0.75,\bboard diversity\b,11,11,0,cb5a9ff4ccb9f140,"at may be served by a director; however, in connection with evaluating recommendations for nomination for reelection, the Board of Directors considers director tenure. We value diversity on a company-wide basis but have not adopted a specific policy regarding Board diversity. PROPOSAL 1 ELECTION OF DIRECTORS Our Board of Directors (the “Board”) currently consists of nine members, seven of whom have been re-nominated for election at the Annual Meeting. Each of Leonard Mazur and Lynne Bui decided not to stand for re-election. At the Annual Meeting, the stockholders will elect seven directors to hold office until the 2026 Annual Meeting. Directors are elected by a plurality of votes cast by stockholders. In the event the nominees are unable or unwilling to serve as directors at the time of the Annual Meeting, the proxies will be voted for any substitute nominees designated by the present Board or the proxy holders to fill such vacancy, or for the balance of the nominees named without nomination of a substitute, or the size of the Board will be reduced in accordance with the Bylaws of the Company. The Board has",,,,,,0,0,0,matrix_replaced_by_or_supplemented_with_narrative,"Post-vacatur evidence is board/diversity narrative, not an extracted matrix.",board_diversity_narrative,"No substantive primary matrix located after SEC, committed-check FTS/Wayback, website candidates, and manual/browser review where applicable.",Search results reviewed; found Canton Strategic news/SEC current material but no primary-source Board Diversity Matrix disclosure.,not_found_in_current_sec_filings,,,not_found,,,not_found,1,no_release_found_after_checks,ab555ac764519df1,,,,,,,,,,,,,,,0.0,0,0,0,0,0,0,0,0,,Life sciences / medical,Other non-US,2023,unknown,0,0,1,1,0,1,0,1,0
1880661,TPG,TPG Inc.,domestic,TX,6282,Investment Advice,2022-01-13,first_trading,2023-01-13,2023-02-12,released_after_required_window,high,published_late,2023-04-03,after_30_day_grace,issuer SEC filing,https://www.sec.gov/Archives/edgar/data/1880661/000188066123000021/tpg-20230403.htm,edgar_filing,PRE 14A,https://www.sec.gov/Archives/edgar/data/1880661/000188066123000021/tpg-20230403.htm,Board Diversity Matrix;Total Number of Directors;Gender Identity;Demographic Background,24c961d391584c3f,"TPG Inc. Board Diversity Matrix. Total Number of Directors 14. Part I: Gender Identity: Directors Female 4, Male 10, Non-Binary 0, Did Not Disclose Gender 0. Part II: Demographic Background: African American or Black Male 1; Asian Male 1; Hispanic or Latinx Female 1, Male 1; White Female 2, Male 7; Two or More Races or Ethnicities Female 1.",Board Diversity Matrix,,14,Female|Male|Non-Binary|Did Not Disclose Gender,African American or Black|Asian|Hispanic or Latinx|Hispanic or Latin|White|Two or More Races or Ethnicities,1,1,0,continued_other_narrative,2025-02-18,issuer SEC filing,https://www.sec.gov/Archives/edgar/data/1880661/000188066125000014/tpg-20241231.htm,10-K,0001880661-25-000014,0.75,"\bdiversity\b.{0,220}\b(?:director|directors|nominee|nominees|board)\b",6,6,0,9e7a6f62c0f866be,"lines in accordance with the corporate governance rules of Nasdaq. These guidelines cover a number of areas, including director responsibilities, director elections and re-elections, composition of the board of directors, including director qualifications and diversity and board committees, executive sessions, director access to management and, as necessary and appropriate, independent advisors, director orientation and continuing education, board materials, management succession and evaluations of the board of directors and the board’s committees. A copy of our corporate governance guidelines is available on our website at www.tpg.com. Item 11. Executive Compensation Information relating to our executive officer and director compensation and the compensation committee of the board of directors will be in the 2025 Proxy Statement under the caption “Executive Compensation” and is incorporated in this Form 10-K by reference. Item 12. Security Ownership of Certain Beneficial Owner and Management and Related Stockholder Matters Information relating to securities authorized for issuance under equity compensation plans, security ownership of certain beneficial owners of our common stock and information relating to the security ownership of our management will be in the 2025 Proxy Statem",,,,,,0,0,0,matrix_replaced_by_or_supplemented_with_narrative,"Post-vacatur evidence is board/diversity narrative, not an extracted matrix.",board_diversity_narrative,Published matrix date is after due+30 grace.,Web search found TPG matrix page and SEC filing; SEC archive document checked directly and matrix text confirmed. Filing date is after due date plus 30-day grace.,not_found_in_current_sec_filings,,,not_found,,,not_found,0,,71f6cd018012512b,14.0,4,0,0,,,,,0.2857142857142857,0.0,0.0,,,,2.0,1,0,1,0,0,0,1,0,-80,Finance / real estate,Other non-US,2023,proxy,1,0,1,1,0,1,0,1,0
1777319,CISO,"CISO Global, Inc.",domestic,AZ,8742,Services-Management Consulting Services,2022-01-18,pricing_proxy,2023-01-18,2023-02-17,no_release_found_after_checks,medium,not_located,,no_dated_release,,,,,,,,,,,,,,0,0,0,continued_other_narrative,2025-03-31,issuer SEC filing,https://www.sec.gov/Archives/edgar/data/1777319/000164117225001660/form10-k.htm,10-K,0001641172-25-001660,0.75,"\b(?:director|directors|nominee|nominees|board)\b.{0,220}\bdiversity\b",6,6,0,bec1af2af72c9004,"tee is to ensure that our directors possess a variety of perspectives and skills derived from high-quality business and professional experience. The Governance and Nominating Committee seeks to achieve a balance of knowledge, experience, and capability on our Board of Directors. To this end, the Governance and Nominating Committee seeks nominees with the highest professional and personal ethics and values, an understanding of our business and industry, diversity of business experience and expertise, a high level of education, broad-based business acumen, and the ability to think strategically. Although the Governance and Nominating Committee uses these and other criteria to evaluate potential nominees to our Board of Directors, it has no stated minimum criteria for such nominees. The Governance and Nominating Committee does not use different standards to evaluate nominees depending on whether they are proposed by our directors and management or by our stockholders. To date, we have not paid any third parties to assist us in this process. Code of Ethics We have adopted a Code of Ethics and Business Conduct (“Code of Ethics”) that sets forth various policies and procedures to promote ethical behavior and that applies to all our directors, officers and employees. The Code of Ethics is publicly avai",,,,,,0,0,0,matrix_replaced_by_or_supplemented_with_narrative,"Post-vacatur evidence is board/diversity narrative, not an extracted matrix.",board_diversity_narrative,"No substantive primary matrix located after SEC, committed-check FTS/Wayback, website candidates, and manual/browser review where applicable.",Search results reviewed for CISO Global/Cerberus Cyber Sentinel; results were third-party aggregate references or filings without a board diversity matrix for the required period.,not_found_in_current_sec_filings,,,not_found,,,not_found,1,no_release_found_after_checks,617fd9e3c6edba18,,,,,,,,,,,,,,,0.0,0,0,0,0,0,0,0,0,,Services,Other non-US,2023,unknown,0,0,1,1,0,1,0,1,0
1836242,TKLF,"Tokyo Lifestyle Co., Ltd.",foreign_private_issuer,M0,5990,"Retail-Retail Stores, NEC",2022-01-18,first_trading,2023-01-18,2023-02-17,released_in_required_window,high,published_on_time,2022-08-15,on_or_before_due_date,issuer SEC filing,https://www.sec.gov/Archives/edgar/data/1836242/000121390022048050/f20f2022_yoshitsucoltd.htm,edgar_filing,20-F,0001213900-22-048050,Board Diversity Matrix;Total Number of Directors;Did Not Disclose Gender;Did Not Disclose Demographic Background,0465c091d213c1aa,". Kitamura received his Bachelor of Science in Literature and Science from Chiba University in 1971. Board Diversity The table below provides certain information regarding the diversity of our board of directors as of the date of this annual report. Board Diversity Matrix Country of Principal Executive Offices: Japan Foreign Private Issuer Yes Disclosure Prohibited under Home Country Law No Total Number of Directors 6 Female Male Non- Binary Did Not Disclose Gender Part I: Gender Identity Directors 0 6 0 0 Part II: Demographic Background Underrepresented Individual in Home Country Jurisdiction 0 LGBTQ+ 0 Did Not Disclose Demographic Background 0 Family Relationships None of our directors or executive officers has a family relationship as defined in Item 401 of Regulation S-K. Controlled Company Mr. Mei Kanayama, our representative director, beneficially owns approximately 75.39% of the a",Board Diversity Matrix,,6,Female|Male|Did Not Disclose Gender,LGBTQ+|Did Not Disclose Demographic Background,0,1,1,not_continued_in_reviewed_filings,,,,,,0.7,,12,12,0,,,,,,,,0,0,0,no_post_vacatur_matrix_extracted,No post-vacatur matrix was extracted from reviewed filings.,no_signal_found,Published matrix date is on/before due+30 grace.,,,,,,,,,0,,0517b900ea151722,6.0,0,,0,,,0,401,0.0,,0.0,,0.0,1.0,3.0,1,0,0,0,0,0,0,1,156,Consumer / retail,Other non-US,2023,20-F,1,1,0,0,0,0,1,0,0
1864943,FGI,FGI Industries Ltd.,domestic,NJ,3430,"Heating Equip, Except Elec & Warm Air; & Plumbing Fixtures",2022-01-25,first_trading,2023-01-25,2023-02-24,released_after_required_window,high,published_late,2023-04-27,after_30_day_grace,issuer SEC filing,https://www.sec.gov/Archives/edgar/data/1864943/000155837023007097/tmb-20220601xdef14a.htm,edgar_filing,DEF 14A,https://www.sec.gov/Archives/edgar/data/1864943/000155837023007097/tmb-20220601xdef14a.htm,Board Diversity Matrix;Total Number of Directors;Gender Identity;Demographic Background,47698a8f7f954f2d,"FGI Industries Ltd. Board Diversity Matrix (as of April 6, 2023). Total Number of Directors 5. Part I: Gender Identity: Directors Female 1, Male 4, Non-Binary 0, Did Not Disclose Gender 0. Part II: Demographic Background: Asian Male 2; White Female 1; White Male 2; all other listed categories 0.",Board Diversity Matrix,"as of April 6, 2023",5,Female|Male|Non-Binary|Did Not Disclose Gender,Asian|White,1,1,0,continued_other_narrative,2025-03-31,issuer SEC filing,https://www.sec.gov/Archives/edgar/data/1864943/000162828025015656/fgi-20241231.htm,10-K,0001628280-25-015656,0.75,"\bdiversity\b.{0,220}\b(?:director|directors|nominee|nominees|board)\b",5,5,0,3eeec8e0cd6b10e7,"e that the performance of our company is impacted by our human capital management, and as a result we consistently work to attract, select, develop, engage and retain strong, diverse talent. We are focused on three key strategic talent priorities: leadership, diversity, equity and inclusion, and our future workforce. Our Human Resources Department is responsible for developing and executing our human capital strategy and provides regular updates to our Board of Directors’ Organization and Compensation Committee on our progress toward the achievement of our strategic initiatives. We believe that all of our human capital initiatives work together to assure we have an environment where our employees are engaged, feel a sense of belonging, and can reach their full potential. The safety of our employees is integral to our company. In support of our safety efforts, we identify, assess and investigate incidents and injury data, and each year set goals to improve key safety performance indicators. We train, promote, consult and communicate with our workforce in this process. Corporate History and Information We were incorporated in the Cayman Islands on May 26, 2021 in connection with a reorganization (the “Reorganization”) of our parent company, Foremost, and its affiliates, pursuant to which, among other actio",,,,,,0,0,0,matrix_replaced_by_or_supplemented_with_narrative,"Post-vacatur evidence is board/diversity narrative, not an extracted matrix.",board_diversity_narrative,Published matrix date is after due+30 grace.,Web search found issuer governance page and SEC DEF 14A; SEC archive document checked directly and matrix text confirmed. Filing date is after due date plus 30-day grace.,not_found_in_current_sec_filings,,,not_found,,,not_found,0,,0f33eaecbc4f6ae1,5.0,1,0,0,,,,,0.2,0.0,0.0,,,,2.0,1,0,1,0,0,0,1,0,-92,Manufacturing / industrials,Other non-US,2023,proxy,1,0,1,1,0,1,0,1,0
1807794,CRDO,Credo Technology Group Holding Ltd,domestic,E9,3674,Semiconductors & Related Devices,2022-01-27,first_trading,2023-01-27,2023-02-26,released_in_required_window,high,published_on_time,2022-08-09,on_or_before_due_date,issuer SEC filing,https://www.sec.gov/Archives/edgar/data/1807794/000162828022021966/ctghproxystatementaugust20.htm,edgar_filing,DEF 14A,0001628280-22-021966,Board Diversity Matrix;Total Number of Directors;Did Not Disclose Gender;Did Not Disclose Demographic Background,cefb0919723fa7db,"ee considers the composition of the Board, including the right diversity, mix of characteristics and skills for the optimal functioning of the Board in its oversight of our company. Members of our Board self-identify as set forth in the table below. Board Diversity Matrix Total Number of Directors 8 9 Table of Contents Female Male Non-Binary Did Not Disclose Gender Part I: Gender Identity Directors 1 7 — — Part II: Demographic Background African American or Black — — — — Alaskan Native or Native American — — — — Asian — 5 — — Hispanic of Latinx 1 — — — Native Hawaiian or Pacific Islander — — — — White — 2 — — Two or More Races or Ethnicities — — — — LGBTQ+ — Did Not Disclose Demographic Background — Below the biography of each nominee and continuing director, we have included an assessment of the skills and experience of such nominee or continuing director that led to the conclusion he o",Board Diversity Matrix,,8,Female|Male|Non-Binary|Did Not Disclose Gender,African American or Black|Alaskan Native or Native American|Asian|Native Hawaiian or Pacific Islander|White|Two or More Races or Ethnicities|LGBTQ+|Did Not Disclose Demographic Background,1,1,1,continued_other_narrative,2025-08-25,issuer SEC filing,https://www.sec.gov/Archives/edgar/data/1807794/000180779425000010/crdo-20250825.htm,DEF 14A,0001807794-25-000010,0.75,"\bdiversity\b.{0,220}\b(?:director|directors|nominee|nominees|board)\b",3,3,0,cf97de50d8785af3,"tor is provided as of the Record Date. Board Skills and Experience In connection with nominating Class I directors for election at the Annual Meeting and periodically throughout the year, our NCG Committee considers the composition of the Board, including the diversity of backgrounds, skills, experience, viewpoints, and leadership styles to allow the Board to most effectively execute its oversight responsibilities. In the below table and biographies, we have included an assessment of the skills and experience of each such nominee or continuing director that led to the conclusion he or she should serve as a director, in light of the Company’s business, strategy and goals. Cybersecurity and Information Technology ✔ ✔ Expertise in information security and cybersecurity, including cyber risk management and implementation of new information technology systems. ESG ✔ ✔ ✔ ✔ ✔ Experience in environmental, sustainability and social responsibility. Executive Leadership ✔ ✔ ✔ ✔ ✔ ✔ CEO or executive officer reporting to the CEO of a publicly traded company. 2025 Proxy | 11 Table of Contents Financial Expert ✔ ✔ ✔ ✔ Experience as an executive with oversight responsibility for financial reporting, accou",,,,,,0,0,0,matrix_replaced_by_or_supplemented_with_narrative,"Post-vacatur evidence is board/diversity narrative, not an extracted matrix.",board_diversity_narrative,Published matrix date is on/before due+30 grace.,,,,,,,,,0,,6f0e4d88db91d4a0,8.0,1,0,0,5,2,0,0,0.125,0.0,0.0,0.625,0.0,0.0,5.833333333333334,1,1,1,0,1,0,1,0,171,Technology,Other non-US,2023,proxy,1,1,0,1,0,1,0,1,0
1872964,MTEK,Maris Tech Ltd.,foreign_private_issuer,L3,3669,"Communications Equipment, NEC",2022-02-02,first_trading,2023-02-02,2023-03-04,no_release_found_after_checks,medium,not_located,,no_dated_release,,,,,,,,,,,,,,0,0,0,not_continued_in_reviewed_filings,,,,,,0.7,,63,40,0,,,,,,,,0,0,0,no_post_vacatur_matrix_extracted,No post-vacatur matrix was extracted from reviewed filings.,no_signal_found,"No substantive primary matrix located after SEC, committed-check FTS/Wayback, website candidates, and manual/browser review where applicable.","Search results reviewed for Maris-Tech Ltd.; apparent hits were other companies filings or press pages mentioning Maris-Tech, not a Maris-Tech primary-source board diversity matrix.",not_found_in_current_sec_filings,,,not_found,,,not_found,1,no_release_found_after_checks,89889eccb065dbe2,,,,,,,,,,,,,,,0.0,0,0,0,0,0,0,0,0,,Manufacturing / industrials,Other non-US,2023,unknown,0,0,1,0,0,0,1,0,0
1786205,ACLX,"Arcellx, Inc.",domestic,CA,2836,"Biological Products, (No Diagnostic Substances)",2022-02-04,first_trading,2023-02-04,2023-03-06,released_after_required_window,high,published_late,2023-04-14,after_30_day_grace,issuer SEC filing,https://www.sec.gov/Archives/edgar/data/1786205/000095017023012922/aclx_2022_pre_14a.htm,edgar_filing,PRE 14A,https://www.sec.gov/Archives/edgar/data/1786205/000095017023012922/aclx_2022_pre_14a.htm,Board Diversity Matrix;Total Number of Directors;Gender Identity;Demographic Background,1dd2568ce6718eaf,"Arcellx, Inc. Board Diversity Matrix. Composition of Board members and nominees as of April 14, 2023. Total Number of Directors 7. Part I: Gender Identity: Female 3, Male 4. Part II: Demographic Background: African American or Black Female 1; Asian Female 1, Male 2; White Female 1, Male 1; Did Not Disclose Demographic Background Male 1; directors who identify as Middle Eastern or North African 2.",Board Diversity Matrix,"as of April 14, 2023",7,Female|Male,African American or Black|Asian|White|Did Not Disclose Demographic Background,0,0,1,continued_same_matrix,2025-04-17,issuer SEC filing,https://www.sec.gov/Archives/edgar/data/1786205/000119312525084363/d929651ddef14a.htm,DEF 14A,0001193125-25-084363,0.85,Total Number of Directors;Did Not Disclose Demographic Background,5,2,0,aaa42cffd5a20361,"body, and the corporate governance and nominating committee considers a broad range of perspectives, backgrounds and experiences. The table below provides certain highlights of the composition of our Board members and nominees as of April 17, 2025. Total Number of Directors: 8 Part I: Gender Identity Female Male 4 4 Part II: Demographic Background* African American or Black 1 — Asian 1 — White 2 2 Middle Eastern or North African 1 Did Not Disclose Demographic Background 1 In addition to board diversity, we believe a diverse workforce is critical to our success and that focusing on diversity and inclusion is not only the right thing to do but is also a competitive advantage. We have attracted a diverse and talented group of innovators and company builders to help us execute our strategy and to build a transformative cell therapy platform company. As of March 31, 2025, we had 170 full-time employees and we are committed to continuing to build and maintain a diverse and inclusive organization. We also believe talent is equally distributed across gender, ethnicity and is not overly represented in any single group. As such, we believe f",,"as of April 17, 2025",8,Female|Male,African American or Black|Asian|White|Did Not Disclose Demographic Background,0,0,1,changed_extracted_shape,"title: initial extracted, post-vacatur not extracted; as-of date: as of April 14, 2023 -> as of April 17, 2025; total directors: 7 -> 8",matrix,Published matrix date is after due+30 grace.,SEC archive document checked directly; second Board Diversity Matrix occurrence in filing body confirmed substantive matrix text. Filing date is after due date plus 30-day grace.,found_current_sec_matrix,2026-04-24,https://www.sec.gov/Archives/edgar/data/1786205/000119312526177460/d332400d10ka.htm,not_found,,,not_found,1,post_vacatur_matrix_format_changed,56fb7736d30988e5,7.0,,,,3,2,,3,,,,0.42857142857142855,,0.42857142857142855,2.166666666666667,0,0,0,0,1,0,1,1,-69,Life sciences / medical,Other non-US,2023,proxy,1,0,1,1,1,0,0,1,0
1875558,NVCT,"Nuvectis Pharma, Inc.",domestic,NJ,2834,Pharmaceutical Preparations,2022-02-04,first_trading,2023-02-04,2023-03-06,released_after_required_window,high,published_late,2023-04-28,after_30_day_grace,issuer SEC filing,https://www.sec.gov/Archives/edgar/data/1875558/000110465923052907/tm2313950d1_def14a.htm,edgar_filing,DEF 14A,https://www.sec.gov/Archives/edgar/data/1875558/000110465923052907/tm2313950d1_def14a.htm,Board Diversity Matrix;Total Number of Directors;Gender Identity;Demographic Background,f95c7dda0c8c72e6,"Nuvectis Pharma, Inc. Board Diversity Matrix (As of April 28, 2023). Total Number of Directors 4. Part I: Gender Identity: Directors Female 0, Male 4, Non-Binary 0, Did Not Disclose Gender 0. Part II: Demographic Background: White Male 4; all other listed categories 0.",Board Diversity Matrix,"As of April 28, 2023",4,Female|Male|Non-Binary|Did Not Disclose Gender,White,1,1,0,continued_other_narrative,2025-04-28,issuer SEC filing,https://www.sec.gov/Archives/edgar/data/1875558/000110465925040225/tm252541-4_def14a.htm,DEF 14A,0001104659-25-040225,0.75,"\bdiversity\b.{0,220}\b(?:director|directors|nominee|nominees|board)\b",6,6,0,178e7a9e7245d0bc,"to an effective board, including integrity, high ethical standards, sound judgment, analytical skills, and the commitment to devote significant time and energy to service on the Board and its committees. We do not have a formal policy in place with regard to diversity in considering candidates for our Board, but the Board strives to include a range of talents, experience, skills, diversity and expertise so that, as a group, the Board will possess the appropriate talent, skills and expertise to oversee our business. Code of Business Conduct and Ethics We have adopted a written code of business conduct, that applies to our directors, officers and employees, including our principal executive officer, principal financial officer, principal accounting officer or controller, or persons performing similar functions. We have posted our Code of Ethics on our website, located at www.nuvectis.com. Insider Trading Policy We have adopted an insider trading policy (the “Insider Trading Policy”), which governs the purchase, sale and other acquisitions and dispositions of Company securities by us and all our directors and employees. This policy is reasonably designed to promote compliance with insider trading laws, related rules and regulations and any applicable listing standards.",,,,,,0,0,0,matrix_replaced_by_or_supplemented_with_narrative,"Post-vacatur evidence is board/diversity narrative, not an extracted matrix.",board_diversity_narrative,Published matrix date is after due+30 grace.,Web search found SEC DEF 14A; archive document checked directly and matrix text confirmed. Filing date is after due date plus 30-day grace.,not_found_in_current_sec_filings,,,not_found,,,not_found,0,,5eb8e79782ed73dc,4.0,0,0,0,,,,,0.0,0.0,0.0,,,,2.0,1,0,0,0,0,0,0,0,-83,Life sciences / medical,Other non-US,2023,proxy,1,0,1,1,0,1,0,1,0
1648087,AREB,AMERICAN REBEL HOLDINGS INC,domestic,TN,3490,Miscellaneous Fabricated Metal Products,2022-02-08,pricing_proxy,2023-02-08,2023-03-10,released_after_required_window,high,published_late,2024-03-05,after_30_day_grace,issuer SEC filing,https://www.sec.gov/Archives/edgar/data/1648087/000149315224008781/formdef14c.htm,edgar_filing,DEF 14C,https://www.sec.gov/Archives/edgar/data/1648087/000149315224008781/formdef14c.htm,Board Diversity Matrix;Total Number of Directors;Gender Identity;Demographic Background,e91218cd55bf5186,"American Rebel Holdings, Inc. Board Diversity Matrix (As of November 30, 2023). Total Number of Directors 5. Part I: Gender Identity: Directors Female 0, Male 5, Non-Binary 0, Did Not Disclose Gender 0. Part II: Demographic Background: Native Hawaiian or Pacific Islander Male 1; White Male 4; all other listed categories 0.",Board Diversity Matrix,"As of November 30, 2023",5,Female|Male|Non-Binary|Did Not Disclose Gender,Native Hawaiian or Pacific Islander|White,1,1,0,continued_same_matrix,2025-01-29,issuer SEC filing,https://www.sec.gov/Archives/edgar/data/1648087/000149315225004183/form10-ka.htm,10-K/A,0001493152-25-004183,0.95,Board Diversity Matrix;Total Number of Directors;Did Not Disclose Gender;Did Not Disclose Demographic Background,9,1,0,60270616e6ceffc5,"h there are many other factors, the Board primarily focuses on public company board experience, knowledge of the safes and concealed self-defense products industry, or background in finance or technology, and experience operating growing businesses. Board Diversity Matrix (As of December 31, 2023) Total Number of Directors 5 Female Male Non-Binary Did Not Disclose Gender Part I: Gender Identity Directors - 5 - - Part II: Demographic Background African American or Black - - - - Alaskan Native or Native American - - - - Asian - - - - Hispanic or Latinx - - - - Native Hawaiian or Pacific Islander - 1 - - White - 5 - - Two or More Ethnicities - 1 - - LGBTQ+ - Did Not Disclose Demographic Background - Communication with our Board Although the Company does not have a formal policy regarding communications with the Board, stockholders may communicate with the Board by writing to us at American Rebel Holdings, Inc., at 909 18th Avenue South, Suite A, Nashville, TN, 37212, Attention: Corporate Secretary. Stockholders who would like their submission directed to a member of the Board may so specify, and the communication will be forwarded, as",Board Diversity Matrix,"As of December 31, 2023",5,Female|Male|Non-Binary|Did Not Disclose Gender,African American or Black|Alaskan Native or Native American|Asian|Hispanic or Latinx|Hispanic or Latin|Native Hawaiian or Pacific Islander|White|LGBTQ+|Did Not Disclose Demographic Background,1,1,1,changed_extracted_shape,"as-of date: As of November 30, 2023 -> As of December 31, 2023; demographic rows: Native Hawaiian or Pacific Islander|White -> African American or Black|Alaskan Native or Native American|Asian|Hispanic or Latinx|Hispanic or Latin|Native Hawaiian or Pacific Islander|White|LGBTQ+|Did Not Disclose Demographic Background",matrix,Published matrix date is after due+30 grace.,Web search found SEC DEF 14C; archive document checked directly and matrix text confirmed. Filing date is after due date plus 30-day grace.,found_current_sec_matrix,2026-03-31,https://www.sec.gov/Archives/edgar/data/1648087/000149315226014291/form10-k.htm,not_found,,,not_found,1,post_vacatur_matrix_format_changed,d98cf0e7ed6234f3,5.0,0,0,0,,,,,0.0,0.0,0.0,,,,2.0,1,0,0,0,0,0,0,0,-391,Energy / industrials,Other non-US,2023,other,1,0,1,1,1,0,0,1,0
1598981,SKYX,SKYX Platforms Corp.,domestic,FL,3640,Electric Lighting & Wiring Equipment,2022-02-10,first_trading,2023-02-10,2023-03-12,released_in_required_window,high,published_on_time,2022-04-19,on_or_before_due_date,issuer SEC filing,https://www.sec.gov/Archives/edgar/data/1598981/000149315222010422/formdef14a.htm,edgar_filing,DEF 14A,0001493152-22-010422,Board Diversity Matrix;Total Number of Directors;Did Not Disclose Gender;Did Not Disclose Demographic Background,23710f3e9c0946ce,"ime by the remaining directors. Diversity Two of our directors are women, representing approximately 25% of our Board of Directors. Mr. Peter is a U.S. Army veteran. Additional information regarding director diversity is included in the table below. Board Diversity Matrix (As of April 18, 2022) Total Number of Directors 8 Female Male Non-Binary Did Not Disclose Gender Part I: Gender Identity Directors 2 6 Part II: Demographic Background African American or Black Alaskan Native or Native American Asian Hispanic or Latinx Native Hawaiian or Pacific Islander White 2 5 Two or More Races or Ethnicities LGBTQ+ Did Not Disclose Demographic Background 1 We believe that having a diverse Board of Directors can offer a breadth and depth of perspectives that enhance our performance. The Nominating and Corporate Governance Committee will, when evaluating candidates for service on the Board, consider",Board Diversity Matrix,"As of April 18, 2022",8,Female|Male|Non-Binary|Did Not Disclose Gender,African American or Black|Alaskan Native or Native American|Asian|Hispanic or Latinx|Hispanic or Latin|Native Hawaiian or Pacific Islander|White|Two or More Races or Ethnicities|LGBTQ+|Did Not Disclose Demographic Background,1,1,1,continued_other_narrative,2025-05-16,issuer SEC filing,https://www.sec.gov/Archives/edgar/data/1598981/000164117225011274/formdef14a.htm,DEF 14A,0001641172-25-011274,0.75,\bdiverse board\b,7,7,0,a1bcb87ff4e6deb6,"y, to maintain a balance of knowledge, experience and capability. The Nominating and Corporate Governance Committee does not have a diversity policy (however that term may be defined). The Nominating and Corporate Governance Committee recognizes that having a diverse Board with a variety of viewpoints, backgrounds, and experiences provides a more comprehensive decision-making process. In the case of incumbent directors, the Nominating and Corporate Governance Committee reviews these directors’ overall service to us during their terms, including the number of meetings attended, level of participation, quality of performance, and any other relationships and transactions that might impair the directors’ independence. In the case of new director candidates, the Nominating and Corporate Governance Committee will assess the independence of the nominee under applicable SEC rules and regulations and Nasdaq listing standards and conduct any appropriate and necessary inquiries into the backgrounds and qualifications of possible candidates after considering the function and needs of the Board. If a candidate passes t",,,,,,0,0,0,matrix_replaced_by_or_supplemented_with_narrative,"Post-vacatur evidence is board/diversity narrative, not an extracted matrix.",board_diversity_narrative,Published matrix date is on/before due+30 grace.,,,,,,,,,0,,96508874c208e64d,8.0,,,,,,,1,,,,,,0.125,3.0,0,0,0,0,0,0,0,1,297,Energy / industrials,Other non-US,2023,proxy,1,1,0,1,0,1,0,1,0
1892322,HTCR,"HeartCore Enterprises, Inc.",domestic,Japan,7374,Services-Computer Processing & Data Preparation,2022-02-10,first_trading,2023-02-10,2023-03-12,released_after_required_window,high,published_late,2025-01-01,after_30_day_grace,issuer website archived by Internet Archive,https://heartcore-enterprises.com/corporate-governance.html,website_archive,,https://heartcore-enterprises.com/corporate-governance.html,Board Diversity Matrix;Total Number of Directors;Gender Identity;Demographic Background,8b76a2b8089cf26e,"HeartCore Enterprises, Inc. Board Diversity Matrix (as of January 1, 2025). Total Number of Directors 6. Part I: Gender Identity: Directors Female 1, Male 5, Non-Binary 0. Part II: Demographic Background: Asian Female 1, Male 4; White Male 1; all other listed categories 0.",Board Diversity Matrix,"as of January 1, 2025",6,Female|Male|Non-Binary,Asian|White,1,0,0,continued_other_narrative,2025-03-31,issuer SEC filing,https://www.sec.gov/Archives/edgar/data/1892322/000121390025025791/ea0235326-10k_heart.htm,10-K,0001213900-25-025791,0.75,"\b(?:director|directors|nominee|nominees|board)\b.{0,220}\bdiversity\b",3,3,0,a28029966e492cf9,"oth (i) the date of delivering such notice and (ii) the record date for the determination of stockholders entitled to vote at such meeting. We have not formally established any specific, minimum qualifications that must be met or skills that are necessary for directors to possess. In general, in identifying and evaluating nominees for director, the Board of Directors considers educational background, diversity of professional experience, knowledge of our business, integrity, professional reputation, independence, wisdom, and the ability to represent the best interests of our stockholders. Compensation Committee Interlocks and Insider Participation None of our executive officers serve on the board of directors or compensation committee of a company that has an executive officer that serves on our board or compensation committee. No member of our board is an executive officer of a company in which one of our executive officers serves as a member of the board of directors or compensation committee of that company. Code of Ethics The Company has adopted a Code of Ethics and Business Conduct that applies to all of its directors, officers (including our principal executive officer, principal financial officer, principal accounting officer or control",,,,,,0,0,0,matrix_replaced_by_or_supplemented_with_narrative,"Post-vacatur evidence is board/diversity narrative, not an extracted matrix.",board_diversity_narrative,Published matrix date is after due+30 grace.,"Direct web open confirmed issuer governance page matrix. Browser tab was blocked by client, but page extraction showed substantive matrix text. Date is after due date plus 30-day grace.",not_found_in_current_sec_filings,,,not_found,,,not_found,0,,24fc1e57cabb1133,6.0,1,0,,,,,,0.16666666666666666,0.0,,,,,1.0,1,0,1,0,0,0,1,0,-691,Technology,Other non-US,2023,unknown,1,0,1,1,0,1,0,1,0
1074871,MODD,"Modular Medical, Inc.",domestic,CA,3841,Surgical & Medical Instruments & Apparatus,2022-02-11,pricing_proxy,2023-02-11,2023-03-13,released_in_required_window,high,published_on_time,2022-12-20,on_or_before_due_date,issuer SEC filing,https://www.sec.gov/Archives/edgar/data/1074871/000101905622000687/modular_def14a.htm,edgar_filing,DEF 14A,0001019056-22-000687,Board Diversity Matrix;Total Number of Directors;Did Not Disclose Demographic Background,e83b01e33fcd19cc,"Paul DiPerna President, Chief Financial Officer, Treasurer and Chairman of the Board of Directors William J. Febbo Director Steven Felsher Director Morgan C. Frank Director Philip Sheibley Director Carmen Volkart Director Ellen O’Connor Vos Director Board Diversity Matrix The table below provides an enhanced disclosure regarding the diversity of the members and nominees of our Board of Directors. Each of the categories listed in the below table has the meaning as it is used in Nasdaq Rule 5605(f). Board Diversity Matrix (As of December 2, 2022) Board Size: Total number of directors 7 Male Female Non-Binary Gender Undisclosed Part I: Gender Identity Number of directors base on gender identity 5 2 0 0 Part II: Demographic Background African American or Black 0 0 0 0 Asian 0 0 0 0 Hispanic or Latinx 0 0 0 0 Native Hawaiian or Pacific Islander 0 0 0 0 White 5 2 0 0 Two or More Race or Ethnic",Director Board Diversity Matrix,"As of December 2, 2022",7,Female|Male|Non-Binary,African American or Black|Asian|Hispanic or Latinx|Hispanic or Latin|Native Hawaiian or Pacific Islander|White,1,0,0,continued_other_narrative,2025-01-24,issuer SEC filing,https://www.sec.gov/Archives/edgar/data/1074871/000121390025006614/ea0228195-01.htm,DEF 14A,0001213900-25-006614,0.75,"\bdiversity\b.{0,220}\b(?:director|directors|nominee|nominees|board)\b",4,4,0,d0150322074b3c9c,"entify and evaluate nominees for the Board, including nominees recommended by stockholders, based on numerous factors it considers appropriate, some of which may include strength of character, mature judgment, career specialization, relevant technical skills, diversity, and the extent to which the nominee would fill a present need on the Board. There are no differences in the manner in which the Nominating and Governance Committee evaluates nominees for director based on whether the nominee is recommended by a stockholder. The Nominating and Governance Committee held one meeting during the fiscal year ended March 31, 2024. Board Meetings and Attendance; Annual Meeting Attendance During fiscal 2024, the Board of Directors held two meetings. While they served as a director, each director attended at least 75% of the total number of meetings of the Board of Directors and the committees of which he or she was a member during fiscal 2024. The Board of Directors and each of the committees also acted at times by unanimous written consent, as authorized by our Bylaws and the Nevada General Corporate Law. Members of the Board of Directors are encouraged, but are not required, to attend our annual meetings of shareholders. Two members of the Board of Directors attended the prior year’s annual meeting. Delinquent Section 16(a) Reports",,,,,,0,0,0,matrix_replaced_by_or_supplemented_with_narrative,"Post-vacatur evidence is board/diversity narrative, not an extracted matrix.",board_diversity_narrative,Published matrix date is on/before due+30 grace.,,,,,,,,,0,,78d7023e52e61e4d,7.0,,,,0,7,,,,,,0.0,,,2.6666666666666665,0,1,0,0,0,0,0,0,53,Life sciences / medical,Other non-US,2023,proxy,1,1,0,1,0,1,0,1,0
1872812,,TC BioPharm (Holdings) plc,domestic,X0,2836,"Biological Products, (No Diagnostic Substances)",2022-02-11,first_trading,2023-02-11,2023-03-13,no_release_found_after_checks,medium,not_located,,no_dated_release,issuer/current website or manually reviewed primary source,https://d1io3yog0oux5.cloudfront.net/_6df6912d78757007d7d89ae672512318/tcbiopharm/db/867/7501/file/NASDAQ+Diversity+Matrix+Disclosure+3rd+April+2023.pdf,issuer PDF template,,,,85d46161ed64a138,"Board Diversity Matrix for / As of / Total Number of Directors, with no company/date/count values extracted.",Board Diversity Matrix,,,,,0,0,0,not_continued_in_reviewed_filings,,,,,,0.7,,15,15,0,,,,,,,,0,0,0,no_post_vacatur_matrix_extracted,No post-vacatur matrix was extracted from reviewed filings.,no_signal_found,"No substantive primary matrix located after SEC, committed-check FTS/Wayback, website candidates, and manual/browser review where applicable.","Issuer governance page linked a Board Diversity Matrix PDF, but local PDF text extraction showed a blank/template matrix without substantive company/date/director values; not inserted as evidence.",not_found_in_current_sec_filings,,,not_found,,,not_found,1,no_release_found_after_checks,2ed041d7966e854c,,,,,,,,,,,,,,,0.0,0,0,0,0,0,0,0,0,,Life sciences / medical,Other non-US,2023,unknown,0,0,1,0,0,0,1,0,0
1880613,DRCT,"Direct Digital Holdings, Inc.",domestic,TX,7310,Services-Advertising,2022-02-11,first_trading,2023-02-11,2023-03-13,released_after_required_window,high,published_late,2023-05-01,after_30_day_grace,issuer SEC filing,https://www.sec.gov/Archives/edgar/data/1880613/000110465923054340/tm2313926d1_def14a.htm,edgar_filing,DEF 14A,https://www.sec.gov/Archives/edgar/data/1880613/000110465923054340/tm2313926d1_def14a.htm,Board Diversity Matrix;Total Number of Directors;Gender Identity;Demographic Background,1654e590e75ec33e,"Direct Digital Holdings, Inc. Board Diversity Matrix (as of February 15, 2023). Total Number of Directors 5. Part I: Gender Identity: Directors Female 2, Male 3, Non-Binary 0, Did Not Disclose Gender 0. Part II: Demographic Background: African American or Black Female 1, Male 2; White Female 1, Male 1; all other listed categories 0.",Board Diversity Matrix,"as of February 15, 2023",5,Female|Male|Non-Binary|Did Not Disclose Gender,African American or Black|White,1,1,0,not_continued_in_reviewed_filings,,,,,,0.7,,9,9,0,,,,,,,,0,0,0,no_post_vacatur_matrix_extracted,No post-vacatur matrix was extracted from reviewed filings.,no_signal_found,Published matrix date is after due+30 grace.,SEC submissions found 2023 DEF 14A; archive document checked directly and matrix text confirmed. Filing date is after due date plus 30-day grace.,not_found_in_current_sec_filings,,,not_found,,,not_found,0,,903278c357dd605c,5.0,2,0,0,,,,,0.4,0.0,0.0,,,,2.0,1,0,1,0,0,0,1,0,-79,Services,Other non-US,2023,proxy,1,0,1,0,0,0,1,0,0
1482541,BNC,CEA Industries Inc.,domestic,CO,0700,Agricultural Services,2022-02-14,pricing_proxy,2023-02-14,2023-03-16,released_after_required_window,high,published_late,2023-10-26,after_30_day_grace,issuer SEC filing,https://www.sec.gov/Archives/edgar/data/1482541/000149315223038392/formdef14a.htm,edgar_filing,DEF 14A,https://www.sec.gov/Archives/edgar/data/1482541/000149315223038392/formdef14a.htm,Board Diversity Matrix;Total Number of Directors;Gender Identity;Demographic Background,5ab25d8bbd4dd70c,"CEA Industries Inc. Board Diversity Matrix Disclosure. Total Number of Directors 5. Part I: Gender Identity: Directors Female 0, Male 5, Non-Binary 0, Did Not Disclose Gender 0. Part II: Demographic Background: Asian Male 1; White Male 4; all other listed categories 0.",Board Diversity Matrix,,5,Female|Male|Non-Binary|Did Not Disclose Gender,Asian|White,1,1,0,continued_same_matrix,2025-03-27,issuer SEC filing,https://www.sec.gov/Archives/edgar/data/1482541/000164117225000913/form10-k.htm,10-K,0001641172-25-000913,0.95,Board Diversity (as of;Total Number of Directors;Did Not Disclose Gender;Did Not Disclose Demographic Background,19,1,0,2369f783f441abc0,"ce represented on the board of directors. If we are not listed on Nasdaq, we may not continue to consider diversity in the nominations or appointment of directors. The following is a table indicating the current board diversity as of March 27, 2025. Total Number of Directors Five Female Male Non-Binary Did Not Disclose Gender Part I: Gender Identity Directors - 5 - - Part II: Demographic Background African American or Black - - - - Alaskan Native or Native American - - - - Asian - - - - Hispanic or Latinx - - - - Native Hawaiian or Pacific Islander - - - - White - 4 - - Two or More Races or Ethnicities - - - - LGBTQ+ - - - - Did Not Disclose Demographic Background - 1 - - Director Independence The Nasdaq marketplace rules require that, subject to specified exceptions, each member of a listed company’s audit, compensation and nominations committees be independent, or, if a listed company has no nominations committee, that director nominees be selected or recommended for the board’s selection by independent directors constituting a majority of the board’s independent directors. The Nasdaq marketplace rules further require that audit c",,"as of March 27, 2025",,Female|Male|Non-Binary|Did Not Disclose Gender,African American or Black|Alaskan Native or Native American|Asian|Hispanic or Latinx|Hispanic or Latin|Native Hawaiian or Pacific Islander|White|Two or More Races or Ethnicities|LGBTQ+|Did Not Disclose Demographic Background,1,1,1,changed_extracted_shape,"title: initial extracted, post-vacatur not extracted; as-of date: post-vacatur extracted, initial not extracted; total directors: initial extracted, post-vacatur not extracted; demographic rows: Asian|White -> African American or Black|Alaskan Native or Native American|Asian|Hispanic or Latinx|Hispanic or Latin|Native Hawaiian or Pacific Islander|White|Two or More Races or Ethnicities|LGBTQ+|Did Not Disclose Demographic Background",matrix,Published matrix date is after due+30 grace.,SEC DEF 14A checked directly and matrix text confirmed. Filing date is after due date plus 30-day grace.,found_current_sec_matrix,2025-03-27,https://www.sec.gov/Archives/edgar/data/1482541/000164117225000913/form10-k.htm,not_found,,,not_found,1,post_vacatur_matrix_format_changed,6879a681708256d6,5.0,0,0,0,,,,,0.0,0.0,0.0,,,,2.0,1,0,0,0,0,0,0,0,-254,Other / mixed,Other non-US,2023,proxy,1,0,1,1,1,0,0,1,0
1450704,VIVK,"Vivakor, Inc.",domestic,TX,4953,Refuse Systems,2022-02-15,pricing_proxy,2023-02-15,2023-03-17,released_after_required_window,high,published_late,2024-12-05,after_30_day_grace,issuer SEC filing,https://www.sec.gov/Archives/edgar/data/1450704/000182912624008066/vivakor_def14a.htm,edgar_filing,DEF 14A,https://www.sec.gov/Archives/edgar/data/1450704/000182912624008066/vivakor_def14a.htm,Board Diversity Matrix;Total Number of Directors;Gender Identity;Demographic Background,eac0381918f35a8c,"Vivakor, Inc. Board Diversity Matrix. As of December 5, 2024 and as of December 31, 2023. Total Number of Directors 5 and 4. Gender Identity: Directors Male 5 and Male 4. Part II: Demographic Background: African American or Black Male 1; White Male 4 and White Male 3; all other listed categories blank or 0.",Board Diversity Matrix,"As of December 5, 2024",5,Male,African American or Black|White,0,0,0,continued_same_matrix,2025-08-08,issuer SEC filing,https://www.sec.gov/Archives/edgar/data/1450704/000182912625006013/vivakor_pre14a.htm,PRE 14A,0001829126-25-006013,0.85,Board Diversity Matrix;Did Not Disclose Demographic Background,8,3,0,c0cd134b5157f156,"ng officers and all persons performing similar functions. A copy of that code is available on our corporate website at www.vivakor.com. We expect that any amendments to such code, or any waivers of its requirements, will be disclosed on our website. Board Diversity Matrix As of July 31, 2025 As of December 31, 2024 Total No. of Directors 4 5 Gender Identity Female Male Non-Binary Did Not Disclose Female Male Non-Binary Did Not Disclose Directors 4 5 Part II: Demographic Background African American or Black 1 1 Alaskan Native or Native American Asian Hispanic or Latinx Native Hawaiian or Pacific Islander White 3 4 Two or More Races or Ethnicities LGBTQ+ Did Not Disclose Demographic Background 18 EXECUTIVE OFFICERS The following is a biographical summary of our executive officers and their ages, except for Mr. Ballengee and Mr. Nelson, whose biographies are included under the heading “Proposal No. 1: Election of Directors” set forth above: Directors and Executive Officers Position/Title Age James H. Ballengee Chief Executive Officer and Director 60 Kimberly Hawley Chief Financial Officer 56 Patrick Knapp Vice President, General Counse",Board Diversity Matrix,"As of July 31, 2025",,Female|Male|Non-Binary,African American or Black|Alaskan Native or Native American|Asian|Hispanic or Latinx|Hispanic or Latin|Native Hawaiian or Pacific Islander|White|Two or More Races or Ethnicities|LGBTQ+|Did Not Disclose Demographic Background,1,0,1,changed_extracted_shape,"as-of date: As of December 5, 2024 -> As of July 31, 2025; total directors: initial extracted, post-vacatur not extracted; gender columns: Male -> Female|Male|Non-Binary; demographic rows: African American or Black|White -> African American or Black|Alaskan Native or Native American|Asian|Hispanic or Latinx|Hispanic or Latin|Native Hawaiian or Pacific Islander|White|Two or More Races or Ethnicities|LGBTQ+|Did Not Disclose Demographic Background",matrix,Published matrix date is after due+30 grace.,2023 DEF 14A had no matrix; 2024 DEF 14A checked directly and matrix text confirmed. Filing date is after due date plus 30-day grace.,found_current_sec_matrix,2026-06-08,https://www.sec.gov/Archives/edgar/data/1450704/000182912626006194/vivakor_def14a.htm,not_found,,,not_found,1,post_vacatur_matrix_format_changed,14b032f98c045da6,5.0,,,,,,,,,,,,,,0.0,0,0,0,0,0,0,0,0,-659,Other / mixed,Other non-US,2023,proxy,1,0,1,1,1,0,0,1,0
1835615,MHUAF,"Meihua International Medical Technologies Co., Ltd.",foreign_private_issuer,F4,3841,Surgical & Medical Instruments & Apparatus,2022-02-16,first_trading,2023-02-16,2023-03-18,released_after_required_window,high,published_late,2023-04-14,after_30_day_grace,issuer SEC filing,https://www.sec.gov/Archives/edgar/data/1835615/000121390023029709/f20f2022_meihua.htm,edgar_filing,20-F,https://www.sec.gov/Archives/edgar/data/1835615/000121390023029709/f20f2022_meihua.htm,Board Diversity Matrix;Total Number of Directors;Gender Identity;Demographic Background,2b0487549b8fe989,"Meihua International Medical Technologies Co., Ltd. Board Diversity Matrix. Country of Principal Executive Offices: China. Foreign Private Issuer Yes. Disclosure Prohibited under Home Country Law No. Total Number of Directors 5. Part I: Gender Identity: Directors Female 1, Male 4, Non-Binary 0, Did Not Disclose Gender 0. Part II: Demographic Background: Underrepresented Individual in Home Country Jurisdiction 0; LGBTQ+ 0; Did Not Disclose Demographic Background 0.",Board Diversity Matrix,,5,Female|Male|Non-Binary|Did Not Disclose Gender,LGBTQ+|Did Not Disclose Demographic Background,1,1,1,not_continued_in_reviewed_filings,,,,,,0.7,,17,17,0,,,,,,,,0,0,0,no_post_vacatur_matrix_extracted,No post-vacatur matrix was extracted from reviewed filings.,no_signal_found,Published matrix date is after due+30 grace.,SEC 20-F checked directly and matrix text confirmed. Filing date is after due date plus 30-day grace.,not_found_in_current_sec_filings,,,not_found,,,not_found,0,,b651c4bae685207c,5.0,1,0,0,,,0,0,0.2,0.0,0.0,,0.0,0.0,4.0,1,0,1,0,0,0,1,0,-57,Life sciences / medical,Other non-US,2023,20-F,1,0,1,0,0,0,1,0,0
1851860,,"SMART FOR LIFE, INC.",domestic,FL,2833,Medicinal Chemicals & Botanical Products,2022-02-16,first_trading,2023-02-16,2023-03-18,no_release_found_after_checks,medium,not_located,,no_dated_release,,,,,,,,,,,,,,0,0,0,no_post_vacatur_relevant_filing,,,,,,0.65,,0,0,0,,,,,,,,0,0,0,no_post_vacatur_matrix_extracted,No post-vacatur matrix was extracted from reviewed filings.,no_signal_found,"No substantive primary matrix located after SEC, committed-check FTS/Wayback, website candidates, and manual/browser review where applicable.","Search and SEC submissions checked; likely 2023 proxy, 2023 10-K, and 2024 10-K did not contain Board Diversity Matrix text.",not_found_in_current_sec_filings,,,not_found,,,not_found,1,no_release_found_after_checks,74b36c0a0967cfeb,,,,,,,,,,,,,,,0.0,0,0,0,0,0,0,0,0,,Energy / industrials,Other non-US,2023,unknown,0,0,1,0,0,0,1,0,0
1402328,SBFM,Sunshine Biopharma Inc.,domestic,FL,2834,Pharmaceutical Preparations,2022-02-17,pricing_proxy,2023-02-17,2023-03-19,no_release_found_after_checks,medium,not_located,,no_dated_release,,,,,,,,,,,,,,0,0,0,continued_other_narrative,2025-10-23,issuer SEC filing,https://www.sec.gov/Archives/edgar/data/1402328/000168316825007747/sunshine_def14a.htm,DEF 14A,0001683168-25-007747,0.75,\bboard diversity\b,4,4,0,2a63fde2630d2e19,"not subsequently reversed, suspended, or vacated, of any self-regulatory organization, any registered entity or any equivalent exchange, association, entity or organization that has disciplinary authority over its members or persons associated with a member. Board Diversity Our Board seeks members from diverse professional backgrounds who combine a solid professional reputation and knowledge of our business and industry with a reputation for integrity. Our Board does not have a formal policy concerning diversity and inclusion. Diversity of experience, expertise, and viewpoints is one of many factors the Nominating and Corporate Governance Committee considers when recommending director nominees to our Board. Our Board also seeks members that have experience in positions with a high degree of responsibility or are, or have been, leaders in the companies or institutions with which they are, or were, affiliated, but may seek other members with different backgrounds, based upon the contributions they can make to our Company. 12 Board Leadership Structure and Role in Risk Oversight Our Board of Directors is respo",,,,,,0,0,0,matrix_replaced_by_or_supplemented_with_narrative,"Post-vacatur evidence is board/diversity narrative, not an extracted matrix.",board_diversity_narrative,"No substantive primary matrix located after SEC, committed-check FTS/Wayback, website candidates, and manual/browser review where applicable.",Search and SEC submissions checked; likely 2023/2024 proxy and 2023 10-K filings did not contain Board Diversity Matrix text.,not_found_in_current_sec_filings,,,not_found,,,not_found,1,no_release_found_after_checks,a52110e2239ba1f9,,,,,,,,,,,,,,,0.0,0,0,0,0,0,0,0,0,,Life sciences / medical,Other non-US,2023,unknown,0,0,1,1,0,1,0,1,0
1782107,ONCO,"Onconetix, Inc.",domestic,OH,2834,Pharmaceutical Preparations,2022-02-18,first_trading,2023-02-18,2023-03-20,released_in_required_window,high,published_on_time,2022-07-18,on_or_before_due_date,issuer SEC filing,https://www.sec.gov/Archives/edgar/data/1782107/000121390022039898/def14a0722_bluewatervacc.htm,edgar_filing,DEF 14A,0001213900-22-039898,Board Diversity Matrix;Total Number of Directors;Did Not Disclose Gender;Did Not Disclose Demographic Background,709a7125d78ac5f9,"ption Awards ($) Total ($) Kimberly Murphy — — — — James Sapirstein — — — — Allan Shaw — — — — Michael Venerable — — — — John Rice, Phd. (1) — — — — ____________ (1) Mr. Rice resigned from our Board, effective February 24, 2022. 28 Table of Contents Board Diversity Matrix The following Board Diversity Matrix presents our Board diversity statistics in accordance with Nasdaq Rule 5606, as self -disclosed by our Directors. Board Diversity Matrix as of July 18, 2022 Total Number of Directors 5 Female Male Non-Binary Did Not Disclose Gender Part I: Gender Identity Directors 1 4 Part II: Demographic Background African American or Black Alaskan Native or Native American Asian Hispanic or Latinx 2 Native Hawaiian or Pacific Islander White 1 3 Two or More Races or Ethnicities LGBTQ+ Did Not Disclose Demographic Background 29 Table of Contents PROPOSAL 2 APPROVAL OF AMENDMENTS TO THE 2022 PLAN Bac",Board Diversity Matrix The following Board Diversity Matrix,"as of July 18, 2022",5,Female|Male|Non-Binary|Did Not Disclose Gender,African American or Black|Alaskan Native or Native American|Asian|Hispanic or Latinx|Hispanic or Latin|Native Hawaiian or Pacific Islander|White|Two or More Races or Ethnicities|LGBTQ+|Did Not Disclose Demographic Background,1,1,1,continued_other_narrative,2025-06-02,issuer SEC filing,https://www.sec.gov/Archives/edgar/data/1782107/000121390025049687/ea0244122-10k_onconetix.htm,10-K,0001213900-25-049687,0.75,\bboard diversity\b,11,11,0,9b540aaea1aa81b7,"whether the roles of Chief Executive Officer and Chairman of our Board should be separate. The primary responsibilities of our Board are to provide oversight, strategic guidance, counselling, and direction to our management. We have no formal policy regarding board diversity. Our priority in selection of board members is identification of members who will further the interests of our stockholders through his or her established record of professional accomplishment, the ability to contribute positively to the collaborative culture among board members, knowledge of our business and understanding of the competitive landscape. Directors and Executive Officers Qualifications We believe that the collective skills, experiences, and qualifications of our directors provide our Board with the expertise and experience necessary to advance the interests of our stockholders. In selecting directors, the Board considers candidates that possess qualifications and expertise that will enhance the composition of the Board. Nominees for director will be selected on the basis of, among other things, leadership experience, knowle",,,,,,0,0,0,matrix_replaced_by_or_supplemented_with_narrative,"Post-vacatur evidence is board/diversity narrative, not an extracted matrix.",board_diversity_narrative,Published matrix date is on/before due+30 grace.,,,,,,,,,0,,2806dfd570e18bfd,5.0,,,,,,,29,,,,,,1.0,3.0,0,0,0,0,0,0,0,1,215,Life sciences / medical,Other non-US,2023,proxy,1,1,0,1,0,1,0,1,0
1888014,AKAN,AKANDA CORP.,foreign_private_issuer,X0,2833,Medicinal Chemicals & Botanical Products,2022-03-15,first_trading,2023-03-15,2023-04-14,no_release_found_after_checks,medium,not_located,,no_dated_release,,,,,,,,,,,,,,0,0,0,not_continued_in_reviewed_filings,,,,,,0.7,,36,36,0,,,,,,,,0,0,0,no_post_vacatur_matrix_extracted,No post-vacatur matrix was extracted from reviewed filings.,no_signal_found,"No substantive primary matrix located after SEC, committed-check FTS/Wayback, website candidates, and manual/browser review where applicable.","Search and SEC submissions checked; Akanda 2023, 2024, and 2025 20-F filings did not contain Board Diversity Matrix text. Third-party aggregate only.",not_found_in_current_sec_filings,,,not_found,,,not_found,1,no_release_found_after_checks,89889eccb065dbe2,,,,,,,,,,,,,,,0.0,0,0,0,0,0,0,0,0,,Energy / industrials,Other non-US,2023,unknown,0,0,1,0,0,0,1,0,0
1875547,LCFY,Locafy Ltd,foreign_private_issuer,C3,7370,"Services-Computer Programming, Data Processing, Etc.",2022-03-25,first_trading,2023-03-25,2023-04-24,released_in_required_window,high,published_on_time,2022-11-15,on_or_before_due_date,issuer SEC filing,https://www.sec.gov/Archives/edgar/data/1875547/000149315222032533/form20f.htm,edgar_filing,20-F,0001493152-22-032533,Board Diversity Matrix;Total Number of Directors;Did Not Disclose Gender;Did Not Disclose Demographic Background,ab09f68bca52bfc2,"board of directors as of the date of this Annual Report. Additional biographical information of our directors and executive officers is set forth above under “ Item 6. Directors, Senior Management and Employees—A. Directors and Senior Management ”. Board Diversity Matrix Country of Principal Executive Offices: Australia Foreign Private Issuer Yes Disclosure Prohibited under Home Country Law No Total Number of Directors 4 Female Male Non- Binary Did Not Disclose Gender Part I: Gender Identity Directors 0 4 0 0 Part II: Demographic Background Underrepresented Individual in Home Country Jurisdiction 0 LGBTQ+ 0 Did Not Disclose Demographic Background 4 57 Code of Conduct We have adopted a Code of Conduct and Ethics applicable to all of our directors, officers and employees. We post on our website all disclosures that are required by law or the listing standards of Nasdaq concerning any amend",Board Diversity Matrix,,4,Female|Male|Did Not Disclose Gender,LGBTQ+|Did Not Disclose Demographic Background,0,1,1,continued_same_matrix,2025-08-22,issuer SEC filing,https://www.sec.gov/Archives/edgar/data/1875547/000164117225025206/form20-fa.htm,20-F/A,0001641172-25-025206,0.95,Board Diversity Matrix;Total Number of Directors;Did Not Disclose Gender;Did Not Disclose Demographic Background,13,6,0,b921cbff0c501b44,"board of directors as of the date of this Annual Report. Additional biographical information of our directors and executive officers is set forth above under “ Item 6. Directors, Senior Management and Employees—A. Directors and Senior Management ”. Board Diversity Matrix Country of Principal Executive Offices: Australia Foreign Private Issuer Yes Disclosure Prohibited under Home Country Law No Total Number of Directors 5 Female Male Non-Binary Did Not Disclose Gender Part I: Gender Identity Directors 0 5 0 0 Part II: Demographic Background Underrepresented Individual in Home Country Jurisdiction 1 LGBTQ+ 0 Did Not Disclose Demographic Background 4 53 Code of Conduct We have adopted a Code of Conduct and Ethics applicable to all of our directors, officers and employees. We post on our website all disclosures that are required by law or the listing standards of Nasdaq concerning any amendments to, or waivers from, any provision of the Code of Conduct and Ethics. The reference to our website address does not constitute incorporation by reference of the information contained at or available through our website, and you should not consi",Board Diversity Matrix,,5,Female|Male|Non-Binary|Did Not Disclose Gender,LGBTQ+|Did Not Disclose Demographic Background,1,1,1,changed_extracted_shape,total directors: 4 -> 5; gender columns: Female|Male|Did Not Disclose Gender -> Female|Male|Non-Binary|Did Not Disclose Gender,matrix,Published matrix date is on/before due+30 grace.,,,,,,,,,1,post_vacatur_matrix_format_changed,48ad1d97ddcc18fc,4.0,0,,0,,,0,4,0.0,,0.0,,0.0,1.0,3.0,1,0,0,0,0,0,0,1,130,Technology,Other non-US,2023,20-F,1,1,0,1,1,0,0,1,0
1880438,ANTX,"AN2 Therapeutics, Inc.",domestic,CA,2834,Pharmaceutical Preparations,2022-03-25,first_trading,2023-03-25,2023-04-24,released_after_required_window,high,published_late,2023-04-26,after_30_day_grace,issuer SEC filing,https://www.sec.gov/Archives/edgar/data/1880438/000095017023014794/antx-def14a-2022-final.htm,edgar_filing,DEF 14A,https://www.sec.gov/Archives/edgar/data/1880438/000095017023014794/antx-def14a-2022-final.htm,Board Diversity Matrix;Total Number of Directors;Gender Identity;Demographic Background,b65977eec33750ac,"AN2 Therapeutics, Inc. Board Diversity Matrix (as of April 26, 2023). Total Number of Directors 9. Part I: Gender Identity: Directors Female 3, Male 6. Part II: Demographic Background: Asian Female 1, Male 1; White Female 2, Male 5; LGBTQ+ Female 1; all other listed categories blank or 0.",Board Diversity Matrix,"as of April 26, 2023",9,Female|Male,Asian|White|LGBTQ+,0,0,0,continued_other_narrative,2025-04-10,issuer SEC filing,https://www.sec.gov/Archives/edgar/data/1880438/000095017025052852/antx-20250410.htm,DEF 14A,0000950170-25-052852,0.75,\bboard diversity\b,6,6,0,1ce06a5d237432d3,"roxy prior to its exercise at the Annual Meeting by following the instructions in the accompanying proxy statement. ii TABLE OF C ONTENTS Page PROXY STATEMENT QUESTIONS AND ANSWERS 1 DIRECTORS AND CORPORATE GOVERNANCE 6 Board Composition Director Independence Board Diversity Board Leadership Structure Board Committees and Meetings Identifying and Evaluating Director Nominees Role of the Board in Risk Oversight Compensation Risk Assessment Communications with Directors Corporate Governance Guidelines and Code of Business Conduct and Ethics EXECUTIVE COMPENSATION 14 Executive Officers Summary Compensation Table Narrative to Summary Compensation Table Outstanding Equity Awards as of December 31, 2024 Other Compensation and Benefits 401(k) Plan Equity Compensation Plan Information Indemnification Hedging and Pledging Policies COMPENSATION OF NON-EMPLOYEE DIRECTORS 22 Non-Employee Director Compensation Policy Limitation of Liability and Indemnification BENEFICIAL OWNERSHIP OF SHARES OF COMMON STOCK 25 CERTAIN RELATIONSHIPS AND RELATED PERSON TRANSACTIONS 27 License Agreements Investors’ Rights Agreement Indemnifi",,"as of December 31, 2024",,,,0,0,0,matrix_replaced_by_or_supplemented_with_narrative,"Post-vacatur evidence is board/diversity narrative, not an extracted matrix.",board_diversity_narrative,Published matrix date is after due+30 grace.,SEC submissions found 2023 DEF 14A; archive document checked directly and matrix text confirmed. Filing date is after due date plus 30-day grace.,not_found_in_current_sec_filings,,,not_found,,,not_found,0,,13ae553c453c4f2c,9.0,3,,,2,7,1,,0.3333333333333333,,,0.2222222222222222,0.1111111111111111,,2.166666666666667,1,0,1,0,1,1,1,0,-32,Life sciences / medical,Other non-US,2023,proxy,1,0,1,1,0,1,0,1,0
1743905,RVSN,Rail Vision Ltd.,foreign_private_issuer,L3,3743,Railroad Equipment,2022-03-31,first_trading,2023-03-31,2023-04-30,released_in_required_window,high,published_on_time,2023-03-23,on_or_before_due_date,issuer SEC filing,https://www.sec.gov/Archives/edgar/data/1743905/000121390023022437/f20f2022_railvisionltd.htm,edgar_filing,20-F,0001213900-23-022437,Board Diversity Matrix;Total Number of Directors;Did Not Disclose Gender;Did Not Disclose Demographic Background,fc8943d57fa1b617,"d in its oversight role by an internal auditor. The internal auditor undertakes both regular and ad hoc reviews of risk management controls and procedures, the results of which are reported to the audit committee. Diversity of the Board of Directors Board Diversity Matrix (As of March 23, 2023) Country of Principal Executive Offices Israel Foreign Private Issuer Yes Disclosure Prohibited under Home Country Law No Total Number of Directors 8 Part I: Gender Identity Female Male Non-Binary Did Not Disclose Gender Directors 2 6 - - Part II: Demographic Background Underrepresented Individual in Home Country Jurisdiction - LGBTQ+ - Did Not Disclose Demographic Background 8 External Directors Under the Companies Law, an Israeli company whose shares have been offered to the public or whose shares are listed for trading on a stock exchange in or outside of Israel is required to appoint at least t",Board of Directors Board Diversity Matrix,"As of March 23, 2023",8,Female|Male|Non-Binary|Did Not Disclose Gender,LGBTQ+|Did Not Disclose Demographic Background,1,1,1,not_continued_in_reviewed_filings,,,,,,0.7,,38,38,0,,,,,,,,0,0,0,no_post_vacatur_matrix_extracted,No post-vacatur matrix was extracted from reviewed filings.,no_signal_found,Published matrix date is on/before due+30 grace.,,,,,,,,,0,,cedd818f6d2f2613,8.0,2,0,0,,,0,8,0.25,0.0,0.0,,0.0,1.0,4.0,1,0,1,0,0,0,1,1,8,Manufacturing / industrials,Other non-US,2023,20-F,1,1,0,0,0,0,1,0,0
1894954,XPON,Expion360 Inc.,domestic,OR,3690,"Miscellaneous Electrical Machinery, Equipment & Supplies",2022-04-01,first_trading,2023-04-01,2023-05-01,released_after_required_window,high,published_late,2023-09-06,after_30_day_grace,issuer SEC filing,https://www.sec.gov/Archives/edgar/data/1894954/000190359623000697/xpon_def14a.htm,edgar_filing,DEF 14A,https://www.sec.gov/Archives/edgar/data/1894954/000190359623000697/xpon_def14a.htm,Board Diversity Matrix;Total Number of Directors;Gender Identity;Demographic Background,b3087144105357bb,"Expion360 Inc. Board Diversity Matrix (As of August 24, 2023). Total Number of Directors 5. Gender Identity: Directors Male 5, Non-Binary 0, Did Not Disclose Gender 0. Demographic Background: Asian Male 1; White Male 3; Two or More Races or Ethnicities Male 1; all other listed categories 0.",Board Diversity Matrix,"As of August 24, 2023",5,Male|Non-Binary|Did Not Disclose Gender,Asian|White|Two or More Races or Ethnicities,1,1,0,continued_other_narrative,2025-06-17,issuer SEC filing,https://www.sec.gov/Archives/edgar/data/1894954/000114036125022824/edge20048901x1_def14a.htm,DEF 14A,0001140361-25-022824,0.75,"\bdiversity\b.{0,220}\b(?:director|directors|nominee|nominees|board)\b",6,6,0,40dce23c8500287a,"erve as Chairman of our Board materially impacts its process for risk oversight because Board committees (comprised entirely of independent directors during the year ended December 31, 2024) play the central role in risk oversight. Director Qualifications and Diversity Our Nominating and Corporate Governance Committee is responsible for the review of corporate governance; identifying, reviewing, and managing our Board’s composition; evaluating the performance of our Board as applies to our Code of Business Conduct and Ethics and Board and internal policies; ensuring compliance with all laws, regulations, and best practices; ensuring adequacy of charter and policies; recommending persons for election to our Board; reviewing the composition of committees of our Board and recommending persons to be members of such committees; and reviewing conflicts of interest of members of our Board and corporate officers. Our Nominating and Corporate Governance Committee may use outside consultants to assist in identifying candidates and will also consider advice and recommendations from stockholders, management, and others as it deems appropriate. When evaluating director nominees, our Nominating and Corporate Governance Committee considers the following factors: • the current size and composition of our Board and the ne",,,,,,0,0,0,matrix_replaced_by_or_supplemented_with_narrative,"Post-vacatur evidence is board/diversity narrative, not an extracted matrix.",board_diversity_narrative,Published matrix date is after due+30 grace.,SEC submissions and issuer filing page found 2023 DEF 14A; archive document checked directly and matrix text confirmed. Filing date is after due date plus 30-day grace.,not_found_in_current_sec_filings,,,not_found,,,not_found,0,,e4af56a41e00d3a7,5.0,5,0,0,,,,,1.0,0.0,0.0,,,,2.0,1,0,1,0,0,0,1,0,-158,Energy / industrials,Other non-US,2023,proxy,1,0,1,1,0,1,0,1,0
1144879,APLD,Applied Digital Corp.,domestic,TX,7374,Services-Computer Processing & Data Preparation,2022-04-13,first_trading,2023-04-13,2023-05-13,released_in_required_window,high,published_on_time,2022-09-27,on_or_before_due_date,issuer SEC filing,https://www.sec.gov/Archives/edgar/data/1144879/000114487922000038/appliedblockchaininc-drafp.htm,edgar_filing,DEF 14A,0001144879-22-000038,Board Diversity Matrix;Total Number of Directors;Did Not Disclose Gender;Did Not Disclose Demographic Background,52c899db049bae2f,"rules also require most Nasdaq-listed companies to have, or explain why they do not have, at least two diverse directors, including one who self-identifies as female and one who self identifies as either an under-represented minority or LGBTQ+. The Board Diversity Matrix below presents the Board’s diversity statistics in the format prescribed by the Nasdaq rules. 2022 Proxy Statement 5 Proposal One As of August 30, 2022, the composition of our Board was as follows: Board Diversity Matrix (As of August 30, 2022) Total Number of Directors 7 Female Male Non-Binary Did Not Disclose Gender Gender Identity Directors 2 5 0 0 Demographic Background African American or Black 0 0 0 0 Alaskan Native or Native American 0 0 0 0 Asian 0 1 0 0 Hispanic or Latinx 1 0 0 0 Native Hawaiian or Pacific Islander 0 0 0 0 White 1 4 0 0 Two or More Races or Ethnicities 0 0 0 0 Other (Race or Ethnicity) 0 0 0 0 L",Board Diversity Matrix,"As of August 30, 2022",7,Female|Male|Non-Binary|Did Not Disclose Gender,African American or Black|Alaskan Native or Native American|Asian|Hispanic or Latinx|Hispanic or Latin|Native Hawaiian or Pacific Islander|White|Two or More Races or Ethnicities|LGBTQ+,1,1,0,continued_other_narrative,2025-09-12,issuer SEC filing,https://www.sec.gov/Archives/edgar/data/1144879/000149315225013198/formpre14a.htm,PRE 14A,0001493152-25-013198,0.75,\bboard diversity\b,5,5,0,fa44d6ee341c6de8,"our Nominating and Corporate Governance Committee will consider factors including, without limitation, an individual’s character, integrity, judgment, potential conflicts of interest, other commitments, and diversity. While we have no formal policy regarding board diversity for our Board as a whole nor for each individual member, the Nominating and Corporate Governance Committee does consider such factors as gender, race, ethnicity, experience, and area of expertise, as well as other individual attributes that contribute to the total diversity of viewpoints and experience represented on the Board. Board of Director Meetings Our Board met twenty-three (23) times in fiscal 2025. Each director attended at least 75% of the aggregate of (i) the total number of meetings of our Board (held during the period for which such director served on the Board) and (ii) the total number of meetings of all committees of our Board on which such director served (during the periods for which the director served on such committee or committees). We do not have a formal policy requiring members of the Board to attend our annual m",,,,,,0,0,0,matrix_replaced_by_or_supplemented_with_narrative,"Post-vacatur evidence is board/diversity narrative, not an extracted matrix.",board_diversity_narrative,Published matrix date is on/before due+30 grace.,,,,,,,,,0,,515c03c19ec5ee6b,7.0,2,0,0,2,5,5,,0.2857142857142857,0.0,0.0,0.2857142857142857,0.7142857142857143,,5.0,1,1,1,0,1,1,1,0,198,Technology,Other non-US,2023,proxy,1,1,0,1,0,1,0,1,0
1737995,STSS,"SkyAI, Inc.",domestic,NY,3841,Surgical & Medical Instruments & Apparatus,2022-04-14,first_trading,2023-04-14,2023-05-14,released_but_window_not_guaranteed,medium,not_located,,no_dated_release,,,,,,,,,,,,,,0,0,0,continued_other_narrative,2025-07-03,issuer SEC filing,https://www.sec.gov/Archives/edgar/data/1737995/000164117225017816/formpre14a.htm,PRE 14A,0001641172-25-017816,0.75,\bboard diversity\b,14,14,0,76326e3662458407,"ll be determined by resolution of the Board of Directors at any meeting thereof, but shall never be less than one. No decrease in the number of Directors will have the effect of shortening the term of any incumbent Director. We have no formal policy regarding board diversity. Our Board believes that each director should have a basic understanding of the principal operational and financial objectives and plans and strategies of the Company, our results of operations and financial condition and relative standing in relation to our competitors. We take into consideration the overall composition and diversity of the Board and areas of expertise that director nominees may be able to offer, including business experience, knowledge, abilities and customer relationships. Generally, we will strive to assemble a board that brings to us a variety of perspectives and skills derived from business and professional experience as we may deem are in our and our stockholders’ best interests. In doing so, we will also consider candidates with appropriate non-business backgrounds. Pursuant to Rules 5605(f) and 5606 of the Nasda",,,,,,0,0,0,matrix_replaced_by_or_supplemented_with_narrative,"Post-vacatur evidence is board/diversity narrative, not an extracted matrix.",board_diversity_narrative,"Committed-check found a current SEC matrix, but current initial-window review did not locate a substantive matrix in the required window.","Search and SEC filings checked for SkyAI / formerly Sharps Technology. 2023 DEF 14A stated matrix was on issuer website, but current issuer governance pages were checked and no Board Diversity Matrix content was exposed.",found_current_sec_matrix,2025-08-05,https://www.sec.gov/Archives/edgar/data/1737995/000164117225022182/formdefr14a.htm,not_found,,,not_found,1,released_but_window_not_guaranteed,1c769f35b0dd1968,,,,,,,,,,,,,,,0.0,0,0,0,0,0,0,0,0,,Life sciences / medical,Other non-US,2023,unknown,1,0,1,1,0,1,0,1,0
1635077,ACON,"Aclarion, Inc.",domestic,CO,8071,Services-Medical Laboratories,2022-04-22,first_trading,2023-04-22,2023-05-22,released_after_required_window,high,published_late,2023-11-13,after_30_day_grace,issuer SEC filing,https://www.sec.gov/Archives/edgar/data/1635077/000168316823007841/aclarion_def14a.htm,edgar_filing,DEF 14A,https://www.sec.gov/Archives/edgar/data/1635077/000168316823007841/aclarion_def14a.htm,Board Diversity Matrix;Total Number of Directors;Gender Identity;Demographic Background,eaf2071c8d475bf5,"Aclarion, Inc. Board Diversity Matrix (As of April 21, 2023). Total Number of Directors 7. Part I: Gender Identity: Directors Female 1, Male 6. Part II: Demographic Background: White Female 1, Male 6; all other listed categories blank or 0.",Board Diversity Matrix,"As of April 21, 2023",7,Female|Male,White,0,0,0,continued_same_matrix,2025-05-02,issuer SEC filing,https://www.sec.gov/Archives/edgar/data/1635077/000168316825003069/aclarion_pre14a.htm,PRE 14A,0001683168-25-003069,0.95,Board Diversity Matrix;Total Number of Directors;Did Not Disclose Gender;Did Not Disclose Demographic Background,10,5,0,1c6cce8e7b5e1214,"sted above, our board of directors considered the association of our directors with the holders of more than 5% of our common stock. There are no family relationships among any of our directors or executive officers. Director Diversity The following Board Diversity Matrix presents our board of directors’ diversity statistics in accordance with Nasdaq Rule 5606, as self-disclosed by our directors. Board Diversity Matrix (As of April 30, 2025) Board Size: Total Number of Directors 7 Female Male Non-Binary Did Not Disclose Gender Part I: Gender Identity Directors 1 6 Part II: Demographic Background African American or Black Alaskan Native or Native American Asian Hispanic or Latinx Native Hawaiian or Pacific Islander White 1 6 Two or More Races or Ethnicities LGBTQ+ Did Not Disclose Demographic Background Board Committees Our board has three committees, consisting of an audit committee, a compensation committee, and a nominating and corporate governance committee. Each of the audit committee, compensation committee, and nominating and corporate governance committee operates under a charter that satisfies the applicable standards of the",Director Diversity The following Board Diversity Matrix,"As of April 30, 2025",7,Female|Male|Non-Binary|Did Not Disclose Gender,African American or Black|Alaskan Native or Native American|Asian|Hispanic or Latinx|Hispanic or Latin|Native Hawaiian or Pacific Islander|White|Two or More Races or Ethnicities|LGBTQ+|Did Not Disclose Demographic Background,1,1,1,changed_extracted_shape,"title: Board Diversity Matrix -> Director Diversity The following Board Diversity Matrix; as-of date: As of April 21, 2023 -> As of April 30, 2025; gender columns: Female|Male -> Female|Male|Non-Binary|Did Not Disclose Gender; demographic rows: White -> African American or Black|Alaskan Native or Native American|Asian|Hispanic or Latinx|Hispanic or Latin|Native Hawaiian or Pacific Islander|White|Two or More Races or Ethnicities|LGBTQ+|Did Not Disclose Demographic Background",matrix,Published matrix date is after due+30 grace.,SEC DEF 14A checked directly and matrix text confirmed. Filing date is after due date plus 30-day grace.,found_current_sec_matrix,2025-05-13,https://www.sec.gov/Archives/edgar/data/1635077/000168316825003452/aclarion_def14a.htm,not_found,,,not_found,1,post_vacatur_matrix_format_changed,64a50418f8c1a557,7.0,1,,,,7,,,0.14285714285714285,,,,,,1.0,1,0,1,0,0,0,1,0,-205,Life sciences / medical,Other non-US,2023,proxy,1,0,1,1,1,0,0,1,0
1905511,JCSE,JE Cleantech Holdings Ltd,foreign_private_issuer,U0,3990,Miscellaneous Manufacturing Industries,2022-04-22,first_trading,2023-04-22,2023-05-22,no_release_found_after_checks,medium,not_located,,no_dated_release,,,,,,,,,,,,,,0,0,0,continued_other_narrative,2025-05-15,issuer SEC filing,https://www.sec.gov/Archives/edgar/data/1905511/000164117225010622/form20-f.htm,20-F,0001641172-25-010622,0.75,\bboard diversity\b,11,11,0,19f4933b0987292d,"es, including nominees recommended by stockholders; and ● reviewing the composition of the board of directors to ensure that it is composed of members containing the appropriate skills and expertise to advise us. While we do not have a formal policy regarding board diversity, our nomination committee and board of directors will consider a broad range of factors relating to the qualifications and background of nominees, which may include diversity (not limited to race, gender or national origin). Our nomination committee’s and board of directors’ priority in selecting board members is identification of persons who will further the interests of our shareholders through their established record of professional accomplishment, the ability to contribute positively to the collaborative culture among board members, knowledge of our business, understanding of the competitive landscape and professional and personal experience and expertise relevant to our growth strategy. 89 Foreign Private Issuer Status The Nasdaq listing rules include certain accommodations in the corporate governance requirements that allow foreig",,,,,,0,0,0,matrix_replaced_by_or_supplemented_with_narrative,"Post-vacatur evidence is board/diversity narrative, not an extracted matrix.",board_diversity_narrative,"No substantive primary matrix located after SEC, committed-check FTS/Wayback, website candidates, and manual/browser review where applicable.","Search and SEC submissions checked; JE Cleantech 2023 20-F did not contain Board Diversity Matrix text. Search hit mentioning JE Cleantech was another issuer filing, not JE Cleantech primary evidence.",not_found_in_current_sec_filings,,,not_found,,,not_found,1,no_release_found_after_checks,ef9035a1014555da,,,,,,,,,,,,,,,0.0,0,0,0,0,0,0,0,0,,Energy / industrials,Other non-US,2023,unknown,0,0,1,1,0,1,0,1,0
1560293,TNON,"Tenon Medical, Inc.",domestic,CA,3841,Surgical & Medical Instruments & Apparatus,2022-04-27,first_trading,2023-04-27,2023-05-27,released_after_required_window,high,published_late,2023-08-04,after_30_day_grace,issuer SEC filing,https://www.sec.gov/Archives/edgar/data/1560293/000121390023063655/def14a0823_tenonmed.htm,edgar_filing,DEF 14A,https://www.sec.gov/Archives/edgar/data/1560293/000121390023063655/def14a0823_tenonmed.htm,Board Diversity Matrix;Total Number of Directors;Gender Identity;Demographic Background,7699e4b9c1511d03,"Tenon Medical, Inc. Board Diversity Matrix (As of July 18, 2023). Total Number of Directors 7. Part I: Gender Identity: Directors Female 0, Male 7, Non-Binary 0, Did Not Disclose Gender 0. Part II: Demographic Background: African American or Black Male 1; White Male 6; all other listed categories 0.",Board Diversity Matrix,"As of July 18, 2023",7,Female|Male|Non-Binary|Did Not Disclose Gender,African American or Black|White,1,1,0,continued_other_narrative,2025-06-05,issuer SEC filing,https://www.sec.gov/Archives/edgar/data/1560293/000121390025051295/ea0244168-pre14a_tenon.htm,PRE 14A,0001213900-25-051295,0.75,"\bdiversity\b.{0,220}\b(?:director|directors|nominee|nominees|board)\b",5,5,0,27a8d3b8b4c38172,"s or other related industries and such other factors as the Nominating and Corporate Governance Committee determines are relevant in light of the needs of the Board. The Nominating and Corporate Governance Committee believes that its nominees should reflect a diversity of experience, gender, race, ethnicity and age. The Board does not have a specific policy regarding director diversity. The Nominating and Corporate Governance Committee also considers such other relevant factors as it deems appropriate, including the current composition of the Board, the balance of management and independent directors, and the evaluations of other prospective nominees, if any. In connection with this evaluation, it is expected that each member of the Nominating and Corporate Governance Committee will interview the prospective nominee before the prospective nominee is presented to the full Board for consideration. After completing this evaluation and interview process, the Nominating and Corporate Governance Committee will make a recommendation to the full Board as to the person(s) who should be nominated by the Board, and the Board determines the nominee(s) after considering the recommendation and report of the Nominating and",,,,,,0,0,0,matrix_replaced_by_or_supplemented_with_narrative,"Post-vacatur evidence is board/diversity narrative, not an extracted matrix.",board_diversity_narrative,Published matrix date is after due+30 grace.,SEC DEF 14A checked directly and matrix text confirmed. Filing date is after due date plus 30-day grace.,not_found_in_current_sec_filings,,,not_found,,,not_found,0,,13431d9ae57aa371,7.0,0,0,0,,,,,0.0,0.0,0.0,,,,2.0,1,0,0,0,0,0,0,0,-99,Life sciences / medical,Other non-US,2023,proxy,1,0,1,1,0,1,0,1,0
1803407,OST,"Ostin Technology Group Co., Ltd.",foreign_private_issuer,F4,3679,"Electronic Components, NEC",2022-04-27,first_trading,2023-04-27,2023-05-27,released_in_required_window,high,published_on_time,2023-02-16,on_or_before_due_date,issuer SEC filing,https://www.sec.gov/Archives/edgar/data/1803407/000121390023012263/f20f2022_ostintechnology.htm,edgar_filing,20-F,0001213900-23-012263,Board Diversity Matrix;Total Number of Directors;Did Not Disclose Gender;Did Not Disclose Demographic Background,f7cc4ef8ec05b687,"inancial management) from Jinan University in China. Mr. He is a CPA in China and the United States. Board Diversity The table below provides certain information regarding the diversity of our board of directors as of the date of this annual report. Board Diversity Matrix Country of Principal Executive Offices: China Foreign Private Issuer Yes Disclosure Prohibited under Home Country Law No Total Number of Directors 5 Female Male Non- Binary Did Not Disclose Gender Part I: Gender Identity Directors 0 5 0 0 Part II: Demographic Background Underrepresented Individual in Home Country Jurisdiction 0 LGBTQ+ 0 Did Not Disclose Demographic Background 0 77 Family Relationships There are no family relationships, or other arrangements or understandings between or among any of the directors, executive officers or other person pursuant to which such person was selected to serve as a director or offi",Board Diversity Matrix,,5,Female|Male|Did Not Disclose Gender,LGBTQ+|Did Not Disclose Demographic Background,0,1,1,not_continued_in_reviewed_filings,,,,,,0.7,,24,24,0,,,,,,,,0,0,0,no_post_vacatur_matrix_extracted,No post-vacatur matrix was extracted from reviewed filings.,no_signal_found,Published matrix date is on/before due+30 grace.,,,,,,,,,0,,a16e6585a8bb4a4a,5.0,0,,0,,,0,0,0.0,,0.0,,0.0,0.0,3.0,1,0,0,0,0,0,0,0,70,Manufacturing / industrials,Other non-US,2023,20-F,1,1,0,0,0,0,1,0,0
1888012,,"HilleVax, Inc.",domestic,MA,2836,"Biological Products, (No Diagnostic Substances)",2022-04-29,first_trading,2023-04-29,2023-05-29,released_in_required_window,high,published_on_time,2023-04-28,on_or_before_due_date,issuer SEC filing,https://www.sec.gov/Archives/edgar/data/1888012/000119312523127221/d499278ddef14a.htm,edgar_filing,DEF 14A,0001193125-23-127221,Board Diversity Matrix;Total Number of Directors,05dba7fb1a661160,"in our proxy statement for the 2024 annual meeting, the recommendation should be received by our corporate secretary at our principal executive offices in accordance with our procedures detailed in the section below entitled “Stockholder Proposals.” Board Diversity Matrix The following Board Diversity Matrix presents our board of directors diversity statistics in accordance with Nasdaq Rule 5606, as self-disclosed by our directors. Board Diversity Matrix (As of April 1, 2023) Total Number of Directors 9 Female Male Part I: Gender Identity Directors 4 5 Part II: Demographic Background Asian 1 1 Hispanic of Latinx 1 White 3 3 LGBTQ+ 1 0 Director Attendance at Annual Meetings Although we do not have a formal policy regarding attendance by members of our board of directors at our annual meeting, we encourage all of our directors to attend the meeting. Communications with our Board of Directo",Board Diversity Matrix The following Board Diversity Matrix,"As of April 1, 2023",9,Female|Male,Asian|White|LGBTQ+,0,0,0,not_continued_in_reviewed_filings,,,,,,0.7,,3,3,0,,,,,,,,0,0,0,no_post_vacatur_matrix_extracted,No post-vacatur matrix was extracted from reviewed filings.,no_signal_found,Published matrix date is on/before due+30 grace.,,,,,,,,,0,,d2ddcb4347b88124,9.0,4,,,2,6,1,,0.4444444444444444,,,0.2222222222222222,0.1111111111111111,,2.166666666666667,1,0,1,0,1,1,1,0,1,Life sciences / medical,Other non-US,2023,proxy,1,1,0,0,0,0,1,0,0
1889109,BLTE,"BELITE BIO, INC",foreign_private_issuer,CA,2834,Pharmaceutical Preparations,2022-04-29,first_trading,2023-04-29,2023-05-29,released_in_required_window,high,published_on_time,2023-03-31,on_or_before_due_date,issuer SEC filing,https://www.sec.gov/Archives/edgar/data/1889109/000110465923040145/blte-20221231x20f.htm,edgar_filing,20-F,0001104659-23-040145,Board Diversity Matrix;Total Number of Directors;Did Not Disclose Gender;Did Not Disclose Demographic Background,baeaffa4559ecce8,"e previously served as Remuneration Committee Chair of Chinachem Group. He also runs charity 10k races. Board Diversity The table below provides certain information regarding the diversity of our Board of Directors as of the Latest Practicable Date. Board Diversity Matrix Country of Principal Executive Offices: United States Foreign Private Issuer Yes Disclosure Prohibited under Home Country Law No Total Number of Directors 7 Female Male Non-Binary Did Not Disclose Gender Part I: Gender Identity Directors 2 5 0 0 Part II: Demographic Background Underrepresented Individual in Home Country Jurisdiction 0 LGBTQ+ 0 Did Not Disclose Demographic Background 0 ​ B. Compensation For the fiscal year ended December 31, 2022, we paid an aggregate of approximately US$1.3 million in cash to our executive officers and an aggregate of US$58,000 to our independent directors. We did not pay any cash compe",Board Diversity Matrix,,7,Female|Male|Non-Binary|Did Not Disclose Gender,LGBTQ+|Did Not Disclose Demographic Background,1,1,1,continued_same_matrix,2025-03-17,issuer SEC filing,https://www.sec.gov/Archives/edgar/data/1889109/000141057825000356/blte-20241231x20f.htm,20-F,0001410578-25-000356,0.95,Board Diversity Matrix;Total Number of Directors;Did Not Disclose Gender;Did Not Disclose Demographic Background,25,3,0,35d3ec14196772cd,"ved as Independent Non-Executive Director of listed and private companies for over 40 cumulative years. Board Diversity The table below provides certain information regarding the diversity of our Board of Directors as of the Latest Practicable Date. Board Diversity Matrix Country of Principal Executive Offices: United States Foreign Private Issuer Yes Disclosure Prohibited under Home Country Law No Total Number of Directors 7 Female Male Non-Binary Did Not Disclose Gender Part I: Gender Identity Directors 2 5 0 0 Part II: Demographic Background Underrepresented Individual in Home Country Jurisdiction 0 LGBTQ+ 0 Did Not Disclose Demographic Background 0 ​ B. Compensation For the fiscal year ended December 31, 2024, we paid an aggregate of approximately US$1.9 million in cash to our executive officers and an aggregate of US$87,000 to our independent directors. We did not pay any cash compensation to non-executive directors, and the compensation of our independent directors is comprised of cash payment and stock options. For the fiscal year ended December 31, 2024, we have not set aside or accrued any amount to provide pension, retirem",Board Diversity Matrix,,7,Female|Male|Non-Binary|Did Not Disclose Gender,LGBTQ+|Did Not Disclose Demographic Background,1,1,1,same_extracted_shape,No extracted format differences.,matrix,Published matrix date is on/before due+30 grace.,,,,,,,,,0,,10be705aa663230b,7.0,2,0,0,,,0,35,0.2857142857142857,0.0,0.0,,0.0,1.0,4.0,1,0,1,0,0,0,1,1,29,Life sciences / medical,Other non-US,2023,20-F,1,1,0,1,1,0,0,0,1
1809750,EDBL,Edible Garden AG Inc,domestic,NJ,0100,Agricultural Production-Crops,2022-05-05,first_trading,2023-05-05,2023-06-04,released_in_required_window,high,published_on_time,2023-04-26,on_or_before_due_date,issuer SEC filing,https://www.sec.gov/Archives/edgar/data/1809750/000147793223002884/edbl_def14a.htm,edgar_filing,DEF 14A,0001477932-23-002884,Board Diversity Matrix;Total Number of Directors,a461d64d9353819d,"of regularly conducting executive sessions of independent directors at scheduled meetings led by the lead independent director and at such other times requested by other independent directors. Executive sessions do not include Messrs. Kras or James. Board Diversity Matrix The table below provides certain highlights of the composition of our Board as of April 12, 2023. Each of the categories listed in the table below has the meaning as it is used in Nasdaq Rule 5605(f). Board Diversity Matrix As of April 12, 2023 Total Number of Directors 5 Female Male Part I: Gender Identity Directors 1 4 Part II: Demographic Background White 1 4 Information Regarding Meetings of the Board and Committees During 2022, our Board held seven meetings. All of our directors attended at least 75% of the aggregate of all meetings of the Board and the committees on which they served during 2022. We do not have a",Board Diversity Matrix,"as of April 12, 2023",5,Female|Male,White,0,0,0,not_continued_in_reviewed_filings,,,,,,0.7,,8,8,0,,,,,,,,0,0,0,no_post_vacatur_matrix_extracted,No post-vacatur matrix was extracted from reviewed filings.,no_signal_found,Published matrix date is on/before due+30 grace.,,,,,,,,,0,,8f0e7f2f317e0bce,5.0,1,,,,5,,,0.2,,,,,,1.0,1,0,1,0,0,0,1,0,9,Other / mixed,Other non-US,2023,proxy,1,1,0,0,0,0,1,0,0
1835597,PEPG,PepGen Inc.,domestic,MA,2834,Pharmaceutical Preparations,2022-05-06,first_trading,2023-05-06,2023-06-05,released_in_required_window,high,published_on_time,2023-04-28,on_or_before_due_date,issuer SEC filing,https://www.sec.gov/Archives/edgar/data/1835597/000095017023015751/pepg-def14a-2023.htm,edgar_filing,DEF 14A,0000950170-23-015751,Board Diversity Matrix;Did Not Disclose Gender;Did Not Disclose Demographic Background,4f86e580f32d85c4,"embers and nominees based on their voluntary 8 self-identified demographic characteristics. The categories “Female,” “LGBTQ+,” and “Two or More Races or Ethnicities” as used in the below table have the definitions as provided in Nasdaq Rule 5605(f). Board Diversity Matrix (As of April 15, 2023) Board Size: 6 Directors Part I: Gender Identity Male Female Non-Binary Did Not Disclose Gender Number of directors based on gender identity 4 2 — — Part II: Demographic Background: African American or Black — — — — Alaskan Native or American Indian — — — — Asian — — — — Hispanic or Latinx — — — — Native Hawaiian or Pacific Islander — — — — White 6 — — — Two or More Races or Ethnicities — — — — LGBTQ+ — — — — Did Not Disclose Demographic Background — — — — Nominees for Election as Class I Directors The following table and narrative information identifies our nominees for Class I directors, and sets",Board Diversity Matrix,"As of April 15, 2023",,Female|Male|Non-Binary|Did Not Disclose Gender,African American or Black|Asian|Hispanic or Latinx|Hispanic or Latin|Native Hawaiian or Pacific Islander|White|Two or More Races or Ethnicities|LGBTQ+|Did Not Disclose Demographic Background,1,1,1,continued_same_matrix,2025-04-25,issuer SEC filing,https://www.sec.gov/Archives/edgar/data/1835597/000095017025058337/pepg-20250424.htm,DEF 14A,0000950170-25-058337,0.95,Board Diversity Matrix;Did Not Disclose Gender;Did Not Disclose Demographic Background,6,2,0,d81117563f072f8e,"ding of our business and industry, conflicts of interest, and other commitments. 8 The table below provides certain highlights of the composition of our board members and nominees based on their voluntary self-identified demographic characteristics. Board Diversity Matrix (As of April 25, 2025) Board Size: 8 Directors Part I: Gender Identity Male Female Non-Binary Did Not Disclose Gender Number of directors based on gender identity 5 3 — — Part II: Demographic Background: African American or Black — — — — Alaskan Native or American Indian — — — — Asian — — — — Hispanic or Latinx — — — — Native Hawaiian or Pacific Islander — — — — White 5 3 — — Two or More Races or Ethnicities — — — — LGBTQ+ — — — — Did Not Disclose Demographic Background — — — — Nominees for Election as Class III Directors The following table and narrative information identify our nominees for Class III directors and set forth their principal occupation and business experience during the last five years and their ages as of March 31, 2025. Name Positions and Offices Held with PepGen Director Since Age Mitchell H. Finer, Ph.D. Director 2025 66 Heidi Henson Director 2",Board Diversity Matrix,"As of April 25, 2025",,Female|Male|Non-Binary|Did Not Disclose Gender,African American or Black|Asian|Hispanic or Latinx|Hispanic or Latin|Native Hawaiian or Pacific Islander|White|Two or More Races or Ethnicities|LGBTQ+|Did Not Disclose Demographic Background,1,1,1,changed_extracted_shape,"as-of date: As of April 15, 2023 -> As of April 25, 2025",matrix,Published matrix date is on/before due+30 grace.,,,,,,,,,1,post_vacatur_matrix_format_changed,d39400541f11c898,,,,,0,6,,0,,,,,,,4.666666666666666,0,1,0,0,0,0,0,0,8,Life sciences / medical,Other non-US,2023,proxy,1,1,0,1,1,0,0,1,0
1828588,HNVR,"Hanover Bancorp, Inc. /MD",domestic,NY,6022,State Commercial Banks,2022-05-11,first_trading,2023-05-11,2023-06-10,released_in_required_window,high,published_on_time,2023-01-27,on_or_before_due_date,issuer SEC filing,https://www.sec.gov/Archives/edgar/data/1828588/000110465923007553/tm234384d1_def14a.htm,edgar_filing,DEF 14A,0001104659-23-007553,Total Number of Directors;Did Not Disclose Gender;Did Not Disclose Demographic Background,ec627720a46180d5,"tion, experience and leadership qualities. [Remainder of Page Intentionally Blank] 8 As part of these efforts to promote corporate social responsibility, the following graphics summarize certain demographic characteristics of the Board of Directors: Total Number of Directors: Nine (9) PART 1 – Gender Identity Female Male Non-Binary Did Not Disclose Gender Number of Directors 1 8 PART II: Demographic Background African American or Black Alaskan Native or Native American Asian South Asian 1 Hispanic or Latino 1 Native Hawaiian or Pacific Islander Caucasian / White 6 Two or more Races or Ethnicities LGBTQ+ Did Not Disclose Demographic Background 1 9 Security Ownership of Management Security Ownership of Management The following table sets forth information as of January 19, 2023, regarding the number of common shares beneficially owned by all directors, executive officers and by all directo",,"as of January 19, 2023",,Female|Male|Non-Binary|Did Not Disclose Gender,African American or Black|Alaskan Native or Native American|Asian|Hispanic or Latin|Native Hawaiian or Pacific Islander|White|Two or More Races or Ethnicities|LGBTQ+|Did Not Disclose Demographic Background,1,1,1,continued_same_matrix,2025-03-26,issuer SEC filing,https://www.sec.gov/Archives/edgar/data/1828588/000110465925028261/tm252546-2_def14a.htm,DEF 14A,0001104659-25-028261,0.85,Total Number of Directors;Did Not Disclose Gender;Did Not Disclose Demographic Background,5,3,0,7d3b866374b521a7,"which includes gender, ethnicity, education, experience and leadership qualities. 8 As part of these efforts to promote corporate social responsibility, the following graphics summarize certain demographic characteristics of the Board of Directors: Total Number of Directors: Ten (10) PART 1 – Gender Identity Female Male Non-Binary Did Not Disclose Gender Number of Directors 1 8 1 PART II: Demographic Background African American or Black Alaskan Native or Native American Asian South Asian 1 Hispanic or Latino 1 Native Hawaiian or Pacific Islander Caucasian / White 6 Two or more Races or Ethnicities 1 LGBTQ+ Did Not Disclose Demographic Background 1 [Remainder of Page Intentionally Blank] 9 Security Ownership of Management The following table sets forth information as of March 11, 2025 regarding the number of common shares beneficially owned by all directors, executive officers described and by all directors and executive officers as a group. Beneficial ownership includes shares, if any, held in the name of the spouse, minor children or other relatives of the nominee living in such person’s home, as well as shares, if any, held in th",,"as of March 11, 2025",,Female|Male|Non-Binary|Did Not Disclose Gender,African American or Black|Alaskan Native or Native American|Asian|Hispanic or Latin|Native Hawaiian or Pacific Islander|White|Two or More Races or Ethnicities|LGBTQ+|Did Not Disclose Demographic Background,1,1,1,changed_extracted_shape,"as-of date: as of January 19, 2023 -> as of March 11, 2025",matrix,Published matrix date is on/before due+30 grace.,,,,,,,,,1,post_vacatur_matrix_format_changed,02030bcf708da736,,,,,,,,1,,,,,,,3.0,0,0,0,0,0,0,0,1,104,Finance / real estate,Other non-US,2023,proxy,1,1,0,1,1,0,0,1,0
1141284,ASNS,ACTELIS NETWORKS INC,domestic,CA,3669,"Communications Equipment, NEC",2022-05-13,first_trading,2023-05-13,2023-06-12,released_in_required_window,high,published_on_time,2023-05-13,on_or_before_due_date,issuer website archived by Internet Archive,https://ir.actelis.com/corporate-governance/board-diversity-matrix,website_archive,,https://ir.actelis.com/corporate-governance/board-diversity-matrix,Board Diversity Matrix;Total Number of Directors;Gender Identity;Demographic Background,fb72265ee16cba6f,"Board Diversity Matrix for Actelis Networks, Inc. As of May 13, 2023. Total Number of Directors 5. Part I: Gender Identity: Directors Female 2, Male 3, Non-Binary 0, Did Not Disclose Gender 0. Part II: Demographic Background: White Female 2, Male 3; all other listed categories 0.",Board Diversity Matrix,"As of May 13, 2023",5,Female|Male|Non-Binary|Did Not Disclose Gender,White,1,1,0,not_continued_in_reviewed_filings,,,,,,0.7,,12,12,0,,,,,,,,0,0,0,no_post_vacatur_matrix_extracted,No post-vacatur matrix was extracted from reviewed filings.,no_signal_found,Published matrix date is on/before due+30 grace.,Issuer IR Board Diversity Matrix page checked directly and substantive matrix text confirmed. Matrix date is within due date plus 30-day grace.,not_found_in_current_sec_filings,,,not_found,,,not_found,0,,aa788063da6e2231,5.0,2,0,0,,,,,0.4,0.0,0.0,,,,2.0,1,0,1,0,0,0,1,0,0,Manufacturing / industrials,Other non-US,2023,unknown,1,1,0,0,0,0,1,0,0
1881487,ACDC,ProFrac Holding Corp.,domestic,TX,1389,"Oil & Gas Field Services, NEC",2022-05-13,first_trading,2023-05-13,2023-06-12,released_in_required_window,high,published_on_time,2023-05-01,on_or_before_due_date,issuer SEC filing,https://www.sec.gov/Archives/edgar/data/1881487/000119312523130426/d450096ddef14a.htm,edgar_filing,DEF 14A,0001193125-23-130426,Board Diversity Matrix;Total Number of Directors;Did Not Disclose Gender;Did Not Disclose Demographic Background,56040aeffec99574,"ndustry acumen to the Board and make him qualified to serve as a director. Family Relationships Johnathan L. Wilks and Matthew D. Wilks are first cousins and the sons of our founders and principal stockholders, Farris and Dan Wilks, respectively. 13 Board Diversity Matrix as of May 1, 2023 Total Number of Directors 6 Female Male Non-Binary Did Not Disclose Gender Part I: Gender Identity Directors 2 2 - 2 Part II: Demographic Background - - - - African American or Black - - - - Alaskan Native or Native American - 1 - - Asian - - - - Hispanic or Latinx - 1 - - Native Hawaiian or Pacific Islander - - - - White 2 2 - - Two or More Races or Ethnicities - 2 - - LGBTQ+ - Did Not Disclose Demographic Background 2 Director Compensation We have adopted a comprehensive director compensation program in order to attract and retain qualified non-employee directors who are essential to our future succe",Board Diversity Matrix,"as of May 1, 2023",6,Female|Male|Non-Binary|Did Not Disclose Gender,African American or Black|Alaskan Native or Native American|Asian|Hispanic or Latinx|Hispanic or Latin|Native Hawaiian or Pacific Islander|White|Two or More Races or Ethnicities|LGBTQ+|Did Not Disclose Demographic Background,1,1,1,continued_other_narrative,2025-04-29,issuer SEC filing,https://www.sec.gov/Archives/edgar/data/1881487/000155837025005849/acdc-20250528xdef14a.htm,DEF 14A,0001558370-25-005849,0.75,"\bdiversity\b.{0,220}\b(?:director|directors|nominee|nominees|board)\b",4,4,0,d0cdb2c8ba63dc68,"r Board. When considering nominees, our Board may take into consideration many factors including, among other things, a candidate’s experience in corporate management, professional and academic experience relevant to the Company’s industry and strategic plan, diversity, skills, financial and other expertise, breadth of experience, knowledge about our business or industry and ability to devote adequate time and effort to responsibilities of our Board in the context of its existing composition. The brief biographical description of each director set forth in “ Proposal No. 1: Election of Directors ” below includes the primary individual experience, qualifications, attributes and skills of each of our directors that led to the conclusion that each director should serve as a member of our Board at this time. ​ 12 Table of Contents PROPOSAL NO. 1: ELECTION OF DIRECTORS Our Board currently consists of six (6) directors. All of our current directors will stand for re-election at the Annual Meeting. Our Board proposes that each of the nominees named below be elected as a director for a one-year term expiring at our 2026 Annual Meeting of Stockholders, or until such director’s successor is duly elected and qualified or until such director’s earlier death, resignation, disqualification or rem",,,,,,0,0,0,matrix_replaced_by_or_supplemented_with_narrative,"Post-vacatur evidence is board/diversity narrative, not an extracted matrix.",board_diversity_narrative,Published matrix date is on/before due+30 grace.,,,,,,,,,0,,cfdd740b84bb68bc,6.0,2,0,2,4,4,0,2,0.3333333333333333,0.0,0.3333333333333333,0.6666666666666666,0.0,0.3333333333333333,6.0,1,1,1,0,1,0,1,1,12,Energy / industrials,Other non-US,2023,proxy,1,1,0,1,0,1,0,1,0
1425627,SOBR,"SOBR Safe, Inc.",domestic,CO,2721,Periodicals: Publishing or  Publishing & Printing,2022-05-17,pricing_proxy,2023-05-17,2023-06-16,released_in_required_window,high,published_on_time,2023-04-28,on_or_before_due_date,issuer SEC filing,https://www.sec.gov/Archives/edgar/data/1425627/000147793223002946/sobr_def14a.htm,edgar_filing,DEF 14A,0001477932-23-002946,Board Diversity Matrix;Total Number of Directors;Did Not Disclose Gender;Did Not Disclose Demographic Background,170f5119aa0d2d46,"diverse directors. The table below provides certain highlights of the composition of our Board members and nominees as of March 14, 2023. Each of the categories listed in the table below has the meaning as it is used in Nasdaq Listing Rule 5605(f). Board Diversity Matrix (As of March 14, 2023) Total Number of Directors 5 Female Male Non-Binary Did Not Disclose Gender Gender Identity Directors 2 3 — — Demographic Background African American or Black — — — — Alaskan Native or Native American — — — — Asian — — — — Hispanic or Latinx — — — — Native Hawaiian or Pacific Islander — — — — White 2 3 — — Two or More Races or Ethnicities — — — — LGBTQ+ — Did Not Disclose Demographic Background 5* * Did not disclose with respect to LGBTQ+ background. 10 DIRECTOR NOMINATIONS The Board nominates directors for election at each annual meeting of stockholders, appoints new directors to fill vacancies whe",Board Diversity Matrix,"As of March 14, 2023",5,Female|Male|Non-Binary|Did Not Disclose Gender,African American or Black|Alaskan Native or Native American|Asian|Hispanic or Latinx|Hispanic or Latin|Native Hawaiian or Pacific Islander|White|Two or More Races or Ethnicities|LGBTQ+|Did Not Disclose Demographic Background,1,1,1,continued_other_narrative,2025-04-15,issuer SEC filing,https://www.sec.gov/Archives/edgar/data/1425627/000147793225002746/sobr_10k.htm,10-K,0001477932-25-002746,0.75,"\b(?:director|directors|nominee|nominees|board)\b.{0,220}\bdiversity\b",6,6,0,bfea4097380a3489,"diversity efforts, business ethics and compliance training, team member benefit programs and initiatives, including healthcare and other benefits, as well as our management development and succession planning practices. Management periodically reports to the Board and the Compensation Committee regarding our human capital measures and results that guide how we attract, compensate, retain and develop a workforce to enable our business strategies. Diversity, Equity and Inclusion We believe that a diverse workforce is critical to our success, and we continue to monitor and improve the application of our recruiting and hiring, retention, compensation and advancement processes for women and underrepresented populations across our workforce to enhance our inclusive and diverse culture. 8 Table of Contents Workplace Safety and Health A vital part of our business is providing our workforce with a safe, healthy and sustainable working environment. We focus on implementing changes through workforce observation and feedback channels to recognize risk and continuously improve our processes. Available Information As a public company, we are required to file our annual reports on Form 10-K, quarterly reports on Form 10-Q, current reports on Form 8-K, proxy statements on Schedule 14A and other informati",,,,,,0,0,0,matrix_replaced_by_or_supplemented_with_narrative,"Post-vacatur evidence is board/diversity narrative, not an extracted matrix.",board_diversity_narrative,Published matrix date is on/before due+30 grace.,,,,,,,,,0,,304cdb763691d892,5.0,2,0,0,0,5,0,5,0.4,0.0,0.0,0.0,0.0,1.0,6.0,1,1,1,0,0,0,1,1,19,Manufacturing / industrials,Other non-US,2023,proxy,1,1,0,1,0,1,0,1,0
1849296,OKYO,OKYO Pharma Ltd,foreign_private_issuer,X0,2836,"Biological Products, (No Diagnostic Substances)",2022-05-17,first_trading,2023-05-17,2023-06-16,no_release_found_after_checks,medium,not_located,,no_dated_release,,,,,,,,,,,,,,0,0,0,not_continued_in_reviewed_filings,,,,,,0.7,,43,40,0,,,,,,,,0,0,0,no_post_vacatur_matrix_extracted,No post-vacatur matrix was extracted from reviewed filings.,no_signal_found,"No substantive primary matrix located after SEC, committed-check FTS/Wayback, website candidates, and manual/browser review where applicable.",Search and SEC submissions checked; OKYO Pharma 2023 and 2024 20-F filings did not contain Board Diversity Matrix text. Other hits were about related-party holdings or other issuer matrices.,not_found_in_current_sec_filings,,,not_found,,,not_found,1,no_release_found_after_checks,89889eccb065dbe2,,,,,,,,,,,,,,,0.0,0,0,0,0,0,0,0,0,,Life sciences / medical,Other non-US,2023,unknown,0,0,1,0,0,0,1,0,0
1886799,,Bright Green Corp,domestic,FL,2833,Medicinal Chemicals & Botanical Products,2022-05-17,first_trading,2023-05-17,2023-06-16,released_after_required_window,high,published_late,2023-11-07,after_30_day_grace,issuer SEC filing,https://www.sec.gov/Archives/edgar/data/1886799/000149315223039740/formdef14a.htm,edgar_filing,DEF 14A,https://www.sec.gov/Archives/edgar/data/1886799/000149315223039740/formdef14a.htm,Board Diversity Matrix;Total Number of Directors;Gender Identity;Demographic Background,a65a28ab90b5e132,"Bright Green Corp. Board Diversity Matrix (As of June 30, 2023). Total Number of Directors: five. Part I: Gender Identity: Directors Female 1, Male 4, Non-Binary 0, Did Not Disclose Gender 0. Part II: Demographic Background: White Female 1, Male 4; all other listed categories blank or 0.",Board Diversity Matrix,"As of June 30, 2023",,Female|Male|Non-Binary|Did Not Disclose Gender,White,1,1,0,no_post_vacatur_relevant_filing,,,,,,0.65,,0,0,0,,,,,,,,0,0,0,no_post_vacatur_matrix_extracted,No post-vacatur matrix was extracted from reviewed filings.,no_signal_found,Published matrix date is after due+30 grace.,SEC DEF 14A checked directly and matrix text confirmed. Filing date is after due date plus 30-day grace.,not_found_in_current_sec_filings,,,not_found,,,not_found,0,,990b3caf7ad524f1,,1,0,0,,,,,,,,,,,2.0,1,0,1,0,0,0,1,0,-174,Energy / industrials,Other non-US,2023,proxy,1,0,1,0,0,0,1,0,0
1892274,GV,Visionary Holdings Inc.,foreign_private_issuer,A6,8200,Services-Educational Services,2022-05-17,first_trading,2023-05-17,2023-06-16,released_after_required_window,high,published_late,2023-08-15,after_30_day_grace,issuer SEC filing,https://www.sec.gov/Archives/edgar/data/1892274/000168316823005816/vedu_i20f-033123.htm,edgar_filing,20-F,https://www.sec.gov/Archives/edgar/data/1892274/000168316823005816/vedu_i20f-033123.htm,Board Diversity Matrix;Total Number of Directors;Gender Identity;Demographic Background,19088ff87af43dee,"Visionary Holdings Inc. Board Diversity Matrix. Country of Principal Executive Offices: Canada. Foreign Private Issuer Yes. Disclosure Prohibited under Home Country Law No. Total Number of Directors 5. Part I: Gender Identity: Directors Female 1, Male 4, Non-Binary 0, Did Not Disclose Gender 0. Part II: Demographic Background: Underrepresented Individual in Home Country Jurisdiction 3; LGBTQ+ 0; Did Not Disclose Demographic Background 0.",Board Diversity Matrix,,5,Female|Male|Non-Binary|Did Not Disclose Gender,LGBTQ+|Did Not Disclose Demographic Background,1,1,1,continued_same_matrix,2026-01-28,issuer SEC filing,https://www.sec.gov/Archives/edgar/data/1892274/000157587226000048/vedu-20250331.htm,20-F,0001575872-26-000048,0.85,Board Diversity Matrix;Board Diversity (as of;Total Number of Directors,15,14,0,7349988c5e31c186,"ramic Museum for 17 years. Recipient of the Queen’s Diamond Jubilee Medal in 2012 and the prestigious Platinum Jubilee of Elizabeth II in 2022. (II) Board Diversity As of the date of this annual report, the board diversity information is as follows: Board Diversity Matrix Details Country of Principal Executive Office Canada Foreign Private Issuer Yes Disclosure Prohibited by National Law No Total Number of Directors 9 Gender Identity - Female 1 Gender Identity - Male 8 Gender Identity - Non-Binary 0 Gender Identity - Not Disclosed 0 Ethnic Background - Individuals Underrepresented in the National Jurisdiction 4 Ethnic Background - LGBTQ+ 0 Ethnic Background - Not Disclosed 0 (III) Family Relationships There are no family relationships between directors and senior management. (IV) Arrangements The company is not aware of any arrangements between shareholders regarding the nomination or approval of directors or senior management. (V) Term of Office Each director serves until their successor is elected and qualifies, or until their death, resignation, or removal. The board of directors appoints the company's senior management, and each",Board Diversity Matrix,,9,Female|Male|Non-Binary,LGBTQ+,1,0,0,changed_extracted_shape,total directors: 5 -> 9; gender columns: Female|Male|Non-Binary|Did Not Disclose Gender -> Female|Male|Non-Binary; demographic rows: LGBTQ+|Did Not Disclose Demographic Background -> LGBTQ+,matrix,Published matrix date is after due+30 grace.,SEC 20-F checked directly and matrix text confirmed. Filing date is after due date plus 30-day grace.,found_current_sec_matrix,2026-01-28,https://www.sec.gov/Archives/edgar/data/1892274/000157587226000048/vedu-20250331.htm,not_found,,,not_found,1,post_vacatur_matrix_format_changed,60183e1a6cf74307,5.0,1,0,0,,,0,0,0.2,0.0,0.0,,0.0,0.0,4.0,1,0,1,0,0,0,1,0,-90,Services,Other non-US,2023,20-F,1,0,1,1,1,0,0,1,0
923601,RIME,"Algorhythm Holdings, Inc.",domestic,FL,7373,Services-Computer Integrated Systems Design,2022-05-25,pricing_proxy,2023-05-25,2023-06-24,released_after_required_window,high,published_late,2023-11-24,after_30_day_grace,issuer SEC filing,https://www.sec.gov/Archives/edgar/data/923601/000149315223042672/formdef14a.htm,edgar_filing,DEF 14A,https://www.sec.gov/Archives/edgar/data/923601/000149315223042672/formdef14a.htm,Board Diversity Matrix;Total Number of Directors;Gender Identity;Demographic Background,ebf3e43d0ef6f11b,"Algorhythm Holdings, Inc. Board Diversity Matrix (as of November 22, 2023). Total Number of Directors 10. Part I: Gender Identity: Directors Female 0, Male 10, Non-Binary 0, Did Not Disclose Gender 0. Part II: Demographic Background: all directors male; subsequent rows include no disclosed female directors.",Board Diversity Matrix,"as of November 22, 2023",10,Female|Male|Non-Binary|Did Not Disclose Gender,,1,1,0,continued_same_matrix,2024-12-19,issuer SEC filing,https://www.sec.gov/Archives/edgar/data/923601/000149315224050745/formdef14a.htm,DEF 14A,0001493152-24-050745,0.95,Board Diversity Matrix;Total Number of Directors;Did Not Disclose Gender;Did Not Disclose Demographic Background,5,1,0,79fe896a37ea9e0c,"ur directors about their gender and demographic self-identification. Directors who did not answer or indicated that they preferred not to answer a question are shown under “did not disclose demographic background” or “did not disclose gender” below. Board Diversity Matrix (as of December 19, 2024) 15 Total Number of Directors 6 Female Male Non-Binary Did Not Disclose Gender Part I: Gender Identity Directors - 6 - - Part II: Demographic Background African American or Black - - - - Alaskan Native or Native American - - - - Asian - - - - Hispanic or Latinx - 1 - - Native Hawaiian or Pacific Islander - - - - White - 5 - - Two or More Races or Ethnicities - - - LGBTQ+ - - - - Did Not Disclose Demographic Background - - - - Stockholder Communications with our Board Stockholders and other parties interested in communicating directly with our Board, a committee thereof, or any individual director, may do so by sending a written communication to the attention of the intended recipient(s) to: Algorhythm Holdings, Inc., 6301 NW 5 th Way, Suite 2900, Fort Lauderdale, FL 33309, Attention: Corporate Secretary. The Corporate Secretary will forward",Board Diversity Matrix,"as of December 19, 2024",6,Female|Male|Non-Binary|Did Not Disclose Gender,African American or Black|Alaskan Native or Native American|Asian|Hispanic or Latinx|Hispanic or Latin|Native Hawaiian or Pacific Islander|White|Two or More Races or Ethnicities|LGBTQ+|Did Not Disclose Demographic Background,1,1,1,changed_extracted_shape,"as-of date: as of November 22, 2023 -> as of December 19, 2024; total directors: 10 -> 6; demographic rows: post-vacatur extracted, initial not extracted",matrix,Published matrix date is after due+30 grace.,SEC DEF 14A checked directly and matrix text confirmed. Filing date is after due date plus 30-day grace.,found_current_sec_matrix,2024-12-19,https://www.sec.gov/Archives/edgar/data/923601/000149315224050745/formdef14a.htm,not_found,,,not_found,1,post_vacatur_matrix_format_changed,04f163c6c01df2ba,10.0,0,0,0,,,,,0.0,0.0,0.0,,,,2.0,1,0,0,0,0,0,0,0,-183,Technology,Other non-US,2023,proxy,1,0,1,1,1,0,0,1,0
1848275,TOP,TOP Financial Group Ltd,foreign_private_issuer,Singapore,6200,"Security & Commodity Brokers, Dealers, Exchanges & Services",2022-06-01,first_trading,2023-06-01,2023-07-01,released_in_required_window,high,published_on_time,2022-08-16,on_or_before_due_date,issuer SEC filing,https://www.sec.gov/Archives/edgar/data/1848275/000121390022048570/f20f2022_topfinancial.htm,edgar_filing,20-F,0001213900-22-048570,Board Diversity Matrix;Total Number of Directors;Did Not Disclose Gender,5c78f1991c17215a,"ime as his successor takes office or until the earlier of his death, resignation or removal from office by ordinary resolution or the affirmative vote of a simple majority of the other directors present and voting at a board meeting. Board Diversity Board Diversity Matrix (As of the date of this annual report) Country of Principal Executive Offices: Hong Kong Foreign Private Issuer Yes Disclosure Prohibited Under Home Country Law No Total Number of Directors 5 Female Male Non-Binary Did Not Disclose Gender Part I: Gender Identity Directors 2 3 0 0 Part II: Demographic Background Underrepresented Individual in Home Country Jurisdiction — LGBTQ+ — 6.D. Employees We had 11 employees as of March 31, 2022. We enter into individual employment contracts with selected employees to cover matters including non-competition and confidentiality arrangements. We generally formulate our employees’ remu",Board Diversity Board Diversity Matrix,"as of March 31, 2022",5,Female|Male|Non-Binary|Did Not Disclose Gender,LGBTQ+,1,1,0,not_continued_in_reviewed_filings,,,,,,0.7,,12,12,0,,,,,,,,0,0,0,no_post_vacatur_matrix_extracted,No post-vacatur matrix was extracted from reviewed filings.,no_signal_found,Published matrix date is on/before due+30 grace.,,,,,,,,,0,,6266c86a532c861c,5.0,2,0,0,,,48,,0.4,0.0,0.0,,1.0,,3.0,1,0,1,0,0,1,1,0,289,Finance / real estate,Other non-US,2023,20-F,1,1,0,0,0,0,1,0,0
1894693,SVRE,SaverOne 2014 Ltd.,foreign_private_issuer,L3,7371,Services-Computer Programming Services,2022-06-03,first_trading,2023-06-03,2023-07-03,released_in_required_window,high,published_on_time,2023-04-27,on_or_before_due_date,issuer SEC filing,https://www.sec.gov/Archives/edgar/data/1894693/000121390023033272/f20f2022_saverone2014.htm,edgar_filing,20-F,0001213900-23-033272,Board Diversity Matrix;Total Number of Directors;Did Not Disclose Gender;Did Not Disclose Demographic Background,7f364c66160d9e9e,"s. Our board of directors has determined that we require at least one director with the requisite financial and accounting expertise and Sharon Schreiber, Shlomo Shalev and Yehoshua Abramovich have such expertise. DIVERSITY OF THE BOARD OF DIRECTORS Board Diversity Matrix (As of April 23, 2023) Country of Principal Executive Offices Israel Foreign Private Issuer Yes Disclosure Prohibited under Home Country Law No Total Number of Directors 5 Part I: Gender Identity Female Male Non- Binary Did Not Disclose Gender Directors 1 4 0 0 Part II: Demographic Background Underrepresented Individual in Home Country Jurisdiction 0 LGBTQ+ 0 Did Not Disclose Demographic Background 0 Alternate Directors Our articles of association provide, as allowed by the Companies Law, that any director may, by written notice to us, appoint another person who is qualified to serve as a director to serve as an alterna",BOARD OF DIRECTORS Board Diversity Matrix,"As of April 23, 2023",5,Female|Male|Did Not Disclose Gender,LGBTQ+|Did Not Disclose Demographic Background,0,1,1,not_continued_in_reviewed_filings,,,,,,0.7,,50,40,0,,,,,,,,0,0,0,no_post_vacatur_matrix_extracted,No post-vacatur matrix was extracted from reviewed filings.,no_signal_found,Published matrix date is on/before due+30 grace.,,,,,,,,,0,,cd5850d342dcb665,5.0,1,,0,,,0,0,0.2,,0.0,,0.0,0.0,3.0,1,0,1,0,0,0,1,0,37,Technology,Other non-US,2023,20-F,1,1,0,0,0,0,1,0,0
1879848,PEVM,PHOENIX MOTOR INC.,domestic,CA,3713,Truck & Bus Bodies,2022-06-08,first_trading,2023-06-08,2023-07-08,released_after_required_window,high,published_late,2023-11-17,after_30_day_grace,issuer SEC filing,https://www.sec.gov/Archives/edgar/data/1879848/000110465923119221/tm2329940-2_def14a.htm,edgar_filing,DEF 14A,https://www.sec.gov/Archives/edgar/data/1879848/000110465923119221/tm2329940-2_def14a.htm,Board Diversity Matrix;Total Number of Directors;Gender Identity;Demographic Background,0912fef3f11fc13f,"Phoenix Motor Inc. Board Diversity Matrix as of November 8, 2023. Total Number of Directors 6. The proxy includes Gender Identity columns Female, Male, Non-Binary, and Did Not Disclose Gender, and Demographic Background categories including African American or Black, Asian, White, Two or More Races or Ethnicities, LGBTQ+, and Did Not Disclose Demographic Background.",Board Diversity Matrix,"as of November 8, 2023",6,Female|Male|Non-Binary|Did Not Disclose Gender,African American or Black|Asian|White|Two or More Races or Ethnicities|LGBTQ+|Did Not Disclose Demographic Background,1,1,1,continued_same_matrix,2025-02-28,issuer SEC filing,https://www.sec.gov/Archives/edgar/data/1879848/000149315225008761/formpre14a.htm,PRE 14A,0001493152-25-008761,0.95,Board Diversity Matrix;Total Number of Directors;Did Not Disclose Gender,6,1,0,8b55fb3f5824c9c1,"ijing. Mr. Young is qualified to serve as a director due to his entrepreneur experience. Family Relationships There are no family relationships among our executive officers, directors and significant employees. 7 CORPORATE GOVERNANCE Board Diversity Board Diversity Matrix as of the Record Date Total Number of Directors 5 Female Male Non- Binary Did not Disclose Gender Directors 2 3 - - Demographic Information: - - - - African American or Black - - - - Alaskan or Native American - - - - Asian 2 3 - - Hispanic or Latinx - - - - Native Hawaiian or Pacific Islander - - - - White - - - - Two or More Races or Ethnicities - - - - LGBTQ+ - Persons with Disabilities - - - - We recognize the value of diversity at the Board level and believe that our Board currently comprises an appropriate mix of background, diversity and expertise. In particular, our directors, overall, have significant experience in a variety of industries and sectors, including, among others, the automotive industry and the financial industry. Although we have no formal separate written policy, our Nominating and Corporate Governance Committee is required under its charter",Board Diversity Board Diversity Matrix,,5,Female|Male|Did Not Disclose Gender,African American or Black|Asian|Hispanic or Latinx|Hispanic or Latin|Native Hawaiian or Pacific Islander|White|Two or More Races or Ethnicities|LGBTQ+,0,1,0,changed_extracted_shape,"title: Board Diversity Matrix -> Board Diversity Board Diversity Matrix; as-of date: initial extracted, post-vacatur not extracted; total directors: 6 -> 5; gender columns: Female|Male|Non-Binary|Did Not Disclose Gender -> Female|Male|Did Not Disclose Gender; demographic rows: African American or Black|Asian|White|Two or More Races or Ethnicities|LGBTQ+|Did Not Disclose Demographic Background -> African American or Black|Asian|Hispanic or Latinx|Hispanic or Latin|Native Hawaiian or Pacific Islander|White|Two or More Races or Ethnicities|LGBTQ+",matrix,Published matrix date is after due+30 grace.,"Confirmed via SEC filing text/search fallback; due 2023-06-08, first substantive located matrix in 2023-11-17 DEF 14A is late.",found_current_sec_matrix,2025-12-01,https://www.sec.gov/Archives/edgar/data/1879848/000149315225025586/formdef14a.htm,not_found,,,not_found,1,post_vacatur_matrix_format_changed,c0eb32da96b5d05d,6.0,,,,,,,,,,,,,,3.0,0,0,0,0,0,0,0,0,-162,Manufacturing / industrials,Other non-US,2023,proxy,1,0,1,1,1,0,0,1,0
1468492,HSCS,HeartSciences Inc.,domestic,TX,3842,"Orthopedic, Prosthetic & Surgical Appliances & Supplies",2022-06-15,first_trading,2023-06-15,2023-07-15,no_release_found_after_checks,medium,not_located,,no_dated_release,,,,,,,,,,,,,,0,0,0,continued_other_narrative,2026-03-06,issuer SEC filing,https://www.sec.gov/Archives/edgar/data/1468492/000121390026024792/ea0280332-pre14a_heart.htm,PRE 14A,0001213900-26-024792,0.75,"\bdiversity\b.{0,220}\b(?:director|directors|nominee|nominees|board)\b",4,4,0,e37c4a376d194732,"eriences, which contribute to the Board of Directors’ broad spectrum of experience and expertise, and who have a reputation of integrity, provided such individuals should all have a high level of management and/or financial experience. While we have no formal diversity policy that applies to the consideration of director candidates, the Nominating and Corporate Governance Committee has determined that diversity should be an important consideration in the selection of candidates, and that the board should be comprised of members who reflect diversity not only in race and gender, but also in viewpoints, experiences, backgrounds, skills and other qualities and attributes. The board and the Nominating and Corporate Governance Committee recognize the value of gender, race, ethnicity and age diversity and are focused on expanding the board to continue to diversify its makeup. 8 Rather than being bound by one-size-fits-all policies regarding the composition of our Board of Directors, the Nominating and Corporate Governance Committee instead seeks to make individual, facts-specific determinations. We believe that our Company requires specialized experience and e",,,,,,0,0,0,matrix_replaced_by_or_supplemented_with_narrative,"Post-vacatur evidence is board/diversity narrative, not an extracted matrix.",board_diversity_narrative,"No substantive primary matrix located after SEC, committed-check FTS/Wayback, website candidates, and manual/browser review where applicable.","Searched web and issuer site; checked HeartSciences current site/investors page and SEC 2023 DEF 14A, 2024 DEF 14A, 2023/2024/2025 10-Ks surfaced in SEC submissions; no substantive Board Diversity Matrix located. Search hit was another issuer filing mentioning HeartSciences in a director biography.",not_found_in_current_sec_filings,,,not_found,,,not_found,1,no_release_found_after_checks,a4d7876c92f61e67,,,,,,,,,,,,,,,0.0,0,0,0,0,0,0,0,0,,Life sciences / medical,Other non-US,2023,unknown,0,0,1,1,0,1,0,1,0
1816319,LYTHF,Lytus Technologies Holdings PTV. Ltd.,foreign_private_issuer,Unknown,7374,Services-Computer Processing & Data Preparation,2022-06-15,first_trading,2023-06-15,2023-07-15,no_release_found_after_checks,medium,not_located,,no_dated_release,,,,,,,,,,,,,,0,0,0,continued_other_narrative,2025-08-14,issuer SEC filing,https://www.sec.gov/Archives/edgar/data/1816319/000121390025076810/ea0246081-20f_lytustech.htm,20-F,0001213900-25-076810,0.75,"\bdiversity\b.{0,220}\b(?:director|directors|nominee|nominees|board)\b",10,10,0,d54283d972c2f1ad,"ittee of the Board is responsible for the assessment of the performance of the Board, considering and making recommendations to the Board with respect to the nominations or elections of directors and other governance issues. The Nominating Committee considers diversity of opinion and experience when nominating directors. Audit Committee Our Audit Committee is responsible for, among other matters: ● appointing, compensating, retaining, evaluating, terminating, and overseeing our independent registered public accounting firm, ● discussing with our independent registered public accounting firm the independence of its members from its management, ● reviewing with our independent registered public accounting firm the scope and results of their audit, ● approving all audit and permissible non-audit services to be performed by our independent registered public accounting firm, ● overseeing the financial reporting process and discussing with management and our independent registered public accounting firm the interim and annual financial statements that we file with the SEC, ● reviewing and monitoring our accounting principles, accounting policies, financial an",,,,,,0,0,0,matrix_replaced_by_or_supplemented_with_narrative,"Post-vacatur evidence is board/diversity narrative, not an extracted matrix.",board_diversity_narrative,"No substantive primary matrix located after SEC, committed-check FTS/Wayback, website candidates, and manual/browser review where applicable.","Searched web and issuer site; checked Lytus current site, IR governance page, 2023/2024/2025 20-Fs, and IR Foreign Board Diversity Matrix PDF. PDF is a blank Nasdaq template with headings but no company/date/director counts, so no substantive matrix evidence located.",not_found_in_current_sec_filings,,,not_found,,,not_found,1,no_release_found_after_checks,56ded8b242d16348,,,,,,,,,,,,,,,0.0,0,0,0,0,0,0,0,0,,Technology,Other non-US,2023,unknown,0,0,1,1,0,1,0,1,0
1674440,YYAI,AIRWA INC.,domestic,DE,7370,"Services-Computer Programming, Data Processing, Etc.",2022-06-16,pricing_proxy,2023-06-16,2023-07-16,released_after_required_window,high,published_late,2024-05-02,after_30_day_grace,issuer SEC filing,https://www.sec.gov/Archives/edgar/data/1674440/000149315224017592/formdef14a.htm,edgar_filing,DEF 14A,https://www.sec.gov/Archives/edgar/data/1674440/000149315224017592/formdef14a.htm,Board Diversity Matrix;Total Number of Directors;Gender Identity;Demographic Background,de244b2c2182f652,"Connexa Sports Technologies Inc. Board Diversity Matrix as of March 31, 2024. Total Number of Directors 5. Part I: Gender Identity: Directors Female 0, Male 5. Part II: Demographic Background: African American or Black Male 1; White Male 4; LGBTQ+ 0.",Board Diversity Matrix,"as of March 31, 2024",5,Female|Male,African American or Black|White|LGBTQ+,0,0,0,not_continued_in_reviewed_filings,,,,,,0.7,,4,4,0,,,,,,,,0,0,0,no_post_vacatur_matrix_extracted,No post-vacatur matrix was extracted from reviewed filings.,no_signal_found,Published matrix date is after due+30 grace.,"Confirmed via SEC filing text/search fallback; 2023 DEF 14A and 2024/2025 10-K checks did not show earlier matrix; due 2023-06-16, 2024-05-02 DEF 14A is late.",not_found_in_current_sec_filings,,,not_found,,,not_found,0,,c36657095cee33da,5.0,0,,,,,0,,0.0,,,,0.0,,1.0,1,0,0,0,0,0,0,0,-321,Technology,Europe,2023,proxy,1,0,1,0,0,0,1,0,0
1826376,GSUN,Golden Sun Technology Group Ltd.,foreign_private_issuer,China,8200,Services-Educational Services,2022-06-22,first_trading,2023-06-22,2023-07-22,released_in_required_window,high,published_on_time,2023-07-20,within_30_day_grace,issuer website archived by Internet Archive,https://ir.jtyjyjt.com/images/boarddiversity.jpg,website_archive,,https://ir.jtyjyjt.com/images/boarddiversity.jpg,Board Diversity Matrix;Total Number of Directors;Gender Identity;Demographic Background,c83f97f2ccf1ec07,"Golden Sun Technology Group Ltd. Board Diversity Matrix. Country of Principal Executive Offices China; Foreign Private Issuer Yes; Disclosure Prohibited Under Home Country Law No. As of July 20, 2023, Total Number of Directors 7. Part I: Gender Identity: Directors Female 1, Male 6, Non-Binary 0, Did Not Disclose Gender 0. Part II: Demographic Background: Underrepresented Individual in Home Country Jurisdiction 0; LGBTQ+ 0; Did Not Disclose Demographic Background 0.",Board Diversity Matrix,"As of July 20, 2023",7,Female|Male|Non-Binary|Did Not Disclose Gender,LGBTQ+|Did Not Disclose Demographic Background,1,1,1,not_continued_in_reviewed_filings,,,,,,0.7,,14,14,0,,,,,,,,0,0,0,no_post_vacatur_matrix_extracted,No post-vacatur matrix was extracted from reviewed filings.,no_signal_found,Published matrix date is on/before due+30 grace.,Confirmed by visual inspection of issuer IR Board Diversity image linked from https://ir.jtyjyjt.com/copotate.html?type=diversity. 20-F filings checked did not contain matrix; website matrix as-of date is within due+grace.,not_found_in_current_sec_filings,,,not_found,,,not_found,0,,09c06cc635e3f61c,7.0,1,0,0,,,0,0,0.14285714285714285,0.0,0.0,,0.0,0.0,4.0,1,0,1,0,0,0,1,0,-28,Services,China / Hong Kong,2023,unknown,1,1,0,0,0,0,1,0,0
1872302,NA,Nano Labs Ltd,foreign_private_issuer,F4,3674,Semiconductors & Related Devices,2022-07-12,first_trading,2023-07-12,2023-08-11,released_after_required_window,high,published_late,2023-10-09,after_30_day_grace,issuer website archived by Internet Archive,https://web.archive.org/web/20240228034920/https://ir.nano.cn/corporate-governance/board-diversity-matrix,website_archive,,https://web.archive.org/web/20240228034920/https://ir.nano.cn/corporate-governance/board-diversity-matrix,Board Diversity Matrix;Total Number of Directors;Gender Identity;Demographic Background,58228e589d77bfe3,"Nano Labs Ltd Board Diversity Matrix. Board Diversity Matrix for Nano Labs Ltd. As of October 9, 2023. Country of Principal Executive Offices: People's Republic of China. Foreign Private Issuer: Yes. Disclosure Prohibited Under Home Country Law: No. Total Number of Directors 6. Part I: Gender Identity: Directors Female 2, Male 4, Non-Binary 0, Did Not Disclose Gender 0. Part II: Demographic Background: Underrepresented Individual in Home Country Jurisdiction 0; LGBTQ+ 0; Did Not Disclose Demographic Background 0.",Board Diversity Matrix,"As of October 9, 2023",6,Female|Male|Non-Binary|Did Not Disclose Gender,LGBTQ+|Did Not Disclose Demographic Background,1,1,1,not_continued_in_reviewed_filings,,,,,,0.7,,47,40,0,,,,,,,,0,0,0,no_post_vacatur_matrix_extracted,No post-vacatur matrix was extracted from reviewed filings.,no_signal_found,Published matrix date is after due+30 grace.,,,,,found,2023-10-10,https://web.archive.org/web/20231010/https://ir.nano.cn,not_found,0,,28a7fcbfe02bb9d9,6.0,2,0,0,,,0,0,0.3333333333333333,0.0,0.0,,0.0,0.0,4.0,1,0,1,0,0,0,1,0,-89,Technology,Other non-US,2023,unknown,1,0,1,0,0,0,1,0,0
1814963,ILAG,Intelligent Living Application Group Inc.,foreign_private_issuer,K3,2540,"Partitions, Shelvg, Lockers, & of fice & Store Fixtures",2022-07-13,first_trading,2023-07-13,2023-08-12,released_in_required_window,high,published_on_time,2023-04-28,on_or_before_due_date,issuer SEC filing,https://www.sec.gov/Archives/edgar/data/1814963/000141057823000841/ilag-20221231x20f.htm,edgar_filing,20-F,0001410578-23-000841,Board Diversity Matrix;Total Number of Directors;Did Not Disclose Gender;Did Not Disclose Demographic Background,d88c0f9feac37e91,"consists of 5 directors. We have established an audit committee, a compensation committee and a corporate governance and nominating committee. Each of the committees of the board of directors has the composition and responsibilities described below. Board Diversity Matrix The following table sets forth Board level diversity statistics based on self-identification of members of our Board as of April 28, 2023. Board Diversity Matrix (As of April 28, 2023) Country of Principal Executive Offices: Hong Kong, China Foreign Private Issuer: Yes Disclosure Prohibited Under Home Country Law: No Total Number of Directors 5 Female Male Non-Binary Did Not Disclose Gender Part I: Gender Identity Directors 2 3 0 0 Part II: Demographic Background Underrepresented Individual in Home Country Jurisdiction 1 LGBTQ+ 0 Did Not Disclose Demographic Background 0 ​ Audit Committee Ms. Carina Chui, Mr. Jochem Koe",Board Diversity Matrix,"as of April 28, 2023",5,Female|Male|Non-Binary|Did Not Disclose Gender,LGBTQ+|Did Not Disclose Demographic Background,1,1,1,continued_same_matrix,2025-04-28,issuer SEC filing,https://www.sec.gov/Archives/edgar/data/1814963/000164117225006445/form20-f.htm,20-F,0001641172-25-006445,0.95,Board Diversity Matrix;Total Number of Directors;Did Not Disclose Gender;Did Not Disclose Demographic Background,19,7,0,1fc2064f086bb58c,". Our BOD currently consists of 7 directors. We established an audit committee, a compensation committee and a corporate governance and nominating committee. Each of the committees of the BOD has the composition and responsibilities described below. Board Diversity Matrix The following table sets forth Board level diversity statistics based on self-identification of members of our Board as of April 28, 2025. Board Diversity Matrix (As of April 28, 2025) Country of Principal Executive Offices: Hong Kong, China Foreign Private Issuer: Yes Disclosure Prohibited Under Home Country Law: No Total Number of Directors 7 Female Male Non-Binary Did Not Disclose Gender Part I: Gender Identity Directors 2 5 — — Part II: Demographic Background Underrepresented Individual in Home Country Jurisdiction — — — — LGBTQ+ — — — — Did Not Disclose Demographic Background — — — — Audit Committee Ms. Carina Chui, Ms. Monique Ho and Mr. Kenneth Liu are members of our Audit Committee, where Ms. Carina Chui serves as the chairlady. All members of our Audit Committee satisfy the independence standards promulgated by the SEC and by Nasdaq as such standards apply",Board Diversity Matrix,"as of April 28, 2025",7,Female|Male|Non-Binary|Did Not Disclose Gender,LGBTQ+|Did Not Disclose Demographic Background,1,1,1,changed_extracted_shape,"as-of date: as of April 28, 2023 -> as of April 28, 2025; total directors: 5 -> 7",matrix,Published matrix date is on/before due+30 grace.,,,,,,,,,1,post_vacatur_matrix_format_changed,e118f1d8fe1781e6,5.0,2,0,0,,,0,0,0.4,0.0,0.0,,0.0,0.0,4.0,1,0,1,0,0,0,1,0,76,Manufacturing / industrials,Other non-US,2023,20-F,1,1,0,1,1,0,0,1,0
1414767,NCPL,Netcapital Inc.,domestic,MA,6199,Finance Services,2022-07-14,pricing_proxy,2023-07-14,2023-08-13,released_in_required_window,high,published_on_time,2023-07-26,within_30_day_grace,issuer SEC filing,https://www.sec.gov/Archives/edgar/data/1414767/000190359623000560/ncpl_10-k.htm,edgar_filing,10-K,0001903596-23-000560,Board Diversity Matrix;Total Number of Directors;Did Not Disclose Gender;Did Not Disclose Demographic Background,de127e60d38a690e,"rmance awards. The terms and conditions of each other stock-based award will be determined by the 2021 Plan administrator. Payment under any other stock-based awards will be made in common stock or cash, as determined by the 2021 Plan administrator. Board Diversity Matrix Our Nominating and Corporate Governance Committee is committed to promoting diversity on our Board of Directors. We have surveyed our current directors and asked each director to self-identify their race, ethnicity, and gender using one or more of the below categories. The results of this survey as of July 26, 2023 are included in the matrix below. Board Diversity Matrix (As of July 26, 2023) Total Number of Directors: 5 Part I: Gender Identity Female Male Non-Binary Did Not Disclose Gender Directors 1 4 Part II: Demographic Background African American or Black Alaskan Native or Native American Asian Hispanic or Latinx",Board Diversity Matrix,"as of July 26, 2023",5,Female|Male|Non-Binary|Did Not Disclose Gender,African American or Black|Alaskan Native or Native American|Asian|Hispanic or Latinx|Hispanic or Latin,1,1,0,not_continued_in_reviewed_filings,,,,,,0.7,,4,4,0,,,,,,,,0,0,0,no_post_vacatur_matrix_extracted,No post-vacatur matrix was extracted from reviewed filings.,no_signal_found,Published matrix date is on/before due+30 grace.,,,,,,,,,0,,4f1cc4e43cb602c7,5.0,,,,,,,,,,,,,,2.0,0,0,0,0,0,0,0,0,-12,Finance / real estate,Other non-US,2023,10-K,1,1,0,0,0,0,1,0,0
1784970,NXTT,Next Technology Holding Inc.,domestic,Japan,7374,Services-Computer Processing & Data Preparation,2022-07-19,pricing_proxy,2023-07-19,2023-08-18,released_in_required_window,high,published_on_time,2023-07-14,on_or_before_due_date,issuer SEC filing,https://www.sec.gov/Archives/edgar/data/1784970/000147793223005290/wetg_10k.htm,edgar_filing,10-K,0001477932-23-005290,Board Diversity Matrix;Total Number of Directors;Did Not Disclose Gender,2c7771b047309f76,"ive and experience so as to facilitate robust debate and broad thinking on strategies and tactics pursued by us. The following table provides certain information regarding the diversity of our Board of Directors as of the date of this annual report. Board Diversity Matrix (As of the date of this annual report) Country of Principal Executive Offices: China Foreign Private Issuer No Disclosure Prohibited Under Home Country Law No Total Number of Directors 5 Female Male Non-Binary Did Not Disclose Gender Part I: Gender Identity Directors 1 4 0 0 Part II: Demographic Background Underrepresented Individual in Home Country Jurisdiction — LGBTQ+ — 26 Table of Contents ITEM 11. EXECUTIVE COMPENSATION The following table sets forth certain information with respect to compensation for the years ended December 31, 2022 and 2021, earned by or paid to our chief executive officer and principal executi",Board Diversity Matrix,,5,Female|Male|Non-Binary|Did Not Disclose Gender,LGBTQ+,1,1,0,continued_same_matrix,2025-03-27,issuer SEC filing,https://www.sec.gov/Archives/edgar/data/1784970/000101376225003282/ea0233807-10k_nexttech.htm,10-K,0001013762-25-003282,0.95,Board Diversity Matrix;Total Number of Directors;Did Not Disclose Gender,8,1,0,0dbda205295e49da,"ive and experience so as to facilitate robust debate and broad thinking on strategies and tactics pursued by us. The following table provides certain information regarding the diversity of our Board of Directors as of the date of this annual report. Board Diversity Matrix (As of the date of this annual report) Country of Principal Executive Offices: China Foreign Private Issuer No Disclosure Prohibited Under Home Country Law No Total Number of Directors 4 Female Male Non-Binary Did Not Disclose Gender Part I: Gender Identity Directors 0 4 0 0 Part II: Demographic Background Underrepresented Individual in Home Country Jurisdiction — LGBTQ+ — ITEM 11. EXECUTIVE COMPENSATION The following table sets forth certain information with respect to compensation for the years ended December 31, 2024 and 2023, earned by or paid to our chief executive officer and principal executive officer, our principal financial officer, and our other most highly compensated executive officers whose total compensation exceeded US$2,000 (the “named executive officers”). 39 Name and Principal Position Year Salary ($) Bonus ($) Stock Awards ($) Non-Equity Plan Co",Board Diversity Matrix,,4,Female|Male|Non-Binary|Did Not Disclose Gender,LGBTQ+,1,1,0,changed_extracted_shape,total directors: 5 -> 4,matrix,Published matrix date is on/before due+30 grace.,,,,,,,,,1,post_vacatur_matrix_format_changed,bb5a1bf0c3ab9e05,5.0,1,0,0,,,68,,0.2,0.0,0.0,,1.0,,3.0,1,0,1,0,0,1,1,0,5,Technology,Other non-US,2023,10-K,1,1,0,1,1,0,0,1,0
1885827,VRAX,Virax Biolabs Group Ltd,foreign_private_issuer,X0,2835,In Vitro & In Vivo Diagnostic Substances,2022-07-21,first_trading,2023-07-21,2023-08-20,no_release_found_after_checks,medium,not_located,,no_dated_release,,,,,,,,,,,,,,0,0,0,continued_other_narrative,2025-07-02,issuer SEC filing,https://www.sec.gov/Archives/edgar/data/1885827/000095017025093260/vrax-20250331.htm,20-F,0000950170-25-093260,0.75,"\bdiversity\b.{0,220}\b(?:director|directors|nominee|nominees|board)\b",17,17,0,c3f9496d09335f39,"ction or re-election to the board, or for appointment to fill any vacancy on the board; 48 • reviewing annually with the board the current composition of the board with regards to characteristics such as independence, knowledge, skills, experience, expertise, diversity and availability of service to us; • developing and recommending to our board such policies and procedures with respect to nomination or appointment of members of our board and chairs and members of its committees or other corporate governance matters as may be required pursuant to any SEC or NASDAQ rules, or otherwise considered desirable and appropriate; • selecting and recommending to the board the names of directors to serve as members of the audit committee and the compensation committee, as well as of the nominating and corporate governance committee itself; and • evaluating the performance and effectiveness of the board as a whole. Code of Business Conduct and Ethics We have adopted a code of business conduct and ethics, which is applicable to all of our directors, executive officers and employees and is publicly available. Duties of Directors Under Cayman Islands law, our board of directors has the powers necessary for managing, and for directing and supervising, our business affairs. The functions",,,,,,0,0,0,matrix_replaced_by_or_supplemented_with_narrative,"Post-vacatur evidence is board/diversity narrative, not an extracted matrix.",board_diversity_narrative,"No substantive primary matrix located after SEC, committed-check FTS/Wayback, website candidates, and manual/browser review where applicable.","Searched web and issuer/current sites; checked Virax current site/investor URL attempts, Can-Fite related-site pages, 2023/2024/2025 20-Fs, and proxy/AGM 6-K filings from 2023-2026 surfaced in SEC submissions; no substantive Board Diversity Matrix located. Search hit was third-party OutQUORUM aggregate only.",not_found_in_current_sec_filings,,,not_found,,,not_found,1,no_release_found_after_checks,018db2aff1170fbd,,,,,,,,,,,,,,,0.0,0,0,0,0,0,0,0,0,,Life sciences / medical,Other non-US,2023,unknown,0,0,1,1,0,1,0,1,0
1748137,NEOV,NeoVolta Inc.,domestic,CA,3690,"Miscellaneous Electrical Machinery, Equipment & Supplies",2022-07-29,pricing_proxy,2023-07-29,2023-08-28,released_after_required_window,high,published_late,2023-10-20,after_30_day_grace,issuer SEC filing,https://www.sec.gov/Archives/edgar/data/1748137/000168316823007315/neovolta_def14a.htm,edgar_filing,DEF 14A,https://www.sec.gov/Archives/edgar/data/1748137/000168316823007315/neovolta_def14a.htm,Board Diversity Matrix;Total Number of Directors;Gender Identity;Demographic Background,fb009313f1e57b58,"NeoVolta Inc. Board Diversity Matrix as of October 16, 2023. Total Number of Directors 5. Gender: Directors Male 4, Female 1. Number of Directors who identify in any of the categories below: White Male 4, Female 1.",Board Diversity Matrix,"as of October 16, 2023",5,Female|Male,White,0,0,0,continued_other_narrative,2025-10-28,issuer SEC filing,https://www.sec.gov/Archives/edgar/data/1748137/000168316825007811/neovolta_def14a.htm,DEF 14A,0001683168-25-007811,0.75,"\bdiversity\b.{0,220}\b(?:director|directors|nominee|nominees|board)\b",3,3,0,df33076421ac4a5f,"em, given their individual circumstances, to perform responsibly all director duties. Each director must represent the interests of all stockholders. When considering potential director candidates, our Board also considers the candidate’s character, judgment, diversity, skill set, specific business background and global or international experience in the context of our needs and those of the Board. Director Independence The rules of the Nasdaq Stock Market, or the Nasdaq Rules, require a majority of a listed company’s board of directors to be composed of independent directors. In addition, the Nasdaq Rules require that, subject to specified exceptions, each member of a listed company’s audit, compensation and nominating and governance committees be independent. Under the Nasdaq Rules, a director will only qualify as an independent director if, in the opinion of our Board of Directors, that person does not have a relationship that would interfere with the exercise of independent judgment in carrying out the responsibilities of a director. The Nasdaq Rules also require that audit committee members satisfy independence criteria set forth in Rule 10A-3 under the Securities Exchange Act of 1934, as amended, or the Exchange Act. In order to be co",,,,,,0,0,0,matrix_replaced_by_or_supplemented_with_narrative,"Post-vacatur evidence is board/diversity narrative, not an extracted matrix.",board_diversity_narrative,Published matrix date is after due+30 grace.,"Confirmed in 2023 SEC DEF 14A. Wayback PDF candidate at neovolta.com/wp-content/uploads/2023/08/1-Aug-2023-NeoVolta-Board-Diversity-Matrix.pdf was inspected and appears to be a blank template, so SEC proxy is controlling substantive evidence.",,,,found,2023-07-29,https://web.archive.org/web/20230729/https://neovolta.com/investors,not_found,0,,993ed8f742260c0a,5.0,4,,,,5,,,0.8,,,,,,1.0,1,0,1,0,0,0,1,0,-83,Energy / industrials,Other non-US,2023,proxy,1,0,1,1,0,1,0,1,0
1886362,MGAM,"Mobile Global Esports, Inc.",domestic,CT,7900,Services-Amusement & Recreation Services,2022-07-29,first_trading,2023-07-29,2023-08-28,no_release_found_after_checks,medium,not_located,,no_dated_release,,,,,,,,,,,,,,0,0,0,not_continued_in_reviewed_filings,,,,,,0.7,,2,2,0,,,,,,,,0,0,0,no_post_vacatur_matrix_extracted,No post-vacatur matrix was extracted from reviewed filings.,no_signal_found,"No substantive primary matrix located after SEC, committed-check FTS/Wayback, website candidates, and manual/browser review where applicable.","Searched web and current issuer domain, which appears unrelated/hijacked; checked 2023 10-K, 2024 DEF 14A, and 2024/2025/2026 10-K filings; no substantive Board Diversity Matrix located. Search results did not surface primary matrix evidence.",not_found_in_current_sec_filings,,,not_found,,,not_found,1,no_release_found_after_checks,89889eccb065dbe2,,,,,,,,,,,,,,,0.0,0,0,0,0,0,0,0,0,,Services,Other non-US,2023,unknown,0,0,1,0,0,0,1,0,0
1913210,,Bruush Oral Care Inc.,foreign_private_issuer,A1,3843,Dental Equipment & Supplies,2022-08-03,first_trading,2023-08-03,2023-09-02,no_release_found_after_checks,medium,not_located,,no_dated_release,,,,,,,,,,,,,,0,0,0,not_continued_in_reviewed_filings,,,,,,0.7,,4,4,0,,,,,,,,0,0,0,no_post_vacatur_matrix_extracted,No post-vacatur matrix was extracted from reviewed filings.,no_signal_found,"No substantive primary matrix located after SEC, committed-check FTS/Wayback, website candidates, and manual/browser review where applicable.","Searched web and attempted current/IR Bruush domains, which no longer resolve; checked 2023 20-F and representative 2023-2025 6-K filings from SEC submissions; no substantive Board Diversity Matrix located. Search hit was third-party OutQUORUM aggregate only.",not_found_in_current_sec_filings,,,not_found,,,not_found,1,no_release_found_after_checks,89889eccb065dbe2,,,,,,,,,,,,,,,0.0,0,0,0,0,0,0,0,0,,Manufacturing / industrials,Other non-US,2023,unknown,0,0,1,0,0,0,1,0,0
1881472,MEGL,Magic Empire Global Ltd,foreign_private_issuer,K3,6199,Finance Services,2022-08-05,first_trading,2023-08-05,2023-09-04,released_after_required_window,high,published_late,2025-04-14,after_30_day_grace,issuer SEC filing,https://www.sec.gov/Archives/edgar/data/1881472/000164117225004566/form20-f.htm,edgar_filing,20-F,https://www.sec.gov/Archives/edgar/data/1881472/000164117225004566/form20-f.htm,Board Diversity Matrix;Total Number of Directors;Gender Identity;Demographic Background,fb3075b9194cc106,"Magic Empire Global Limited Board Diversity Matrix as of the date of the annual report. Country of Principal Executive Offices Hong Kong; Foreign Private Issuer Yes; Disclosure Prohibited Under Home Country Law No. Total Number of Directors 5. Part I: Gender Identity: Directors Female 1, Male 4, Non-Binary 0, Did Not Disclose Gender 0. Part II: Demographic Background: Underrepresented Individual in Home Country Jurisdiction 0; LGBTQ+ 0; Did Not Disclose Demographic Background 0.",Board Diversity Matrix,,5,Female|Male|Non-Binary|Did Not Disclose Gender,LGBTQ+|Did Not Disclose Demographic Background,1,1,1,continued_same_matrix,2025-04-14,issuer SEC filing,https://www.sec.gov/Archives/edgar/data/1881472/000164117225004566/form20-f.htm,20-F,0001641172-25-004566,0.95,Board Diversity Matrix;Total Number of Directors;Did Not Disclose Gender;Did Not Disclose Demographic Background,9,4,0,14d4adca21d1794b,"chieved gender diversity by having one female independent director out of the total of three independent directors. Our Board is well balanced and diversified in alignment with the business development and strategy of our Group. Set out below is the board diversity matrix as of the date of this Annual Report: Board Diversity Matrix Country of Principal Executive Offices: Hong Kong Foreign Private Issuer Yes Disclosure Prohibited Under Home Country Law No Total Number of Directors 5 Female Male Non-Binary Did Not Disclose Gender Part I: Gender Identity Directors 1 4 0 0 Part II: Demographic Background Underrepresented Individual in Home Country Jurisdiction 0 LGBTQ+ 0 Did Not Disclose Demographic Background 0 Committees of the Board of Directors We have established an audit committee, a compensation committee and a nominating and corporate governance committee under the board of directors. We have adopted a charter for each of the three committees. Each committee’s members and functions are described below. 54 Audit Committee Our audit committee consists of Mr. Yiu Sing Chan, Mr. Chi Wai Siu and Ms. Ka Lee Lam and is chaired by Mr. Y",board diversity matrix,,5,Female|Male|Non-Binary|Did Not Disclose Gender,LGBTQ+|Did Not Disclose Demographic Background,1,1,1,changed_extracted_shape,title: Board Diversity Matrix -> board diversity matrix,matrix,Published matrix date is after due+30 grace.,"Confirmed in 2025 20-F. Earlier 2023 and 2024 20-F filings checked and did not contain matrix text; due 2023-08-05, so located publication is late.",found_current_sec_matrix,2026-04-10,https://www.sec.gov/Archives/edgar/data/1881472/000149315226016153/form20-f.htm,not_found,,,not_found,1,post_vacatur_matrix_format_changed,517c8d8f0dd2f10f,5.0,1,0,0,,,0,0,0.2,0.0,0.0,,0.0,0.0,4.0,1,0,1,0,0,0,1,0,-618,Finance / real estate,Other non-US,2023,20-F,1,0,1,1,1,0,0,1,0
1425355,SUIG,SUI Group Holdings Ltd.,domestic,MN,6199,Finance Services,2022-08-09,pricing_proxy,2023-08-09,2023-09-08,released_after_required_window,high,published_late,2023-09-28,after_30_day_grace,issuer SEC filing,https://www.sec.gov/Archives/edgar/data/1425355/000165495423012379/mcvt_def14a.htm,edgar_filing,DEF 14A,https://www.sec.gov/Archives/edgar/data/1425355/000165495423012379/mcvt_def14a.htm,Board Diversity Matrix;Total Number of Directors;Gender Identity;Demographic Background,55148ade4091a318,"Mill City Ventures III, Ltd. Board Diversity Matrix as of August 22, 2023. Total Number of Directors 5. Part I: Gender Identity: Directors Female 0, Male 5, Non-Binary 0, Did Not Disclose Gender 0. Part II: Demographic Background: White Male 5; all other listed categories 0; LGBTQ+ 0; Did Not Disclose Demographic Background 0.",Board Diversity Matrix,"as of August 22, 2023",5,Female|Male|Non-Binary|Did Not Disclose Gender,White|LGBTQ+|Did Not Disclose Demographic Background,1,1,1,continued_same_matrix,2025-06-18,issuer SEC filing,https://www.sec.gov/Archives/edgar/data/1425355/000165495425007197/mcvt_pre14a.htm,PRE 14A,0001654954-25-007197,0.95,Board Diversity Matrix;Total Number of Directors;Did Not Disclose Gender;Did Not Disclose Demographic Background,6,3,0,cd2493c01d57f631,"-term performance at the expense of the Company’s long-term objectives. Nominating Process and Board Diversity In compliance with Nasdaq Rules 5605(f) and 5606, our Board of Directors has self-reported the diversity characteristics summarized in the Board Diversity Matrix table below. The Company does not have a member of its Board of Directors who currently qualifies as “diverse” under Nasdaq Rules. Under Nasdaq Rule 5605(f) (and paragraph (2)(D) thereunder, applicable to companies with “smaller” boards consisting of five or fewer directors, such as our Company), the Company must either have at least one director who is diverse (i.e., who identifies as a female, an underrepresented minority, or member of the LGBTQ+ community, as those terms are defined in the rule), or must disclose why it does not have at least one diverse director. In our case, the Company does not have at least one diverse director because, as a small board with somewhat specialized knowledge and geographically concentrated activities, the Company has been unable to identify directors that would be considered “diverse” under Nasdaq Rule 5605(f), and who would be",Board Diversity Matrix,,,Female|Male,LGBTQ+,0,0,0,changed_extracted_shape,"as-of date: initial extracted, post-vacatur not extracted; total directors: initial extracted, post-vacatur not extracted; gender columns: Female|Male|Non-Binary|Did Not Disclose Gender -> Female|Male; demographic rows: White|LGBTQ+|Did Not Disclose Demographic Background -> LGBTQ+",matrix,Published matrix date is after due+30 grace.,"Confirmed in 2023 DEF 14A for Mill City Ventures III / SUI Group Holdings predecessor naming; due 2023-08-09, filing date 2023-09-28 is late.",found_current_sec_matrix,2025-06-18,https://www.sec.gov/Archives/edgar/data/1425355/000165495425007197/mcvt_pre14a.htm,not_found,,,not_found,1,post_vacatur_matrix_format_changed,49bad7351a2911ee,5.0,0,0,0,,,0,0,0.0,0.0,0.0,,0.0,0.0,4.0,1,0,0,0,0,0,0,0,-50,Finance / real estate,Other non-US,2023,proxy,1,0,1,1,1,0,0,1,0
1014763,AIMD,"Ainos, Inc.",domestic,TX,3577,"Computer Peripheral Equipment, NEC",2022-08-10,pricing_proxy,2023-08-10,2023-09-09,released_after_required_window,high,published_late,2024-03-08,after_30_day_grace,issuer SEC filing,https://www.sec.gov/Archives/edgar/data/1014763/000165495424002897/aimd_10k.htm,edgar_filing,10-K,https://www.sec.gov/Archives/edgar/data/1014763/000165495424002897/aimd_10k.htm,Board Diversity Matrix;Total Number of Directors;Gender Identity;Demographic Background,382f58c4d087f22f,"Ainos, Inc. Board Diversity Matrix as of March 7, 2024. Total Number of Directors 7. Part I: Gender Identity: Directors Female 1, Male 6, Non-Binary 0, Did Not Disclose Gender 0. Part II: Demographic Background: Asian Female 1, Male 6, Non-Binary 0, Did Not Disclose Gender 0.",Board Diversity Matrix,"as of March 7, 2024",7,Female|Male|Non-Binary|Did Not Disclose Gender,Asian,1,1,0,not_continued_in_reviewed_filings,,,,,,0.7,,3,3,0,,,,,,,,0,0,0,no_post_vacatur_matrix_extracted,No post-vacatur matrix was extracted from reviewed filings.,no_signal_found,Published matrix date is after due+30 grace.,"Confirmed via SEC 2024 10-K after search result; 2023/2024/2025 proxy checks did not show matrix. Due 2023-08-10, 2024-03-08 publication is late.",not_found_in_current_sec_filings,,,not_found,,,not_found,0,,b570a4ca19c16b3b,7.0,1,0,0,7,,,,0.14285714285714285,0.0,0.0,1.0,,,2.1666666666666665,1,0,1,0,1,0,1,0,-211,Technology,Other non-US,2023,10-K,1,0,1,0,0,0,1,0,0
1905956,TGL,TREASURE GLOBAL INC,domestic,NY,7389,"Services-Business Services, NEC",2022-08-11,first_trading,2023-08-11,2023-09-10,released_after_required_window,high,published_late,2024-05-02,after_30_day_grace,issuer SEC filing,https://www.sec.gov/Archives/edgar/data/1905956/000121390024038913/ea0204060-02.htm,edgar_filing,DEF 14A,https://www.sec.gov/Archives/edgar/data/1905956/000121390024038913/ea0204060-02.htm,Board Diversity Matrix;Total Number of Directors;Gender Identity;Demographic Background,fae5df7d8ad54ead,"Treasure Global Inc Board Diversity Matrix as of May 2, 2024. Total Number of Directors 5. Part I: Gender Identity: Directors Female 1, Male 4, Non-Binary 0, Did Not Disclose Gender 0. Part II: Demographic Background: African American or Black Male 1; Asian Female 1 and Male 1; White Male 2; LGBTQ+ 0; Did Not Disclose Demographic Background 0.",Board Diversity Matrix,"as of May 2, 2024",5,Female|Male|Non-Binary|Did Not Disclose Gender,African American or Black|Asian|White|LGBTQ+|Did Not Disclose Demographic Background,1,1,1,continued_other_narrative,2025-06-30,issuer SEC filing,https://www.sec.gov/Archives/edgar/data/1905956/000121390025059727/ea0246120-pre14a_treasure.htm,PRE 14A,0001213900-25-059727,0.75,"\bdiversity\b.{0,220}\b(?:director|directors|nominee|nominees|board)\b",9,9,0,27a8d3b8b4c38172,"s or other related industries and such other factors as the Nominating and Corporate Governance Committee determines are relevant in light of the needs of the Board. The Nominating and Corporate Governance Committee believes that its nominees should reflect a diversity of experience, gender, race, ethnicity and age. The Board does not have a specific policy regarding director diversity. The Nominating and Corporate Governance Committee also considers such other relevant factors as it deems appropriate, including the current composition of the Board, the balance of management and independent directors, and the evaluations of other prospective nominees, if any. In connection with this evaluation, it is expected that each member of the Nominating and Corporate Governance Committee will interview the prospective nominee before the prospective nominee is presented to the full Board for consideration. After completing this evaluation and interview process, the Nominating and Corporate Governance Committee will make a recommendation to the full Board as to the person(s) who should be nominated by the Board, and the Board determines the nominee(s) after considering the recommendation and report of the Nominating and",,,,,,0,0,0,matrix_replaced_by_or_supplemented_with_narrative,"Post-vacatur evidence is board/diversity narrative, not an extracted matrix.",board_diversity_narrative,Published matrix date is after due+30 grace.,"Confirmed in 2024 DEF 14A section body. 2023 and 2024 10-K checks did not contain matrix; issuer domains did not resolve. Due 2023-08-11, 2024-05-02 filing is late.",not_found_in_current_sec_filings,,,not_found,,,not_found,0,,6df890f443019592,5.0,1,0,0,,,0,0,0.2,0.0,0.0,,0.0,0.0,4.0,1,0,1,0,0,0,1,0,-265,Services,Other non-US,2023,proxy,1,0,1,1,0,1,0,1,0
1893311,,LUXURBAN HOTELS INC.,domestic,FL,6500,Real Estate,2022-08-12,first_trading,2023-08-12,2023-09-11,released_in_required_window,high,published_on_time,2023-04-18,on_or_before_due_date,issuer SEC filing,https://www.sec.gov/Archives/edgar/data/1893311/000182912623002795/luxurbanhotels_def14a.htm,edgar_filing,DEF 14A,0001829126-23-002795,Board Diversity Matrix;Total Number of Directors;Did Not Disclose Gender;Did Not Disclose Demographic Background,293459f3f3f18ee7,"s, practical and mature business judgment, including the ability to make independent analytical inquiries, and such factors as age, sex, race, place of residence and specialized experience and any other relevant qualifications, attributes or skills. Board Diversity Matrix (As of April 18, 2023) Total Number of Directors 7 Female Male Non-Binary Did Not Disclose Gender Part I: Gender Identity Directors 1 6 0 0 Part II: Demographic Background African American or Black 0 1 0 0 Alaskan Native or Native American 0 0 0 0 Asian 0 0 0 0 Hispanic or Latinx 0 0 0 0 Native Hawaiian or Pacific Islander 0 0 0 0 White 1 5 0 0 Two or More Races or Ethnicities 0 0 0 0 LGBTQ+ 0 Did Not Disclose Demographic Background 0 15 Communications with the Board of Directors Stockholders and other interested parties who wish to communicate with the Board of Directors or any of its committees may do so by writing to",Board Diversity Matrix,"As of April 18, 2023",7,Female|Male|Non-Binary|Did Not Disclose Gender,African American or Black|Alaskan Native or Native American|Asian|Hispanic or Latinx|Hispanic or Latin|Native Hawaiian or Pacific Islander|White|Two or More Races or Ethnicities|LGBTQ+|Did Not Disclose Demographic Background,1,1,1,not_continued_in_reviewed_filings,,,,,,0.7,,2,2,0,,,,,,,,0,0,0,no_post_vacatur_matrix_extracted,No post-vacatur matrix was extracted from reviewed filings.,no_signal_found,Published matrix date is on/before due+30 grace.,,,,,,,,,0,,3d757de78d9ff80e,7.0,1,0,0,1,6,0,0,0.14285714285714285,0.0,0.0,0.14285714285714285,0.0,0.0,6.0,1,1,1,0,1,0,1,0,116,Finance / real estate,Other non-US,2023,proxy,1,1,0,0,0,0,1,0,0
1901305,,"Forza X1, Inc.",domestic,FL,3730,Ship & Boat Building & Repairing,2022-08-12,first_trading,2023-08-12,2023-09-11,released_in_required_window,high,published_on_time,2023-08-28,within_30_day_grace,issuer SEC filing,https://www.sec.gov/Archives/edgar/data/1901305/000173112223001609/e4988_def14a.htm,edgar_filing,DEF 14A,0001731122-23-001609,Board Diversity Matrix;Total Number of Directors;Did Not Disclose Gender;Did Not Disclose Demographic Background,f592288925c7365d,"or executive officers. 7 INFORMATION REGARDING THE BOARD OF DIRECTORS AND CORPORATE GOVERNANCE Below is information regarding certain characteristics of our Board, utilizing the template included in the related Nasdaq Stock Market (“Nasdaq”) rules. Board Diversity Matrix (as of August 18, 2023) Total Number of Directors 5 Female Male Non-Binary Did Not Disclose Gender Part I: Gender Identity Directors 1 4 0 0 Part II: Demographic Background African American or Black Alaskan Native or Native American Asian Hispanic or Latinx Native Hawaiian or Pacific Islander White 1 4 Two or More Races or Ethnicities LGBTQ+ -- Did Not Disclose Demographic Background -- Board of Directors Composition Our board of directors currently consists of five members. Each of our current directors will continue to serve as a director until the election and qualification of his or her successor, or until his or her",Board Diversity Matrix,"as of August 18, 2023",5,Female|Male|Non-Binary|Did Not Disclose Gender,African American or Black|Alaskan Native or Native American|Asian|Hispanic or Latinx|Hispanic or Latin|Native Hawaiian or Pacific Islander|White|Two or More Races or Ethnicities|LGBTQ+|Did Not Disclose Demographic Background,1,1,1,no_post_vacatur_relevant_filing,,,,,,0.65,,0,0,0,,,,,,,,0,0,0,no_post_vacatur_matrix_extracted,No post-vacatur matrix was extracted from reviewed filings.,no_signal_found,Published matrix date is on/before due+30 grace.,,,,,,,,,0,,c7c3313083d13ffc,5.0,1,0,0,,,0,0,0.2,0.0,0.0,,0.0,0.0,4.0,1,0,1,0,0,0,1,0,-16,Manufacturing / industrials,Other non-US,2023,proxy,1,1,0,0,0,0,1,0,0
1857816,GCT,GigaCloud Technology Inc,domestic,CA,5961,Retail-Catalog & Mail-Order Houses,2022-08-18,first_trading,2023-08-18,2023-09-17,released_in_required_window,high,published_on_time,2023-04-24,on_or_before_due_date,issuer SEC filing,https://www.sec.gov/Archives/edgar/data/1857816/000119312523112830/d353289d20f.htm,edgar_filing,20-F,0001193125-23-112830,Board Diversity Matrix;Total Number of Directors;Did Not Disclose Gender;Did Not Disclose Demographic Background,3696826c3323e430,"or benefits upon termination of service. Pursuant to our seventh amended and restated memorandum and articles of association, our officers will be appointed or removed by and at the discretion of our board of directors. Board Diversity The following board diversity matrix sets forth the information concerning the gender and demographic background of our board of directors, as self-identified by its members, in accordance with Nasdaq Stock Market listing rules. Country of Principal Executive Offices Hong Kong Foreign Private Issuer Yes Disclosure Prohibited Under Home Country Law No Total Number of Directors 7 Part I: Gender Identity Female Male Non- Binary Did Not Disclose Gender Directors 0 7 0 0 Part II: Demographic Background Underrepresented Individual in Home Country Jurisdiction 7 LGBTQ+ NA Did Not Disclose Demographic Background 0 In this section, • “Diverse” means an individual w",Board Diversity The following board diversity matrix,,7,Female|Male|Did Not Disclose Gender,LGBTQ+|Did Not Disclose Demographic Background,0,1,1,continued_same_matrix,2025-04-29,issuer SEC filing,https://www.sec.gov/Archives/edgar/data/1857816/000185781625000053/gct-20250429.htm,DEF 14A,0001857816-25-000053,0.95,Board Diversity Matrix;Total Number of Directors;Did Not Disclose Gender;Did Not Disclose Demographic Background,6,2,0,408845d193ef7c41,"rs in the selection process. For more details, please see “—Director Nominations.” For a better understanding of the qualifications of each of our directors, we encourage you to read their biographies set forth in this proxy statement. The following board diversity matrix sets forth the information concerning the gender and demographic background of our board of directors, as self-identified by its members. PROXY STATEMENT 19 Country of Principal Executive Offices CA, USA Foreign Private Issuer No Disclosure Prohibited Under Home Country Law No Total Number of Directors 5 Part I: Gender Identity Female Male Non- Binary Did Not Disclose Gender Directors 1 4 — — Part II: Demographic Background Underrepresented Individual in Home Country Jurisdiction — 2 — — LGBTQ+ — — — — Did Not Disclose Demographic Background — — — — In this section, • “Diverse” means an individual who self-identifies in one or more of the following categories: Female, Underrepresented Minority, or LGBTQ+; • “Female” means an individual who self-identifies her gender as a woman, without regard to the individual’s designated sex at birth; • “Underrepresented Minority",board diversity matrix,,5,Female|Male|Did Not Disclose Gender,LGBTQ+|Did Not Disclose Demographic Background,0,1,1,changed_extracted_shape,title: Board Diversity The following board diversity matrix -> board diversity matrix; total directors: 7 -> 5,matrix,Published matrix date is on/before due+30 grace.,,,,,,,,,1,post_vacatur_matrix_format_changed,5dfac04bb342930a,7.0,0,,0,,,,0,0.0,,0.0,,,0.0,2.0,1,0,0,0,0,0,0,0,116,Consumer / retail,Other non-US,2023,20-F,1,1,0,1,1,0,0,1,0
1914818,STBXF,Starbox Group Holdings Ltd.,foreign_private_issuer,N8,7310,Services-Advertising,2022-08-23,first_trading,2023-08-23,2023-09-22,released_in_required_window,high,published_on_time,2023-01-18,on_or_before_due_date,issuer SEC filing,https://www.sec.gov/Archives/edgar/data/1914818/000149315223001784/form20-f.htm,edgar_filing,20-F,0001493152-23-001784,Board Diversity Matrix;Total Number of Directors;Did Not Disclose Gender;Did Not Disclose Demographic Background,7f9fc5d2bc9caa89,"ysia. Ms. Law received her bachelor of law degree from the University of Sheffield, England in 2000. Board Diversity The table below provides certain information regarding the diversity of our board of directors as of the date of this annual report. Board Diversity Matrix Country of Principal Executive Offices: Malaysia Foreign Private Issuer Yes Disclosure Prohibited under Home Country Law No Total Number of Directors 5 Female Male Non- Binary Did Not Disclose Gender Part I: Gender Identity Directors 2 3 0 0 Part II: Demographic Background Underrepresented Individual in Home Country Jurisdiction 0 LGBTQ+ 0 Did Not Disclose Demographic Background 0 Family Relationships None of our directors or executive officers has a family relationship as defined in Item 401 of Regulation S-K. B. Compensation For the fiscal year ended September 30, 2022, we paid an aggregate of MYR268,800 ($62,452) as",Board Diversity Matrix,,5,Female|Male|Did Not Disclose Gender,LGBTQ+|Did Not Disclose Demographic Background,0,1,1,continued_same_matrix,2025-02-14,issuer SEC filing,https://www.sec.gov/Archives/edgar/data/1914818/000149315225006520/form20-f.htm,20-F,0001493152-25-006520,0.95,Board Diversity Matrix;Total Number of Directors;Did Not Disclose Gender;Did Not Disclose Demographic Background,16,6,0,abdc2dd3d044866b,"and she also holds a Diploma in Nursing from the College of Nursing, Hospital Lam Wah Ee, Malaysia. Board Diversity The table below provides certain information regarding the diversity of our board of directors as of the date of this annual report. Board Diversity Matrix Country of Principal Executive Offices: Malaysia Foreign Private Issuer Yes Disclosure Prohibited under Home Country Law No Total Number of Directors 5 Female Male Non- Binary Did Not Disclose Gender Part I: Gender Identity Directors 2 3 0 0 Part II: Demographic Background Underrepresented Individual in Home Country Jurisdiction 0 LGBTQ+ 0 Did Not Disclose Demographic Background 0 Family Relationships None of our directors or executive officers has a family relationship as defined in Item 401 of Regulation S-K. B. Compensation For the fiscal year ended September 30, 2024, we paid an aggregate of MYR920,717 ($198,029) as compensation to our executive officers and directors. In the fiscal year ended September 30, 2024, we accrued a director fee amounting to MYR360,000 ($87,357), designated for payment to our independent directors. None of our non-employee directors h",Board Diversity Matrix,,5,Female|Male|Did Not Disclose Gender,LGBTQ+|Did Not Disclose Demographic Background,0,1,1,same_extracted_shape,No extracted format differences.,matrix,Published matrix date is on/before due+30 grace.,,,,,,,,,0,,d73a47dadcbf650f,5.0,2,,0,,,0,401,0.4,,0.0,,0.0,1.0,3.0,1,0,1,0,0,0,1,1,217,Services,Other non-US,2023,20-F,1,1,0,1,1,0,0,0,1
1811623,,"Kuvatris Therapeutics, Inc.",domestic,NY,2834,Pharmaceutical Preparations,2022-08-26,first_trading,2023-08-26,2023-09-25,released_in_required_window,high,published_on_time,2023-04-06,on_or_before_due_date,issuer SEC filing,https://www.sec.gov/Archives/edgar/data/1811623/000110465923042685/tm2311118d2_def14a.htm,edgar_filing,DEF 14A,0001104659-23-042685,Board Diversity Matrix;Total Number of Directors;Did Not Disclose Gender;Did Not Disclose Demographic Background,9205a98340f68367,"oard of directors candidates are chosen. The below table provides information related to the composition of our board of directors members and nominees. Each of the categories listed in the table has the meaning as it is used in Nasdaq Rule 5605(f). Board Diversity Matrix (As of March 1, 2023)* Total Number of Directors 6 Female Male Non-Binary Did Not Disclose Gender Part I: Gender Identity Directors 1 4 - 1 Part II: Demographic Background White 1 3 - - Asian - 1 - - Two or More Races or Ethnicities - - - - Did Not Disclose Demographic Background - - - 1 * Per Nasdaq’s board diversity requirements, inapplicable categories have been omitted. Board Committees Our board of directors has established an Audit Committee, a Compensation Committee, and a Nominating and Corporate Governance Committee. Our board of directors may establish other committees to facilitate the management of our busin",Board Diversity Matrix,"As of March 1, 2023",6,Female|Male|Non-Binary|Did Not Disclose Gender,Asian|White|Two or More Races or Ethnicities|Did Not Disclose Demographic Background,1,1,1,no_post_vacatur_relevant_filing,,,,,,0.65,,0,0,0,,,,,,,,0,0,0,no_post_vacatur_matrix_extracted,No post-vacatur matrix was extracted from reviewed filings.,no_signal_found,Published matrix date is on/before due+30 grace.,,,,,,,,,0,,2fbcd8abc27ee942,6.0,1,0,1,1,4,,1,0.16666666666666666,0.0,0.16666666666666666,0.16666666666666666,,0.16666666666666666,4.333333333333334,1,0,1,0,1,0,1,1,142,Life sciences / medical,Other non-US,2023,proxy,1,1,0,0,0,0,1,0,0
1825452,ONFO,"Onfolio Holdings, Inc",domestic,DE,7374,Services-Computer Processing & Data Preparation,2022-08-26,first_trading,2023-08-26,2023-09-25,released_in_required_window,high,published_on_time,2023-05-22,on_or_before_due_date,issuer SEC filing,https://www.sec.gov/Archives/edgar/data/1825452/000165495423006957/onfolio_def14a.htm,edgar_filing,DEF 14A,0001654954-23-006957,Board Diversity Matrix;Total Number of Directors;Did Not Disclose Gender;Did Not Disclose Demographic Background,192ff9e0deb0a24a,"teral for loan; and (iv) engaging in hedging or monetization transactions or similar arrangements with respect to our securities; unless unless advance approval for the transaction is obtained from the compliance officer of the policy. The following Board Diversity Matrix presents our Board diversity statistics, as voluntarily self-identified by our directors, in accordance with Nasdaq Listing Rule 5606. 17 Board Diversity Matrix (As of April 20, 2023) Total Number of Directors: 5 Female Male Non-Binary Did Not Disclose Gender Part I: Gender Identity Directors 0 5 0 0 Part II: Demographic Background African American or Black 0 0 0 0 Alaskan Native or Native American 0 0 0 0 Asian 0 0 0 0 Hispanic or Latinx 0 0 0 0 Native Hawaiian or Pacific Islander 0 0 0 0 White 0 5 0 0 Two or More Races or Ethnicities 0 0 0 0 LGBTQ+ 0 0 0 0 Did Not Disclose Demographic Background 0 0 0 0 In the process",Board Diversity Matrix,"As of April 20, 2023",5,Female|Male|Non-Binary|Did Not Disclose Gender,African American or Black|Alaskan Native or Native American|Asian|Hispanic or Latinx|Hispanic or Latin|Native Hawaiian or Pacific Islander|White|Two or More Races or Ethnicities|LGBTQ+|Did Not Disclose Demographic Background,1,1,1,continued_other_narrative,2025-06-24,issuer SEC filing,https://www.sec.gov/Archives/edgar/data/1825452/000165495425007365/onfo_def14a.htm,DEF 14A,0001654954-25-007365,0.75,"\bdiversity\b.{0,220}\b(?:director|directors|nominee|nominees|board)\b",8,8,0,a15e1880be5bfc1c,"director nominees, our Board of Directors generally seeks to identify individuals with diverse, yet complementary backgrounds. Our directors consider both the personal characteristics and experience of director nominees, including each nominee’s independence, diversity, age, skills, expertise, time availability and industry background in the context of the needs of the Board of Directors and the Company. The Board of Directors believes that director nominees should exhibit proven leadership capabilities and experience at a high level of responsibility within their chosen fields, and have the experience and ability to analyze business issues facing our Company. In addition to business expertise, the Board of Directors requires that director nominees have the highest personal and professional ethics, integrity and values and, above all, are committed to representing the long-term interests of our stockholders and other stakeholders. Our Policy Guide on Director Qualifications is available on the “Investor Relations-Corporate Governance” page our principal corporate website located at https://www.onfolio.com . To date, all new candidates have been identified and recommended by members of our Board of Directors, including management and non-management directors, our principal executive officer,",,,,,,0,0,0,matrix_replaced_by_or_supplemented_with_narrative,"Post-vacatur evidence is board/diversity narrative, not an extracted matrix.",board_diversity_narrative,Published matrix date is on/before due+30 grace.,,,,,,,,,0,,8e8b1607b96afbc0,5.0,0,0,0,0,5,0,0,0.0,0.0,0.0,0.0,0.0,0.0,6.0,1,1,0,0,0,0,0,0,96,Technology,Europe,2023,proxy,1,1,0,1,0,1,0,1,0
1885408,NEXR,Nexera Technologies Ltd,foreign_private_issuer,Israel,5900,Retail-Miscellaneous Retail,2022-08-26,first_trading,2023-08-26,2023-09-25,no_release_found_after_checks,medium,not_located,,no_dated_release,,,,,,,,,,,,,,0,0,0,not_continued_in_reviewed_filings,,,,,,0.7,,78,40,0,,,,,,,,0,0,0,no_post_vacatur_matrix_extracted,No post-vacatur matrix was extracted from reviewed filings.,no_signal_found,"No substantive primary matrix located after SEC, committed-check FTS/Wayback, website candidates, and manual/browser review where applicable.","Searched web and issuer/investor/governance pages; checked Jeffs Brands/Nexera 2023, 2024, 2025, and 2026 20-F filings plus SEC filing inventory. No substantive Board Diversity Matrix located; search hits were other issuers or director biographies mentioning Jeffs Brands.",not_found_in_current_sec_filings,,,not_found,,,not_found,1,no_release_found_after_checks,89889eccb065dbe2,,,,,,,,,,,,,,,0.0,0,0,0,0,0,0,0,0,,Consumer / retail,Israel,2023,unknown,0,0,1,0,0,0,1,0,0
1892480,,"Hempacco Co., Inc.",domestic,CA,2111,Cigarettes,2022-08-30,first_trading,2023-08-30,2023-09-29,no_release_found_after_checks,medium,not_located,,no_dated_release,,,,,,,,,,,,,,0,0,0,no_post_vacatur_relevant_filing,,,,,,0.65,,0,0,0,,,,,,,,0,0,0,no_post_vacatur_matrix_extracted,No post-vacatur matrix was extracted from reviewed filings.,no_signal_found,"No substantive primary matrix located after SEC, committed-check FTS/Wayback, website candidates, and manual/browser review where applicable.","Searched web and current issuer site; checked Hempacco 2023 10-K, 2023 DEF 14C, 2024 10-K, 2024 DEF 14A, and 2024 DEF 14C. No substantive Board Diversity Matrix located; search hit was third-party OutQUORUM aggregate only.",not_found_in_current_sec_filings,,,not_found,,,not_found,1,no_release_found_after_checks,74b36c0a0967cfeb,,,,,,,,,,,,,,,0.0,0,0,0,0,0,0,0,0,,Manufacturing / industrials,Other non-US,2023,unknown,0,0,1,0,0,0,1,0,0
1757499,SHPH,"Shuttle Pharmaceuticals Holdings, Inc.",domestic,MD,2834,Pharmaceutical Preparations,2022-08-31,first_trading,2023-08-31,2023-09-30,released_in_required_window,high,published_on_time,2022-11-21,on_or_before_due_date,issuer SEC filing,https://www.sec.gov/Archives/edgar/data/1757499/000149315222033175/formdef14a.htm,edgar_filing,DEF 14A,0001493152-22-033175,Board Diversity Matrix;Board of Directors Diversity Matrix;Directors Diversity Matrix;Total Number of Directors;Did Not Disclose Gender,531b131171ddff29,"and lecturer at several acclaimed universities worldwide. Her wealth of experience in research, administration and serving on boards coupled with her unique background and perspectives makes her ideally suited to serving as a member of our Board . 7 BOARD DIVERSITY matrix We believe that our Board of Directors should consist of individuals reflecting the diversity represented by our employees, customers and the communities in which we operate. The below table provides information related to the composition of our Board members and nominees. Each of the categories listed in the below table has the meaning as it is used in Nasdaq Rule 5605(f). Total Number of Directors: XX Female Male Non-Binary Did Not Disclose Gender Part I: Gender Identity Directors 1 5 - - Part II: Demographic Background African American or Black - 1 - - Alaskan Native or Native American 1 - - - Asian - 1 - - Hispanic",BOARD DIVERSITY matrix,,,Female|Male|Non-Binary|Did Not Disclose Gender,African American or Black|Alaskan Native or Native American|Asian,1,1,0,continued_other_narrative,2025-02-26,issuer SEC filing,https://www.sec.gov/Archives/edgar/data/1757499/000149315225008300/form10-k.htm,10-K,0001493152-25-008300,0.75,"\bdiversity\b.{0,220}\b(?:director|directors|nominee|nominees|board)\b",11,11,0,cca8d844aef94948,"nd to the board of directors a set of corporate governance principles applicable to the Company, and to oversee the evaluation of the board of directors and the Company’s management. In addition, the nominating and corporate governance committee will consider diversity of background including diversity of race, ethnicity, international background, gender and age when evaluating candidates for board of directors membership. Further, the nominating and corporate governance committee, to the extent it deems necessary or appropriate, among its several other responsibilities will: ● recommend to the board of directors and for approval by a majority of independent directors for election by stockholders or appointment by the board of directors as the case may be, pursuant to our bylaws and consistent with the board of director’s evidence for selecting new directors; ● review the suitability for continued service as a director of each member of the board of directors when his or her term expires or when he or she has a significant change in status; ● review annually the composition of the board of directors and to review periodically the size of the board of directors; ● make recommendations on the frequency and structure of board of directors meetings",,,,,,0,0,0,matrix_replaced_by_or_supplemented_with_narrative,"Post-vacatur evidence is board/diversity narrative, not an extracted matrix.",board_diversity_narrative,Published matrix date is on/before due+30 grace.,,,,,,,,,0,,794814bb8f44227c,,1,0,0,3,,,,,,,,,,2.5,1,0,1,0,1,0,1,0,283,Life sciences / medical,Other non-US,2023,proxy,1,1,0,1,0,1,0,1,0
1650101,ATXG,ADDENTAX GROUP CORP.,domestic,F4,7330,"Services-Mailing, Reproduction, Commercial Art & Photography",2022-09-01,pricing_proxy,2023-09-01,2023-10-01,released_after_required_window,high,published_late,2024-05-30,after_30_day_grace,issuer SEC filing,https://www.sec.gov/Archives/edgar/data/1650101/000149315224021876/formdef14a.htm,edgar_filing,DEF 14A,https://www.sec.gov/Archives/edgar/data/1650101/000149315224021876/formdef14a.htm,Board Diversity Matrix;Total Number of Directors;Gender Identity;Demographic Background,8f73a7ab3f8708b9,"Addentax Group Corp. Board Diversity Matrix as of May 20, 2024. Country of Principal Executive Offices China; Foreign Private Issuer No; Disclosure Prohibited under Home Country Law No. Total Number of Directors 5. Part I: Gender Identity: Directors Female 0, Male 5, Non-Binary 0, Did Not Disclose Gender 0. Part II: Demographic Background: Underrepresented Individual in Home Country Jurisdiction 0; LGBTQ+ 0; Did Not Disclose Demographic Background 0; Directors who are Aboriginal Peoples 0; Directors with Disabilities 0.",Board Diversity Matrix,"as of May 20, 2024",5,Female|Male|Non-Binary|Did Not Disclose Gender,LGBTQ+|Did Not Disclose Demographic Background,1,1,1,continued_other_narrative,2025-03-10,issuer SEC filing,https://www.sec.gov/Archives/edgar/data/1650101/000149315225009643/formdef14a.htm,DEF 14A,0001493152-25-009643,0.75,"\bdiversity\b.{0,220}\b(?:director|directors|nominee|nominees|board)\b",5,5,0,060e6095a4539a03,"3. He previously served as CFO at Big Red Rooster Flow, LLC from June 2021 to August 2023. From July 2019 until April 2021, he served as VP of Finance & Accounting for Hilco IP Merchant Bank. From March 2017 until March 2019, he served as CFO for Professional Diversity Network, Inc. (Nasdaq: IPDN). From June 2013 until April 2016, he served as the CFO and Controller of Petstages Inc. Mr. Xiao has also been an independent director for several public companies. Since November 2021, Mr. Xiao has been an independent board director and the chairman of the audit committee of Embrace Change Acquisition Corp (NASDAQ: EMCG), a special purpose acquisition company, or “SPAC”. From July 2019 to November 2021, Mr. Xiao served as an independent board director and audit committee chair of Takung Art Co. Ltd. (NYSE: TKAT). He received a master’s degree in business administration from the Ross School of Business at the University of Michigan and a bachelor’s degree in accounting from Tsinghua University. Required Vote Our Articles of Incorporation does not authorize cumulative voting. Nevada law and our Bylaws provide that directors are to be elected by a plurality of the votes of the shares cast on the election of directors. This means that the five (5) candidates receiving the",,,,,,0,0,0,matrix_replaced_by_or_supplemented_with_narrative,"Post-vacatur evidence is board/diversity narrative, not an extracted matrix.",board_diversity_narrative,Published matrix date is after due+30 grace.,"Confirmed in 2024 DEF 14A. 2023 10-K and 2024 10-K checked without matrix; issuer governance page did not expose matrix text. Due 2023-09-01, 2024-05-30 filing is late.",not_found_in_current_sec_filings,,,not_found,,,not_found,0,,e068d9eb39d9d4f2,5.0,0,0,0,,,0,0,0.0,0.0,0.0,,0.0,0.0,4.0,1,0,0,0,0,0,0,0,-272,Services,Other non-US,2023,proxy,1,0,1,1,0,1,0,1,0
1712762,BIAF,"bioAffinity Technologies, Inc.",domestic,TX,8731,Services-Commercial Physical & Biological Research,2022-09-01,first_trading,2023-09-01,2023-10-01,released_after_required_window,high,published_late,2024-04-15,after_30_day_grace,issuer SEC filing,https://www.sec.gov/Archives/edgar/data/1712762/000149315224014522/formdef14a.htm,edgar_filing,DEF 14A,https://www.sec.gov/Archives/edgar/data/1712762/000149315224014522/formdef14a.htm,Board Diversity Matrix;Total Number of Directors;Gender Identity;Demographic Background,d182bd9e15851847,"bioAffinity Technologies, Inc. Board Diversity Matrix as of April 8, 2024. Total Number of Directors 8. Part I: Gender Identity: Directors Female 2, Male 6, Non-Binary 0, Did Not Disclose Gender 0. Part II: Demographic Background: White Female 2, Male 6; LGBTQ+ 0; Did Not Disclose Demographic Background 0.",Board Diversity Matrix,"as of April 8, 2024",8,Female|Male|Non-Binary|Did Not Disclose Gender,White|LGBTQ+|Did Not Disclose Demographic Background,1,1,1,continued_other_narrative,2025-04-15,issuer SEC filing,https://www.sec.gov/Archives/edgar/data/1712762/000164117225004857/formpre14a.htm,PRE 14A,0001641172-25-004857,0.75,"\bdiversity\b.{0,220}\b(?:director|directors|nominee|nominees|board)\b",13,13,0,894a0944bf024155,"Nominating and Corporate Governance Committee Charter sets forth criteria that the Committee may consider, among other criteria deemed appropriate by the committee, in recommending candidates for election to the Board. The Board has no formal policy regarding diversity, but diversity is considered when evaluating nominees because the Board believes that gender and minority representation is a key component in attaining the diverse array of viewpoints sought by the Board among its members. The Company also does not have formal stock ownership guidelines for directors, but ownership of the Company’s Common Stock by directors is encouraged and, in part, facilitated by grants of stock options and restricted stock awards to directors as described below under “Executive and Director Compensation – Director Compensation.” Directors are not restricted to term limits, but the Board considers each director’s tenure, level of involvement on the Board, and other attributes and qualities to determine whether to approve a director as a nominee for re-election. The Nominating and Corporate Governance Committee will consider director candidates recommended by stockholders if provided with the following: (i) the written consent of the candidate(s) for nomination as a director and verification as to the accuracy of the b",,,,,,0,0,0,matrix_replaced_by_or_supplemented_with_narrative,"Post-vacatur evidence is board/diversity narrative, not an extracted matrix.",board_diversity_narrative,Published matrix date is after due+30 grace.,"Confirmed in 2024 DEF 14A. 2023 DEF 14A and 2024 10-K checked without matrix; issuer site checked. Due 2023-09-01, 2024-04-15 filing is late.",not_found_in_current_sec_filings,,,not_found,,,not_found,0,,f7f12e9d8007426d,8.0,2,0,0,,,0,0,0.25,0.0,0.0,,0.0,0.0,4.0,1,0,1,0,0,0,1,0,-227,Life sciences / medical,Other non-US,2023,proxy,1,0,1,1,0,1,0,1,0
1898604,VSTD,Vestand Inc.,domestic,CA,5812,Retail-Eating  Places,2022-09-09,first_trading,2023-09-09,2023-10-09,released_after_required_window,high,published_late,2023-11-06,after_30_day_grace,issuer SEC filing,https://www.sec.gov/Archives/edgar/data/1898604/000149315223039587/formdef14a.htm,edgar_filing,DEF 14A,https://www.sec.gov/Archives/edgar/data/1898604/000149315223039587/formdef14a.htm,Board Diversity Matrix;Total Number of Directors;Gender Identity;Demographic Background,3f82cae63cb746fe,"Yoshiharu Global Co. Board Diversity Matrix as of September 30, 2023. Total Number of Directors 4. Part I: Gender Identity: Directors Female 2, Male 2, Non-Binary 0, Did Not Disclose Gender 0. Part II: Demographic Background: Asian Female 2, Male 2; all other listed categories 0; LGBTQ+ 0; Did Not Disclose Demographic Background 0.",Board Diversity Matrix,"as of September 30, 2023",4,Female|Male|Non-Binary|Did Not Disclose Gender,Asian|LGBTQ+|Did Not Disclose Demographic Background,1,1,1,not_continued_in_reviewed_filings,,,,,,0.7,,3,3,0,,,,,,,,0,0,0,no_post_vacatur_matrix_extracted,No post-vacatur matrix was extracted from reviewed filings.,no_signal_found,Published matrix date is after due+30 grace.,"Confirmed in 2023 DEF 14A for Yoshiharu/Vestand predecessor naming. 2024 10-K checked without matrix. Due 2023-09-09, filing date 2023-11-06 is late.",not_found_in_current_sec_filings,,,not_found,,,not_found,0,,17a210b62f4f1958,4.0,2,0,0,,,0,0,0.5,0.0,0.0,,0.0,0.0,4.0,1,0,1,0,0,0,1,0,-58,Consumer / retail,Other non-US,2023,proxy,1,0,1,0,0,0,1,0,0
1887673,WLDS,Wearable Devices Ltd.,foreign_private_issuer,L3,3576,Computer Communications Equipment,2022-09-13,first_trading,2023-09-13,2023-10-13,released_in_required_window,high,published_on_time,2023-08-04,on_or_before_due_date,issuer website archived by Internet Archive,https://www.wearabledevices.co.il/_files/ugd/fd494d_b8bd0202161346f58cfc2d669130c313.pdf,website_archive,,https://www.wearabledevices.co.il/_files/ugd/fd494d_b8bd0202161346f58cfc2d669130c313.pdf,Board Diversity Matrix;Total Number of Directors;Gender Identity;Demographic Background,6225e14f00a46271,"Wearable Devices Ltd. Board Diversity Matrix. Company Name Wearable Devices Ltd.; Country of Principal Executive Offices State of Israel; Foreign Private Issuer Yes; Disclosure Prohibited Under Home Country Law No. As of August 4, 2023, Total Number of Directors 6. Gender Identity: Directors Female 1, Male 4, Non-Binary 0, Did Not Disclose Gender 0. Did Not Disclose Demographic Background 1.",Board Diversity Matrix,"As of August 4, 2023",6,Female|Male|Non-Binary|Did Not Disclose Gender,Did Not Disclose Demographic Background,1,1,1,not_continued_in_reviewed_filings,,,,,,0.7,,40,40,0,,,,,,,,0,0,0,no_post_vacatur_matrix_extracted,No post-vacatur matrix was extracted from reviewed filings.,no_signal_found,Published matrix date is on/before due+30 grace.,"Confirmed via issuer IR governance page and visual/rendered inspection of PDF form fields; plain PDF text extraction missed values. SEC 2024 6-K exhibit links to same PDF; 20-Fs checked without matrix. Due 2023-09-13, 2023-08-04 is on time.",not_found_in_current_sec_filings,,,not_found,,,not_found,0,,bff922f8d37f4871,6.0,1,0,0,,,,1,0.16666666666666666,0.0,0.0,,,0.16666666666666666,3.0,1,0,1,0,0,0,1,1,40,Technology,Other non-US,2023,unknown,1,1,0,0,0,0,1,0,0
1756701,LNKB,"LINKBANCORP, Inc.",domestic,PA,6022,State Commercial Banks,2022-09-14,first_trading,2023-09-14,2023-10-14,released_in_required_window,high,published_on_time,2023-04-18,on_or_before_due_date,issuer SEC filing,https://www.sec.gov/Archives/edgar/data/1756701/000119312523104985/d453386ddef14a.htm,edgar_filing,DEF 14A,0001193125-23-104985,Board Diversity Matrix;Total Number of Directors;Did Not Disclose Gender;Did Not Disclose Demographic Background,9e09bc4147a0d4f1,"mpany must annually disclose information on each director’s voluntary self-identified characteristics. The table below includes information on the diversity of the Board of Directors based upon such information voluntarily provided by each director. Board Diversity Matrix (as of March 1, 2023) Board Size: Total Number of Directors 14 Female Male Non-Binary Did not Disclose Gender Part I: Gender Identity: Directors 4 10 — — Part II: Demographic Background African American or Black — — — — Alaskan Native or Native American — — — — Asian — 1 — — Hispanic or Latinx — — — — Native Hawaiian or Pacific Islander — — — — White 4 9 — — Two or More Races or Ethnicities — — — — LGBTQ+ — Did Not Disclose Demographic Background — Board Independence Based on information provided by each director concerning his or her background, employment and affiliations, LINK believes that all of the directors other",Board Diversity Matrix,"as of March 1, 2023",14,Female|Male|Non-Binary|Did Not Disclose Gender,African American or Black|Alaskan Native or Native American|Asian|Hispanic or Latinx|Hispanic or Latin|Native Hawaiian or Pacific Islander|White|Two or More Races or Ethnicities|LGBTQ+|Did Not Disclose Demographic Background,1,1,1,continued_other_narrative,2025-04-17,issuer SEC filing,https://www.sec.gov/Archives/edgar/data/1756701/000119312525083608/d888555ddef14a.htm,DEF 14A,0001193125-25-083608,0.75,"\bdiversity\b.{0,220}\b(?:director|directors|nominee|nominees|board)\b",3,3,0,a2781e632eacc7f6,", charitable and religious organizations; (4) personal and professional integrity, honesty and reputation; (5) the ability to represent the best interests of the Company’s shareholders and the best interests of the Company; (6) the amount of gender and ethnic diversity on the Board; and (7) independence, as that term is defined under applicable Securities and Exchange Commission and NASDAQ listing criteria. The Company’s goal is to have a Board of Directors whose members have diverse professional backgrounds and have demonstrated professional achievement with the highest personal and professional ethics and integrity and whose values are compatible with those of LINK. The Nominating and Corporate Governance Committee may consider qualified candidates for director suggested by shareholders. Shareholders can suggest qualified candidates for director by writing to the Corporate Secretary at 1250 Camp Hill Bypass, Suite 202, Camp Hill, PA 17011. Shareholders wishing to suggest a candidate for director should write to the Company’s Secretary and must include: • A statement that the writer is a shareholder and is proposing a candidate for consideration by the Board of Directors; • The name and address of the shareholder as they appear on the Company’s books, and of the beneficial owner, if any, o",,,,,,0,0,0,matrix_replaced_by_or_supplemented_with_narrative,"Post-vacatur evidence is board/diversity narrative, not an extracted matrix.",board_diversity_narrative,Published matrix date is on/before due+30 grace.,,,,,,,,,0,,e66711d4778484bb,14.0,4,0,0,1,13,0,0,0.2857142857142857,0.0,0.0,0.07142857142857142,0.0,0.0,6.0,1,1,1,0,1,0,1,0,149,Finance / real estate,Other non-US,2023,proxy,1,1,0,1,0,1,0,1,0
1923840,,"Third Harmonic Bio, Inc.",domestic,CA,2834,Pharmaceutical Preparations,2022-09-15,first_trading,2023-09-15,2023-10-15,released_in_required_window,high,published_on_time,2023-04-24,on_or_before_due_date,issuer SEC filing,https://www.sec.gov/Archives/edgar/data/1923840/000095017023014106/thrd-def_14a-2023.htm,edgar_filing,DEF 14A,0000950170-23-014106,Board Diversity Matrix;Total Number of Directors;Did Not Disclose Demographic Background,9a0910c10b661443,"d its committees. While we have not adopted a specific policy regarding Board diversity, we value diversity on a company-wide basis. The following table sets forth the diversity statistics as self-identified by the members of our Board of Directors. Board Diversity Matrix (As of April 24, 2023) Total Number of Directors 7 Female Male Non-Binary Did Not Disclose Part I: Gender Identity Directors 1 4 — 2 Part II: Demographic Background Asian — — — — White 1 2 — — Black or African American — 1 — — Two or More Races or Ethnicities 1 Did Not Disclose Demographic Background — — — 2 Committees of Our Board of Directors Our Board of Directors has established an Audit Committee, a Compensation Committee, and a Nominating and Governance Committee each of which has the composition and responsibilities described below. Members serve on these committees until their resignation or until otherwise dete",Board Diversity Matrix,"As of April 24, 2023",7,Female|Male|Non-Binary,Asian|White|Two or More Races or Ethnicities|Did Not Disclose Demographic Background,1,0,1,continued_other_narrative,2025-04-14,issuer SEC filing,https://www.sec.gov/Archives/edgar/data/1923840/000095017025053490/thrd-20250414.htm,PRE 14A,0000950170-25-053490,0.75,\bboard diversity\b,4,4,0,d20f1381ce2ebd71,"ability to devote 12 adequate time and effort to our Board of Directors, ability to contribute to our Board of Directors’ overall effectiveness, and the needs of our Board of Directors and its committees. While we have not adopted a specific policy regarding Board diversity, we value diversity on a company-wide basis. Committees of Our Board of Directors Our Board of Directors has established an Audit Committee, a Compensation Committee, and a Nominating and Governance Committee each of which has the composition and responsibilities described below. Members serve on these committees until their resignation or until otherwise determined by our Board of Directors. Each of these committees has a written charter, copies of which are available on the investor relations section of our website at https://ir.thirdharmonicbio.com/governance/documents-and-charters. Audit Committee Our Audit Committee is composed of Geoff McDonough M.D., Dr. H. Martin Seidel, Ph.D., and Mr. Thomas M. Soloway. Mr. Soloway is the Chair of our Audit Committee. The composition of our Audit Committee meets the requirements for independence",,,,,,0,0,0,matrix_replaced_by_or_supplemented_with_narrative,"Post-vacatur evidence is board/diversity narrative, not an extracted matrix.",board_diversity_narrative,Published matrix date is on/before due+30 grace.,,,,,,,,,0,,7baaf5b0299a6b41,7.0,1,0,,0,3,,0,0.14285714285714285,0.0,,0.0,,0.0,3.1666666666666665,1,0,1,0,0,0,1,0,144,Life sciences / medical,Other non-US,2023,proxy,1,1,0,1,0,1,0,1,0
1527352,NXL,"Nexalin Technology, Inc.",domestic,TX,3845,Electromedical & Electrotherapeutic Apparatus,2022-09-16,first_trading,2023-09-16,2023-10-16,released_in_required_window,high,published_on_time,2023-10-06,within_30_day_grace,issuer SEC filing,https://www.sec.gov/Archives/edgar/data/1527352/000182912623006467/nexalintech_def14a.htm,edgar_filing,DEF 14A,0001829126-23-006467,Board Diversity Matrix;Total Number of Directors,763e44ab306daa85,"t vary based on whether a candidate is recommended by a stockholder, although, as stated above, the Board may take into consideration the number of shares held by the recommending stockholder and the length of time that such shares have been held. 8 Board Diversity Matrix The table below provides an enhanced disclosure regarding the diversity of the members of our Board of Directors. Each of the categories listed in the below table has the meaning as it is used in Nasdaq Rule 5605(f). Board Diversity Matrix (As of October 6, 2023) Total Number of Directors 5 Female Male Non-Binary Gender Undisclosed Directors - 5 - - Demographic Information: African American or Black - - - - Alaskan Native or Native American - - - - Asian - 1 - - Hispanic or Latinx - - - - Native Hawaiian or Pacific Islander - - - - White - 4 - - LGBTQ+ - - - - Attendance at Committee and Board Meetings In 2022, the Boar",Board Diversity Matrix,"As of October 6, 2023",5,Female|Male|Non-Binary,African American or Black|Alaskan Native or Native American|Asian|Hispanic or Latinx|Hispanic or Latin|Native Hawaiian or Pacific Islander|White|LGBTQ+,1,0,0,continued_other_narrative,2025-06-17,issuer SEC filing,https://www.sec.gov/Archives/edgar/data/1527352/000182912625004535/nexalintech_def14a.htm,DEF 14A,0001829126-25-004535,0.75,"\bdiversity\b.{0,220}\b(?:director|directors|nominee|nominees|board)\b",5,5,0,5aceb86d64baecea,"er personal or professional activities. The Nominating Committee’s criteria for evaluating potential candidates include the following: (i) an understanding of the Company’s business environment; and (ii) the possession of such knowledge, skills, expertise and diversity of experience so as to enhance the Board’s ability to manage and direct the affairs and business of the Company including, when applicable, to enhance the ability of committees of the Board to fulfill their duties and/or satisfy any independence requirements imposed by law, regulation or listing requirements. The Nominating Committee considers director candidates recommended by stockholders. In considering candidates submitted by stockholders, the Committee will take into consideration the needs of the Board and the qualifications of the candidate. The Nominating Committee may also take into consideration the number of shares held by the recommending stockholder and the length of time that such shares have been held. To have a candidate considered by the Nominating Committee, a stockholder must submit the recommendation in writing and must include the following information: the name of the stockholder and evidence of the person’s ownership of Company stock, including the number of shares owned and the length of time of owne",,,,,,0,0,0,matrix_replaced_by_or_supplemented_with_narrative,"Post-vacatur evidence is board/diversity narrative, not an extracted matrix.",board_diversity_narrative,Published matrix date is on/before due+30 grace.,,,,,,,,,0,,0af3515fb3760d8f,5.0,0,0,,1,4,0,,0.0,0.0,,0.2,0.0,,3.8333333333333335,1,1,0,0,1,0,1,0,-20,Life sciences / medical,Other non-US,2023,proxy,1,1,0,1,0,1,0,1,0
1514183,SILO,"Silo Pharma, Inc.",domestic,FL,2834,Pharmaceutical Preparations,2022-09-28,pricing_proxy,2023-09-28,2023-10-28,released_in_required_window,high,published_on_time,2023-10-23,within_30_day_grace,issuer SEC filing,https://www.sec.gov/Archives/edgar/data/1514183/000101376223005850/ea187109-def14a_silopharma.htm,edgar_filing,DEF 14A,0001013762-23-005850,Board Diversity Matrix;Total Number of Directors;Did Not Disclose Gender;Did Not Disclose Demographic Background,6484cec87c67f491,"chelor of Art degree in Political Science from John Hopkins University. We believe that Dr. Pavell is qualified to serve as a member of our board of directors due to his medical background and experience practicing in the healthcare industry. - 14 - Board Diversity Matrix Our Nominating and Corporate Governance Committee is committed to promoting diversity on our Board of Directors. We have surveyed our current directors and asked each director to self-identify their race, ethnicity, and gender using one or more of the below categories. The results of this survey as of the Record Date are included in the matrixes below. Board Diversity Matrix (As of October 10, 2023) Total Number of Directors 4 Part I: Gender Identity Female Male Non-Binary Did Not Disclose Gender Directors 4 Part II: Demographic Background African American or Black Alaskan Native or Native American Asian Hispanic or Lat",Board Diversity Matrix,"As of October 10, 2023",4,Female|Male|Non-Binary|Did Not Disclose Gender,African American or Black|Alaskan Native or Native American|Asian,1,1,0,continued_other_narrative,2025-03-28,issuer SEC filing,https://www.sec.gov/Archives/edgar/data/1514183/000101376225004139/ea0234891-10k_silopharma.htm,10-K,0001013762-25-004139,0.75,\bboard diversity\b,5,5,0,9d39eb3f4c83508b,"tee and our board of directors may consider a broad range of factors relating to the qualifications and background of board nominees, which may include diversity, which is not only limited to race, gender or national origin. We have no formal policy regarding board diversity. Our nominating and corporate governance committee’s and our board of directors’ priority in selecting board members is identification of persons who will further the interests of our stockholders through his or her established record of professional accomplishment, the ability to contribute positively to the collaborative culture among board members, knowledge of our business, understanding of the competitive landscape and professional and personal experiences and expertise relevant to our growth strategy. Our directors hold office until their successors have been elected and qualified or until the earlier of their death, resignation or removal. Our articles of incorporation and amended and restated bylaws also provide that our directors may be removed only for cause by the affirmative vote of the holders of 2/3 of the votes that all ou",,,,,,0,0,0,matrix_replaced_by_or_supplemented_with_narrative,"Post-vacatur evidence is board/diversity narrative, not an extracted matrix.",board_diversity_narrative,Published matrix date is on/before due+30 grace.,,,,,,,,,0,,21fc617211ae0921,4.0,,,,,,,,,,,,,,2.0,0,0,0,0,0,0,0,0,-25,Life sciences / medical,Other non-US,2023,proxy,1,1,0,1,0,1,0,1,0
1807887,LASE,Laser Photonics Corp,domestic,FL,3690,"Miscellaneous Electrical Machinery, Equipment & Supplies",2022-09-30,first_trading,2023-09-30,2023-10-30,no_release_found_after_checks,medium,not_located,,no_dated_release,,,,,,,,,,,,,,0,0,0,continued_other_narrative,2025-11-12,issuer SEC filing,https://www.sec.gov/Archives/edgar/data/1807887/000149315225021820/formdef14a.htm,DEF 14A,0001493152-25-021820,0.75,"\bdiversity\b.{0,220}\b(?:director|directors|nominee|nominees|board)\b",5,5,0,bce1e34324aead33,"Board of Directors, including nominees recommended by shareholders, based on numerous factors it considers appropriate, including but not limited to industry experience, strength of character, mature judgment, career specialization, relevant technical skills, diversity, and the extent to which the nominee would fill a present need on our Board of Directors. Cyber Risk Management and Strategy Under the oversight of the Board of Directors and Audit Committee, we have implemented and maintain a risk management program that includes processes for the systematic identification, assessment, management, and treatment of cybersecurity risks. Our cybersecurity oversight and operational processes are integrated into our overall risk management processes, and cybersecurity is one of our designated risk categories. We use the National Institute of Standards and Technology Cybersecurity Framework to guide our approach, ensuring a structured and comprehensive strategy for managing cybersecurity risks. We implement a risk-based approach to the management of cyber threats, supported by cybersecurity technologies, including automated tools, designed to monitor, identify, and address cybersecurity risks. In support of this approach, our IT security team implements processes to assess, id",,,,,,0,0,0,matrix_replaced_by_or_supplemented_with_narrative,"Post-vacatur evidence is board/diversity narrative, not an extracted matrix.",board_diversity_narrative,"No substantive primary matrix located after SEC, committed-check FTS/Wayback, website candidates, and manual/browser review where applicable.","Searched web and issuer/governance pages; checked 2023 DEF 14A, 2024 10-K, 2024 DEF 14A, and 2025 proxy result. Issuer Board Diversity Informational Document is a general rule/background document, not a completed company matrix. No substantive Board Diversity Matrix located.",not_found_in_current_sec_filings,,,not_found,,,not_found,1,no_release_found_after_checks,bf90bbc505364b95,,,,,,,,,,,,,,,0.0,0,0,0,0,0,0,0,0,,Energy / industrials,Other non-US,2023,unknown,0,0,1,1,0,1,0,1,0
1894562,PRME,"Prime Medicine, Inc.",domestic,MA,2836,"Biological Products, (No Diagnostic Substances)",2022-10-20,first_trading,2023-10-20,2023-11-19,released_in_required_window,high,published_on_time,2023-04-28,on_or_before_due_date,issuer SEC filing,https://www.sec.gov/Archives/edgar/data/1894562/000162828023013811/fy2022proxystatement.htm,edgar_filing,DEF 14A,0001628280-23-013811,Board Diversity Matrix;Total Number of Directors,ded32be0a6977161,"l of our current Board members possess the professional and personal qualifications necessary for Board service and have highlighted particularly noteworthy attributes for each Board member in the individual biographies above. 10 Board Diversity The Board diversity matrix below provides the diversity statistics for our Board as of April 28, 2023: Total Number of Directors: 7 Part I: Gender Identity Female Male Non-Binary Did Not Disclose Part II: Demographic Background African American or Black 1 1 Alaskan Native or Native American Asian Hispanic or Latinx Native Hawaiian or Pacific Islander White 3 Two or More Races or Ethnicities 1 LGBTQ+ Did Not Disclose 1 Director Independence Our common stock is listed on the Nasdaq Global Market. Under the Nasdaq listing rules, independent directors must comprise a majority of a listed company’s board of directors within twelve months from the date",Board Diversity The Board diversity matrix,"as of April 28, 2023",7,Female|Male|Non-Binary,African American or Black|Alaskan Native or Native American|Asian|Hispanic or Latinx|Hispanic or Latin|Native Hawaiian or Pacific Islander|White|Two or More Races or Ethnicities|LGBTQ+,1,0,0,not_continued_in_reviewed_filings,,,,,,0.7,,9,9,0,,,,,,,,0,0,0,no_post_vacatur_matrix_extracted,No post-vacatur matrix was extracted from reviewed filings.,no_signal_found,Published matrix date is on/before due+30 grace.,,,,,,,,,0,,e2dab77cbc693b5d,7.0,,,,,,1,,,,,,0.14285714285714285,,2.0,0,0,0,0,0,1,1,0,175,Life sciences / medical,Other non-US,2023,proxy,1,1,0,0,0,0,1,0,0
1910139,MBLY,Mobileye Global Inc.,domestic,Israel,7372,Services-Prepackaged Software,2022-10-26,first_trading,2023-10-26,2023-11-25,released_in_required_window,high,published_on_time,2023-04-28,on_or_before_due_date,issuer SEC filing,https://www.sec.gov/Archives/edgar/data/1910139/000110465923052939/tm2311724d2_def14a.htm,edgar_filing,DEF 14A,0001104659-23-052939,Board Matrix;Did Not Disclose Gender,a8f69761afd9a57c,"set forth in our Corporate Governance Guidelines, the Nominating and Corporate Governance Committee and the Board periodically review and assess the effectiveness of these practices for considering potential director candidates. 5 TABLE OF CONTENTS Board Matrix Listed below is detailed information regarding Board diversity required by Nasdaq’s listing standards. ​ ​ ​ Female ​ ​ Male ​ ​ Non-Binary ​ ​ Did Not Disclose Gender ​ Gender Diversity ​ ​ ​ ​ ​ ​ ​ ​ ​ ​ ​ ​ ​ ​ ​ ​ ​ ​ ​ Directors ​ ​ ​ ​ 2 ​ ​ ​ ​ ​ 6 ​ ​ ​ ​ ​ ​ ​ ​ Racial/Ethnic/Nationality/Other Forms of Diversity ​ ​ ​ ​ ​ ​ ​ ​ ​ ​ ​ ​ ​ ​ ​ ​ ​ ​ ​ African American/Black ​ ​ ​ ​ ​ ​ ​ ​ ​ ​ 1 ​ ​ ​ ​ ​ ​ ​ ​ Alaskan Native/Native American ​ ​ ​ ​ ​ ​ ​ ​ ​ ​ ​ ​ ​ ​ ​ ​ ​ ​ ​ Asian/South Asian ​ ​ ​ ​ ​ ​ ​ ​ ​ ​ ​ ​ ​ ​ ​ ​ ​ ​ ​ Hispanic/Latinx ​ ​ ​ ​ ​ ​ ​ ​ ​ ​ ​ ​ ​ ​ ​ ​ ​ ​ ​ Native Hawaiian/Pacific Islander ​ ​",,,,Female|Male|Non-Binary|Did Not Disclose Gender,Asian,1,1,0,continued_other_narrative,2025-04-25,issuer SEC filing,https://www.sec.gov/Archives/edgar/data/1910139/000110465925039006/tm252523-5_def14a.htm,DEF 14A,0001104659-25-039006,0.75,\bboard diversity\b,6,6,0,fae0805880d87c01,"and others as it deems appropriate. A stockholder who wishes to suggest a candidate for the committee’s consideration should send the candidate’s name and qualifications to our Secretary. Although our Board does not maintain a specific policy with respect to board diversity, pursuant to our Corporate Governance Guidelines, our Board seeks to have directors that collectively reflect a wide range of backgrounds, which may include factors such as experience and expertise, and the Nominating and Corporate Governance Committee considers a broad range of backgrounds and experiences. Director nominations by stockholders must also satisfy certain other requirements specified in our bylaws. The Secretary’s contact information can be found in this proxy statement under the heading “Other Matters; Communicating with Us” on page 57 . Director Skills, Experience, and Background As we discuss below under “Board Committees” on page 9 , the Nominating and Corporate Governance Committee is responsible for assessing with the Board the appropriate skills, experience, and background that we seek in Board members in the context",,,,,,0,0,0,matrix_replaced_by_or_supplemented_with_narrative,"Post-vacatur evidence is board/diversity narrative, not an extracted matrix.",board_diversity_narrative,Published matrix date is on/before due+30 grace.,,,,,,,,,0,,b2f0ecb008159c07,,,,,,,,,,,,,,,2.0,0,0,0,0,0,0,0,0,181,Technology,Israel,2023,proxy,1,1,0,1,0,1,0,1,0
1886894,SNAL,"Snail, Inc.",domestic,CA,7372,Services-Prepackaged Software,2022-11-10,first_trading,2023-11-10,2023-12-10,released_in_required_window,high,published_on_time,2023-04-28,on_or_before_due_date,issuer SEC filing,https://www.sec.gov/Archives/edgar/data/1886894/000110465923052917/tm239057-1_def14a.htm,edgar_filing,DEF 14A,0001104659-23-052917,Board Diversity Matrix;Total Number of Directors;Did Not Disclose Gender;Did Not Disclose Demographic Background,878dd0b7a8afc3e6,"tted to diversity and inclusion, and the highly diverse nature of our Board reflects that commitment. We believe that a variety of experiences and points of view contributes to a more effective decision-making process. 11 TABLE OF CONTENTS The below Board Diversity Matrix reports self-identified diversity statistics for the Board in the format required by Nasdaq’s rules. ​ Board Diversity Matrix (as of April 28, 2023) ​ ​ Total Number of Directors ​ ​ 7 ​ ​ ​ ​ ​ Female ​ ​ ​ Male ​ ​ ​ Non- Binary ​ ​ ​ Did Not Disclose Gender ​ ​ ​ Part I: Gender Identity ​ ​ ​ ​ ​ ​ ​ ​ ​ ​ ​ ​ ​ ​ Directors ​ ​ 3 ​ ​ 4 ​ ​ 0 ​ ​ 0 ​ ​ Part II: Demographic Background ​ ​ ​ ​ ​ ​ ​ ​ ​ ​ ​ ​ ​ ​ African American or Black ​ ​ 0 ​ ​ 0 ​ ​ 0 ​ ​ 0 ​ ​ Alaskan Native or Native American ​ ​ 0 ​ ​ 0 ​ ​ 0 ​ ​ 0 ​ ​ Asian ​ ​ 2 ​ ​ 3 ​ ​ 0 ​ ​ 0 ​ ​ Hispanic or Latinx ​ ​ 0 ​ ​ 0 ​ ​ 0 ​ ​ 0 ​ ​ Native Hawaii",Board Diversity Matrix,"as of April 28, 2023",,Female|Male|Did Not Disclose Gender,African American or Black|Alaskan Native or Native American|Asian|Hispanic or Latinx|Hispanic or Latin,0,1,0,continued_other_narrative,2025-04-25,issuer SEC filing,https://www.sec.gov/Archives/edgar/data/1886894/000164117225006181/formdef14a.htm,DEF 14A,0001641172-25-006181,0.75,\bboard diversity\b,5,5,0,1b75c9603e2743f9,"ard to each director’s business and personal activities and current and prior relationships as they may relate to us and our management, including the beneficial ownership of our capital stock by each non-employee director and any transactions involving them. Board Diversity We are committed to diversity and inclusion, and the highly diverse nature of our Board reflects that commitment. We believe that a variety of experiences and points of view contributes to a more effective decision-making process. 11 Meetings of the Board of Directors The Board oversees our business. It establishes overall policies and standards and reviews the performance of management. During the fiscal year ended December 31, 2024, the Board held five meetings. Each Board member attended 75% or more of the aggregate meetings of the Board and of the committees on which they served held during the period for which they were a director or committee member. The Company’s directors are encouraged to attend our annual meetings of stockholders, but we do not currently have a policy relating to director attendance. Our Independent Directors m",,,,,,0,0,0,matrix_replaced_by_or_supplemented_with_narrative,"Post-vacatur evidence is board/diversity narrative, not an extracted matrix.",board_diversity_narrative,Published matrix date is on/before due+30 grace.,,,,,,,,,0,,5c13ccd5d7b377a8,,3,,0,5,,,,,,,,,,1.6666666666666665,1,1,1,0,1,0,1,0,196,Technology,Other non-US,2023,proxy,1,1,0,1,0,1,0,1,0
1921865,ASPI,ASP Isotopes Inc.,domestic,TX,2890,Miscellaneous Chemical Products,2022-11-10,first_trading,2023-11-10,2023-12-10,released_in_required_window,high,published_on_time,2023-10-23,on_or_before_due_date,issuer website archived by Internet Archive,https://ir.aspisotopes.com/corporate-governance/board-diversity-matrix,website_archive,,https://ir.aspisotopes.com/corporate-governance/board-diversity-matrix,Board Diversity Matrix;Total Number of Directors;Gender Identity;Demographic Background,301a9a77944e8611,"ASP Isotopes Inc. Board Diversity Matrix as of October 23, 2023. Total Number of Directors 6. Part I: Gender Identity: Directors Female 0, Male 6, Non-Binary 0, Did Not Disclose Gender 0. Part II: Demographic Background categories include African American or Black, Alaskan Native or American Native, Asian, Hispanic or Latinx, Native Hawaiian or Pacific Islander, with no directors reported in those categories in the indexed primary page excerpt.",Board Diversity Matrix,"as of October 23, 2023",6,Female|Male|Non-Binary|Did Not Disclose Gender,African American or Black|Asian|Hispanic or Latinx|Hispanic or Latin|Native Hawaiian or Pacific Islander,1,1,0,continued_other_narrative,2025-04-30,issuer SEC filing,https://www.sec.gov/Archives/edgar/data/1921865/000147793225003142/aspi_10ka.htm,10-K/A,0001477932-25-003142,0.75,"\bdiversity\b.{0,220}\b(?:director|directors|nominee|nominees|board)\b",5,5,0,993ad4d7d33587e9,"determined that our former director, Joshua Donfeld, who stepped down from the board of directors effective as of January 12, 2024 and was replaced by Mr. Ryan, was an independent director under these standards. Although there is no specific policy regarding diversity in identifying director nominees, both the nominating and corporate governance committee and the board of directors seek the talents and backgrounds that would be most helpful to us in selecting director nominees. In particular, the nominating and corporate governance committee, when recommending director candidates to our board of directors for nomination, may consider whether a director candidate, if elected, assists in achieving a mix of board of directors’ members that represents a diversity of background and experience. Policies and Procedures for Related Party Transactions Our board of directors has adopted a written related person transaction policy setting forth the policies and procedures for the review and approval or ratification of related person transactions. This policy covers, with certain exceptions set forth in Item 404 of Regulation S-K under the Securities Act, any transaction, arrangement or relationship, or any series of similar transactions, arrangements or relationships in which we were or are to be a participant, where the",,"as of January 12, 2024",,,,0,0,0,matrix_replaced_by_or_supplemented_with_narrative,"Post-vacatur evidence is board/diversity narrative, not an extracted matrix.",board_diversity_narrative,Published matrix date is on/before due+30 grace.,"Primary IR page found via web search with matrix content. Browser/static HTML check on current page did not expose matrix content, suggesting client-side/stale rendering inconsistency; evidence kept at confidence 0.85. Due 2023-11-10, 2023-10-23 is on time.",not_found_in_current_sec_filings,,,not_found,,,not_found,0,,3b77c275ac38582a,6.0,0,0,0,,,,,0.0,0.0,0.0,,,,2.0,1,0,0,0,0,0,0,0,18,Energy / industrials,Other non-US,2023,unknown,1,1,0,1,0,1,0,1,0
1781174,ACRV,"Acrivon Therapeutics, Inc.",domestic,MA,2834,Pharmaceutical Preparations,2022-11-15,first_trading,2023-11-15,2023-12-15,released_in_required_window,high,published_on_time,2023-05-01,on_or_before_due_date,issuer SEC filing,https://www.sec.gov/Archives/edgar/data/1781174/000095017023016268/acrivon_proxy_2023.htm,edgar_filing,DEF 14A,0000950170-23-016268,Board Diversity Matrix;Total Number of Directors;Did Not Disclose Gender;Did Not Disclose Demographic Background,e147a89b056f426e,ote 2 Quorum 2 Voting Methods 3 Vote Requirements 3 How your Shares will be Voted 3 Revocability of Proxies 4 Solicitation of Proxies 4 Proposal No. 1: Election of the Class I Director 5 Overview 5 Director Qualifications 5 Stockholder Nominations 6 Board Diversity Matrix 6 Nominee and Continuing Directors 6 Corporate Governance and Our Board of Directors 12 Board Leadership and Governance Structure 12 Board Committees 13 Meeting Attendance 16 Other Governance Matters 16 Communications with the Board 17 Director Compensation 18 Proposal No. 2: Ratification of Appointment of Independent Registered Public Accounting Firm 20 Relationship with Independent Registered Public Accounting Firm 20 Audit Committee Pre-Approval Policies and Procedures 21 Audit Committee Report 21 Executive Officers 22 Executive Compensation 23 Ownership Of Our Common Stock 29 Certain Relationships And Related Person,Board Diversity Matrix,,,,,0,0,0,continued_same_matrix,2025-04-25,issuer SEC filing,https://www.sec.gov/Archives/edgar/data/1781174/000095017025058352/acrv-20250424.htm,DEF 14A,0000950170-25-058352,0.95,Board Diversity Matrix;Total Number of Directors;Did Not Disclose Demographic Background,7,2,0,0313e1311529a7b5,ote 2 Quorum 2 Voting Methods 2 Vote Requirements 3 How your Shares will be Voted 3 Revocability of Proxies 4 Solicitation of Proxies 4 Proposal No. 1: Election of Class III Director s 5 Overview 5 Director Qualifications 5 Stockholder Nominations 6 Board Diversity Matrix 6 Nominees and Continuing Directors 6 Corporate Governance and Our Board of Directors 15 Board Leadership and Governance Structure 15 Board Committees 16 Meeting Attendance 19 Other Governance Matters 19 Communications with the Board 20 Director Compensation 21 Proposal No. 2: Ratification of Appointment of Independent Registered Public Accounting Firm 23 Relationship with Independent Registered Public Accounting Firm 23 Audit Committee Pre-Approval Policies and Procedures 24 Audit Committee Report 24 Executive Officers 25 Executive Compensation 27 Equity Compensation Plan Information 33 Ownership Of Our Common Stock 33 Certain Relationships And Related Person Transactions 37 Policies and Procedures for Related Person Transactions 37 Related Person Transactions 37 Additional Information 39 Availability of Certain Information 39 Householding 39 Other Matters 39 Stoc,Board Diversity Matrix,,,,,0,0,0,same_extracted_shape,No extracted format differences.,matrix,Published matrix date is on/before due+30 grace.,,,,,,,,,0,,98059ad2895d4b3d,,,,,,,,,,,,,,,0.0,0,0,0,0,0,0,0,0,198,Life sciences / medical,Other non-US,2023,proxy,1,1,0,1,1,0,0,0,1
1892500,CMND,Clearmind Medicine Inc.,foreign_private_issuer,Z4,2834,Pharmaceutical Preparations,2022-11-16,pricing_proxy,2023-11-16,2023-12-16,released_after_required_window,high,published_late,2024-01-29,after_30_day_grace,issuer SEC filing,https://www.sec.gov/Archives/edgar/data/1892500/000121390024007413/f20f2023_clearmind.htm,edgar_filing,20-F,https://www.sec.gov/Archives/edgar/data/1892500/000121390024007413/f20f2023_clearmind.htm,Board Diversity Matrix;Total Number of Directors;Gender Identity;Demographic Background,badec1bad1d85b57,"Clearmind Medicine Inc. Board Diversity Matrix as of January 29, 2024. Country of Principal Executive Offices Canada; Foreign Private Issuer Yes; Disclosure Prohibited under Home Country Law No. Total Number of Directors 4. Part I: Gender Identity: Directors Female 0, Male 4, Non-Binary 0, Did Not Disclose Gender 0. Part II: Demographic Background: Underrepresented Individual in Home Country Jurisdiction 0; LGBTQ+ 0; Did Not Disclose Demographic Background 0.",Board Diversity Matrix,"as of January 29, 2024",4,Female|Male|Non-Binary|Did Not Disclose Gender,LGBTQ+|Did Not Disclose Demographic Background,1,1,1,continued_other_narrative,2025-01-22,issuer SEC filing,https://www.sec.gov/Archives/edgar/data/1892500/000121390025005490/ea0227485-20f_clearmind.htm,20-F,0001213900-25-005490,0.75,"\b(?:director|directors|nominee|nominees|board)\b.{0,220}\bdiversity\b",97,40,0,6a0cb550c8946eb9,"ctices fail to meet regulatory requirements or investor, customer, consumer, employee or other shareholders’ evolving expectations and standards for responsible corporate citizenship in areas including environmental stewardship, support for local communities, board of directors and employee diversity, human capital management, employee health and safety practices, product quality, supply chain management, corporate governance and transparency, our reputation, brand and employee retention may be negatively impacted, and our customers and suppliers may be unwilling to continue to do business with us. Customers, consumers, investors and other shareholders are increasingly focusing on environmental issues, including climate change, energy and water use, plastic waste and other sustainability concerns. Concern over climate change may result in new or increased legal and regulatory requirements to reduce or mitigate impacts to the environment. Changing customer and consumer preferences or increased regulatory requirements may result in increased demands or requirements regarding plastics and packaging materials, including single-use and no",,,,,,0,0,0,matrix_replaced_by_or_supplemented_with_narrative,"Post-vacatur evidence is board/diversity narrative, not an extracted matrix.",board_diversity_narrative,Published matrix date is after due+30 grace.,"Confirmed in 2024 20-F for fiscal 2023. 2023 20-F checked without matrix; due 2023-11-16, 2024-01-29 is late.",not_found_in_current_sec_filings,,,not_found,,,not_found,0,,1b81ba926506dd91,4.0,0,0,0,,,0,0,0.0,0.0,0.0,,0.0,0.0,4.0,1,0,0,0,0,0,0,0,-74,Life sciences / medical,Other non-US,2023,20-F,1,0,1,1,0,1,0,1,0
1889823,DFSC,DEFSEC Technologies Inc.,foreign_private_issuer,"Ontario, Canada",7372,Services-Prepackaged Software,2022-12-08,pricing_proxy,2023-12-08,2024-01-07,released_in_required_window,high,published_on_time,2023-01-27,on_or_before_due_date,issuer SEC filing,https://www.sec.gov/Archives/edgar/data/1889823/000106299323001487/form20f.htm,edgar_filing,20-F,0001062993-23-001487,Board Diversity Matrix;Total Number of Directors;Did Not Disclose Gender,9e84e2db918da771,"as Interim CEO and as a director of Foremost Ventures Corp., a position he held from 2018 until the Qualifying Transaction with KWESST Inc. Finally, Mr. McCoach is an active crew member, and Vice Chairman of, Royal Canadian Marine Search and Rescue. Board Diversity Matrix Board Diversity Matrix (As of January 27, 2023) Country of Principal Executive Offices: Canada Foreign Private Issuer Yes Disclosure Prohibited under Home Country Law No Total Number of Directors 5 Female Male Non-Binary Did Not Disclose Gender Part I: Gender Identity Directors 0 5 - - Part II: Demographic Background Under-represented person in Home Country 0 LGBTQ+ 0 White 5 57 While we have not adopted a formal board diversity policy, we are mindful of the benefit that diversity can provide in maximizing the effectiveness and decision-making abilities of our board. In this regard, we are committed to increasing divers",Board Diversity Matrix Board Diversity Matrix,"As of January 27, 2023",5,Female|Male|Non-Binary|Did Not Disclose Gender,White|LGBTQ+,1,1,0,not_continued_in_reviewed_filings,,,,,,0.7,,38,38,0,,,,,,,,0,0,0,no_post_vacatur_matrix_extracted,No post-vacatur matrix was extracted from reviewed filings.,no_signal_found,Published matrix date is on/before due+30 grace.,,,,,,,,,0,,948c3aa0f11641b3,5.0,0,0,0,,,0,,0.0,0.0,0.0,,0.0,,3.0,1,0,0,0,0,0,0,0,315,Technology,Other non-US,2023,20-F,1,1,0,0,0,0,1,0,0
1884072,,Adamas One Corp.,domestic,AZ,3910,"Jewelry, Silverware & Plated Ware",2022-12-09,first_trading,2023-12-09,2024-01-08,no_release_found_after_checks,medium,not_located,,no_dated_release,,,,,,,,,,,,,,0,0,0,no_post_vacatur_relevant_filing,,,,,,0.65,,0,0,0,,,,,,,,0,0,0,no_post_vacatur_matrix_extracted,No post-vacatur matrix was extracted from reviewed filings.,no_signal_found,"No substantive primary matrix located after SEC, committed-check FTS/Wayback, website candidates, and manual/browser review where applicable.",Searched web and issuer/IR domains; checked 2023 and 2024 Adamas One 10-K filings. Current issuer domain presents Cloudflare suspected-phishing warning/redirect behavior and investor subdomain does not resolve. No substantive Board Diversity Matrix located.,not_found_in_current_sec_filings,,,not_found,,,not_found,1,no_release_found_after_checks,74b36c0a0967cfeb,,,,,,,,,,,,,,,0.0,0,0,0,0,0,0,0,0,,Manufacturing / industrials,Other non-US,2023,unknown,0,0,1,0,0,0,1,0,0
1825875,RAYA,Erayak Power Solution Group Inc.,foreign_private_issuer,F4,3621,Motors & Generators,2022-12-14,first_trading,2023-12-14,2024-01-13,released_in_required_window,high,published_on_time,2023-05-15,on_or_before_due_date,issuer SEC filing,https://www.sec.gov/Archives/edgar/data/1825875/000121390023039841/f20f2022_erayakpow.htm,edgar_filing,20-F,0001213900-23-039841,Board Diversity Matrix;Total Number of Directors;Did Not Disclose Gender,2a8572089f503913,"ive and experience so as to facilitate robust debate and broad thinking on strategies and tactics pursued by us. The following table provides certain information regarding the diversity of our Board of Directors as of the date of this annual report. Board Diversity Matrix (As of the date of this annual report) Country of Principal Executive Offices: China Foreign Private Issuer Yes Disclosure Prohibited Under Home Country Law No Total Number of Directors 5 Female Male Non-Binary Did Not Disclose Gender Part I: Gender Identity Directors 2 3 0 0 Part II: Demographic Background Underrepresented Individual in Home Country Jurisdiction — LGBTQ+ — 91 6.D. Employees As of December 31, 2021 and December 31, 2022, we have a total of 132 employees in the following departments: As of December 31, 2022 Administration 18 Research and Development 23 Manufacture 82 Business Operations 9 Total 132 Our e",Board Diversity Matrix,"As of December 31, 2021",5,Female|Male|Non-Binary|Did Not Disclose Gender,LGBTQ+,1,1,0,continued_other_narrative,2025-04-23,issuer SEC filing,https://www.sec.gov/Archives/edgar/data/1825875/000121390025034605/ea0238121-20f_erayak.htm,20-F,0001213900-25-034605,0.75,"\bdiversity\b.{0,220}\b(?:director|directors|nominee|nominees|board)\b",30,30,0,d9f78e5edfdd96b1,"d recommending to the board nominees for election by the shareholders or appointment by the board; ● reviewing annually with the board the current composition of the board with regards to characteristics such as independence, knowledge, skills, experience and diversity; ● making recommendations on the frequency and structure of board meetings and monitoring the functioning of the committees of the board; and ● advising the board periodically with regards to significant developments in the law and practice of corporate governance as well as our compliance with applicable laws and regulations, and making recommendations to the board on all matters of corporate governance and on any remedial action to be taken. 103 Duties of Directors Under Cayman Islands law, all of our directors owe three types of duties to us: (i) statutory duties, (ii) fiduciary duties, and (iii) common law duties. The Cayman Islands Companies Act imposes a number of statutory duties on a director. A Cayman Islands director’s fiduciary duties are not codified, however the courts of the Cayman Islands have held that a director owes the following fiduciary duties: (a) a duty to act in what the director bona fide considers to be in the best interests of the company, (b) a duty to exercise their po",,,,,,0,0,0,matrix_replaced_by_or_supplemented_with_narrative,"Post-vacatur evidence is board/diversity narrative, not an extracted matrix.",board_diversity_narrative,Published matrix date is on/before due+30 grace.,,,,,,,,,0,,d1b6ec72eebde990,5.0,2,0,0,,,128,,0.4,0.0,0.0,,1.0,,3.0,1,0,1,0,0,1,1,0,213,Manufacturing / industrials,Other non-US,2023,20-F,1,1,0,1,0,1,0,1,0
1347242,LIPO,LIPELLA PHARMACEUTICALS INC.,domestic,PA,2834,Pharmaceutical Preparations,2022-12-20,first_trading,2023-12-20,2024-01-19,released_in_required_window,high,published_on_time,2023-10-10,on_or_before_due_date,issuer SEC filing,https://www.sec.gov/Archives/edgar/data/1347242/000175392623001309/g083786_def14a.htm,edgar_filing,DEF 14A,0001753926-23-001309,Board Diversity Matrix;Total Number of Directors;Did Not Disclose Demographic Background,3509fe041bf8c46d,"Board Composition and Diversity The following table sets forth certain diversity statistics as self-reported by the current members of the Board. Each of the categories listed in the below table has the meaning as it is used in the Nasdaq Rules. 15 Board Diversity Matrix for Lipella Pharmaceuticals Inc. (As of September 30, 2023) Total Number of Directors 7 Female Male Non-Binary Did Not Disclosure Gender Part I: Gender Identity Directors 1 6 — — Part II: Demographic Background African American or Black — — — — Alaskan Native or Native American — — — — Asian — 2 — — Hispanic or Latinx — — — — Native Hawaiian or Pacific Islander — — — — White 1 4 — — Two or More Races or Ethnicities — — — — LGBTQ+ — Did Not Disclose Demographic Background — Board Meetings and Attendance During the 2022 fiscal year, the Board conducted all matters by a unanimous written consent and did not have any board m",Board Diversity Matrix,"As of September 30, 2023",7,Female|Male|Non-Binary,African American or Black|Alaskan Native or Native American|Asian|Hispanic or Latinx|Hispanic or Latin|Native Hawaiian or Pacific Islander|White|Two or More Races or Ethnicities|LGBTQ+|Did Not Disclose Demographic Background,1,0,1,continued_same_matrix,2025-06-10,issuer SEC filing,https://www.sec.gov/Archives/edgar/data/1347242/000175392625000952/g084843_pre14a.htm,PRE 14A,0001753926-25-000952,0.95,Board Diversity Matrix;Total Number of Directors;Did Not Disclose Demographic Background,3,3,0,2dd596acef18550a,"sition and Diversity The following table sets forth certain diversity statistics as self-reported by the current members of the Board. Each of the categories listed in the below table has the meaning as it is used in the Nasdaq Rules. 14 To view our board diversity matrix as of August 9, 2024, please see our definitive proxy statement on Schedule 14A for our 2024 annual meeting of stockholders, filed with the SEC on August 12, 2024. Board Diversity Matrix for Lipella Pharmaceuticals Inc. (As of June 9, 2025) Total Number of Directors 7 Female Male Non-Binary Did Not Disclosure Gender Part I: Gender Identity Directors 1 6 — — Part II: Demographic Background African American or Black — — — — Alaskan Native or Native American — — — — Asian — 2 — — Hispanic or Latinx — — — — Native Hawaiian or Pacific Islander — — — — White 1 4 — — Two or More Races or Ethnicities — — — — LGBTQ+ — Did Not Disclose Demographic Background Board Meetings and Attendance During the 2024 fiscal year, the Board conducted its annual meeting virtually in September 2024. Ongoing and ad-hoc business throughout 2024 was conducted remotely on an as needed basis, and",board diversity matrix,"as of August 9, 2024",7,Female|Male|Non-Binary,African American or Black|Alaskan Native or Native American|Asian|Hispanic or Latinx|Hispanic or Latin|Native Hawaiian or Pacific Islander|White|Two or More Races or Ethnicities|LGBTQ+|Did Not Disclose Demographic Background,1,0,1,changed_extracted_shape,"title: Board Diversity Matrix -> board diversity matrix; as-of date: As of September 30, 2023 -> as of August 9, 2024",matrix,Published matrix date is on/before due+30 grace.,,,,,,,,,1,post_vacatur_matrix_format_changed,2f34c7ee97ddbc54,7.0,1,0,,2,5,0,0,0.14285714285714285,0.0,,0.2857142857142857,0.0,0.0,5.0,1,1,1,0,1,0,1,0,71,Life sciences / medical,Other non-US,2023,proxy,1,1,0,1,1,0,0,1,0
1835022,COYA,"Coya Therapeutics, Inc.",domestic,TX,2834,Pharmaceutical Preparations,2022-12-29,first_trading,2023-12-29,2024-01-28,released_in_required_window,high,published_on_time,2023-05-19,on_or_before_due_date,issuer SEC filing,https://www.sec.gov/Archives/edgar/data/1835022/000119312523149377/d403468ddef14a.htm,edgar_filing,DEF 14A,0001193125-23-149377,Board Diversity Matrix;Total Number of Directors;Did Not Disclose Gender;Did Not Disclose Demographic Background,91f186611cbb839b,"ders through his or her established record of professional accomplishment, the ability to contribute positively to the collaborative culture among board members, knowledge of our business and understanding of the competitive landscape. The following Board Diversity Matrix presents our Board diversity statistics in accordance with Nasdaq Rule 5606. The information is based on our directors’ self-reporting and reflects compliance with the objectives of Nasdaq Rule 5605(f)(3) by having at least one director who identifies as female and at least one director who identifies as a member of an Underrepresented Minority or LGBTQ+ (as defined by Nasdaq Rules). As we pursue future Board recruitment efforts, our Nominating and Corporate Governance Committee will continue to seek candidates who can contribute to the diversity of views and perspectives of the Board. This includes seeking 12 Table of",Board Diversity Matrix,,,Female|Male,LGBTQ+,0,0,0,continued_other_narrative,2025-04-28,issuer SEC filing,https://www.sec.gov/Archives/edgar/data/1835022/000119312525100816/d892593d10ka.htm,10-K/A,0001193125-25-100816,0.75,"\bdiversity\b.{0,220}\b(?:director|directors|nominee|nominees|board)\b",7,7,0,83b795464e5035b2,"strong finance experience; relevant social policy concerns; experience relevant to the Company’s industry; experience as a board member of another publicly held company; relevant academic expertise or other proficiency in an area of the Company’s operations; diversity of expertise and experience in substantive matters pertaining to the Company’s business relative to other Board members; diversity of background and perspective, including, but not limited to, with respect to age, gender, race and ethnicity; practical and mature business judgment, including, but not limited to, the ability to make independent analytical inquiries; and any other relevant qualifications, attributes or skills In determining whether to recommend a director for re-election, the Nominating and Corporate Governance Committee may also consider the director’s past attendance at meetings and participation in and contributions to the activities of the Board. We do not have a formal policy with regard to the consideration of diversity in identifying director nominees. The Board evaluates each individual in the context of the Board as a whole, with the objective of assembling a group that can best perpetuate the success of the business and rep",,,,,,0,0,0,matrix_replaced_by_or_supplemented_with_narrative,"Post-vacatur evidence is board/diversity narrative, not an extracted matrix.",board_diversity_narrative,Published matrix date is on/before due+30 grace.,,,,,,,,,0,,e4c26347d12c0779,,0,,,,,,,,,,,,,0.0,1,0,0,0,0,0,0,0,224,Life sciences / medical,Other non-US,2023,proxy,1,1,0,1,0,1,0,1,0
1519449,SKWD,"Skyward Specialty Insurance Group, Inc.",domestic,TX,6331,"Fire, Marine & Casualty Insurance",2023-01-13,first_trading,2024-01-13,2024-02-12,released_after_required_window,high,published_late,2024-04-01,after_30_day_grace,issuer SEC filing,https://www.sec.gov/Archives/edgar/data/1519449/000151944924000015/skywardspecialtyinsuranceg.htm,edgar_filing,DEF 14A,https://www.sec.gov/Archives/edgar/data/1519449/000151944924000015/skywardspecialtyinsuranceg.htm,Board Diversity Matrix;Total Number of Directors;Gender Identity;Demographic Background,e3cc4dbcee2bc450,"Skyward Specialty Insurance Group, Inc. Board Diversity Matrix. Total Number of Directors 8. Part I: Gender Identity: Directors Female 3, Male 5, Non-Binary 0, Did Not Disclose Gender 0. Part II: Demographic Background: African American or Black Female 1; White Female 2, Male 4; Did Not Disclose Demographic Background 1; Directors Who Are Military Veterans 1.",Board Diversity Matrix,,8,Female|Male|Non-Binary|Did Not Disclose Gender,African American or Black|White|Did Not Disclose Demographic Background,1,1,1,continued_other_narrative,2025-03-26,issuer SEC filing,https://www.sec.gov/Archives/edgar/data/1519449/000151944925000015/skwd-20250326.htm,DEF 14A,0001519449-25-000015,0.75,"\bdiversity\b.{0,220}\b(?:director|directors|nominee|nominees|board)\b",10,10,0,5da216f1e274d1d9,"s, qualifications and skills of its directors in order to assure that the Board, as a whole, has the necessary tools to perform its oversight function effectively in light of the Company's business and structure. Although there is no specific policy regarding diversity in identifying director nominees, both the Nominating and Corporate Governance Committee and the Board seek the talents and backgrounds that would be most helpful to us in selecting director nominees. In particular, the Nominating and Corporate Governance Committee, when recommending director candidates to the full Board of Directors for nomination, may consider whether a director candidate, if elected, assists in achieving a mix of Board members that represents a diversity of background and experience. The Company has never received a proposal from a shareholder to nominate a director. Although the Nominating and Corporate Governance Committee has not adopted a formal policy with respect to shareholder nominees, the Nominating and Corporate Governance Committee expects that the evaluation process for a shareholder nominee would be similar to the process outlined above. Shareholder Recommendations for Nominations to the Board A shareholder that wishes to recommend a candidate for consideration by the Nominating and Corporate Governan",,,,,,0,0,0,matrix_replaced_by_or_supplemented_with_narrative,"Post-vacatur evidence is board/diversity narrative, not an extracted matrix.",board_diversity_narrative,Published matrix date is after due+30 grace.,"Confirmed in 2024 DEF 14A. 2023 proxy and 2024 10-K checked without matrix; due 2024-01-13, 2024-04-01 filing is late.",not_found_in_current_sec_filings,,,not_found,,,not_found,0,,686ca11787a40515,8.0,3,0,0,,,,1,0.375,0.0,0.0,,,0.125,3.0,1,0,1,0,0,0,1,1,-79,Finance / real estate,Other non-US,2024,proxy,1,0,1,1,0,1,0,1,0
1902794,,MGO Global Inc.,domestic,FL,2300,Apparel & Other Finishd Prods of  Fabrics & Similar Matl,2023-01-13,first_trading,2024-01-13,2024-02-12,released_after_required_window,high,published_late,2024-04-01,after_30_day_grace,issuer SEC filing,https://www.sec.gov/Archives/edgar/data/1902794/000149315224012329/form10-k.htm,edgar_filing,10-K,https://www.sec.gov/Archives/edgar/data/1902794/000149315224012329/form10-k.htm,Board Diversity Matrix;Total Number of Directors;Gender Identity;Demographic Background,204e42d0d51600ad,"MGO Global Inc. Board Diversity Matrix as of December 31, 2023. Total Number of Directors 7. Part I: Gender Identity: Directors Female 2, Male 5. Part II: Demographic Background: African American or Black Male 1; Asian Female 1; Hispanic or Latinx Male 1; White Female 1, Male 3.",Board Diversity Matrix,"as of December 31, 2023",7,Female|Male,African American or Black|Asian|Hispanic or Latinx|Hispanic or Latin|White,0,0,0,not_continued_in_reviewed_filings,,,,,,0.7,,2,2,0,,,,,,,,0,0,0,no_post_vacatur_matrix_extracted,No post-vacatur matrix was extracted from reviewed filings.,no_signal_found,Published matrix date is after due+30 grace.,"Confirmed in 2024 10-K. 2023 10-K checked without matrix; issuer pages checked. Due 2024-01-13, 2024-04-01 is late.",not_found_in_current_sec_filings,,,not_found,,,not_found,0,,fffb6aff2edfcc49,7.0,2,,,,4,,,0.2857142857142857,,,,,,1.0,1,0,1,0,0,0,1,0,-79,Consumer / retail,Other non-US,2024,10-K,1,0,1,0,0,0,1,0,0
1937993,CVKD,"Cadrenal Therapeutics, Inc.",domestic,FL,2834,Pharmaceutical Preparations,2023-01-20,first_trading,2024-01-20,2024-02-19,released_in_required_window,high,published_on_time,2023-08-28,on_or_before_due_date,issuer SEC filing,https://www.sec.gov/Archives/edgar/data/1937993/000121390023071281/ea184268-def14a_cadrenal.htm,edgar_filing,DEF 14A,0001213900-23-071281,Board Diversity Matrix;Total Number of Directors;Did Not Disclose Gender;Did Not Disclose Demographic Background,404ef341cdb3922e,"officers. 9 INFORMATION REGARDING THE BOARD OF DIRECTORS AND CORPORATE GOVERNANCE Below is information regarding certain characteristics of our Board of Directors, utilizing the template included in the related Nasdaq Stock Market (“Nasdaq”) rules. Board Diversity Matrix (as of August 25, 2023) Total Number of Directors 5 Female Male Non-Binary Did Not Disclose Gender Part I: Gender Identity 0 5 Directors Part II: Demographic Background African American or Black Alaskan Native or Native American Asian 1 Hispanic or Latinx Native Hawaiian or Pacific Islander White 4 Two or More Races or Ethnicities LGBTQ+ 0 Did Not Disclose Demographic Background Independence of the Board of Directors Under the rules of Nasdaq, independent directors must comprise a majority of our Board of Directors. The rules of Nasdaq, as well as those of the SEC, impose several requirements with respect to the independ",Board Diversity Matrix,"as of August 25, 2023",5,Female|Male|Non-Binary|Did Not Disclose Gender,African American or Black|Alaskan Native or Native American|Asian|Hispanic or Latinx|Hispanic or Latin|Native Hawaiian or Pacific Islander|White|Two or More Races or Ethnicities|LGBTQ+|Did Not Disclose Demographic Background,1,1,1,continued_other_narrative,2025-03-13,issuer SEC filing,https://www.sec.gov/Archives/edgar/data/1937993/000121390025023759/ea0232553-10k_cadrenal.htm,10-K,0001213900-25-023759,0.75,"\bdiversity\b.{0,220}\b(?:director|directors|nominee|nominees|board)\b",4,4,0,d489a2c8e78a6442,"between nominees recommended by our stockholders and those recommended by other parties. The Nominating and Corporate Governance Committee evaluates the suitability of potential nominees, taking into account the current board composition, including expertise, diversity and the balance of inside and independent directors. The Nominating and Corporate Governance Committee does not have a set policy or process for considering diversity in identifying nominees, but endeavors to establish a diversity of background and experience in a number of areas of core competency, including business judgment, management, accounting, finance, knowledge of our industry, strategic vision, research and development and other areas relevant to our business. In considering any person recommended by one of our stockholders, the Nominating and Corporate Governance Committee will look for the same qualifications that it looks for in any other person that it is considering for a position on the Board of Directors. Compensation Committee Interlocks and Insider Participation No member of our Compensation Committee will be serving, or will have ever served, as an officer or employee of ours. None of our executive officers currently serves, or has served during the last completed year, as a member of the Board of Directo",,,,,,0,0,0,matrix_replaced_by_or_supplemented_with_narrative,"Post-vacatur evidence is board/diversity narrative, not an extracted matrix.",board_diversity_narrative,Published matrix date is on/before due+30 grace.,,,,,,,,,0,,60c5fcdf4c3922e5,5.0,,,,,,0,,,,,,0.0,,4.0,0,0,0,0,0,0,0,0,145,Life sciences / medical,Other non-US,2024,proxy,1,1,0,1,0,1,0,1,0
1932770,HERE,Here Group Ltd,foreign_private_issuer,China,5945,"Retail-Hobby, Toy & Game Shops",2023-01-25,first_trading,2024-01-25,2024-02-24,released_in_required_window,high,published_on_time,2023-10-27,on_or_before_due_date,issuer SEC filing,https://www.sec.gov/Archives/edgar/data/1932770/000101376223007052/f20f2023_quantasing.htm,edgar_filing,20-F,0001013762-23-007052,Board Diversity Matrix;Total Number of Directors;Did Not Disclose Demographic Background,7631767d8f18b51b,"uncalled capital or any part thereof, to issue debentures, debenture stock and other securities, whether outright or as collateral security for any debt, liability or obligation of the company or of any third party. 110 Board Diversity The following board diversity matrix sets forth the information concerning the gender, demographic background and certain other characteristics of our board of directors as of the date of this annual report, as self-identified by its members, in accordance with Rule 5606 of the Nasdaq Listing Rules. Country of Principal Executive Offices People’s Republic of China Foreign Private Issuer Yes Disclosure Prohibited under Home Country Law No Total Number of Directors 7 Did Not Disclose Female Male Non-Binary Gender Part I: Gender Identity Directors 2 5 0 0 Part II: Demographic Background Underrepresented Individual in Home Country Jurisdiction 0 LGBTQ+ 0 Did N",Board Diversity The following board diversity matrix,,7,Female|Male|Non-Binary,LGBTQ+,1,0,0,not_continued_in_reviewed_filings,,,,,,0.7,,12,12,0,,,,,,,,0,0,0,no_post_vacatur_matrix_extracted,No post-vacatur matrix was extracted from reviewed filings.,no_signal_found,Published matrix date is on/before due+30 grace.,,,,,,,,,0,,f3517dbe64d9126a,7.0,2,0,,,,0,,0.2857142857142857,0.0,,,0.0,,2.0,1,0,1,0,0,0,1,0,90,Consumer / retail,China / Hong Kong,2024,20-F,1,1,0,0,0,0,1,0,0
1231457,GNLX,GENELUX Corp,domestic,CA,2834,Pharmaceutical Preparations,2023-01-26,first_trading,2024-01-26,2024-02-25,released_in_required_window,high,published_on_time,2023-07-20,on_or_before_due_date,issuer SEC filing,https://www.sec.gov/Archives/edgar/data/1231457/000149315223025087/formdef14a.htm,edgar_filing,DEF 14A,0001493152-23-025087,Board Diversity Matrix;Total Number of Directors;Did Not Disclose Gender;Did Not Disclose Demographic Background,ccf345fb13cebe15,"elieve Mr. Zindrick’s extensive experience managing and leading companies within the pharmaceutical and biotechnology industries qualify him to serve on our Board. Board Diversity The following matrix provides the diversity statistics for our Board. Board Diversity Matrix (As of July 20, 2023) Total Number of Directors 5 Female Male Non- Binary Did Not Disclose Gender Part I: Gender Identity Directors 1 3 - - Part II: Demographic Background African American or Black - - - - Alaskan Native or Native American - - - - Asian - 1 - - Hispanic or Latinx - - - - Native Hawaiian or Pacific Islander - - - - White 1 2 - - Two or More Races or Ethnicities - - - - LGBTQ+ - Did Not Disclose Demographic Background - information regarding the board of directors and corporate governance Independence of the Board of Directors As required under the listing rules of The Nasdaq Stock Market LLC (“Nasdaq”) ,",Board Diversity The following matrix,"As of July 20, 2023",5,Female|Male|Did Not Disclose Gender,African American or Black|Alaskan Native or Native American|Asian|Hispanic or Latinx|Hispanic or Latin|Native Hawaiian or Pacific Islander|White|Two or More Races or Ethnicities|LGBTQ+|Did Not Disclose Demographic Background,0,1,1,continued_other_narrative,2025-03-28,issuer SEC filing,https://www.sec.gov/Archives/edgar/data/1231457/000164117225001184/form10-k.htm,10-K,0001641172-25-001184,0.75,"\bdiversity\b.{0,220}\b(?:director|directors|nominee|nominees|board)\b",7,7,0,4ea5c08ce559925a,"at embraces diversity and inclusion. We monitor our success with insights across human capital metrics such as employee engagement, vacancy rates, time to hire, promotion rates, performance ratings, succession depth, retention, EEO compliance, pay equity, and diversity representation. The principal purposes of our compensation policies and equity incentive plans are to attract, retain and motivate employees and directors by paying for performance through the granting of stock-based compensation awards and cash-based performance bonus awards. None of our employees are represented by a labor union or are a party to a collective bargaining agreement and we consider our relations with our employees to be good. CORPORATE INFORMATION We incorporated in Delaware in September 2001. Our principal executive offices are located at 2625 Townsgate Road, Suite 230, Westlake Village, California 91361, and our telephone number is (805) 267-9889. We completed our initial public offering in January 2023, and our common stock is listed on the Nasdaq Capital Market under the symbol “GNLX.” We are an “emerging growth company” as defined in the Jumpstart Our Business Startups Act of 2012 (JOBS Act). We will remain an emerging growth company until the earlier of (1) the last d",,,,,,0,0,0,matrix_replaced_by_or_supplemented_with_narrative,"Post-vacatur evidence is board/diversity narrative, not an extracted matrix.",board_diversity_narrative,Published matrix date is on/before due+30 grace.,,,,,,,,,0,,cf2492d9d4e91db1,5.0,1,,0,1,3,0,0,0.2,,0.0,0.2,0.0,0.0,5.0,1,1,1,0,1,0,1,0,190,Life sciences / medical,Other non-US,2024,proxy,1,1,0,1,0,1,0,1,0
1939965,SLMT,Brera Holdings PLC,foreign_private_issuer,L2,7900,Services-Amusement & Recreation Services,2023-01-27,first_trading,2024-01-27,2024-02-26,no_release_found_after_checks,medium,not_located,,no_dated_release,,,,,,,,,,,,,,0,0,0,not_continued_in_reviewed_filings,,,,,,0.7,,58,40,0,,,,,,,,0,0,0,no_post_vacatur_matrix_extracted,No post-vacatur matrix was extracted from reviewed filings.,no_signal_found,"No substantive primary matrix located after SEC, committed-check FTS/Wayback, website candidates, and manual/browser review where applicable.","Searched web and issuer/investor domains; checked Brera 2023, 2024, and 2025 20-F filings. No substantive Board Diversity Matrix located; search hit was third-party OutQUORUM aggregate only.",not_found_in_current_sec_filings,,,not_found,,,not_found,1,no_release_found_after_checks,89889eccb065dbe2,,,,,,,,,,,,,,,0.0,0,0,0,0,0,0,0,0,,Services,Other non-US,2024,unknown,0,0,1,0,0,0,1,0,0
1888886,GPCR,Structure Therapeutics Inc.,domestic,CA,2834,Pharmaceutical Preparations,2023-02-03,first_trading,2024-02-03,2024-03-04,released_after_required_window,high,published_late,2024-04-25,after_30_day_grace,issuer SEC filing,https://www.sec.gov/Archives/edgar/data/1888886/000110465924051972/tm2412014-1_def14a.htm,edgar_filing,DEF 14A,https://www.sec.gov/Archives/edgar/data/1888886/000110465924051972/tm2412014-1_def14a.htm,Board Diversity Matrix;Total Number of Directors;Gender Identity;Demographic Background,713de09fc174d5a6,"Structure Therapeutics Inc. Board Diversity Matrix as of April 19, 2024. Total Number of Directors 7. Part I: Gender Identity: Directors Female 2, Male 5, Non-Binary 0, Did Not Disclose Gender 0. Part II: Demographic Background: African American or Black Male 1; White Female 2, Male 4; LGBTQ+ 0; Did Not Disclose Demographic Background 0.",Board Diversity Matrix,"as of April 19, 2024",7,Female|Male|Non-Binary|Did Not Disclose Gender,African American or Black|White|LGBTQ+|Did Not Disclose Demographic Background,1,1,1,not_continued_in_reviewed_filings,,,,,,0.7,,4,4,0,,,,,,,,0,0,0,no_post_vacatur_matrix_extracted,No post-vacatur matrix was extracted from reviewed filings.,no_signal_found,Published matrix date is after due+30 grace.,"Confirmed in 2024 DEF 14A. 2023 and 2024 10-Ks checked without matrix; due 2024-02-03, 2024-04-25 is late.",not_found_in_current_sec_filings,,,not_found,,,not_found,0,,552a2be500ee2d93,7.0,2,0,0,,,0,0,0.2857142857142857,0.0,0.0,,0.0,0.0,4.0,1,0,1,0,0,0,1,0,-82,Life sciences / medical,Other non-US,2024,proxy,1,0,1,0,0,0,1,0,0
1920406,ASST,"Strive, Inc.",domestic,TX,6199,Finance Services,2023-02-03,first_trading,2024-02-03,2024-03-04,released_after_required_window,high,published_late,2024-08-22,after_30_day_grace,issuer SEC filing,https://www.sec.gov/Archives/edgar/data/1920406/000121390024071597/ea0211815-def14a_asset.htm,edgar_filing,DEF 14A,https://www.sec.gov/Archives/edgar/data/1920406/000121390024071597/ea0211815-def14a_asset.htm,Board Diversity Matrix;Total Number of Directors;Gender Identity;Demographic Background,4e1605bef3e359e8,"Asset Entities Inc. Board Diversity Matrix as of August 2, 2024. Total Number of Directors 7. Part I: Gender Identity: Directors Female 0, Male 7, Non-Binary 0, Did Not Disclose Gender 0. Part II: Demographic Background: White Male 7; all other listed categories 0; LGBTQ+ 0; Did Not Disclose Demographic Background 0.",Board Diversity Matrix,"as of August 2, 2024",7,Female|Male|Non-Binary|Did Not Disclose Gender,White|LGBTQ+|Did Not Disclose Demographic Background,1,1,1,continued_other_narrative,2026-03-19,issuer SEC filing,https://www.sec.gov/Archives/edgar/data/1920406/000162828026019879/asst-20251231.htm,10-K,0001628280-26-019879,0.75,"\bdiversity\b.{0,220}\b(?:director|directors|nominee|nominees|board)\b",4,4,0,f858cc9fb0d3f003,"knowledge of our business and industry, experience, diligence, conflicts of interest, and ability to act in the interests of our stockholders. The Nominating and Corporate Governance Committee does not have a formal policy with regard to the consideration of diversity in identifying director nominees. The Nominating and Corporate Governance Committee and board of directors believe the board of directors possesses the appropriate backgrounds, professional experience, and varied perspectives amongst its members to effectively provide direction and oversight. The Nominating and Corporate Governance Committee also considers whether a potential nominee would satisfy the Nasdaq listing rules’ definition of an independent director and the SEC’s definition of an audit committee financial expert. The Nominating and Corporate Governance Committee does not set specific minimum qualifications or assign specific weights to particular criteria and no particular criterion is a prerequisite for a prospective nominee. We do not have a formal policy with respect to the consideration of director candidates recommended by our stockholders. Stockholder recommendations relating to director nominees or other proposals may be submitted in accordance with the p",,,,,,0,0,0,matrix_replaced_by_or_supplemented_with_narrative,"Post-vacatur evidence is board/diversity narrative, not an extracted matrix.",board_diversity_narrative,Published matrix date is after due+30 grace.,"Confirmed in 2024 DEF 14A. 2023/2024 10-Ks checked without matrix; issuer site checked. Due 2024-02-03, 2024-08-22 is late.",not_found_in_current_sec_filings,,,not_found,,,not_found,0,,3d84c5b3482cb999,7.0,0,0,0,,,0,0,0.0,0.0,0.0,,0.0,0.0,4.0,1,0,0,0,0,0,0,0,-201,Finance / real estate,Other non-US,2024,proxy,1,0,1,1,0,1,0,1,0
1945711,LVROF,Lavoro Ltd,foreign_private_issuer,Brazil,5900,Retail-Miscellaneous Retail,2023-02-03,pricing_proxy,2024-02-03,2024-03-04,released_in_required_window,high,published_on_time,2023-11-01,on_or_before_due_date,issuer SEC filing,https://www.sec.gov/Archives/edgar/data/1945711/000194571123000004/lvro-20230630.htm,edgar_filing,20-F,0001945711-23-000004,Board Diversity Matrix;Total Number of Directors;Did Not Disclose Gender;Did Not Disclose Demographic Background,c2877d2c48843035,"Related Party Transactions—A. Major Shareholders.” Board Diversity The following matrix outlines the gender identity and the demographic background of the members of our board of directors in accordance with the Nasdaq rules to which we are subject: Board Diversity Matrix (as of June 30, 2023) Country of Principal Executive Offices: Brazil Foreign Private Issuer: Yes (the Cayman Islands) Disclosure Prohibited under Home Country Law: No Total Number of Directors: 7 Part I: Gender Identity Female Male Non-Binary Did Not Disclose Gender Directors: 1 6 Part II: Demographic Background Underrepresented Individual in Home Country Jurisdiction: LGBTQ+: Did not Disclose Demographic Background: 7 140 B. Compensation Compensation of Directors and Officers Under Cayman Islands law, we are not required to disclose compensation paid to our senior management on an individual basis and we have not other",Board Diversity The following matrix,"as of June 30, 2023",7,Female|Male|Non-Binary|Did Not Disclose Gender,LGBTQ+|Did Not Disclose Demographic Background,1,1,1,not_continued_in_reviewed_filings,,,,,,0.7,,15,15,0,,,,,,,,0,0,0,no_post_vacatur_matrix_extracted,No post-vacatur matrix was extracted from reviewed filings.,no_signal_found,Published matrix date is on/before due+30 grace.,,,,,,,,,0,,18b5b8c2a7fa1103,7.0,,,,,,,7,,,,,,1.0,3.0,0,0,0,0,0,0,0,1,94,Consumer / retail,Other non-US,2024,20-F,1,1,0,0,0,0,1,0,0
1852131,NXT,Nextpower Inc.,domestic,CA,3674,Semiconductors & Related Devices,2023-02-09,first_trading,2024-02-09,2024-03-10,released_in_required_window,high,published_on_time,2023-07-31,on_or_before_due_date,issuer SEC filing,https://www.sec.gov/Archives/edgar/data/1852131/000114036123036830/ny20009782x1_def14a.htm,edgar_filing,DEF 14A,0001140361-23-036830,Board Diversity Matrix;Total Number of Directors;Did Not Disclose Gender;Did Not Disclose Demographic Background,fdd632430128cdd6,"pability with respect to the directors serving on the Board. The Board considers each candidate’s ability to contribute to the diversity of the Board (including diversity of experience, viewpoints, backgrounds, gender, race and ethnicity). The below Board Diversity Matrix reports self-identified diversity statistics for the Board in the format required by the Nasdaq rules. Board Diversity Matrix (as of June 30, 2023) Total Number of Directors ​ ​ 13 ​ ​ Female ​ ​ Male ​ ​ Non-Binary ​ ​ Did Not Disclose Gender Part I: Gender Identity ​ ​ ​ ​ ​ ​ ​ ​ Directors ​ ​ 3 ​ ​ 10 ​ ​ 0 ​ ​ 0 Part II: Demographic Background ​ ​ ​ ​ ​ ​ ​ ​ African American or Black ​ ​ 1 ​ ​ 0 ​ ​ 0 ​ ​ 0 Alaskan Native or Native American ​ ​ 0 ​ ​ 0 ​ ​ 0 ​ ​ 0 Asian ​ ​ 0 ​ ​ 1 ​ ​ 0 ​ ​ 0 Hispanic or Latinx ​ ​ 0 ​ ​ 0 ​ ​ 0 ​ ​ 0 Native Hawaiian or Pacific Islander ​ ​ 0 ​ ​ 0 ​ ​ 0 ​ ​ 0 White ​ ​ 2 ​ ​ 9 ​",Board Diversity Matrix,"as of June 30, 2023",,Female|Male|Non-Binary|Did Not Disclose Gender,African American or Black|Alaskan Native or Native American|Asian|Hispanic or Latinx|Hispanic or Latin|Native Hawaiian or Pacific Islander|White,1,1,0,continued_same_matrix,2025-06-25,issuer SEC filing,https://www.sec.gov/Archives/edgar/data/1852131/000185213125000036/nxt-20250625.htm,DEF 14A,0001852131-25-000036,0.95,Board Diversity Matrix;Total Number of Directors;Did Not Disclose Gender;Did Not Disclose Demographic Background,4,2,0,cd231ab772d1fa8e,"pability with respect to the directors serving on the Board. The Board considers each candidate’s ability to contribute to the diversity of the Board (including diversity of experience, viewpoints, backgrounds, gender, race and ethnicity). The below Board Diversity Matrix reports self-identified diversity statistics for the Board. Board Diversity Matrix (as of June 25, 2025) Total Number of Directors 11 Female Male Non-Binary Did Not Disclose Gender Part I: Gender Identity Directors 3 8 0 0 Part II: Demographic Background African American or Black 1 0 0 0 Alaskan Native or Native American 0 0 0 0 Asian 1 1 0 0 Hispanic or Latinx 0 0 0 0 Native Hawaiian or Pacific Islander 0 0 0 0 White 1 6 0 0 Two or More Races or Ethnicities 0 0 0 0 LGBTQ+ 0 0 0 0 Did Not Disclose Demographic Background 0 1 0 0 Role of the Board in Risk Oversight An important function of the Board is oversight of risk management at Nextracker. Risk is inherent in business, and the Board’s oversight, assessment and decisions regarding risks occur in the context of and in conjunction with the other activities of the Board and its committees. The Board believes that i",Board Diversity Matrix,"as of June 25, 2025",11,Female|Male|Non-Binary|Did Not Disclose Gender,African American or Black|Alaskan Native or Native American|Asian|Hispanic or Latinx|Hispanic or Latin|Native Hawaiian or Pacific Islander|White|Two or More Races or Ethnicities|LGBTQ+|Did Not Disclose Demographic Background,1,1,1,changed_extracted_shape,"as-of date: as of June 30, 2023 -> as of June 25, 2025; total directors: post-vacatur extracted, initial not extracted; demographic rows: African American or Black|Alaskan Native or Native American|Asian|Hispanic or Latinx|Hispanic or Latin|Native Hawaiian or Pacific Islander|White -> African American or Black|Alaskan Native or Native American|Asian|Hispanic or Latinx|Hispanic or Latin|Native Hawaiian or Pacific Islander|White|Two or More Races or Ethnicities|LGBTQ+|Did Not Disclose Demographic Background",matrix,Published matrix date is on/before due+30 grace.,,,,,,,,,1,post_vacatur_matrix_format_changed,716d8dc88c7df2b6,,,,,2,,,,,,,,,,2.8333333333333335,0,1,0,0,1,0,1,0,193,Technology,Other non-US,2024,proxy,1,1,0,1,1,0,0,1,0
1861737,HSAI,Hesai Group,foreign_private_issuer,F4,3569,"General Industrial Machinery & Equipment, NEC",2023-02-09,first_trading,2024-02-09,2024-03-10,released_in_required_window,high,published_on_time,2023-04-20,on_or_before_due_date,issuer SEC filing,https://www.sec.gov/Archives/edgar/data/1861737/000110465923047439/hsai-20221231x20f.htm,edgar_filing,20-F,0001104659-23-047439,Board Diversity Matrix;Total Number of Directors;Did Not Disclose Gender;Did Not Disclose Demographic Background,5bb39cb11852795a,"rectors resolve that his or her office be vacated, or (v) is removed from office pursuant to any other provision of our articles of association. Our officers are elected by and serve at the discretion of our board of directors. 105 Table of Contents Board Diversity Matrix ​ ​ Board Diversity Matrix (As of February 28, 2023) Country of Principal Executive Offices PRC Foreign Private Issuer Yes Disclosure Prohibited Under Home Country Law No Total Number of Directors 7 Female Male Non-Binary Did Not Disclose Gender Part I: Gender Identity ​ ​ ​ ​ ​ ​ ​ ​ Directors ​ 3 ​ 4 ​ N /A ​ N /A Part II: Demographic Background ​ ​ ​ ​ Underrepresented Individual in Home Country Jurisdiction ​ ​ ​ ​ 0 LGBTQ+ ​ ​ ​ ​ 0 Did Not Disclose Demographic Background ​ ​ ​ ​ 0 ​ D. Employees We had a total of 1,020 employees as of December 31, 2022, of which 75 held doctorate degrees. The following table sets",Board Diversity Matrix,"As of February 28, 2023",7,Female|Male|Non-Binary|Did Not Disclose Gender,LGBTQ+|Did Not Disclose Demographic Background,1,1,1,continued_same_matrix,2025-04-01,issuer SEC filing,https://www.sec.gov/Archives/edgar/data/1861737/000141057825000614/hsai-20241231x20f.htm,20-F,0001410578-25-000614,0.95,Board Diversity Matrix;Total Number of Directors;Did Not Disclose Gender;Did Not Disclose Demographic Background,37,3,0,53f36e36d52a3155,"rectors resolve that his or her office be vacated, or (v) is removed from office pursuant to any other provision of our articles of association. Our officers are elected by and serve at the discretion of our board of directors. 112 Table of Contents Board Diversity Matrix ​ ​ Country of Principal Executive Offices PRC Foreign Private Issuer Yes Disclosure Prohibited Under Home Country Law No Total Number of Directors 6 ​ As of February 28, 2025 ​ Female Male Non-Binary Did Not Disclose Gender Part I: Gender Identity ​ ​ ​ ​ ​ ​ ​ ​ Directors ​ 3 ​ 3 ​ N/A ​ N/A Part II: Demographic Background ​ ​ ​ ​ ​ ​ ​ ​ Underrepresented Individual in Home Country Jurisdiction ​ ​ ​ ​ ​ 0 ​ ​ LGBTQ+ ​ ​ ​ ​ ​ 0 ​ ​ Did Not Disclose Demographic Background ​ ​ ​ ​ ​ 0 ​ ​ ​ D. EMPLOYEES We had 1,020 and 1,122 employees as of December 31, 2022 and 2023, respectively. We had a total of 1,142 employees as of December 31, 2024 of which 75 held doctorate degrees. The following table sets forth the numbers of our employees categorized by function as of December 31, 2024. ​ ​ ​ ​ Function Number of Employees Research and development 602 Production and su",Board Diversity Matrix,"As of February 28, 2025",6,Female|Male|Non-Binary|Did Not Disclose Gender,LGBTQ+|Did Not Disclose Demographic Background,1,1,1,changed_extracted_shape,"as-of date: As of February 28, 2023 -> As of February 28, 2025; total directors: 7 -> 6",matrix,Published matrix date is on/before due+30 grace.,,,,,,,,,1,post_vacatur_matrix_format_changed,52a55545fe86c1cc,7.0,,,,,,0,52,,,,,0.0,1.0,4.0,0,0,0,0,0,0,0,1,295,Energy / industrials,Other non-US,2024,20-F,1,1,0,1,1,0,0,1,0
1865127,,"Lucy Scientific Discovery, Inc.",domestic,A1,2834,Pharmaceutical Preparations,2023-02-09,first_trading,2024-02-09,2024-03-10,no_release_found_after_checks,medium,not_located,,no_dated_release,,,No substantive matrix located,,,,c10c0a07490d9267,"No Board Diversity Matrix / Total Number of Directors / Nasdaq Rule 5606 terms found in 2023 10-K, 2024-02-13 10-Q, adjacent Feb-Mar 2024 8-Ks, or Wayback captures of issuer IR/governance pages around due date.",Board Diversity Matrix,,,,,0,0,0,no_post_vacatur_relevant_filing,,,,,,0.65,,0,0,0,,,,,,,,0,0,0,no_post_vacatur_matrix_extracted,No post-vacatur matrix was extracted from reviewed filings.,no_signal_found,"No substantive primary matrix located after SEC, committed-check FTS/Wayback, website candidates, and manual/browser review where applicable.","Checked SEC inventory around 2024-02-09 due date: 2023-10-13 10-K, 2024-02-13 10-Q, 2024-02-23 8-K, 2024-02-27 8-K, 2024-03-12 8-K; no matrix terms. Live IR domain is repurposed/unrelated. Wayback captures of ir.lucyscientific.com homepage and governance/committee pages in Jan-Apr 2024 showed governance links but no matrix.",not_found_in_current_sec_filings,,,not_found,,,not_found,1,no_release_found_after_checks,3676ceb5fd991210,,,,,,,,,,,,,,,0.0,0,0,0,0,0,0,0,0,,Life sciences / medical,Other non-US,2024,unknown,0,0,1,0,0,0,1,0,0
1922641,ENLT,Enlight Renewable Energy Ltd.,foreign_private_issuer,L3,4911,Electric Services,2023-02-10,first_trading,2024-02-10,2024-03-11,released_in_required_window,high,published_on_time,2023-03-30,on_or_before_due_date,issuer SEC filing,https://www.sec.gov/Archives/edgar/data/1922641/000117891323001223/zk2329436.htm,edgar_filing,20-F,0001178913-23-001223,Board Diversity Matrix;Total Number of Directors;Did Not Disclose Gender;Did Not Disclose Demographic Background,d409f3ca945c30cc,"anof (2009) Ltd., as general manager of Bank Hapoalim in the United States and as general manager of Bank Otsar Hachayal. Mr. Furman holds a B.A. in Economics and Political Science and a M.A. in Business Administration both from Tel Aviv University. Board Diversity Matrix The table below provides certain information regarding the diversity of our board of directors as of the date of this Annual Report. Board Diversity Matrix As of the date of this Annual Report Country of Principal Executive Offices: Israel Foreign Private Issuer Yes Disclosure Prohibited under Home Country Law No Total Number of Directors 8 Female Male Non-Binary/Transgender Did Not Disclose Gender Part I: Gender Identity Directors 2 6 0 0 Part II: Demographic Background Underrepresented Individual in Home Country Jurisdiction 0 LGBTQ+ 0 Did Not Disclose Demographic Background 0 B. Compensation Directors . Under the Com",Board Diversity Matrix,,8,Female|Male|Non-Binary|Did Not Disclose Gender,LGBTQ+|Did Not Disclose Demographic Background,1,1,1,continued_same_matrix,2025-03-28,issuer SEC filing,https://www.sec.gov/Archives/edgar/data/1922641/000117891325001094/zk2532889.htm,20-F,0001178913-25-001094,0.95,Board Diversity Matrix;Total Number of Directors;Did Not Disclose Gender;Did Not Disclose Demographic Background,45,8,0,7946555075c2ff88,"(2009) Ltd., as general manager of Bank Hapoalim in the United States and as general manager of Bank Otsar Hachayal. Mr. Furman holds a B.A. in Economics and Political Science and a M.A. in Business Administration, both from Tel Aviv University. 100 Board Diversity Matrix The table below provides certain information regarding the diversity of our board of directors as of the date of this Annual Report. Board Diversity Matrix As of the date of this Annual Report Country of Principal Executive Offices: Israel Foreign Private Issuer Yes Disclosure Prohibited under Home Country Law No Total Number of Directors 8 Female Male Non-Binary/Transgender Did Not Disclose Gender Part I: Gender Identity Directors 3 5 0 0 Part II: Demographic Background Underrepresented Individual in Home Country Jurisdiction 0 LGBTQ+ 0 Did Not Disclose Demographic Background 1 B. Compensation Unless otherwise indicated, the US Dollar exchange rate used in this section refers to the average exchange rate for 2024 reported by the Bank of Israel, which was NIS 3.70 to $1.00. Directors. Under the Companies Law, the compensation of our directors requires the approval",Board Diversity Matrix,,8,Female|Male|Non-Binary|Did Not Disclose Gender,LGBTQ+|Did Not Disclose Demographic Background,1,1,1,same_extracted_shape,No extracted format differences.,matrix,Published matrix date is on/before due+30 grace.,,,,,,,,,0,,e9cd8d80113dd379,8.0,2,0,0,,,0,0,0.25,0.0,0.0,,0.0,0.0,4.0,1,0,1,0,0,0,1,0,317,Energy / industrials,Other non-US,2024,20-F,1,1,0,1,1,0,0,0,1
1933414,MLYS,"Mineralys Therapeutics, Inc.",domestic,PA,2834,Pharmaceutical Preparations,2023-02-10,first_trading,2024-02-10,2024-03-11,released_after_required_window,high,published_late,2024-04-09,after_30_day_grace,issuer SEC filing,https://www.sec.gov/Archives/edgar/data/1933414/000193341424000009/mlys-proxystatementx202404.htm,edgar_filing,DEF 14A,https://www.sec.gov/Archives/edgar/data/1933414/000193341424000009/mlys-proxystatementx202404.htm,Board Diversity Matrix;Total Number of Directors;Gender Identity;Demographic Background,60a0a9cc660a7047,"Mineralys Therapeutics, Inc. Board Diversity Matrix as of March 15, 2024. Total Number of Directors 8. Part I: Gender Identity: Directors Female 1, Male 7. Part II: Demographic Background: Asian Female 1; White Female 1, Male 6.",Board Diversity Matrix,"as of March 15, 2024",8,Female|Male,Asian|White,0,0,0,continued_same_matrix,2025-04-09,issuer SEC filing,https://www.sec.gov/Archives/edgar/data/1933414/000193341425000036/mlys-20250408.htm,DEF 14A,0001933414-25-000036,0.85,Board Diversity Matrix;Total Number of Directors,6,2,0,592c5834c91390eb,"e in our proxy statement for the 2026 annual meeting, the recommendation should be received by our corporate secretary at our principal executive offices in accordance with our procedures detailed in the section below titled “Stockholder Proposals.” Board Diversity Matrix The following table summarizes certain self-identified characteristics of our directors: Total Number of Directors 7 Female Male Part I: Gender Identity Directors 1 6 Part II: Demographic Background Asian 1 White 1 5 18 Director Attendance at Annual Meetings We do not have a formal policy requiring our directors to attend stockholder meetings, although we encourage attendance. No director attended the 2024 annual meeting of stockholders. Communications with our Board of Directors Our board of directors will give appropriate attention to written communications that are submitted by stockholders and will respond if and as appropriate. Our Chief Financial Officer and Secretary is primarily responsible for monitoring communications from stockholders and for providing copies or summaries to the directors as he considers appropriate. Communications are forwarded to all d",Board Diversity Matrix,,7,Female|Male,Asian|White,0,0,0,changed_extracted_shape,"as-of date: initial extracted, post-vacatur not extracted; total directors: 8 -> 7",matrix,Published matrix date is after due+30 grace.,"SEC search/browser confirmed matrix in 2024 DEF 14A filed 2024-04-09. Due 2024-02-10, beyond due+30, so late. 2024 10-K checked separately without matrix; 2025 DEF 14A later also has matrix.",found_current_sec_matrix,2026-04-08,https://www.sec.gov/Archives/edgar/data/1933414/000193341426000069/mlys-20260408.htm,not_found,,,not_found,1,post_vacatur_matrix_format_changed,2c406283a50e88b0,8.0,1,,,,7,,,0.125,,,,,,1.0,1,0,1,0,0,0,1,0,-59,Life sciences / medical,Other non-US,2024,proxy,1,0,1,1,1,0,0,1,0
1829247,BFRG,"BullFrog AI Holdings, Inc.",domestic,MD,2834,Pharmaceutical Preparations,2023-02-14,first_trading,2024-02-14,2024-03-15,released_after_required_window,high,published_late,2024-03-29,after_30_day_grace,issuer SEC filing,https://www.sec.gov/Archives/edgar/data/1829247/000149315224011964/form10-k.htm,edgar_filing,10-K,https://www.sec.gov/Archives/edgar/data/1829247/000149315224011964/form10-k.htm,Board Diversity Matrix;Total Number of Directors;Gender Identity;Demographic Background,696515f1273435cc,"BullFrog AI Holdings, Inc. Board Diversity Matrix. Country of Principal Executive Offices United States; Foreign Private Issuer No; Disclosure Prohibited under Home Country Law N/A. Total Number of Directors 4. Part I: Gender Identity: Directors Female 0, Male 4, Non-Binary 0, Did Not Disclose Gender 0. Part II: Demographic Background: Underrepresented Individual in Home Country Jurisdiction N/A; LGBTQ+ not disclosed; Did Not Disclose Demographic Background not disclosed.",Board Diversity Matrix,,4,Female|Male|Non-Binary|Did Not Disclose Gender,LGBTQ+|Did Not Disclose Demographic Background,1,1,1,continued_same_matrix,2025-03-14,issuer SEC filing,https://www.sec.gov/Archives/edgar/data/1829247/000149315225010367/form10-k.htm,10-K,0001493152-25-010367,0.95,Board Diversity Matrix;Total Number of Directors;Did Not Disclose Gender;Did Not Disclose Demographic Background,7,1,0,3416ddb85378a119,"irectors because of his extensive professional experience in science and biotechnology companies. Board Diversity The table below provides certain information regarding the diversity of our board of directors as of the date of this annual report. 33 Board Diversity Matrix Country of Principal Executive Officers: United States Foreign Private Issuer No Disclosure Prohibited under Home Country Law N/A Total Number of Directors 4 Female Male Non-Binary Did Not Disclose Gender Part I: Gender Identity Directors 0 4 0 0 Part II: Demographic Background Underrepresented Individual in Home Country Jurisdiction N/A LGBTQ+ N/A Did Not Disclose Demographic Background N/A Our Board seeks members from diverse professional backgrounds who combine a solid professional reputation and knowledge of our business and industry with a reputation for integrity. Our Board does not have a formal policy concerning diversity and inclusion but is in the process of establishing a policy on diversity. Diversity of experience, expertise, and viewpoints is one of many factors the Nominating and Corporate Governance Committee considers when recommending director nom",Board Diversity Matrix,,4,Female|Male|Non-Binary|Did Not Disclose Gender,LGBTQ+|Did Not Disclose Demographic Background,1,1,1,same_extracted_shape,No extracted format differences.,matrix,Published matrix date is after due+30 grace.,"SEC search/browser confirmed matrix in 2024 10-K filed 2024-03-29. Due 2024-02-14, beyond due+30, so late. 2023 10-K had no matrix; 2024 DEF 14A contains a later matrix.",found_current_sec_matrix,2025-03-14,https://www.sec.gov/Archives/edgar/data/1829247/000149315225010367/form10-k.htm,not_found,,,not_found,0,,ecbf074f5751867b,4.0,0,0,0,,,,,0.0,0.0,0.0,,,,3.0,1,0,0,0,0,0,0,0,-44,Life sciences / medical,Other non-US,2024,10-K,1,0,1,1,1,0,0,0,1
1895618,GXAI,GAXOS.AI INC.,domestic,NJ,7372,Services-Prepackaged Software,2023-02-15,first_trading,2024-02-15,2024-03-16,released_after_required_window,high,published_late,2024-03-27,after_30_day_grace,issuer SEC filing,https://www.sec.gov/Archives/edgar/data/1895618/000121390024026681/ea0202356-10k_gaxosai.htm,edgar_filing,10-K,https://www.sec.gov/Archives/edgar/data/1895618/000121390024026681/ea0202356-10k_gaxosai.htm,Board Diversity Matrix;Total Number of Directors;Gender Identity;Demographic Background,ec0e13f69950f117,"Gaxos.ai Inc. Board Diversity Matrix as of March 27, 2024. Total Number of Directors 4. Part I: Gender Identity: Directors Male 4. Part II: Demographic Background: White Male 4.",Board Diversity Matrix,"as of March 27, 2024",4,Male,White,0,0,0,continued_other_narrative,2025-06-30,issuer SEC filing,https://www.sec.gov/Archives/edgar/data/1895618/000114036125024202/ny20050857x1_def14a.htm,DEF 14A,0001140361-25-024202,0.75,"\bdiversity\b.{0,220}\b(?:director|directors|nominee|nominees|board)\b",4,4,0,66cd9e89f6760757,"rth in the nominating and corporate governance committee charter. Specifically, the nominating and corporate governance committee may take into account many factors, including personal and professional integrity, experience relevant to the Company’s industry, diversity of background and perspective including, but not limited to, with respect to gender and ethnicity and any other relevant qualifications, attributes or skills. We consider diversity a factor in identifying director nominees, but do not have a formal diversity policy. The Board evaluates each individual in the context of the Board as a whole, with the objective of assembling a group that has the necessary tools to perform its oversight function effectively in light of the Company’s business and structure. In determining whether to recommend a director for re-election, the nominating and corporate governance committee may also consider potential conflicts of interest with the candidates, other personal and professional pursuits, the director’s past attendance at meetings and participation in and contributions to the activities of the Board. In identifying prospective director candidates, the nominating and corporate governance committee may seek referrals from other members of the Board or shareholders. The nominating and corporate governance committee also m",,,,,,0,0,0,matrix_replaced_by_or_supplemented_with_narrative,"Post-vacatur evidence is board/diversity narrative, not an extracted matrix.",board_diversity_narrative,Published matrix date is after due+30 grace.,"SEC search/browser confirmed matrix in 2024 10-K filed 2024-03-27. Due 2024-02-15, beyond due+30, so late. January 2024 proxy checked without matrix; November 2024 proxy contains a later clearer matrix.",not_found_in_current_sec_filings,,,not_found,,,not_found,0,,ec6275c00da65dca,4.0,,,,,,,,,,,,,,0.0,0,0,0,0,0,0,0,0,-41,Technology,Other non-US,2024,10-K,1,0,1,1,0,1,0,1,0
1611282,,"PishPosh, Inc.",domestic,NJ,5960,Retail-Nonstore Retailers,2023-03-07,pricing_proxy,2024-03-07,2024-04-06,no_release_found_after_checks,medium,not_located,,no_dated_release,,,No substantive matrix located,,,,4ae26cb90c6bae90,No Board Diversity Matrix / Diversity Matrix / Nasdaq Rule 5606 / Total Number of Directors terms found in SEC 2023-2025 annual/quarterly/registration filings or issuer/Wayback homepage checks.,Board Diversity Matrix,,,,,0,0,0,no_post_vacatur_relevant_filing,,,,,,0.65,,0,0,0,,,,,,,,0,0,0,no_post_vacatur_matrix_extracted,No post-vacatur matrix was extracted from reviewed filings.,no_signal_found,"No substantive primary matrix located after SEC, committed-check FTS/Wayback, website candidates, and manual/browser review where applicable.",Checked SEC filings including 2023 and 2024 10-Ks and 2024 10-Qs/S-1 amendments; no matrix. Current and Wayback pishposhbaby.com pages show retail/investor-relations footer but no substantive matrix.,not_found_in_current_sec_filings,,,not_found,,,not_found,1,no_release_found_after_checks,c5069482a29bf832,,,,,,,,,,,,,,,0.0,0,0,0,0,0,0,0,0,,Consumer / retail,Other non-US,2024,unknown,0,0,1,0,0,0,1,0,0
1935172,AIXI,Xiao-I Corp,foreign_private_issuer,F4,7372,Services-Prepackaged Software,2023-03-09,first_trading,2024-03-09,2024-04-08,released_in_required_window,high,published_on_time,2023-04-28,on_or_before_due_date,issuer SEC filing,https://www.sec.gov/Archives/edgar/data/1935172/000121390023033683/f20f2022_xiaoicorp.htm,edgar_filing,20-F,0001213900-23-033683,Board Diversity Matrix;Total Number of Directors;Did Not Disclose Gender;Did Not Disclose Demographic Background,9cb48097c393d814,"aculty of the Sloan School of Management at Massachusetts Institute of Technology from 1981 to 1984. Board Diversity The table below provides certain information regarding the diversity of our board of directors as of the date of this annual report. Board Diversity Matrix Country of Principal Executive Offices China Foreign Private Issuer Yes Disclosure Prohibited Under Home Country Law No Total Number of Directors 5 Part I: Gender Identity Female Male Non-Binary Did Not Disclose Gender Directors 1 4 0 0 Part II: Demographic Background Underrepresented Individual in Home Country Jurisdiction 1 LGBTQ+ 0 Did Not Disclose Demographic Background 0 86 Family Relationships There are no family relationships among the directors and executive officers of the Company. B. Compensation. Compensation of Directors and Executive Officers For the fiscal year ended December 31, 2021, we paid an aggregate",Board Diversity Matrix,,5,Female|Male|Non-Binary|Did Not Disclose Gender,LGBTQ+|Did Not Disclose Demographic Background,1,1,1,continued_same_matrix,2025-05-15,issuer SEC filing,https://www.sec.gov/Archives/edgar/data/1935172/000121390025044439/ea0238811-20f_xiaoicorp.htm,20-F,0001213900-25-044439,0.95,Board Diversity Matrix;Total Number of Directors;Did Not Disclose Gender;Did Not Disclose Demographic Background,15,3,0,b38c3ee5b50c1082,"his Doctorate Degree in Accounting and Accountability Systems from Harvard Business School in 1981. Board Diversity The table below provides certain information regarding the diversity of our board of directors as of the date of this annual report. Board Diversity Matrix Country of Principal Executive Offices China Foreign Private Issuer Yes Disclosure Prohibited Under Home Country Law No Total Number of Directors 4 Part I: Gender Identity Female Male Non-Binary Did Not Disclose Gender Directors 0 4 0 0 Part II: Demographic Background Underrepresented Individual in Home Country Jurisdiction 0 LGBTQ+ 0 Did Not Disclose Demographic Background 0 92 Family Relationships There are no family relationships among the directors and executive officers of the Company. B. Compensation. Compensation of Directors and Executive Officers For the fiscal year ended December 31, 2024, we paid an aggregate of US$404,072.43 in cash to our executive officers, and we paid US$93,008.36 to our non-executive director. We have not set aside or accrued any amount to provide pension, retirement or other similar benefits to our directors and executive officers.",Board Diversity Matrix,,4,Female|Male|Non-Binary|Did Not Disclose Gender,LGBTQ+|Did Not Disclose Demographic Background,1,1,1,changed_extracted_shape,total directors: 5 -> 4,matrix,Published matrix date is on/before due+30 grace.,,,,,,,,,1,post_vacatur_matrix_format_changed,e1e71638a5054d51,5.0,1,0,0,,,0,0,0.2,0.0,0.0,,0.0,0.0,4.0,1,0,1,0,0,0,1,0,316,Technology,Other non-US,2024,20-F,1,1,0,1,1,0,0,1,0
1854572,IZM,ICZOOM Group Inc.,foreign_private_issuer,F4,5731,"Retail-Radio, Tv & Consumer Electronics Stores",2023-03-15,first_trading,2024-03-15,2024-04-14,released_in_required_window,high,published_on_time,2023-10-31,on_or_before_due_date,issuer SEC filing,https://www.sec.gov/Archives/edgar/data/1854572/000121390023081728/f20f2023_iczoom.htm,edgar_filing,20-F,0001213900-23-081728,Board Diversity Matrix;Total Number of Directors;Did Not Disclose Gender;Did Not Disclose Demographic Background,985298616a2e7f6d,"to mortgage or charge our undertakings and property or any part thereof, to issue debentures, debenture stock and other securities whenever money is borrowed or as security for any debt, liability or obligation of the company or of any third party. Board Diversity Matrix Board Diversity Matrix (As of October 31, 2023) Country of Principal Executive Offices People’s Republic of China Foreign Private Issuer Yes Disclosure Prohibited Under Home Country Law No Total Number of Directors 5 Part I: Gender Identity Female Male Non-Binary Did Not Disclose Gender Directors 1 4 0 0 Part II: Demographic Background Underrepresented Individual in Home Country Jurisdiction 0 LGBTQ+ 0 Did Not Disclose Demographic Background 0 D. Employees As of the date of this Annual Report, we have a total of 109 full-time employees, of which 13 are in research and development, 27 are in sales and marketing, 41 are in",Board Diversity Matrix Board Diversity Matrix,"As of October 31, 2023",5,Female|Male|Non-Binary|Did Not Disclose Gender,LGBTQ+|Did Not Disclose Demographic Background,1,1,1,continued_other_narrative,2025-10-24,issuer SEC filing,https://www.sec.gov/Archives/edgar/data/1854572/000121390025102243/ea0262215-20f_iczoom.htm,20-F,0001213900-25-102243,0.75,"\bdiversity\b.{0,220}\b(?:director|directors|nominee|nominees|board)\b",10,10,0,28c92c1f7b8c7bf7,"ittee of the board is responsible for the assessment of the performance of the board, considering and making recommendations to the board with respect to the nominations or elections of directors and other governance issues. The nominating committee considers diversity of opinion and experience when nominating directors. Audit Committee The Audit Committee is responsible for, among other matters: ● appointing, compensating, retaining, evaluating, terminating, and overseeing our independent registered public accounting firm; ● discussing with our independent registered public accounting firm the independence of its members from its management; ● reviewing with our independent registered public accounting firm the scope and results of their audit; ● approving all audit and permissible non-audit online transaction services of electronic components to be performed by our independent registered public accounting firm; ● overseeing the financial reporting process and discussing with management and our independent registered public accounting firm the interim and annual financial statements that we file with the SEC; ● reviewing and monitoring our accounting p",,,,,,0,0,0,matrix_replaced_by_or_supplemented_with_narrative,"Post-vacatur evidence is board/diversity narrative, not an extracted matrix.",board_diversity_narrative,Published matrix date is on/before due+30 grace.,,,,,,,,,0,,3f54a21d6a96184a,5.0,1,0,0,,,0,122,0.2,0.0,0.0,,0.0,1.0,4.0,1,0,1,0,0,0,1,1,136,Consumer / retail,Other non-US,2024,20-F,1,1,0,1,0,1,0,1,0
1938046,MGRX,"MANGOCEUTICALS, INC.",domestic,TX,8090,"Services-Misc Health & Allied Services, NEC",2023-03-21,first_trading,2024-03-21,2024-04-20,released_after_required_window,high,published_late,2024-05-16,after_30_day_grace,issuer SEC filing,https://www.sec.gov/Archives/edgar/data/1938046/000149315224020141/formdef14a.htm,edgar_filing,DEF 14A,https://www.sec.gov/Archives/edgar/data/1938046/000149315224020141/formdef14a.htm,Board Diversity Matrix;Total Number of Directors;Gender Identity;Demographic Background,1b6c13e445416bd7,"Mangoceuticals, Inc. Board Diversity Matrix as of May 16, 2024. Total Number of Directors 4. Part I: Gender Identity: Directors Female 1, Male 3, Non-Binary 0, Did Not Disclose Gender 0. Part II: Demographic Background: Asian Male 1; Hispanic or Latinx Male 1; White Female 1, Male 1; LGBTQ+ 0; Did Not Disclose Demographic Background 0.",Board Diversity Matrix,"as of May 16, 2024",4,Female|Male|Non-Binary|Did Not Disclose Gender,Asian|Hispanic or Latinx|Hispanic or Latin|White|LGBTQ+|Did Not Disclose Demographic Background,1,1,1,continued_other_narrative,2025-03-20,issuer SEC filing,https://www.sec.gov/Archives/edgar/data/1938046/000164117225000085/form10-k.htm,10-K,0001641172-25-000085,0.75,\bboard diversity\b,4,4,0,fec4ad88186c36d9,"e Company adopted a Whistleblower Protection Policy (“ Whistleblower Policy ”) that applies to all of its directors, officers, employees, consultants, contractors and agents of the Company. The Whistleblower Policy has been reviewed and approved by the Board. Board Diversity While we do not have a formal policy on diversity, our Board of Directors considers diversity to include the skill set, background, reputation, type and length of business experience of our board members as well as a particular nominee’s contributions to that mix. Our Board of Directors believes that diversity promotes a variety of ideas, judgments and considerations to the benefit of our Company and shareholders. Delinquent Section 16(a) Reports Section 16(a) of the Exchange Act requires our executive officers and directors and persons who own more than 10% of a registered class of our equity securities to file with the SEC initial statements of beneficial ownership, reports of changes in ownership and annual reports concerning their ownership in our common stock and other equity securities, on Form 3, 4 and 5 respectively. Executive of",,,,,,0,0,0,matrix_replaced_by_or_supplemented_with_narrative,"Post-vacatur evidence is board/diversity narrative, not an extracted matrix.",board_diversity_narrative,Published matrix date is after due+30 grace.,"SEC search/browser confirmed matrix in 2024 DEF 14A filed 2024-05-16. Due 2024-03-21, beyond due+30, so late.",not_found_in_current_sec_filings,,,not_found,,,not_found,0,,18ee44fe39089468,4.0,1,0,0,,,0,0,0.25,0.0,0.0,,0.0,0.0,4.0,1,0,1,0,0,0,1,0,-56,Life sciences / medical,Other non-US,2024,proxy,1,0,1,1,0,1,0,1,0
1944902,OMH,Ohmyhome Ltd,foreign_private_issuer,U0,6531,Real Estate Agents & Managers (For Others),2023-03-21,first_trading,2024-03-21,2024-04-20,released_in_required_window,high,published_on_time,2023-04-27,on_or_before_due_date,issuer SEC filing,https://www.sec.gov/Archives/edgar/data/1944902/000149315223013845/form20-f.htm,edgar_filing,20-F,0001493152-23-013845,Board Diversity Matrix;Total Number of Directors;Did Not Disclose Gender,2a00e60c51946008,"ime as his successor takes office or until the earlier of his death, resignation or removal from office by ordinary resolution or the affirmative vote of a simple majority of the other directors present and voting at a board meeting. Board Diversity Board Diversity Matrix (As of the date of this annual report) Country of Principal Executive Offices: Singapore Foreign Private Issuer Yes Disclosure Prohibited Under Home Country Law No Total Number of Directors 6 Female Male Non-Binary Did Not Disclose Gender Part I: Gender Identity Directors 2 4 0 0 Part II: Demographic Background Underrepresented Individual in Home Country Jurisdiction — LGBTQ+ — 6.D. Employees We employed 48 persons as December 31, 2022, 49 persons as of December 31, 2021, and 43 persons as of December 31, 2020, who were mostly located in Singapore. Our employees are not covered by collective bargaining agreements. We co",Board Diversity Board Diversity Matrix,"as of December 31, 2021",6,Female|Male|Non-Binary|Did Not Disclose Gender,LGBTQ+,1,1,0,continued_same_matrix,2025-04-29,issuer SEC filing,https://www.sec.gov/Archives/edgar/data/1944902/000164117225006592/form20-f.htm,20-F,0001641172-25-006592,0.95,Board Diversity Matrix;Total Number of Directors;Did Not Disclose Gender,25,9,0,80737a25555b830e,"ime as his successor takes office or until the earlier of his death, resignation or removal from office by ordinary resolution or the affirmative vote of a simple majority of the other directors present and voting at a board meeting. Board Diversity Board Diversity Matrix (As of the date of this annual report) Country of Principal Executive Offices: Singapore Foreign Private Issuer Yes Disclosure Prohibited Under Home Country Law No Total Number of Directors 6 Female Male Non-Binary Did Not Disclose Gender Part I: Gender Identity Directors 3 3 0 0 Part II: Demographic Background Underrepresented Individual in Home Country Jurisdiction — LGBTQ+ — 6.D. Employees We employed 108 persons as of December 31, 2024, 112 persons as of December 31, 2023, 48 persons as of December 31, 2022, 49 persons as of December 31, 2021, and 43 persons as of December 31, 2020, who were mostly located in Singapore. Our employees are not covered by collective bargaining agreements. We consider our labor practices and employee relations to be good. 6.E. Share Ownership The following table sets forth information regarding beneficial ownership of our share cap",Board Diversity Board Diversity Matrix,"as of December 31, 2024",6,Female|Male|Non-Binary|Did Not Disclose Gender,LGBTQ+,1,1,0,changed_extracted_shape,"as-of date: as of December 31, 2021 -> as of December 31, 2024",matrix,Published matrix date is on/before due+30 grace.,,,,,,,,,1,post_vacatur_matrix_format_changed,7bcf1e228b8d5d87,6.0,2,0,0,,,85,,0.3333333333333333,0.0,0.0,,1.0,,3.0,1,0,1,0,0,1,1,0,329,Finance / real estate,Other non-US,2024,20-F,1,1,0,1,1,0,0,1,0
1914805,BANL,CBL International Ltd,foreign_private_issuer,N8,5172,Wholesale-Petroleum & Petroleum Products (No Bulk Stations),2023-03-23,first_trading,2024-03-23,2024-04-22,released_in_required_window,high,published_on_time,2024-04-18,within_30_day_grace,issuer SEC filing,https://www.sec.gov/Archives/edgar/data/1914805/000149315224015142/form20-f.htm,edgar_filing,20-F,0001493152-24-015142,Board Diversity Matrix;Total Number of Directors;Did Not Disclose Gender;Did Not Disclose Demographic Background,d9ff96fd8cf97082,"d the composition of our board of directors has remained unchanged since then. The table below provides certain information regarding the diversity of our board of directors as of March 23, 2023, December 31, 2023 and the date of this annual report. Board Diversity Matrix Country of Principal Executive Office Malaysia Foreign Private Issuer Yes Disclosure Prohibited Under Home Country Law No Total Number of Directors 7 Part I: Gender Identity Female Male Non-Binary Did Not Disclose Gender 1 6 0 0 Part II: Demographic Background ● Underrepresented individual in home country jurisdiction 0 ● LGBTQ+ 0 ● Did not disclose demographic background 7 As at the date of this report, the number of Directors who are male and female are six and one, respectively. Our Company is in the course of identifying suitable female board candidates and intends to have at least two diverse Directors by December",Board Diversity Matrix,"as of March 23, 2023",7,Female|Male|Non-Binary|Did Not Disclose Gender,LGBTQ+|Did Not Disclose Demographic Background,1,1,1,continued_same_matrix,2025-04-16,issuer SEC filing,https://www.sec.gov/Archives/edgar/data/1914805/000164117225005027/form20-f.htm,20-F,0001641172-25-005027,0.95,Board Diversity Matrix;Total Number of Directors;Did Not Disclose Gender,22,5,0,eb37ec5acd526df9,"arch 23, 2023 and the composition of our board of directors has remained unchanged since then. The table below provides certain information regarding the diversity of our board of directors as of December 31, 2024 and the date of this annual report. Board Diversity Matrix Country of Principal Executive Office Malaysia Foreign Private Issuer Yes Disclosure Prohibited Under Home Country Law No Total Number of Directors 7 Part I: Gender Identity Female Male Non-Binary Did Not Disclose Gender 1 6 0 0 As at the date of this report, the number of Directors who are male and female are six and one, respectively. Our Company is in the course of identifying suitable female board candidates and intends to have at least two diverse Directors by December 31, 2026. Family Relationships There are no family relationships among any of our directors or executive officers. 6.B. Compensation During the year ended December 31, 2024, we paid $1,681,068, in the aggregate, to our executive officers, directors and senior management. During the year ended December 31, 2023, we paid $1,499,917, in the aggregate, to our executive officers, directors and senior",Board Diversity Matrix,"as of December 31, 2024",7,Female|Male|Non-Binary|Did Not Disclose Gender,,1,1,0,changed_extracted_shape,"as-of date: as of March 23, 2023 -> as of December 31, 2024; demographic rows: initial extracted, post-vacatur not extracted",matrix,Published matrix date is on/before due+30 grace.,,,,,,,,,1,post_vacatur_matrix_format_changed,e6f4940e2cf4af48,7.0,,,,,,0,7,,,,,0.0,1.0,4.0,0,0,0,0,0,0,0,1,-26,Other / mixed,Other non-US,2024,20-F,1,1,0,1,1,0,0,1,0
1329606,CETY,"Clean Energy Technologies, Inc.",domestic,CA,4924,Natural Gas Distribution,2023-03-24,pricing_proxy,2024-03-24,2024-04-23,released_in_required_window,high,published_on_time,2024-04-17,within_30_day_grace,issuer SEC filing,https://www.sec.gov/Archives/edgar/data/1329606/000149315224014897/form10-k.htm,edgar_filing,10-K,0001493152-24-014897,Board Diversity Matrix,7cee11723048ad5e,"any of our nominees or directors and any other person pursuant to which any of our nominees or directors have been selected for their respective positions. No nominee or director is related to any executive officer or any other nominee or director. Board Diversity Matrix (As of April 15, 2024) Did Not Disclose Female Male Gender Gender Identity Directors 1 4 0 Demographic Background Asian 0 2 0 White 1 2 0 Corporate Governance Director Attendance at Meetings of the Board of Directors Our Board of Directors held 4 meetings during the fiscal year ended December 31, 2023. Each of our incumbent directors attended at least 75.0% of the aggregate total number of meetings of our Board of Directors held during the period for which he served as a director. Director Attendance at Annual Meetings of the Shareholders Although we have no policy with regard to attendance by the members of our Board of",Board Diversity Matrix,"As of April 15, 2024",,Female|Male,Asian|White,0,0,0,continued_same_matrix,2025-04-14,issuer SEC filing,https://www.sec.gov/Archives/edgar/data/1329606/000164117225003950/form10-k.htm,10-K,0001641172-25-003950,0.85,Board Diversity Matrix,4,1,0,80e064b0473ab02d,"any of our nominees or directors and any other person pursuant to which any of our nominees or directors have been selected for their respective positions. No nominee or director is related to any executive officer or any other nominee or director. Board Diversity Matrix (As of December 31, 2024) Did Not Female Male Disclose Gender Identity Directors 1 4 0 Demographic Background Asian 0 3 0 White 1 1 0 Corporate Governance Director Attendance at Meetings of the Board of Directors Our Board of Directors held two meetings during the fiscal year ended December 31, 2024, and executed multiple written consents to action without a meeting. Each of our incumbent directors attended at least 75.0% of the aggregate total number of meetings of our Board of Directors held during the period for which they served as a director. Director Attendance at Annual Meetings of the Shareholders Although we have no policy with regard to attendance by the members of our Board of Directors at our annual meetings, we invite and encourage the members of our Board of Directors to attend our annual meetings to foster communication between Shareholders and our B",Board Diversity Matrix,"As of December 31, 2024",,Female|Male,Asian|White,0,0,0,changed_extracted_shape,"as-of date: As of April 15, 2024 -> As of December 31, 2024",matrix,Published matrix date is on/before due+30 grace.,,,,,,,,,1,post_vacatur_matrix_format_changed,072e61dbd6b747bf,,,,,2,3,,,,,,,,,1.1666666666666667,0,0,0,0,1,0,1,0,-24,Energy / industrials,Other non-US,2024,10-K,1,1,0,1,1,0,0,1,0
1837821,ZJYL,Jin Medical International Ltd.,foreign_private_issuer,F4,3842,"Orthopedic, Prosthetic & Surgical Appliances & Supplies",2023-03-28,first_trading,2024-03-28,2024-04-27,released_in_required_window,high,published_on_time,2024-04-26,within_30_day_grace,issuer SEC filing,https://www.sec.gov/Archives/edgar/data/1837821/000121390024036700/f20f2023_jinmedical.htm,edgar_filing,20-F,0001213900-24-036700,Board Diversity Matrix;Total Number of Directors;Did Not Disclose Gender;Did Not Disclose Demographic Background,168caaa56218144c,"gs To the best of our knowledge, none of our directors or executive officers has, during the past 10 years, been involved in any legal proceedings described in subparagraph (f) of Item 401 of Regulation S-K. 97 Diversity Matrix of Board of Directors Board Diversity Matrix as at the date of this Annual Report Country of Principal Executive Offices: China Foreign Private Issuer Yes Disclosure Prohibited Under Home Country Law No Total Number of Directors 5 Female Male Non-Binary Did Not Disclose Gender Part I: Gender Identity Directors 1 4 0 0 Part II: Demographic Background Underrepresented Individual in China 3 LGBTQ+ 0 Did Not Disclose Demographic Background 0 B. Compensation Compensation of Directors and Executive Officers The following table sets forth certain information with respect to compensation for the fiscal year ended September 30, 2023, earned by or paid to our chief executiv",Board of Directors Board Diversity Matrix,,5,Female|Male|Non-Binary|Did Not Disclose Gender,LGBTQ+|Did Not Disclose Demographic Background,1,1,1,continued_same_matrix,2025-01-24,issuer SEC filing,https://www.sec.gov/Archives/edgar/data/1837821/000121390025006519/ea0227825-20f_jinmedical.htm,20-F,0001213900-25-006519,0.95,Board Diversity Matrix;Total Number of Directors;Did Not Disclose Gender;Did Not Disclose Demographic Background,17,1,0,5011d7e17986be5f,"dings To the best of our knowledge, none of our directors or executive officers has, during the past 10 years, been involved in any legal proceedings described in subparagraph (f) of Item 401 of Regulation S-K. Diversity Matrix of Board of Directors Board Diversity Matrix as at the date of this Annual Report Country of Principal Executive Offices: China Foreign Private Issuer Yes Disclosure Prohibited Under Home Country Law No Total Number of Directors 5 Female Male Non-Binary Did Not Disclose Gender Part I: Gender Identity Directors 1 4 0 0 Part II: Demographic Background Underrepresented Individual in China 3 LGBTQ+ 0 Did Not Disclose Demographic Background 0 B. Compensation Compensation of Directors and Executive Officers The following table sets forth certain information with respect to compensation for the fiscal year ended September 30, 2024, earned by or paid to our chief executive officer and principal executive officer, our principal financial officer, and our other most highly compensated executive officers whose total compensation exceeded US$100,000 (the “named executive officers”). Name and Principal Position Year Salar",Board of Directors Board Diversity Matrix,,5,Female|Male|Non-Binary|Did Not Disclose Gender,LGBTQ+|Did Not Disclose Demographic Background,1,1,1,same_extracted_shape,No extracted format differences.,matrix,Published matrix date is on/before due+30 grace.,,,,,,,,,0,,974e39dcf39a0b24,5.0,1,0,0,,,0,0,0.2,0.0,0.0,,0.0,0.0,4.0,1,0,1,0,0,0,1,0,-29,Life sciences / medical,Other non-US,2024,20-F,1,1,0,1,1,0,0,0,1
1875496,,"YanGuFang International Group Co., Ltd",foreign_private_issuer,F4,2000,Food and Kindred Products,2023-03-28,first_trading,2024-03-28,2024-04-27,no_release_found_after_checks,medium,not_located,,no_dated_release,,,No substantive matrix located,,,,0352b146b4e2ffa5,No Board Diversity Matrix / Diversity Matrix / Nasdaq Rule 5606 terms found in SEC 2023-2024 6-K/20-F-related filings or issuer/Wayback homepage check.,Board Diversity Matrix,,,,,0,0,0,no_post_vacatur_relevant_filing,,,,,,0.65,,0,0,0,,,,,,,,0,0,0,no_post_vacatur_matrix_extracted,No post-vacatur matrix was extracted from reviewed filings.,no_signal_found,"No substantive primary matrix located after SEC, committed-check FTS/Wayback, website candidates, and manual/browser review where applicable.","Checked SEC inventory: 2024 25-NSE delisting notice, Jan 2024 6-Ks, 2023 6-Ks, F-1/prospectus history; no matrix. Wayback January 2024 yangufang.com capture is a JavaScript shell without substantive matrix text. Web search did not locate primary matrix evidence.",not_found_in_current_sec_filings,,,no_company_url,,,not_found,1,no_release_found_after_checks,b57c537db8fba89b,,,,,,,,,,,,,,,0.0,0,0,0,0,0,0,0,0,,Consumer / retail,Other non-US,2024,unknown,0,0,1,0,0,0,1,0,0
1855557,HLP,Hongli Group Inc.,foreign_private_issuer,China,3569,"General Industrial Machinery & Equipment, NEC",2023-03-29,first_trading,2024-03-29,2024-04-28,released_in_required_window,high,published_on_time,2023-05-16,on_or_before_due_date,issuer SEC filing,https://www.sec.gov/Archives/edgar/data/1855557/000121390023040060/f20f2022_hongli.htm,edgar_filing,20-F,0001213900-23-040060,Board Diversity Matrix;Total Number of Directors;Did Not Disclose Gender;Did Not Disclose Demographic Background,039cdebc0e350872,"to mortgage or charge our undertakings and property or any part thereof, to issue debentures, debenture stock and other securities whenever money is borrowed or as security for any debt, liability or obligation of the company or of any third party. Board Diversity Matrix Board Diversity Matrix (As of May 15, 2022) Country of Principal Executive Offices People’s Republic of China Foreign Private Issuer Yes Disclosure Prohibited Under Home Country Law No Total Number of Directors 4 Part I: Gender Identity Female Male Non-Binary Did Not Disclose Gender Directors 1 3 0 0 Part II: Demographic Background Underrepresented Individual in Home Country Jurisdiction 0 LGBTQ+ 0 Did Not Disclose Demographic Background 0 D. Employees As of the date of this Annual Report, we have a total of 207 full-time employees, of which 144 are in manufacturing department, 25 are in research and development departme",Board Diversity Matrix Board Diversity Matrix,"As of May 15, 2022",4,Female|Male|Non-Binary|Did Not Disclose Gender,LGBTQ+|Did Not Disclose Demographic Background,1,1,1,continued_same_matrix,2025-05-12,issuer SEC filing,https://www.sec.gov/Archives/edgar/data/1855557/000121390025042120/ea0241030-20f_hongli.htm,20-F,0001213900-25-042120,0.95,Board Diversity Matrix;Total Number of Directors;Did Not Disclose Gender;Did Not Disclose Demographic Background,13,2,0,3e5d0d0b9b7d644a,"to mortgage or charge our undertakings and property or any part thereof, to issue debentures, debenture stock and other securities whenever money is borrowed or as security for any debt, liability or obligation of the company or of any third party. Board Diversity Matrix Board Diversity Matrix (As of May 5, 2025) Country of Principal Executive Offices People’s Republic of China Foreign Private Issuer Yes Disclosure Prohibited Under Home Country Law No Total Number of Directors 4 Part I: Gender Identity Female Male Non-Binary Did Not Disclose Gender Directors 1 3 - - Part II: Demographic Background Underrepresented Individual in Home Country Jurisdiction 4 LGBTQ+ - Did Not Disclose Demographic Background - D. Employees As of May 5, 2025, we have a total of 167 full-time employees, of which 99 are in the manufacturing department, 29 are in research and development department, and 39 are in administrative department. We have standard employment, comprehensive confidentiality and non-compete agreements with our management and standard confidentiality and non-compete terms with all other employees. As required by laws and regulations in",Board Diversity Matrix Board Diversity Matrix,"As of May 5, 2025",4,Female|Male|Non-Binary|Did Not Disclose Gender,LGBTQ+|Did Not Disclose Demographic Background,1,1,1,changed_extracted_shape,"as-of date: As of May 15, 2022 -> As of May 5, 2025",matrix,Published matrix date is on/before due+30 grace.,,,,,,,,,1,post_vacatur_matrix_format_changed,df972558e20641cb,4.0,1,0,0,,,0,351,0.25,0.0,0.0,,0.0,1.0,4.0,1,0,1,0,0,0,1,1,318,Energy / industrials,China / Hong Kong,2024,20-F,1,1,0,1,1,0,0,1,0
1825349,CHSN,Chanson International Holding,foreign_private_issuer,F4,2000,Food and Kindred Products,2023-03-30,first_trading,2024-03-30,2024-04-29,released_in_required_window,high,published_on_time,2023-05-01,on_or_before_due_date,issuer SEC filing,https://www.sec.gov/Archives/edgar/data/1825349/000121390023034610/f20f2022_chansoninter.htm,edgar_filing,20-F,0001213900-23-034610,Board Diversity Matrix;Total Number of Directors;Did Not Disclose Gender;Did Not Disclose Demographic Background,a68b997bf0d88074,"University in 2015 and his Master in Science in Financial Management from Boston University in 2017. Board Diversity The table below provides certain information regarding the diversity of our board of directors as of the date of this annual report. Board Diversity Matrix Country of Principal Executive Offices: China Foreign Private Issuer Yes Disclosure Prohibited under Home Country Law No Total Number of Directors 5 Female Male Non- Binary Did Not Disclose Gender Part I: Gender Identity Directors 0 5 0 0 Part II: Demographic Background Underrepresented Individual in Home Country Jurisdiction 0 LGBTQ+ 0 Did Not Disclose Demographic Background 0 Family Relationships None of our directors or executive officers has a family relationship as defined in Item 401 of Regulation S-K. 110 Controlled Company Mr. Gang Li, our chief executive officer, director, and chairman, currently beneficially o",Board Diversity Matrix,,5,Female|Male|Did Not Disclose Gender,LGBTQ+|Did Not Disclose Demographic Background,0,1,1,not_continued_in_reviewed_filings,,,,,,0.7,,25,25,0,,,,,,,,0,0,0,no_post_vacatur_matrix_extracted,No post-vacatur matrix was extracted from reviewed filings.,no_signal_found,Published matrix date is on/before due+30 grace.,,,,,,,,,0,,37a4984e8c099c32,5.0,0,,0,,,0,401,0.0,,0.0,,0.0,1.0,3.0,1,0,0,0,0,0,0,1,334,Consumer / retail,Other non-US,2024,20-F,1,1,0,0,0,0,1,0,0
1742341,HKIT,HiTek Global Inc.,foreign_private_issuer,F4,7372,Services-Prepackaged Software,2023-03-31,first_trading,2024-03-31,2024-04-30,released_in_required_window,high,published_on_time,2023-04-27,on_or_before_due_date,issuer SEC filing,https://www.sec.gov/Archives/edgar/data/1742341/000121390023032977/f20f2022_hitekglobalinc.htm,edgar_filing,20-F,0001213900-23-032977,Board Diversity Matrix;Total Number of Directors;Did Not Disclose Gender;Did Not Disclose Demographic Background,a974d2fad385acf3,"s, including reviewing the adequacy and effectiveness of our procedures to ensure proper compliance. Board Diversity The table below provides certain information regarding the diversity of our board of directors as of the date of this annual report. Board Diversity Matrix Country of Principal Executive Offices: China Foreign Private Issuer Yes Disclosure Prohibited under Home Country Law No Total Number of Directors 5 Female Male Non- Binary Did Not Disclose Gender Part I: Gender Identity Directors 1 4 0 0 Part II: Demographic Background Underrepresented Individual in Home Country Jurisdiction 0 LGBTQ+ 0 Did Not Disclose Demographic Background 0 Family Relationships None of our directors or executive officers has a family relationship as defined in Item 401 of Regulation S-K. D. Employees We had 60, 66 and 75 employees as of December 31, 2022, 2021 and 2020, respectively. The following t",Board Diversity Matrix,"as of December 31, 2022",5,Female|Male|Did Not Disclose Gender,LGBTQ+|Did Not Disclose Demographic Background,0,1,1,not_continued_in_reviewed_filings,,,,,,0.7,,17,17,0,,,,,,,,0,0,0,no_post_vacatur_matrix_extracted,No post-vacatur matrix was extracted from reviewed filings.,no_signal_found,Published matrix date is on/before due+30 grace.,,,,,,,,,0,,b17d854f0b21d032,5.0,1,,0,,,0,401,0.2,,0.0,,0.0,1.0,3.0,1,0,1,0,0,0,1,1,339,Technology,Other non-US,2024,20-F,1,1,0,0,0,0,1,0,0
1863218,SFWL,SHENGFENG DEVELOPMENT Ltd,foreign_private_issuer,F4,4210,Trucking & Courier Services (No Air),2023-03-31,first_trading,2024-03-31,2024-04-30,released_in_required_window,high,published_on_time,2023-05-01,on_or_before_due_date,issuer SEC filing,https://www.sec.gov/Archives/edgar/data/1863218/000121390023034752/f20f2022_shengfeng.htm,edgar_filing,20-F,0001213900-23-034752,Board Diversity Matrix;Total Number of Directors;Did Not Disclose Gender;Did Not Disclose Demographic Background,cc8cc3acccff85b0,"because of his knowledge and extensive experience in financial, accounting, governance and business. Board Diversity The table below provides certain information regarding the diversity of our board of directors as of the date of this annual report. Board Diversity Matrix Country of Principal Executive Offices: China Foreign Private Issuer Yes Disclosure Prohibited under Home Country Law No Total Number of Directors 5 Female Male Non- Binary Did Not Disclose Gender Part I: Gender Identity Directors 2 3 0 0 Part II: Demographic Background Underrepresented Individual in Home Country Jurisdiction 0 LGBTQ+ 0 Did Not Disclose Demographic Background 0 112 Family Relationships None of our directors or executive officers has a family relationship as defined in Item 401 of Regulation S-K. Controlled Company Mr. Yongxu Liu, our chief executive officer, president and chairman of the board of direct",Board Diversity Matrix,,5,Female|Male|Did Not Disclose Gender,LGBTQ+|Did Not Disclose Demographic Background,0,1,1,not_continued_in_reviewed_filings,,,,,,0.7,,4,4,0,,,,,,,,0,0,0,no_post_vacatur_matrix_extracted,No post-vacatur matrix was extracted from reviewed filings.,no_signal_found,Published matrix date is on/before due+30 grace.,,,,,,,,,0,,18ee6575279caffe,5.0,2,,0,,,0,513,0.4,,0.0,,0.0,1.0,3.0,1,0,1,0,0,0,1,1,335,Transportation / utilities,Other non-US,2024,20-F,1,1,0,0,0,0,1,0,0
1946216,,"SYLA Technologies Co., Ltd.",foreign_private_issuer,M0,6500,Real Estate,2023-03-31,first_trading,2024-03-31,2024-04-30,released_in_required_window,high,published_on_time,2023-04-18,on_or_before_due_date,issuer SEC filing,https://www.sec.gov/Archives/edgar/data/1946216/000149315223012779/form20-f.htm,edgar_filing,20-F,0001493152-23-012779,Board Diversity Matrix;Total Number of Directors;Did Not Disclose Gender;Did Not Disclose Demographic Background,6ee59f06e414a371,"five or fewer members, is required to have at least one diverse board member or explain the reasons for not meeting this objective by the end of 2022. The table below provides certain demographic information regarding our current board of directors: Board Diversity Matrix (As of April 7, 2023) Country of Principal Executive Offices Japan Foreign Private Issuer Yes Disclosure Prohibited under Home Country Law No Total Number of Directors 2 Female Male Non-Binary Did Not Disclose Gender Part I: Gender Identity Directors - 2 - - Part II: Demographic Background Underrepresented Individual in Home Country Jurisdiction - LGBTQ+ - Did Not Disclose Demographic Background - While we have not adopted a formal board diversity policy, we are mindful of the benefit that diversity can provide in maximizing the effectiveness and decision-making abilities of our board. In this regard, we are committed t",Board Diversity Matrix,"As of April 7, 2023",2,Female|Male|Non-Binary|Did Not Disclose Gender,LGBTQ+|Did Not Disclose Demographic Background,1,1,1,not_continued_in_reviewed_filings,,,,,,0.7,,10,10,0,,,,,,,,0,0,0,no_post_vacatur_matrix_extracted,No post-vacatur matrix was extracted from reviewed filings.,no_signal_found,Published matrix date is on/before due+30 grace.,,,,,,,,,0,,fd0815b26a455f6f,2.0,0,0,0,,,0,0,0.0,0.0,0.0,,0.0,0.0,4.0,1,0,0,0,0,0,0,0,348,Finance / real estate,Other non-US,2024,20-F,1,1,0,0,0,0,1,0,0
1903995,MGIH,Millennium Group International Holdings Ltd,foreign_private_issuer,K3,2750,Commercial Printing,2023-04-04,first_trading,2024-04-04,2024-05-04,released_in_required_window,high,published_on_time,2023-10-30,on_or_before_due_date,issuer SEC filing,https://www.sec.gov/Archives/edgar/data/1903995/000121390023081558/f20f2023_millennium.htm,edgar_filing,20-F,0001213900-23-081558,Board Diversity Matrix;Total Number of Directors;Did Not Disclose Gender,7b84b7c355c92019,"round, perspective and experience so as to facilitate robust debate and broad thinking on strategies and tactics pursued by us. The following table provides certain information regarding the diversity of our Board of Directors as of the date hereof. Board Diversity Matrix (As of the date hereof) Country of Principal Executive Offices: Hong Kong Foreign Private Issuer Yes Disclosure Prohibited Under Home Country Law No Total Number of Directors 7 Female Male Non-Binary Did Not Disclose Gender Part I: Gender Identity Directors 0 7 0 0 Part II: Demographic Background Underrepresented Individual in Home Country Jurisdiction — LGBTQ+ — 6.D. Employees We had a total of 792 and 861 employees as of June 30, 2023 and 2022, respectively. The following table gives a breakdown of our employees by function: As of June 30, 2023 As of June 30, 2022 Administration and Management 8 9 Engineering 6 7 Rese",Board Diversity Matrix,"as of June 30, 2023",7,Female|Male|Non-Binary|Did Not Disclose Gender,LGBTQ+,1,1,0,continued_other_narrative,2025-10-28,issuer SEC filing,https://www.sec.gov/Archives/edgar/data/1903995/000121390025103120/ea0261607-20f_millennium.htm,20-F,0001213900-25-103120,0.75,"\bdiversity\b.{0,220}\b(?:director|directors|nominee|nominees|board)\b",6,6,0,2a41cd5d462aeb88,"recommending to the board nominees for election by the shareholders or appointment by the board ； ● reviewing annually with the board the current composition of the board with regards to characteristics such as independence, knowledge, skills, experience and diversity; ● making recommendations on the frequency and structure of board meetings and monitoring the functioning of the committees of the board; and ● advising the board periodically with regards to significant developments in the law and practice of corporate governance as well as our compliance with applicable laws and regulations, and making recommendations to the board on all matters of corporate governance and on any remedial action to be taken. 99 Duties of Directors Under Cayman Islands law, all of our directors owe three types of duties to us: (i) statutory duties, (ii) fiduciary duties, and (iii) common law duties. The Cayman Islands Companies Act imposes a number of statutory duties on a director. A Cayman Islands director’s fiduciary duties are not codified, however the courts of the Cayman Islands have held that a director owes the following fiduciary duties: (a) a duty to act in what the director bona fide considers to be in the best interests of the company, (b) a duty to exercise their pow",,,,,,0,0,0,matrix_replaced_by_or_supplemented_with_narrative,"Post-vacatur evidence is board/diversity narrative, not an extracted matrix.",board_diversity_narrative,Published matrix date is on/before due+30 grace.,,,,,,,,,0,,9baa4e2069896e54,7.0,0,0,0,,,1659,,0.0,0.0,0.0,,1.0,,3.0,1,0,0,0,0,1,1,0,157,Manufacturing / industrials,Other non-US,2024,20-F,1,1,0,1,0,1,0,1,0
1948455,ISPR,Ispire Technology Inc.,domestic,CA,2111,Cigarettes,2023-04-04,first_trading,2024-04-04,2024-05-04,released_after_required_window,high,published_late,2024-05-07,after_30_day_grace,issuer SEC filing,https://www.sec.gov/Archives/edgar/data/1948455/000121390024040264/ea0205362-01.htm,edgar_filing,DEF 14A,https://www.sec.gov/Archives/edgar/data/1948455/000121390024040264/ea0205362-01.htm,Board Diversity Matrix;Total Number of Directors;Gender Identity;Demographic Background,d9aebd4f931ff90d,"Ispire Technology Inc. Board Diversity Matrix as of the filing date. Total Number of Directors 5. Part I: Gender Identity: Directors Male 4, Female 1. Part II: Demographic Background: Asian Male 1, Female 1; White Male 3; other listed categories blank or zero.",Board Diversity Matrix,,5,Female|Male,Asian|White,0,0,0,continued_other_narrative,2025-05-13,issuer SEC filing,https://www.sec.gov/Archives/edgar/data/1948455/000121390025042145/ea0241498-01.htm,DEF 14A,0001213900-25-042145,0.75,"\bdiversity\b.{0,220}\b(?:director|directors|nominee|nominees|board)\b",4,4,0,cd7d537f0d01f71a,"lection or re -election to the board, or for appointment to fill any vacancy on the board; • reviewing annually with the board the current composition of the board with regards to characteristics such as independence, knowledge, skills, experience, expertise, diversity and availability of service to us; 13 Table of Contents • selecting and recommending to the board the names of directors to serve as members of the Audit Committee and the Compensation Committee, as well as of the Nominating and Corporate Governance Committee itself; • developing and reviewing the corporate governance principles adopted by the board and advising the board with respect to significant developments in the law and practice of corporate governance and our compliance with such laws and practices; and • evaluating the performance and effectiveness of the board as a whole. Meetings of the Board and Committees During the period from July 1, 2023 until June 30, 2024, our board of directors met telephonically seven times and also acted by unanimous written consent. During this period, the Audit Committee met six times, the Nominating and Corporate Governance Committee did not meet and the Compensation Committee did not meet. Although our directors ar",,,,,,0,0,0,matrix_replaced_by_or_supplemented_with_narrative,"Post-vacatur evidence is board/diversity narrative, not an extracted matrix.",board_diversity_narrative,Published matrix date is after due+30 grace.,"SEC search/browser confirmed matrix in 2024 DEF 14A filed 2024-05-07. Due 2024-04-04, beyond due+30, so late. Later 2024 10-K and 2025 filings checked without earlier matrix.",not_found_in_current_sec_filings,,,not_found,,,not_found,0,,8558d51f3cc3fa07,5.0,4,,,2,,,,0.8,,,0.4,,,0.16666666666666666,1,0,1,0,1,0,1,0,-33,Manufacturing / industrials,Other non-US,2024,proxy,1,0,1,1,0,1,0,1,0
1930179,ARBB,ARB IOT Group Ltd,foreign_private_issuer,Singapore,7373,Services-Computer Integrated Systems Design,2023-04-05,first_trading,2024-04-05,2024-05-05,released_after_required_window,high,published_late,2024-05-16,after_30_day_grace,issuer website archived by Internet Archive,https://www.arbiotgroup.com/board-diversity-matrix,website_archive,,https://www.arbiotgroup.com/board-diversity-matrix,Board Diversity Matrix;Total Number of Directors;Gender Identity;Demographic Background,256fd6f8a24c4ced,"ARB IOT Group Limited Board Diversity Matrix as of May 16, 2024. Country of Principal Executive Offices Singapore; Foreign Private Issuer Yes; Disclosure Prohibited Under Home Country Law No. Total Number of Directors 5. Gender Identity: Directors Female 2, Male 3, Non-Binary 0, Did Not Disclose Gender 0. Demographic Background: Underrepresented Individual in Home Country Jurisdiction 0; LGBTQ+ 0; Did Not Disclose Demographic Background 0.",Board Diversity Matrix,"as of May 16, 2024",5,Female|Male|Non-Binary|Did Not Disclose Gender,LGBTQ+|Did Not Disclose Demographic Background,1,1,1,continued_other_narrative,2025-10-31,issuer SEC filing,https://www.sec.gov/Archives/edgar/data/1930179/000121390025104705/ea0262495-20f_arbiot.htm,20-F,0001213900-25-104705,0.75,"\bdiversity\b.{0,220}\b(?:director|directors|nominee|nominees|board)\b",15,15,0,146214bda9068e82,"d recommending to the board nominees for election by the shareholders or appointment by the board; ● reviewing annually with the board the current composition of the board with regards to characteristics such as independence, knowledge, skills, experience and diversity; ● making recommendations on the frequency and structure of board meetings and monitoring the functioning of the committees of the board; and ● advising the board periodically with regards to significant developments in the law and practice of corporate governance as well as our compliance with applicable laws and regulations, and making recommendations to the board on all matters of corporate governance and on any remedial action to be taken. Duties of Directors Under Cayman Islands law, our directors have a fiduciary duty to our Company to act honestly, in good faith and with a view to our best interests. Our directors also owe to our Company a duty to act with skill and care. It was previously considered that a director need not exhibit in the performance of his duties a greater degree of skill than may reasonably be expected from a person of his knowledge and experience. However, English and Commonwealth courts have moved towards an objective standard with regard to the required skill and care",,,,,,0,0,0,matrix_replaced_by_or_supplemented_with_narrative,"Post-vacatur evidence is board/diversity narrative, not an extracted matrix.",board_diversity_narrative,Published matrix date is after due+30 grace.,"Issuer website/current page and web search confirmed board diversity matrix; Wayback has capture on 2024-05-19. SEC 2023-2025 20-F/6-K scan did not find matrix. Due 2024-04-05, beyond due+30, so late.",not_found_in_current_sec_filings,,,not_found,,,not_found,0,,ef66374e985bcc05,5.0,2,0,0,,,0,0,0.4,0.0,0.0,,0.0,0.0,4.0,1,0,1,0,0,0,1,0,-41,Technology,Other non-US,2024,unknown,1,0,1,1,0,1,0,1,0
1928340,GDHG,GOLDEN HEAVEN GROUP HOLDINGS LTD.,foreign_private_issuer,China,7990,Services-Miscellaneous Amusement & Recreation,2023-04-12,first_trading,2024-04-12,2024-05-12,released_in_required_window,high,published_on_time,2024-02-15,on_or_before_due_date,issuer SEC filing,https://www.sec.gov/Archives/edgar/data/1928340/000121390024014627/f20f2023_golden.htm,edgar_filing,20-F,0001213900-24-014627,Board Diversity Matrix;Total Number of Directors;Did Not Disclose Gender;Did Not Disclose Demographic Background,ef90a6ec1cab591b,"ant to which any person referred to above was selected as a director or member of senior management. Board Diversity The table below provides certain information regarding the diversity of our board of directors as of the date of this annual report. Board Diversity Matrix Country of Principal Executive Offices: China Foreign Private Issuer Yes Disclosure Prohibited under Home Country Law No Total Number of Directors 5 Female Male Non- Binary Did Not Disclose Gender Part I: Gender Identity Directors 1 4 0 0 Part II: Demographic Background Underrepresented Individual in Home Country Jurisdiction 0 LGBTQ+ 0 Did Not Disclose Demographic Background 0 B. Compensation During the fiscal year ended September 30, 2023, we paid an aggregate of RMB1,509,000 (US$213,978) to our executive officers and directors. We have set aside or accrued an aggregate of RMB54,964 (US$7,794) to provide pension, reti",Board Diversity Matrix,,5,Female|Male|Did Not Disclose Gender,LGBTQ+|Did Not Disclose Demographic Background,0,1,1,continued_same_matrix,2025-01-27,issuer SEC filing,https://www.sec.gov/Archives/edgar/data/1928340/000121390025006978/ea0228149-20f_golden.htm,20-F,0001213900-25-006978,0.95,Board Diversity Matrix;Total Number of Directors;Did Not Disclose Gender;Did Not Disclose Demographic Background,31,4,0,334510951cddcea9,"to which any person referred to above was selected as a director or member of senior management. 59 Board Diversity The table below provides certain information regarding the diversity of our board of directors as of the date of this annual report. Board Diversity Matrix Country of Principal Executive Offices: China Foreign Private Issuer Yes Disclosure Prohibited under Home Country Law No Total Number of Directors 5 Female Male Non- Binary Did Not Disclose Gender Part I: Gender Identity Directors 0 5 0 0 Part II: Demographic Background Underrepresented Individual in Home Country Jurisdiction 0 LGBTQ+ 0 Did Not Disclose Demographic Background 0 B. Compensation During the fiscal year ended September 30, 2024, we paid an aggregate of RMB1,568,664.75 (US$53,288.25) to our executive officers and directors. We have set aside or accrued an aggregate of RMB220.780 (US$7,500) to provide pension, retirement or other similar benefits to our executive officers and directors. Our PRC subsidiaries are required by law to make contributions equal to certain percentages of each employee’s salary for his or her medical insurance, maternity insuranc",Board Diversity Matrix,,5,Female|Male|Did Not Disclose Gender,LGBTQ+|Did Not Disclose Demographic Background,0,1,1,same_extracted_shape,No extracted format differences.,matrix,Published matrix date is on/before due+30 grace.,,,,,,,,,0,,82b8813cc6ef61fc,5.0,1,,0,,,0,539,0.2,,0.0,,0.0,1.0,3.0,1,0,1,0,0,0,1,1,57,Services,China / Hong Kong,2024,20-F,1,1,0,1,1,0,0,0,1
1930510,VCIG,VCI Global Ltd,foreign_private_issuer,Malaysia,8744,Services-Facilities Support Management Services,2023-04-13,first_trading,2024-04-13,2024-05-13,released_in_required_window,high,published_on_time,2023-05-15,on_or_before_due_date,issuer SEC filing,https://www.sec.gov/Archives/edgar/data/1930510/000157587223000741/vcig-20221231.htm,edgar_filing,20-F,0001575872-23-000741,Board Diversity Matrix;Total Number of Directors;Did Not Disclose Demographic Background,1d81fbc3d56a5c28,"execution of strategic marketing plans for the company. Ms. Liew has a diploma in Art and Design. 47 Board Diversity The table below provides certain information regarding the diversity of our board of directors as of the date of this annual report. Board Diversity Matrix Country of Principal Executive Offices: Malaysia Foreign Private Issuer Yes Disclosure Prohibited under Home Country Law No Total Number of Directors 9 Non- Did Not Disclose Female Male Binary Gender Part I: Gender Identity Directors 2 7 0 0 Part II: Demographic Background Underrepresented Individual in Home Country Jurisdiction 0 LGBTQ+ 0 Did Not Disclose Demographic Background 0 Family Relationships Victor Hoo, our Chairman, and Karen Liew, our Executive Director, are spouses. Other than that, there are no family relationships among our directors or executive officers, as defined in Item 401 of Regulation S-K. B. Comp",Board Diversity Matrix,,9,Female|Male,LGBTQ+|Did Not Disclose Demographic Background,0,0,1,continued_same_matrix,2025-05-13,issuer SEC filing,https://www.sec.gov/Archives/edgar/data/1930510/000121390025042476/ea0239288-20f_vciglobal.htm,20-F,0001213900-25-042476,0.95,Board Diversity Matrix;Total Number of Directors;Did Not Disclose Demographic Background,39,13,0,f442e437a3eb1483,"nagement protocols, demonstrating her adeptness in managing complex financial services environments. Board Diversity The table below provides certain information regarding the diversity of our board of directors as of the date of this annual report. Board Diversity Matrix Country of Principal Executive Offices: Malaysia Foreign Private Issuer Yes Disclosure Prohibited under Home Country Law No Total Number of Directors 8 Non- Did Not Disclose Female Male Binary Gender Part I: Gender Identity Directors 3 5 0 0 Part II: Demographic Background Underrepresented Individual in Home Country Jurisdiction 0 LGBTQ+ 0 Did Not Disclose Demographic Background 0 Family Relationships Victor Hoo, our Chairman, and Karen Liew, our Executive Director, are spouses. Other than that, there are no family relationships among our directors or executive officers, as defined in Item 401 of Regulation S-K. B. Compensation Under British Virgin Islands law, we are not required to disclose compensation paid to our executive offices on an individual basis and we have not otherwise publicly disclosed this information elsewhere. Employment Agreements The Company ha",Board Diversity Matrix,,8,Female|Male,LGBTQ+|Did Not Disclose Demographic Background,0,0,1,changed_extracted_shape,total directors: 9 -> 8,matrix,Published matrix date is on/before due+30 grace.,,,,,,,,,1,post_vacatur_matrix_format_changed,e742b9e9b7ef1c51,9.0,2,,,,,0,0,0.2222222222222222,,,,0.0,0.0,2.0,1,0,1,0,0,0,1,0,334,Services,Other non-US,2024,20-F,1,1,0,1,1,0,0,1,0
1873093,GDTC,CytoMed Therapeutics Ltd,foreign_private_issuer,U0,2834,Pharmaceutical Preparations,2023-04-14,first_trading,2024-04-14,2024-05-14,released_in_required_window,high,published_on_time,2024-04-22,within_30_day_grace,issuer SEC filing,https://www.sec.gov/Archives/edgar/data/1873093/000149315224015594/form20-f.htm,edgar_filing,20-F,0001493152-24-015594,Board Diversity Matrix;diversity matrix of our board;Total Number of Directors;Did Not Disclose Gender;Did Not Disclose Demographic Background,2a4551403812c064,"ittee and a Compensation Committee on April 18, 2023. We adopted a charter for each of the three committees. Each of the committees of our Board has the composition and responsibilities described below. Board Diversity The table below sets forth the board diversity matrix of our board of directors as of the date of this annual report pursuant to NASDAQ’s Board Diversity Rule: Board Diversity Matrix (As of April 22, 2024) Country of Principal Executive Offices: Singapore Foreign Private Issuer: Yes Disclosure Prohibited under Home Country Law: No Total Number of Directors: 9 Female Male Non-Binary Did Not Disclose Gender Part I: Gender Identity Directors 0 9 0 0 Part II: Demographic Background Underrepresented in Home Country Jurisdiction 0 LGBTQ+ 0 Did Not Disclose Demographic Background 0 Audit Committee The Board has established an audit committee of the Board. Our audit committee is c",board diversity matrix,"As of April 22, 2024",9,Female|Male|Non-Binary|Did Not Disclose Gender,LGBTQ+|Did Not Disclose Demographic Background,1,1,1,not_continued_in_reviewed_filings,,,,,,0.7,,23,23,0,,,,,,,,0,0,0,no_post_vacatur_matrix_extracted,No post-vacatur matrix was extracted from reviewed filings.,no_signal_found,Published matrix date is on/before due+30 grace.,,,,,,,,,0,,9e5d962df94f6330,9.0,0,0,0,,,0,0,0.0,0.0,0.0,,0.0,0.0,4.0,1,0,0,0,0,0,0,0,-8,Life sciences / medical,Other non-US,2024,20-F,1,1,0,0,0,0,1,0,0
1938865,WAI,Top KingWin Ltd,foreign_private_issuer,F4,7389,"Services-Business Services, NEC",2023-04-18,first_trading,2024-04-18,2024-05-18,released_in_required_window,high,published_on_time,2023-05-16,on_or_before_due_date,issuer SEC filing,https://www.sec.gov/Archives/edgar/data/1938865/000121390023040532/f20f2022_topkingwin.htm,edgar_filing,20-F,0001213900-23-040532,Board Diversity Matrix;Total Number of Directors;Did Not Disclose Gender;Did Not Disclose Demographic Background,f19478265be51cd7,"ty, assets (present and future) and uncalled capital or any part thereof, to issue debentures, debenture stock and other securities whenever money is borrowed or as security for any debt, liability or obligation of the company or of any third party. Board Diversity Matrix Board Diversity Matrix (As of May 1, 2023) Country of Principal Executive Offices People’s Republic of China Foreign Private Issuer Yes Disclosure Prohibited Under Home Country Law No Total Number of Directors 5 Part I: Gender Identity Female Male Non-Binary Did Not Disclose Gender Directors 0 5 0 0 Part II: Demographic Background Underrepresented Individual in Home Country Jurisdiction 0 LGBTQ+ 0 Did Not Disclose Demographic Background 0 79 D. Employees As of the date of this Annual Report, we have a total of 71 full-time employees, of which 31 are in sales and marketing, 17 are in client services, 8 are in finance dep",Board Diversity Matrix Board Diversity Matrix,"As of May 1, 2023",5,Female|Male|Non-Binary|Did Not Disclose Gender,LGBTQ+|Did Not Disclose Demographic Background,1,1,1,continued_same_matrix,2025-04-17,issuer SEC filing,https://www.sec.gov/Archives/edgar/data/1938865/000121390025033010/ea0235573-20f_topkingwin.htm,20-F,0001213900-25-033010,0.95,Board Diversity Matrix;Total Number of Directors;Did Not Disclose Gender;Did Not Disclose Demographic Background,21,7,0,fff9e4c27875c406,"ed. Awards outstanding at the time of the Equity Incentive Plan’s termination may continue to be exercised in accordance with their terms and shall continue to be governed by and interpreted consistent with the terms of the Equity Incentive Plan. 77 Board Diversity Matrix Board Diversity Matrix (As of Dec 31, 2024) Country of Principal Executive Offices People’s Republic of China Foreign Private Issuer Yes Disclosure Prohibited Under Home Country Law No Total Number of Directors 5 Part I: Gender Identity Female Male Non-Binary Did Not Disclose Gender Directors 1 4 0 0 Part II: Demographic Background Underrepresented Individual in Home Country Jurisdiction 0 LGBTQ+ 0 Did Not Disclose Demographic Background 0 D. Employees As of the date of this Annual Report, we have a total of 85 full-time employees, of which 47 are in sales and marketing, 6 are in client services, 12 are in the finance department, and 20 are in general administration. We have standard employment, comprehensive confidentiality with our management and standard confidentiality and non-compete terms with all other employees. As required by laws and regulations in China,",Board Diversity Matrix Board Diversity Matrix,"As of Dec 31, 2024",5,Female|Male|Non-Binary|Did Not Disclose Gender,LGBTQ+|Did Not Disclose Demographic Background,1,1,1,changed_extracted_shape,"as-of date: As of May 1, 2023 -> As of Dec 31, 2024",matrix,Published matrix date is on/before due+30 grace.,,,,,,,,,1,post_vacatur_matrix_format_changed,dda5e394aae970c1,5.0,0,0,0,,,0,150,0.0,0.0,0.0,,0.0,1.0,4.0,1,0,0,0,0,0,0,1,338,Services,Other non-US,2024,20-F,1,1,0,1,1,0,0,1,0
1899658,WLGSF,"WANG & LEE GROUP, Inc.",foreign_private_issuer,K3,1700,Construction - Special Trade Contractors,2023-04-20,first_trading,2024-04-20,2024-05-20,released_in_required_window,high,published_on_time,2024-01-19,on_or_before_due_date,issuer website archived by Internet Archive,https://www.wangnleegroup.com/_files/ugd/cda0ed_69638031a5b741be9767a91aa6b7b3f3.pdf,website_archive,,https://www.wangnleegroup.com/_files/ugd/cda0ed_69638031a5b741be9767a91aa6b7b3f3.pdf,Board Diversity Matrix;Total Number of Directors;Gender Identity;Demographic Background,9a7e1490460f3c5d,"WANG & LEE GROUP, Inc. Board Diversity Matrix as of January 19, 2024. Total Number of Directors 5. Part I: Gender Identity: Directors Female 1, Male 4. Part II: Demographic Background: Asian 3; White 1; Did Not Disclose Demographic Background 1.",Board Diversity Matrix,"as of January 19, 2024",5,Female|Male,Asian|White|Did Not Disclose Demographic Background,0,0,1,not_continued_in_reviewed_filings,,,,,,0.7,,17,17,0,,,,,,,,0,0,0,no_post_vacatur_matrix_extracted,No post-vacatur matrix was extracted from reviewed filings.,no_signal_found,Published matrix date is on/before due+30 grace.,"Issuer corporate governance page links 2024 Board Diversity Matrix PDF. PDF text extracted locally. SEC 2024/2025 20-F only had generic director-count language, not matrix. Due 2024-04-20, matrix date 2024-01-19 is on time.",not_found_in_current_sec_filings,,,not_found,,,not_found,0,,561094953e663483,5.0,1,,,,,,1,0.2,,,,,0.2,1.0,1,0,1,0,0,0,1,1,92,Other / mixed,Other non-US,2024,unknown,1,1,0,0,0,0,1,0,0
1939780,UCAR,U Power Ltd,foreign_private_issuer,China,3690,"Miscellaneous Electrical Machinery, Equipment & Supplies",2023-04-20,first_trading,2024-04-20,2024-05-20,released_in_required_window,high,published_on_time,2023-08-22,on_or_before_due_date,issuer SEC filing,https://www.sec.gov/Archives/edgar/data/1939780/000121390023069924/f20f2022_upowerlimited.htm,edgar_filing,20-F,0001213900-23-069924,Board Diversity Matrix;Total Number of Directors;Did Not Disclose Gender;Did Not Disclose Demographic Background,26fdb76efd1b307f,"lso holds the Certificate of Board Secretary from Shenzhen Stock Exchange and is a CFA II candidate. Board Diversity The table below provides certain information regarding the diversity of our board of directors as of the date of this annual report. Board Diversity Matrix Country of Principal Executive Offices: China Foreign Private Issuer Yes Disclosure Prohibited under Home Country Law No Total Number of Directors 5 Female Male Non- Binary Did Not Disclose Gender Part I: Gender Identity Directors 2 3 0 0 Part II: Demographic Background Underrepresented Individual in Home Country Jurisdiction 0 LGBTQ+ 0 Did Not Disclose Demographic Background 0 Family Relationships None of our directors or executive officers has a family relationship as defined in Item 401 of Regulation S-K. 90 Controlled Company Mr. Jia Li, our chief executive officer, director and chairman of the board of directors, c",Board Diversity Matrix,,5,Female|Male|Did Not Disclose Gender,LGBTQ+|Did Not Disclose Demographic Background,0,1,1,continued_same_matrix,2025-05-15,issuer SEC filing,https://www.sec.gov/Archives/edgar/data/1939780/000121390025044284/ea0239478-20f_upower.htm,20-F,0001213900-25-044284,0.95,Board Diversity Matrix;Total Number of Directors;Did Not Disclose Gender;Did Not Disclose Demographic Background,18,2,0,8cda67c64349e6c3,"1989, respectively, and a Dipl. Eng. in Geophysics from the Institute de Physique du Globe in 1990. Board Diversity The table below provides certain information regarding the diversity of our board of directors as of the date of this annual report. Board Diversity Matrix Country of Principal Executive Offices: China Foreign Private Issuer Yes Disclosure Prohibited under Home Country Law No Total Number of Directors 5 Female Male Non- Binary Did Not Disclose Gender Part I: Gender Identity Directors 2 3 0 0 Part II: Demographic Background Underrepresented Individual in Home Country Jurisdiction 0 LGBTQ+ 0 Did Not Disclose Demographic Background 0 101 Family Relationships None of our directors or executive officers has a family relationship as defined in Item 401 of Regulation S-K. B. Compensation For the year ended December 31, 2024, we paid an aggregate of approximately RMB1.25 million in cash to our executive officers and directors and we did not pay any compensation to our non-executive directors. We have not set aside or accrued any amount to provide pension, retirement or other similar benefits to our directors and executive off",Board Diversity Matrix,,5,Female|Male|Did Not Disclose Gender,LGBTQ+|Did Not Disclose Demographic Background,0,1,1,same_extracted_shape,No extracted format differences.,matrix,Published matrix date is on/before due+30 grace.,,,,,,,,,0,,fda1e87203f4c120,5.0,2,,0,,,0,401,0.4,,0.0,,0.0,1.0,3.0,1,0,1,0,0,0,1,1,242,Energy / industrials,China / Hong Kong,2024,20-F,1,1,0,1,1,0,0,0,1
1947244,USGO,U.S. GoldMining Inc.,domestic,A1,1040,Gold and Silver Ores,2023-04-20,first_trading,2024-04-20,2024-05-20,released_in_required_window,high,published_on_time,2024-04-11,on_or_before_due_date,issuer SEC filing,https://www.sec.gov/Archives/edgar/data/1947244/000149315224014319/formdef14a.htm,edgar_filing,DEF 14A,0001493152-24-014319,Board Diversity Matrix;Total Number of Directors;Did Not Disclose Gender;Did Not Disclose Demographic Background,f5323ca1f7ce70b1,"ted from entering into hedging transactions involving our securities, such as short sales, puts and calls. Furthermore, we permit executives, including our Named Executive Officers, to trade in our securities, only during prescribed trading windows. Board Diversity Matrix Our current board composition reflects gender diversity as shown by the Board Diversity Matrix below. Board Diversity Matrix (as of April 11, 2024) Total Number of Directors 6 Female Male Non-Binary Did Not Disclose Gender Part I: Gender Identity 3 3 Directors Part II: Demographic Background African American or Black Alaskan Native or Native American Asian Hispanic or Latinx Native Hawaiian or Pacific Islander White 3 3 Two or More Races or Ethnicities LGBTQ+ Did Not Disclose Demographic Background Representation of Women Three of our six directors (50%) and none of our two executive officers are women. We do not have a",Board Diversity Matrix,"as of April 11, 2024",6,Female|Male|Non-Binary|Did Not Disclose Gender,African American or Black|Alaskan Native or Native American|Asian|Hispanic or Latinx|Hispanic or Latin|Native Hawaiian or Pacific Islander|White|Two or More Races or Ethnicities|LGBTQ+|Did Not Disclose Demographic Background,1,1,1,continued_other_narrative,2025-03-27,issuer SEC filing,https://www.sec.gov/Archives/edgar/data/1947244/000164117225000962/form10-k.htm,10-K,0001641172-25-000962,0.75,"\bdiversity\b.{0,220}\b(?:director|directors|nominee|nominees|board)\b",6,6,0,72041c251f5a7cb9,"olders, or for appointment to fill any vacancy on the board; ● reviewing annually with the board of directors the current structure and composition of the board committees with regards to characteristics such as independence, knowledge, skills, experience and diversity to ensure compliance with applicable criteria of the rules and regulations of the SEC and the Nasdaq Capital Market; ● making recommendations on the frequency and structure of board meetings and monitoring the functioning of the committees of the board; and ● advising the board of directors periodically with regards to significant developments in the law and practice of corporate governance as well as our compliance with applicable laws and regulations, and making recommendations to the board on all matters of corporate governance and on any remedial action to be taken. Our board of directors and nominating and corporate governance committee will review our strategies to determine the composition of the board of directors and the appropriate candidates to be nominated for election as directors at annual general meetings. This review will take into account the desirability of maintaining a balance of skills, experience and background. In identifying new candidates for our board of directors, the nominating and corpor",,,,,,0,0,0,matrix_replaced_by_or_supplemented_with_narrative,"Post-vacatur evidence is board/diversity narrative, not an extracted matrix.",board_diversity_narrative,Published matrix date is on/before due+30 grace.,,,,,,,,,0,,b98cb730ead17328,6.0,,,,,,,50,,,,,,1.0,3.0,0,0,0,0,0,0,0,1,9,Other / mixed,Other non-US,2024,proxy,1,1,0,1,0,1,0,1,0
1938186,JYD,Jayud Global Logistics Ltd,foreign_private_issuer,China,4731,Arrangement of  Transportation of  Freight & Cargo,2023-04-21,first_trading,2024-04-21,2024-05-21,released_in_required_window,high,published_on_time,2023-05-15,on_or_before_due_date,issuer SEC filing,https://www.sec.gov/Archives/edgar/data/1938186/000121390023039570/f20f2022_jayudglobal.htm,edgar_filing,20-F,0001213900-23-039570,Board Diversity Matrix;Total Number of Directors;Did Not Disclose Gender;Did Not Disclose Demographic Background,088d3197816bf21b,"e graduated from Jiangxi Shangrao Education College with a major in computer application in 2001. 83 Board Diversity The table below provides certain information regarding the diversity of our board of directors as of the date of this annual report. Board Diversity Matrix Country of Principal Executive Offices People’s Republic of China Foreign Private Issuer Yes Disclosure Prohibited under Home Country Law No Total Number of Directors 5 Female Male Non-Binary Did Not Disclose Gender Part I: Gender Identity Directors 0 5 0 0 Part II: Demographic Background Underrepresented Individual in Home Country Jurisdiction 0 LGBTQ+ 0 Did Not Disclose Demographic Background 0 B. Compensation For the year ended December 31, 2022, we paid an aggregate of approximately RMB1.6 million (US$0.2 million) in cash and benefits to our directors and executive officers. We have not set aside or accrued any amou",Board Diversity Matrix,,5,Female|Male|Non-Binary|Did Not Disclose Gender,LGBTQ+|Did Not Disclose Demographic Background,1,1,1,not_continued_in_reviewed_filings,,,,,,0.7,,23,23,0,,,,,,,,0,0,0,no_post_vacatur_matrix_extracted,No post-vacatur matrix was extracted from reviewed filings.,no_signal_found,Published matrix date is on/before due+30 grace.,,,,,,,,,0,,40e6938cd87015b7,5.0,0,0,0,,,0,37,0.0,0.0,0.0,,0.0,1.0,4.0,1,0,0,0,0,0,0,1,342,Transportation / utilities,China / Hong Kong,2024,20-F,1,1,0,0,0,0,1,0,0
1962918,,"ACELYRIN, Inc.",domestic,CA,2834,Pharmaceutical Preparations,2023-05-05,first_trading,2024-05-05,2024-06-04,released_in_required_window,high,published_on_time,2024-04-22,on_or_before_due_date,issuer SEC filing,https://www.sec.gov/Archives/edgar/data/1962918/000196291824000045/acelyrinincproxy.htm,edgar_filing,DEF 14A,0001962918-24-000045,Board Diversity Matrix;Total Number of Directors;Did Not Disclose Gender;Did Not Disclose Demographic Background,2ef11f59988286af,"a B.A. from Princeton University and a J.D. from the University of Virginia Law School. We believe Ms. Tetrault’s decades of experience in the pharmaceutical industry makes her well qualified to serve as a member of our Board. 10 Board Diversity The Board Diversity Matrix, below, provides the diversity statistics for our Board. Board Diversity Matrix (As of March 31, 2024) Total Number of Directors 9 Female Male Non- Binary Did Not Disclose Gender Part I: Gender Identity Directors 4 5 — — Part II: Demographic Background African American or Black — — — — Alaskan Native or Native American — — — — Asian 1 — — — Hispanic or Latinx — — — — Native Hawaiian or Pacific Islander — — — — White 2 5 — — Two or More Races or Ethnicities — — — — LGBTQ+ 2 Did Not Disclose Demographic Background 1 11 INFORMATION REGARDING THE BOARD OF DIRECTORS AND CORPORATE GOVERNANCE Independence of the Board of Direc",Board Diversity The Board Diversity Matrix,"As of March 31, 2024",9,Female|Male|Did Not Disclose Gender,African American or Black|Alaskan Native or Native American|Asian|Hispanic or Latinx|Hispanic or Latin|Native Hawaiian or Pacific Islander|White|Two or More Races or Ethnicities|LGBTQ+|Did Not Disclose Demographic Background,0,1,1,continued_other_narrative,2025-03-19,issuer SEC filing,https://www.sec.gov/Archives/edgar/data/1962918/000196291825000022/slrn-20241231.htm,10-K,0001962918-25-000022,0.75,"\bdiversity\b.{0,220}\b(?:director|directors|nominee|nominees|board)\b",4,4,0,8dd44e0392c4173d,"irector nomination in the context of the current composition of our Board, our operating requirements and the long-term interests of our stockholders. In conducting this assessment, the Board and the Nominating and Corporate Governance Committee will consider diversity, age, skills, and such other factors as each deems appropriate given the current needs of us and our Board to maintain a balance of knowledge, experience and capability. With regard to diversity, we are committed to seeking to attain diversity and balance among directors of race, gender, sexual orientation, geography, thought, viewpoints, backgrounds, skills, experience, and expertise. Accordingly, as part of the director search process, the Nominating and Corporate Governance Committee will endeavor to consider qualified candidates, including candidates who self identify their gender as female and candidates from underrepresented communities, in each case who meet the relevant business and search criteria. The Nominating and Corporate Governance Committee assesses the effectiveness of its diversity policy through its periodic evaluation of the composition of the full board of directors. In the case of incumbent directors whose terms of offic",,,,Female|Male,,0,0,0,matrix_replaced_by_or_supplemented_with_narrative,"Post-vacatur evidence is board/diversity narrative, not an extracted matrix.",board_diversity_narrative,Published matrix date is on/before due+30 grace.,,,,,,,,,0,,aed610e78a13fa56,9.0,4,,0,1,7,2,1,0.4444444444444444,,0.0,0.1111111111111111,0.2222222222222222,0.1111111111111111,5.0,1,1,1,0,1,1,1,1,13,Life sciences / medical,Other non-US,2024,proxy,1,1,0,1,0,1,0,1,0
1627282,CWD,CaliberCos Inc.,domestic,AZ,6500,Real Estate,2023-05-17,first_trading,2024-05-17,2024-06-16,released_in_required_window,high,published_on_time,2024-05-16,on_or_before_due_date,issuer SEC filing,https://www.sec.gov/Archives/edgar/data/1627282/000162728224000069/caliberproxy2024votewithpr.htm,edgar_filing,DEF 14A,0001627282-24-000069,Board Diversity (as of;Total Number of Directors;Did Not Disclose Gender;Did Not Disclose Demographic Background,9f6070300b846c27,"hough they will be considered present for the purpose of determining the presence of a quorum. THE BOARD OF DIRECTORS RECOMMENDS A VOTE FOR THE ELECTION OF EACH NOMINEE UNDER PROPOSAL ONE Information Concerning the Board of Directors Board Diversity Board Diversity (as of May 3, 2024) Total Number of Directors 6 John C. “Chris” Loeffler, II Jennifer Schrader William J. Gerber Michael Trzupek Daniel P. Hansen Lawrence Taylor Part I: Gender Identity Male X X X X X Female X Non-Binary Did Not Disclose Gender Part II: Demographic Background African American or Black X Alaskan Native or Native American Asian Hispanic or Latinx Native Hawaiian or Pacific Islander White X X X X X Two or More Races or Ethnicities LGBTQ+ Did Not Disclose Demographic Background Board Leadership Structure and Risk Oversight Our Board of Directors does not have a policy on whether or not the role of the Chief Execut",,"as of May 3, 2024",6,Female|Male|Non-Binary|Did Not Disclose Gender,African American or Black|Alaskan Native or Native American|Asian|Hispanic or Latinx|Hispanic or Latin|Native Hawaiian or Pacific Islander|White|Two or More Races or Ethnicities|LGBTQ+|Did Not Disclose Demographic Background,1,1,1,not_continued_in_reviewed_filings,,,,,,0.7,,11,11,0,,,,,,,,0,0,0,no_post_vacatur_matrix_extracted,No post-vacatur matrix was extracted from reviewed filings.,no_signal_found,Published matrix date is on/before due+30 grace.,,,,,,,,,0,,632d8d2b0f6a2efd,6.0,,,,,,,,,,,,,,3.0,0,0,0,0,0,0,0,0,1,Finance / real estate,Other non-US,2024,proxy,1,1,0,0,0,0,1,0,0
1951067,CISS,C3is Inc.,foreign_private_issuer,J3,4412,Deep Sea Foreign Transportation of  Freight,2023-06-12,pricing_proxy,2024-06-12,2024-07-12,released_in_required_window,high,published_on_time,2024-06-14,within_30_day_grace,issuer website archived by Internet Archive,https://c3is.pro/DataRoom/C3isBoardDiversityMatrix2024.pdf,website_archive,,https://c3is.pro/DataRoom/C3isBoardDiversityMatrix2024.pdf,Board Diversity Matrix;Total Number of Directors;Gender Identity;Demographic Background,0374fe13fe0781d2,"C3is Inc. Board Diversity Matrix as of June 14, 2024. Country of Principal Executive Offices Greece; Foreign Private Issuer Yes; Disclosure Prohibited Under Home Country Law No. Total Number of Directors 4. Part I: Gender Identity: Directors Male 4, Female 0, Non-Binary 0, Did Not Disclose Gender 0.",Board Diversity Matrix,"as of June 14, 2024",4,Female|Male|Non-Binary|Did Not Disclose Gender,,1,1,0,not_continued_in_reviewed_filings,,,,,,0.7,,25,25,0,,,,,,,,0,0,0,no_post_vacatur_matrix_extracted,No post-vacatur matrix was extracted from reviewed filings.,no_signal_found,Published matrix date is on/before due+30 grace.,"Issuer PDF found by web search and form fields extracted locally. Due 2024-06-12; within due+30 grace, so on time.",not_found_in_current_sec_filings,,,not_found,,,not_found,0,,fac67352840811ab,4.0,4,0,0,,,,,1.0,0.0,0.0,,,,2.0,1,0,1,0,0,0,1,0,-2,Transportation / utilities,Other non-US,2024,unknown,1,1,0,0,0,0,1,0,0
1687187,METC,"Ramaco Resources, Inc.",domestic,KY,1220,Silver Ores,2023-06-15,pricing_proxy,2024-06-15,2024-07-15,released_in_required_window,high,published_on_time,2024-04-29,on_or_before_due_date,issuer SEC filing,https://www.sec.gov/Archives/edgar/data/1687187/000155837024006096/metc-20240626xdef14a.htm,edgar_filing,DEF 14A,0001558370-24-006096,Board Diversity Matrix;Total Number of Directors;Did Not Disclose Gender;Did Not Disclose Demographic Background,bcd03d61fc1cf796,"least two diverse board members by December 31, 2025. This table provides certain highlights of the composition of our Board members as of April 29, 2024. Each of the categories listed in the table below reflects the meanings in NASDAQ Rule 5605(f). Board Diversity Matrix (as of April 29, 2024) Total Number of Directors 9 Female Male Non-Binary Did Not Disclose Gender Part I: Gender Identity Directors 1 8 - - Part II: Demographic Background Number of Directors Who Identify in Any of the Categories Below: African American or Black 1 - - - Alaskan Native or Native American - - - - Asian - - - - Hispanic or Latinx - - - - Native Hawaiian or Pacific Islander - - - - White - 8 - - Two or More Races or Ethnicities - - - - LGBTQ+ - Did Not Disclose Demographic Background - ​ Director Independence Our Board is composed of a majority of independent directors in accordance with the NASDAQ Global S",Board Diversity Matrix,"as of April 29, 2024",9,Female|Male|Non-Binary|Did Not Disclose Gender,African American or Black|Alaskan Native or Native American|Asian|Hispanic or Latinx|Hispanic or Latin|Native Hawaiian or Pacific Islander|White|Two or More Races or Ethnicities|LGBTQ+|Did Not Disclose Demographic Background,1,1,1,continued_other_narrative,2025-04-30,issuer SEC filing,https://www.sec.gov/Archives/edgar/data/1687187/000110465925041856/tm253940d3_def14a.htm,DEF 14A,0001104659-25-041856,0.75,\bdiversity of (?:our|the) board\b,6,6,0,2e04b7532dda9300,"rnal controls. ● Industry — Extensive knowledge and experience in the coal and steel industries. ● Diversity — The Board is committed to a policy of inclusiveness and diversity. The Nominating and Corporate Governance Committee and the Board also consider the diversity of the Board and believes that a diverse membership enhances the Board’s deliberations and promotes inclusiveness. Although the Board is willing to consider candidates recommended by our shareholders, it has not adopted a formal policy with regard to the consideration of any director candidates recommended by our shareholders. The Board believes that a formal policy is not necessary or appropriate because the current Board already has a diversity of business background and industry experience. Our Board will consider director candidates recommended by shareholders who are highly qualified in terms of business experience and both willing and expressly interested in serving on the Board. Shareholders recommending candidates for consideration should send their recommendations to us at our principal executive offices (Ramaco Resources, Inc., 250 West Mai",,,,,,0,0,0,matrix_replaced_by_or_supplemented_with_narrative,"Post-vacatur evidence is board/diversity narrative, not an extracted matrix.",board_diversity_narrative,Published matrix date is on/before due+30 grace.,,,,,,,,,0,,11ae32a752d6ede8,9.0,1,0,0,1,8,0,0,0.1111111111111111,0.0,0.0,0.1111111111111111,0.0,0.0,6.0,1,1,1,0,1,0,1,0,47,Other / mixed,Other non-US,2024,proxy,1,1,0,1,0,1,0,1,0
1962481,BOF,BranchOut Food Inc.,domestic,OR,2000,Food and Kindred Products,2023-06-16,first_trading,2024-06-16,2024-07-16,no_release_found_after_checks,medium,not_located,,no_dated_release,,,No substantive matrix located,,,,fe80907cd479c5bf,"No primary Board Diversity Matrix located in SEC sweep, issuer/web search, or search results; secondary Out Leadership row reports no disclosed dimensions.",Board Diversity Matrix,,,,,0,0,0,continued_other_narrative,2025-11-14,issuer SEC filing,https://www.sec.gov/Archives/edgar/data/1962481/000149315225023449/formdef14a.htm,DEF 14A,0001493152-25-023449,0.75,\bboard diversity\b,3,3,0,e1f122b956840b6c,"idates for membership on the Board. In evaluating such recommendations, the Nominating and Corporate Governance Committee will address the membership criteria set forth above. Although our Board of Directors does not maintain a specific policy with respect to board diversity, our Board of Directors believes that it should be a diverse body, and our Nominating and Corporate Governance Committee considers a broad range of backgrounds and experiences. In making determinations regarding nominations of directors, our Nominating and Corporate Governance Committee may take into account the benefits of diverse viewpoints. After completing its review and evaluation of director candidates, our Nominating and Corporate Governance Committee recommends to our full Board of Directors the director nominees for selection. Code of Ethics and Insider Trading Policy We have adopted a written Code of Business Conduct and Ethics that applies to our directors, officers, and employees, including our Chief Executive Officer, Chief Financial Officer, and Chief Operational Officer or persons performing similar functions, in accordanc",,,,,,0,0,0,matrix_replaced_by_or_supplemented_with_narrative,"Post-vacatur evidence is board/diversity narrative, not an extracted matrix.",board_diversity_narrative,"No substantive primary matrix located after SEC, committed-check FTS/Wayback, website candidates, and manual/browser review where applicable.",SEC sweep scanned 53 relevant filings with no strong matrix terms. Web search did not locate primary BranchOut Food matrix evidence.,not_found_in_current_sec_filings,,,not_found,,,not_found,1,no_release_found_after_checks,c3903e8634e64e0e,,,,,,,,,,,,,,,0.0,0,0,0,0,0,0,0,0,,Consumer / retail,Other non-US,2024,unknown,0,0,1,1,0,1,0,1,0
1891856,GENK,"GEN Restaurant Group, Inc.",domestic,CA,5812,Retail-Eating  Places,2023-06-28,first_trading,2024-06-28,2024-07-28,partial_or_unretrieved_primary_evidence,low,not_located,,no_dated_release,issuer/current website or manually reviewed primary source,https://investor.genkoreanbbq.com/static-files/b9bf5295-ea6a-4ff4-84e7-5cc703509eb8,"Issuer static Board Diversity Matrix file link, not extracted",,,,527c706d75107cb4,"Issuer governance page includes a Board Diversity Matrix link to a static file, but direct shell download hung and browser PDF screenshot timed out; matrix values were not extracted.",Board Diversity Matrix,,,,,0,0,0,not_continued_in_reviewed_filings,,,,,,0.7,,6,6,0,,,,,,,,0,0,0,no_post_vacatur_matrix_extracted,No post-vacatur matrix was extracted from reviewed filings.,no_signal_found,"Primary matrix candidate/link found, but file could not be retrieved or values not extracted.",SEC sweep had no matrix. Browser confirmed issuer governance page and Board Diversity Matrix static-file link. Left as candidate_file_unretrieved pending a retrievable copy or manual browser/PDF extraction.,not_found_in_current_sec_filings,,,not_found,,,not_found,1,partial_or_unretrieved_primary_evidence,ffc4e93a5c8f309b,,,,,,,,,,,,,,,0.0,0,0,0,0,0,0,0,0,,Consumer / retail,Other non-US,2024,unknown,1,0,1,0,0,0,1,0,0
1823584,AENT,ALLIANCE ENTERTAINMENT HOLDING CORP,domestic,FL,5099,"Wholesale-Durable Goods, NEC",2023-06-30,pricing_proxy,2024-06-30,2024-07-30,released_after_required_window,high,published_late,2024-10-18,after_30_day_grace,issuer SEC filing,https://www.sec.gov/Archives/edgar/data/1823584/000149315224041476/formdef14a.htm,edgar_filing,DEF 14A,https://www.sec.gov/Archives/edgar/data/1823584/000149315224041476/formdef14a.htm,Board Diversity Matrix;Total Number of Directors;Gender Identity;Demographic Background,bfd534eaa03a4f2d,"Alliance Entertainment Holding Corp. Board Diversity Matrix as of September 23, 2024. Total Number of Directors 6. Part I: Gender Identity: Directors Female 1, Male 5, Non-Binary 0, Did Not Disclose Gender 0. Part II: Demographic Background: White Female 1, Male 5; all other listed categories 0; LGBTQ+ 0; Did Not Disclose Demographic Background 0.",Board Diversity Matrix,"as of September 23, 2024",6,Female|Male|Non-Binary|Did Not Disclose Gender,White|LGBTQ+|Did Not Disclose Demographic Background,1,1,1,continued_other_narrative,2025-09-10,issuer SEC filing,https://www.sec.gov/Archives/edgar/data/1823584/000149315225012989/form10-k.htm,10-K,0001493152-25-012989,0.75,"\b(?:director|directors|nominee|nominees|board)\b.{0,220}\bdiversity\b",2,2,0,209adaf1997f0ac0,"o be used to identify director candidates, and will be directly responsible for approving the search firm’s fees and other retention terms. We have not formally established any specific, minimum qualifications that must be met or skills that are necessary for directors to possess. In general, in identifying and evaluating nominees for director, the board of directors will consider educational background, diversity of professional experience, knowledge of our business, integrity, professional reputation, independence, wisdom, and the ability to represent the best interests of our shareholders. Section 16(a) Beneficial Ownership Reporting Compliance Section 16(a) of the Exchange Act requires our officers, directors and persons who beneficially own more than ten percent of our common stock to file reports of ownership and changes in ownership with the SEC. These reporting persons are also required to furnish us with copies of all Section 16(a) forms they file. Based solely upon a review of such forms, we believe that during the fiscal year ended June 30, 2025, there have been no delinquent filers. Code of Ethics We have adopted a Code of Ethics that applies to our directors, officers, and employees, including our principal executive officer, principa",,,,,,0,0,0,matrix_replaced_by_or_supplemented_with_narrative,"Post-vacatur evidence is board/diversity narrative, not an extracted matrix.",board_diversity_narrative,Published matrix date is after due+30 grace.,"SEC sweep confirmed matrix in 2024 DEF 14A filed 2024-10-18. Due 2024-06-30, beyond due+30, so late.",not_found_in_current_sec_filings,,,not_found,,,not_found,0,,726060af8a63e9b5,6.0,1,0,0,,,0,0,0.16666666666666666,0.0,0.0,,0.0,0.0,4.0,1,0,1,0,0,0,1,0,-110,Other / mixed,Other non-US,2024,proxy,1,0,1,1,0,1,0,1,0
1765850,AURE,Aurelion Inc.,foreign_private_issuer,Hong Kong,6199,Finance Services,2023-07-06,first_trading,2024-07-06,2024-08-05,released_in_required_window,high,published_on_time,2024-07-09,within_30_day_grace,issuer website archived by Internet Archive,https://ir.aurelion.com/download/PWM+-+board+diversity+matrix+disclosure.pdf,website_archive,,https://ir.aurelion.com/download/PWM+-+board+diversity+matrix+disclosure.pdf,Board Diversity Matrix;Total Number of Directors;Gender Identity;Demographic Background,396696cedbfa559a,"Aurelion Inc. / Prestige Wealth Inc. Board Diversity Matrix as of July 9, 2024. Country of Principal Executive Offices Hong Kong; Foreign Private Issuer Yes; Disclosure Prohibited Under Home Country Law No. Total Number of Directors 5. Part I: Gender Identity: Directors Female 0, Male 5. Part II: Demographic Background: Underrepresented Individual in Home Country Jurisdiction 0; LGBTQ+ 0; Did Not Disclose Demographic Background 0.",Board Diversity Matrix,"as of July 9, 2024",5,Female|Male,LGBTQ+|Did Not Disclose Demographic Background,0,0,1,not_continued_in_reviewed_filings,,,,,,0.7,,40,40,0,,,,,,,,0,0,0,no_post_vacatur_matrix_extracted,No post-vacatur matrix was extracted from reviewed filings.,no_signal_found,Published matrix date is on/before due+30 grace.,"Issuer page linked old Prestige Wealth host; equivalent PDF retrieved from current ir.aurelion.com host and extracted. Due 2024-07-06; within due+30 grace, so on time.",not_found_in_current_sec_filings,,,not_found,,,not_found,0,,783b8b741c4b55fb,5.0,0,,,,,0,0,0.0,,,,0.0,0.0,2.0,1,0,0,0,0,0,0,0,-3,Finance / real estate,China / Hong Kong,2024,unknown,1,1,0,0,0,0,1,0,0
1946563,SXTP,"60 DEGREES PHARMACEUTICALS, INC.",domestic,DC,2834,Pharmaceutical Preparations,2023-07-12,first_trading,2024-07-12,2024-08-11,released_in_required_window,high,published_on_time,2024-05-30,on_or_before_due_date,issuer SEC filing,https://www.sec.gov/Archives/edgar/data/1946563/000121390024047861/ea0206994-def14a_60degrees.htm,edgar_filing,DEF 14A,0001213900-24-047861,Board Diversity Matrix;Total Number of Directors;Did Not Disclose Gender;Did Not Disclose Demographic Background,fc8f86c1c571e6d8,"Executive Officer and President Washington, D.C. May 30, 2024 TABLE OF CONTENTS QUESTIONS AND ANSWERS ABOUT THE ANNUAL MEETING 2 PROPOSAL 1: ELECTION OF DIRECTORS 8 DIRECTORS AND EXECUTIVE OFFICERS 8 CORPORATE GOVERNANCE 10 AUDIT COMMITTEE REPORT 15 BOARD DIVERSITY MATRIX 16 DIRECTOR COMPENSATION 17 EXECUTIVE COMPENSATION 17 DELINQUENT SECTION 16(A) REPORTS 20 SECURITY OWNERSHIP OF CERTAIN BENEFICIAL OWNERS AND MANAGEMENT AND RELATED STOCKHOLDER MATTERS 20 CERTAIN RELATIONSHIPS AND RELATED TRANSACTIONS 21 PROPOSAL 2: APPROVAL OF AMENDMENT TO THE 2022 EQUITY INCENTIVE PLAN TO INCREASE TOTAL NUMBER OF AUTHORIZED SHARES BY 5,000,000 SHARES 22 PROPOSAL 3: APPROVAL OF AMENDMENT OF CERTIFICATE OF INCORPORATION TO EFFECT A REVERSE STOCK SPLIT AT A SPLIT RATIO OF 1:5 TO 1:12, INCLUSIVE, AS DETERMINED BY THE BOARD OF DIRECTORS IN ITS SOLE DISCRETION 28 PROPOSAL 4: APPROVAL OF A MODIFICATION TO TH",BOARD DIVERSITY MATRIX,,,,,0,0,0,continued_same_matrix,2025-03-27,issuer SEC filing,https://www.sec.gov/Archives/edgar/data/1946563/000101376225003343/ea0232429-10k_60degrees.htm,10-K,0001013762-25-003343,0.95,Board Diversity Matrix;Total Number of Directors;Did Not Disclose Gender;Did Not Disclose Demographic Background,5,1,0,97f7069cd95f6816,"high degree of responsibility or are, or have been, leaders in the companies or institutions with which they are, or were, affiliated, but may seek other members with different backgrounds, based upon the contributions they can make to our Company. BOARD DIVERSITY MATRIX As of December 31, 2024 As of December 31, 2023 Total Number of Directors: 5 5 Part I: Gender Identity Female Male Non- Binary Did Not Disclose Gender Female Male Non- Binary Did Not Disclose Directors 1 4 - - 1 4 - - Part II: Demographic Background African American or Black - - - - - - - - Alaskan Native or American Indian - - - - - - - - Asian 1 - - - 1 - - - Hispanic or Latino - - - - - - - - Native Hawaiian or Pacific Islander - - - - - - - - White - 3 - - - 3 - - Two or More Races or Ethnicities - 1 - - - 1 - - LGBTQ+ - - - - - - - - Did Not Disclose Demographic Background - - - - - - - - Insider Trading Policy We adopted an insider trading policy that governs the purchase, sale, and/or other transactions of our securities by our directors, officers, employees and other covered persons. A copy of our insider trading policy is filed as Exhibit 19.1 to this Annu",BOARD DIVERSITY MATRIX,"As of December 31, 2024",5,Female|Male|Did Not Disclose Gender,African American or Black|Asian|Hispanic or Latin|Native Hawaiian or Pacific Islander|White|Two or More Races or Ethnicities|LGBTQ+|Did Not Disclose Demographic Background,0,1,1,changed_extracted_shape,"as-of date: post-vacatur extracted, initial not extracted; total directors: post-vacatur extracted, initial not extracted; gender columns: post-vacatur extracted, initial not extracted; demographic rows: post-vacatur extracted, initial not extracted",matrix,Published matrix date is on/before due+30 grace.,,,,,,,,,1,post_vacatur_matrix_format_changed,2a3ed624942ae784,,,,,,,,,,,,,,,0.0,0,0,0,0,0,0,0,0,43,Life sciences / medical,Other non-US,2024,proxy,1,1,0,1,1,0,0,1,0
1400118,SGMT,Sagimet Biosciences Inc.,domestic,CA,2834,Pharmaceutical Preparations,2023-07-14,first_trading,2024-07-14,2024-08-13,released_in_required_window,high,published_on_time,2024-04-18,on_or_before_due_date,issuer SEC filing,https://www.sec.gov/Archives/edgar/data/1400118/000110465924048534/tm2411865-1_def14.htm,edgar_filing,DEF 14A,0001104659-24-048534,Board Diversity Matrix;Total Number of Directors;Did Not Disclose Gender;Did Not Disclose Demographic Background,3b1f7cea65063587,"nies, two female directors. The matrix below provides certain highlights of the composition of our Board members based on self-identification. Each term used above and in the matrix below has the meaning given to it in Nasdaq Listing Rule 5605(f). ​ Board Diversity Matrix (As of April 18, 2024) ​ ​ Total Number of Directors ​ ​ 9 ​ Part I: Gender Identity ​ ​ Female ​ ​ Male ​ ​ Non-Binary ​ ​ Did Not Disclose Gender ​ Directors ​ ​ ​ ​ 2 ​ ​ ​ ​ ​ 7 ​ ​ ​ ​ ​ — ​ ​ ​ ​ ​ — ​ ​ Part II: Demographic Background ​ ​ ​ ​ ​ ​ ​ ​ ​ ​ ​ ​ ​ ​ ​ ​ ​ ​ ​ ​ ​ ​ ​ ​ ​ ​ African American or Black ​ ​ ​ ​ — ​ ​ ​ ​ ​ — ​ ​ ​ ​ ​ — ​ ​ ​ ​ ​ — ​ ​ Alaskan Native or Native American ​ ​ ​ ​ — ​ ​ ​ ​ ​ — ​ ​ ​ ​ ​ — ​ ​ ​ ​ ​ — ​ ​ Asian ​ ​ ​ ​ — ​ ​ ​ ​ ​ — ​ ​ ​ ​ ​ — ​ ​ ​ ​ ​ — ​ ​ Hispanic or Latinx ​ ​ ​ ​ — ​ ​ ​ ​ ​ — ​ ​ ​ ​ ​ — ​ ​ ​ ​ ​ — ​ ​ Native Hawaiian or Pacific Islander ​ ​ ​ ​ — ​",Board Diversity Matrix,"As of April 18, 2024",,Female|Male|Non-Binary|Did Not Disclose Gender,African American or Black|Alaskan Native or Native American|Asian|Hispanic or Latinx|Hispanic or Latin|Native Hawaiian or Pacific Islander,1,1,0,continued_other_narrative,2025-04-30,issuer SEC filing,https://www.sec.gov/Archives/edgar/data/1400118/000110465925042560/tm252596-5_def14a.htm,DEF 14A,0001104659-25-042560,0.75,\bboard diversity\b,4,4,0,5a4b56de6f556c7e,"H PROPOSAL ​ ​ ​ ​ 2 ​ ​ ​ QUORUM ​ ​ ​ ​ 2 ​ ​ ​ PROXY SOLICITATION COSTS ​ ​ ​ ​ 2 ​ ​ ​ BOARD OF DIRECTORS ​ ​ ​ ​ 3 ​ ​ ​ BOARD STRUCTURE AND COMPOSITION ​ ​ ​ ​ 3 ​ ​ ​ CRITERIA FOR BOARD MEMBERSHIP ​ ​ ​ ​ 4 ​ ​ ​ SELECTION OF CANDIDATES ​ ​ ​ ​ 4 ​ ​ ​ BOARD DIVERSITY ​ ​ ​ ​ 5 ​ ​ ​ BOARD OVERSIGHT OF COMPANY CULTURE AND ENVIRONMENTAL, SOCIAL AND GOVERNANCE HIGHLIGHTS ​ ​ ​ ​ 5 ​ ​ ​ DIRECTOR NOMINEES ​ ​ ​ ​ 6 ​ ​ ​ CONTINUING DIRECTORS ​ ​ ​ ​ 7 ​ ​ ​ CORPORATE GOVERNANCE AND RISK MANAGEMENT ​ ​ ​ ​ 12 ​ ​ ​ BOARD INDEPENDENCE ​ ​ ​ ​ 12 ​ ​ ​ BOARD LEADERSHIP STRUCTURE AND THE BOARD’S ROLE IN RISK OVERSIGHT ​ ​ ​ ​ 12 ​ ​ ​ BOARD COMMITTEES ​ ​ ​ ​ 13 ​ ​ ​ EVALUATING BOARD EFFECTIVENESS ​ ​ ​ ​ 13 ​ ​ ​ CODE OF BUSINESS CONDUCT AND ETHICS ​ ​ ​ ​ 13 ​ ​ ​ DIRECTOR ORIENTATION AND CONTINUING EDUCATION ​ ​ ​ ​ 13 ​ ​ ​ CORPORATE GOVERNANCE GUIDELINES ​ ​ ​ ​ 13 ​ ​ ​ COMPENSATION CONSULTANT ​ ​ ​ ​ 17 ​ ​ ​ COMPENSATION COMMITTEE INTERLOCKS AND INSIDER PARTICIPATION ​ ​ ​ ​ 18 ​ ​ ​ FAMILY RELATIONSHIPS ​ ​ ​ ​ 18 ​ ​ ​ STOCKHOLDER ENGAGEMENT ​ ​ ​ ​ 18 ​ ​ ​ DIRECTOR COMPENSATION ​ ​ ​ ​ 20 ​ ​ ​",,,,,,0,0,0,matrix_replaced_by_or_supplemented_with_narrative,"Post-vacatur evidence is board/diversity narrative, not an extracted matrix.",board_diversity_narrative,Published matrix date is on/before due+30 grace.,,,,,,,,,0,,7d30e93b41dc3f8d,,,,,0,,,,,,,,,,2.6666666666666665,0,1,0,0,0,0,0,0,87,Life sciences / medical,Other non-US,2024,proxy,1,1,0,1,0,1,0,1,0
1974640,APGE,"Apogee Therapeutics, Inc.",domestic,MA,2836,"Biological Products, (No Diagnostic Substances)",2023-07-14,first_trading,2024-07-14,2024-08-13,released_in_required_window,high,published_on_time,2024-04-24,on_or_before_due_date,issuer SEC filing,https://www.sec.gov/Archives/edgar/data/1974640/000110465924051224/tm2412467-1_def14a.htm,edgar_filing,DEF 14A,0001104659-24-051224,Board Diversity Matrix;Total Number of Directors;Did Not Disclose Gender;Did Not Disclose Demographic Background,450bf342e9cdb559,"ard diversity listing standards, we are disclosing aggregated statistical information about our Board’s self-identified gender and racial characteristics and LGBTQ+ status as voluntarily confirmed to us by each of our directors. 15 TABLE OF CONTENTS Board Diversity Matrix (as of the date of this Proxy Statement) ​ ​ ​ ​ ​ ​ ​ ​ ​ ​ ​ ​ ​ Total number of directors — 8 ​ ​ ​ ​ ​ ​ ​ ​ ​ ​ ​ ​ ​ ​ ​ ​ ​ ​ ​ ​ ​ ​ ​ Gender identity: ​ ​ Female ​ ​ Male ​ ​ Non-Binary ​ ​ Did Not Disclose Gender ​ ​ ​ ​ ​ Directors ​ ​ 1 ​ ​ 7 ​ ​ ​ ​ — ​ ​ ​ ​ ​ — ​ ​ ​ ​ ​ ​ Number of directors who identify in any of the categories below: ​ ​ ​ ​ ​ ​ ​ ​ ​ ​ ​ ​ ​ ​ ​ ​ ​ ​ ​ ​ ​ ​ ​ African American or Black ​ ​ — ​ ​ 1 ​ ​ ​ ​ — ​ ​ ​ ​ ​ — ​ ​ ​ ​ ​ ​ Alaskan Native or Native American ​ ​ — ​ ​ — ​ ​ ​ ​ — ​ ​ ​ ​ ​ — ​ ​ ​ ​ ​ ​ Asian ​ ​ — ​ ​ 1 ​ ​ ​ ​ — ​ ​ ​ ​ ​ — ​ ​ ​ ​ ​ ​ Hispanic or Latinx ​ ​",Board Diversity Matrix,,,Female|Male|Non-Binary|Did Not Disclose Gender,African American or Black|Alaskan Native or Native American|Asian|Hispanic or Latinx|Hispanic or Latin,1,1,0,continued_other_narrative,2025-04-29,issuer SEC filing,https://www.sec.gov/Archives/edgar/data/1974640/000095017025060147/apge-20250429.htm,DEF 14A,0000950170-25-060147,0.75,\bboard diversity\b,6,6,0,e62f51d9f4bb1c40,"ity and values, an inquisitive and objective perspective, a sense for priorities and balance, the ability and willingness to devote sufficient time and attention to Board matters, and a willingness to represent the long-term interests of all our stockholders. Board Diversity In addition to the factors discussed above, the Board and the Nominating Committee actively seek to achieve a diversity of occupational and personal backgrounds on the Board. The Nominating Committee considers a potential director candidate’s ability to contribute to the diversity of personal backgrounds on the Board, including with respect to gender, race, ethnic and national background, geography, age and sexual orientation. As part of the search process for each new director, the Nominating Committee actively seeks out women and minority candidates to include in the pool from which Board nominees are chosen. The Nominating Committee assesses its effectiveness in balancing these considerations in connection with its annual evaluation of the composition of the Board. In this regard, our current Board of nine directors includes two direc",,,,,,0,0,0,matrix_replaced_by_or_supplemented_with_narrative,"Post-vacatur evidence is board/diversity narrative, not an extracted matrix.",board_diversity_narrative,Published matrix date is on/before due+30 grace.,,,,,,,,,0,,edd58090c46303f0,,,,,2,,15,,,,,,,,3.5,0,0,0,0,1,1,1,0,81,Life sciences / medical,Other non-US,2024,proxy,1,1,0,1,0,1,0,1,0
1907085,ODD,Oddity Tech Ltd,foreign_private_issuer,L3,2844,"Perfumes, Cosmetics & Other Toilet Preparations",2023-07-19,first_trading,2024-07-19,2024-08-18,released_in_required_window,high,published_on_time,2024-03-06,on_or_before_due_date,issuer SEC filing,https://www.sec.gov/Archives/edgar/data/1907085/000110465924031179/tmb-20231231x20f.htm,edgar_filing,20-F,0001104659-24-031179,Board Diversity Matrix;Total Number of Directors;Did Not Disclose Gender;Did Not Disclose Demographic Background,cce3dbd84d3931df,"edge of our business qualify him to serve on our board of directors. Family Relationships Oran Holtzman and Shiran Holtzman-Erel, our co-founders and Chief Executive Officer and Chief Product Officer, respectively, are siblings. 94 Table of Contents Board Diversity Matrix Our philosophy regarding diversity of candidates for the board of directors is to identify, nominate and elect the most qualified individuals available to us, regardless of race, creed, sexual orientation, nationality, ethnicity, language and religion. Board Diversity Matrix (As of December 31, 2023) Country of Principal Executive Offices: Israel Foreign Private Issuer ​ Yes Disclosure Prohibited Under Home Country Law ​ No Total Number of Directors ​ 5 ​ ​ Female Male Non-Binary Did Not Disclose Gender Part I: Gender Identity ​ ​ Directors ​ 2 3 — — Part II: Demographic Background ​ ​ Underrepresented Individual in Hom",Board Diversity Matrix,"As of December 31, 2023",,Female|Male|Non-Binary|Did Not Disclose Gender,,1,1,0,not_continued_in_reviewed_filings,,,,,,0.7,,16,16,0,,,,,,,,0,0,0,no_post_vacatur_matrix_extracted,No post-vacatur matrix was extracted from reviewed filings.,no_signal_found,Published matrix date is on/before due+30 grace.,,,,,,,,,0,,d2d93ac5a4f83fba,,2,0,0,,,,,,,,,,,2.0,1,0,1,0,0,0,1,0,135,Energy / industrials,Other non-US,2024,20-F,1,1,0,0,0,0,1,0,0
1737523,BGLC,BioNexus Gene Lab Corp,domestic,N8,8071,Services-Medical Laboratories,2023-07-21,pricing_proxy,2024-07-21,2024-08-20,released_after_required_window,high,published_late,2024-09-16,after_30_day_grace,issuer SEC filing,https://www.sec.gov/Archives/edgar/data/1737523/000147793224005760/bglc_def14a.htm,edgar_filing,DEF 14A,https://www.sec.gov/Archives/edgar/data/1737523/000147793224005760/bglc_def14a.htm,Board Diversity Matrix;Total Number of Directors;Gender Identity;Demographic Background,49ed68d2dde498ba,"BioNexus Gene Lab Corp. Board Diversity Matrix as of September 4, 2024. Total Number of Directors 5. Part I: Gender Identity: Directors Female 0, Male 5, Non-Binary 0, Did Not Disclose Gender 0. Part II: Demographic Background: Asian (other than South Asian) Male 5; all other listed categories 0; LGBTQ+ 0; Did Not Disclose Demographic Background 0.",Board Diversity Matrix,"as of September 4, 2024",5,Female|Male|Non-Binary|Did Not Disclose Gender,Asian|LGBTQ+|Did Not Disclose Demographic Background,1,1,1,continued_same_matrix,2025-11-14,issuer SEC filing,https://www.sec.gov/Archives/edgar/data/1737523/000147793225008317/bglc_pre14a.htm,PRE 14A,0001477932-25-008317,0.95,Board Diversity Matrix;Total Number of Directors;Did Not Disclose Gender;Did Not Disclose Demographic Background,8,6,0,a207ff6d63b70c40,"nsation Committee held during fiscal year 2024. There were 4 meetings held by the Audit Committee in conjunction with the Quarterly reporting schedule, and an additional 2 Executive Sessions of only the Independent Members of the Board of Directors. Board Diversity Matrix The following chart summarizes certain self-identified personal characteristics of our directors, in accordance with Nasdaq Listing Rule 5605(f). 13 Table of Contents Each term used in the table has the meaning given to it in the rule and related instructions. Board Diversity Matrix (As of November [*], 2025) Board Size: Total Number of Directors 4 Female Male Non-Binary Did Not Disclose Gender Gender: Directors 1 3 0 0 Number of Directors who identify in Any of the Categories Below: African American or Black 0 0 0 0 Alaskan Native or Native American 0 0 0 0 Asian (other than South Asian) 1 3 0 0 South Asian 0 0 0 0 Hispanic or Latinx 0 0 0 0 Native Hawaiian or Pacific Islander 0 0 0 0 White 0 0 0 0 Two or More Races or Ethnicities 0 0 0 0 LGBTQ+ 0 Did Not Disclose Demographic Background 0 Vote Required Directors are elected by a plurality of the votes cast, with t",Board Diversity Matrix,,4,Female|Male|Non-Binary|Did Not Disclose Gender,African American or Black|Alaskan Native or Native American|Asian|Hispanic or Latinx|Hispanic or Latin|Native Hawaiian or Pacific Islander|White|Two or More Races or Ethnicities|LGBTQ+|Did Not Disclose Demographic Background,1,1,1,changed_extracted_shape,"as-of date: initial extracted, post-vacatur not extracted; total directors: 5 -> 4; demographic rows: Asian|LGBTQ+|Did Not Disclose Demographic Background -> African American or Black|Alaskan Native or Native American|Asian|Hispanic or Latinx|Hispanic or Latin|Native Hawaiian or Pacific Islander|White|Two or More Races or Ethnicities|LGBTQ+|Did Not Disclose Demographic Background",matrix,Published matrix date is after due+30 grace.,"SEC sweep confirmed matrix in 2024 DEF 14A filed 2024-09-16. Due 2024-07-21, beyond due+30, so late. Later 2025 proxy also contains matrix but not earliest located.",found_current_sec_matrix,2025-12-03,https://www.sec.gov/Archives/edgar/data/1737523/000147793225008757/bglc_def14a.htm,not_found,,,not_found,1,post_vacatur_matrix_format_changed,7d3573611b7c2283,5.0,0,0,0,,,0,0,0.0,0.0,0.0,,0.0,0.0,4.0,1,0,0,0,0,0,0,0,-57,Life sciences / medical,Other non-US,2024,proxy,1,0,1,1,1,0,0,1,0
1764974,,Turnstone Biologics Corp.,domestic,CA,2836,"Biological Products, (No Diagnostic Substances)",2023-07-21,first_trading,2024-07-21,2024-08-20,released_in_required_window,high,published_on_time,2024-04-22,on_or_before_due_date,issuer SEC filing,https://www.sec.gov/Archives/edgar/data/1764974/000095017024046454/tsbx_proxy_2024.htm,edgar_filing,DEF 14A,0000950170-24-046454,Board Diversity Matrix;Total Number of Directors;Did Not Disclose Demographic Background,119ed18f91421d90,"a public accountant (inactive), after working at PricewaterhouseCoopers LLP and Deloitte LLP. We believe that Mr. Waddill is qualified to serve on our Board due to his financial expertise and his extensive experience in the biotechnology field. The Board Diversity Matrix, below, provides the diversity statistics for our Board of Directors. Board Diversity Matrix (As of April 12, 2024) Total Number of Directors 7 Female Male Part I: Gender Identity Directors 1 6 Part II: Demographic Background African American or Black — — Alaskan Native or Native American — — Asian 1 1 Hispanic or Latinx — — Native Hawaiian or Pacific Islander — — White — 3 Other: Middle Eastern — 1 Two or More Races or Ethnicities — — LGBTQ+ — 1 Did Not Disclose Demographic Background — 1 Information regard ing the board of directors and corporate governance Independ ence of The Board of Directors As required under the",Board Diversity Matrix,"As of April 12, 2024",7,Female|Male,African American or Black|Alaskan Native or Native American|Asian|Hispanic or Latinx|Hispanic or Latin|Native Hawaiian or Pacific Islander|White|Two or More Races or Ethnicities|LGBTQ+|Did Not Disclose Demographic Background,0,0,1,not_continued_in_reviewed_filings,,,,,,0.7,,1,1,0,,,,,,,,0,0,0,no_post_vacatur_matrix_extracted,No post-vacatur matrix was extracted from reviewed filings.,no_signal_found,Published matrix date is on/before due+30 grace.,,,,,,,,,0,,d9dd05da311f1614,7.0,1,,,2,3,1,1,0.14285714285714285,,,0.2857142857142857,0.14285714285714285,0.14285714285714285,4.0,1,1,1,0,1,1,1,1,90,Life sciences / medical,Other non-US,2024,proxy,1,1,0,0,0,0,1,0,0
1805526,DFDV,DeFi Development Corp.,domestic,FL,6199,Finance Services,2023-07-25,first_trading,2024-07-25,2024-08-24,released_after_required_window,high,published_late,2024-11-04,after_30_day_grace,issuer SEC filing,https://www.sec.gov/Archives/edgar/data/1805526/000157587224001119/cm498_def14a.htm,edgar_filing,DEF 14A,https://www.sec.gov/Archives/edgar/data/1805526/000157587224001119/cm498_def14a.htm,Board Diversity Matrix;Total Number of Directors;Gender Identity;Demographic Background,db7183bedce3d254,"DeFi Development Corp. Board Diversity Matrix as of October 31, 2024. Total Number of Directors 5. Part I: Gender Identity: Directors Male 5, Female 0, Non-Binary 0, Did Not Disclose Gender 0. Part II: Demographic Background: Hispanic or Latinx Male 2; White Male 3; all other listed categories 0.",Board Diversity Matrix,"as of October 31, 2024",5,Female|Male|Non-Binary|Did Not Disclose Gender,Hispanic or Latinx|Hispanic or Latin|White,1,1,0,not_continued_in_reviewed_filings,,,,,,0.7,,6,6,0,,,,,,,,0,0,0,no_post_vacatur_matrix_extracted,No post-vacatur matrix was extracted from reviewed filings.,no_signal_found,Published matrix date is after due+30 grace.,"SEC sweep confirmed matrix in 2024 DEF 14A filed 2024-11-04. Due 2024-07-25, beyond due+30, so late.",not_found_in_current_sec_filings,,,not_found,,,not_found,0,,2f1eba6ac8d6d0a0,5.0,5,0,0,,,,,1.0,0.0,0.0,,,,2.0,1,0,1,0,0,0,1,0,-102,Finance / real estate,Other non-US,2024,proxy,1,0,1,0,0,0,1,0,0
1944399,PDC,Perpetuals.com Ltd,foreign_private_issuer,Japan,7371,Services-Computer Programming Services,2023-07-25,first_trading,2024-07-25,2024-08-24,released_in_required_window,high,published_on_time,2023-09-15,on_or_before_due_date,issuer SEC filing,https://www.sec.gov/Archives/edgar/data/1944399/000121390023077074/f20f2023_earlyworks.htm,edgar_filing,20-F,0001213900-23-077074,Board Diversity Matrix;Total Number of Directors;Did Not Disclose Gender;Did Not Disclose Demographic Background,15e4accd340fb832,"or any other person pursuant to which our directors and members of senior management are appointed. Board Diversity The table below provides certain information regarding the diversity of our board of directors as of the date of this annual report. Board Diversity Matrix Country of Principal Executive Offices: Japan Foreign Private Issuer Yes Disclosure Prohibited under Home Country Law No Total Number of Directors 4 Female Male Non- Binary Did Not Disclose Gender Part I: Gender Identity Directors 0 4 0 0 Part II: Demographic Background Underrepresented Individual in Home Country Jurisdiction 0 LGBTQ+ 0 Did Not Disclose Demographic Background 0 Controlled Company As of the date of this annual report, Mr. Satoshi Kobayashi, our Chief Executive Officer and Representative Director, beneficially owns more than 50% of the voting power of our outstanding Ordinary Shares. As a result, we are a",Board Diversity Matrix,,4,Female|Male|Did Not Disclose Gender,LGBTQ+|Did Not Disclose Demographic Background,0,1,1,not_continued_in_reviewed_filings,,,,,,0.7,,27,27,0,,,,,,,,0,0,0,no_post_vacatur_matrix_extracted,No post-vacatur matrix was extracted from reviewed filings.,no_signal_found,Published matrix date is on/before due+30 grace.,,,,,,,,,0,,2d1a9c5ae4d98eb4,4.0,0,,0,,,0,0,0.0,,0.0,,0.0,0.0,3.0,1,0,0,0,0,0,0,0,314,Technology,Other non-US,2024,20-F,1,1,0,0,0,0,1,0,0
1934642,MDBH,"MDB Capital Holdings, LLC",domestic,TX,6199,Finance Services,2023-07-26,pricing_proxy,2024-07-26,2024-08-25,released_in_required_window,high,published_on_time,2024-03-29,on_or_before_due_date,issuer SEC filing,https://www.sec.gov/Archives/edgar/data/1934642/000149315224012008/form10-k.htm,edgar_filing,10-K,0001493152-24-012008,Board Diversity Matrix;Total Number of Directors;Did Not Disclose Gender;Did Not Disclose Demographic Background,45971401de979876,"ity and experience, area of expertise, as well as other individual attributes that contribute to the total diversity of viewpoints and experience represented on the board of directors. The following is a table indicating the current board diversity. Board Diversity Matrix (As of March 29, 2024) Total Number of Directors - Female Male Non-Binary Did Not Disclose Gender Part I: Gender Identity Directors 1 6 - - Part II: Demographic Background African American or Black - - - - Alaskan Native or Native American - - - - Asian - 1 - - Hispanic or Latinx - - - - Native Hawaiian or Pacific Islander - - - - White 1 3 - - Two or More Races or Ethnicities - 1 - - LGBTQ+ - - - - Did Not Disclose Demographic Background - 1 - - 71 Audit Committee . We have established an audit committee. The audit committee is be responsible for, among other things: (i) retaining and overseeing our independent account",Board Diversity Matrix,"As of March 29, 2024",,Female|Male|Non-Binary|Did Not Disclose Gender,African American or Black|Alaskan Native or Native American|Asian|Hispanic or Latinx|Hispanic or Latin|Native Hawaiian or Pacific Islander|White|Two or More Races or Ethnicities|LGBTQ+|Did Not Disclose Demographic Background,1,1,1,not_continued_in_reviewed_filings,,,,,,0.7,,3,3,0,,,,,,,,0,0,0,no_post_vacatur_matrix_extracted,No post-vacatur matrix was extracted from reviewed filings.,no_signal_found,Published matrix date is on/before due+30 grace.,,,,,,,,,0,,6b2f2ab3dfe750f9,,1,0,0,2,4,0,1,,,,,,,6.0,1,1,1,0,1,0,1,1,119,Finance / real estate,Other non-US,2024,10-K,1,1,0,0,0,0,1,0,0
1916241,PRZO,ParaZero Technologies Ltd.,foreign_private_issuer,L3,3728,"Aircraft Parts & Auxiliary Equipment, NEC",2023-07-27,first_trading,2024-07-27,2024-08-26,released_in_required_window,high,published_on_time,2024-03-21,on_or_before_due_date,issuer SEC filing,https://www.sec.gov/Archives/edgar/data/1916241/000121390024024822/ea0201876-20f_parazero.htm,edgar_filing,20-F,0001213900-24-024822,Board Diversity Matrix;Total Number of Directors;Did Not Disclose Gender;Did Not Disclose Demographic Background,28e0e8f9b41aa0d2,"d in its oversight role by an internal auditor. The internal auditor undertakes both regular and ad hoc reviews of risk management controls and procedures, the results of which are reported to our audit committee. DIVERSITY OF THE BOARD OF DIRECTORS Board Diversity Matrix (As of March 21, 2024) Country of Principal Executive Offices Israel Foreign Private Issuer Yes Disclosure Prohibited under Home Country Law No Total Number of Directors 6 Part I: Gender Identity Female Male Non- Binary Did Not Disclose Gender Directors 2 4 0 0 Part II: Demographic Background Underrepresented Individual in Home Country Jurisdiction 0 LGBTQ+ 0 Did Not Disclose Demographic Background 0 External Directors Under the Companies Law, companies incorporated under the laws of the State of Israel that are publicly traded, including Israeli companies with shares listed on the Nasdaq, are generally required to appo",BOARD OF DIRECTORS Board Diversity Matrix,"As of March 21, 2024",6,Female|Male|Did Not Disclose Gender,LGBTQ+|Did Not Disclose Demographic Background,0,1,1,not_continued_in_reviewed_filings,,,,,,0.7,,80,40,0,,,,,,,,0,0,0,no_post_vacatur_matrix_extracted,No post-vacatur matrix was extracted from reviewed filings.,no_signal_found,Published matrix date is on/before due+30 grace.,,,,,,,,,0,,9cc05735539cfd3c,6.0,2,,0,,,0,0,0.3333333333333333,,0.0,,0.0,0.0,3.0,1,0,1,0,0,0,1,0,128,Manufacturing / industrials,Other non-US,2024,20-F,1,1,0,0,0,0,1,0,0
1911545,GITS,"Global Interactive Technologies, Inc.",domestic,M5,7370,"Services-Computer Programming, Data Processing, Etc.",2023-08-01,first_trading,2024-08-01,2024-08-31,released_after_required_window,high,published_late,2024-12-02,after_30_day_grace,issuer SEC filing,https://www.sec.gov/Archives/edgar/data/1911545/000121390024104199/ea0223068-01.htm,edgar_filing,DEF 14A,https://www.sec.gov/Archives/edgar/data/1911545/000121390024104199/ea0223068-01.htm,Board Diversity Matrix;Total Number of Directors;Gender Identity;Demographic Background,4c1ea31dbe86357a,"Global Interactive Technologies, Inc. Board Diversity Matrix as of November 7, 2024. Total Number of Directors 4. Part I: Gender Identity: Directors Male 4, Female 0. Part II: Demographic Background: White Male 3; Asian Male 1; Hispanic or Latinx 0.",Board Diversity Matrix,"as of November 7, 2024",4,Female|Male,Asian|Hispanic or Latinx|Hispanic or Latin|White,0,0,0,continued_other_narrative,2025-04-30,issuer SEC filing,https://www.sec.gov/Archives/edgar/data/1911545/000121390025036973/ea0239736-10k_global.htm,10-K,0001213900-25-036973,0.75,\bboard diversity\b,4,4,0,a05a47e49114ac28,"onstitute incorporation by reference of the information contained at or available through our website, and you should not consider it to be a part of this Report. All members of the Audit and Compensation Committees will meet the criteria for independence. 54 Board Diversity Our nominating and governance committee will be responsible for reviewing with the Board, on an annual basis, the appropriate characteristics, skills and experience required for the Board as a whole and its individual members. In evaluating the suitability of individual candidates (both new candidates and current members), the nominating and governance committee, in recommending candidates for election, and the Board, in approving (and, in the case of vacancies, appointing) such candidates, will take into account many factors, including the following: ● personal and professional integrity, ethics and values; ● experience in corporate management, such as serving as an officer or former officer of a publicly-held company; ● experience as a board member or executive officer of another publicly-held company; ● strong finance experience; ● di",,,,,,0,0,0,matrix_replaced_by_or_supplemented_with_narrative,"Post-vacatur evidence is board/diversity narrative, not an extracted matrix.",board_diversity_narrative,Published matrix date is after due+30 grace.,"SEC sweep confirmed matrix in 2024 DEF 14A filed 2024-12-02. Due 2024-08-01, beyond due+30, so late.",not_found_in_current_sec_filings,,,not_found,,,not_found,0,,0be8f300788924d9,4.0,4,,,,,,,1.0,,,,,,0.0,1,0,1,0,0,0,1,0,-123,Technology,Other non-US,2024,proxy,1,0,1,1,0,1,0,1,0
1951667,CTNT,CHEETAH NET SUPPLY CHAIN SERVICE INC.,domestic,CA,5010,Wholesale-Motor Vehicles & Motor Vehicle Parts & Supplies,2023-08-01,first_trading,2024-08-01,2024-08-31,released_in_required_window,high,published_on_time,2024-04-23,on_or_before_due_date,issuer SEC filing,https://www.sec.gov/Archives/edgar/data/1951667/000110465924050619/tm2411614d2_def14a.htm,edgar_filing,DEF 14A,0001104659-24-050619,Board Diversity Matrix;Total Number of Directors,c120b895f712da24,"0% Executive Sessions of Independent Directors Yes Committee Independence 100% Anonymous Reporting Yes Committee Chair Independence 100% Insider Trading Policy Yes Number of Financial Experts One Clawback Policy Yes Board Gender Diversity 20% Female Board Diversity Matrix (As of April 23, 2024) Female Male Total Number of Directors 5 Part I: Gender Identity Directors 1 4 Part II: Demographic Background Asian 1 2 White 0 2 v In addition, we intend to implement additional corporate governance principles in the future, including: ● developing our executive compensation policies; ● enhancing public disclosure; and ● enhancing stockholder communication. Director Nominees You are being asked to vote to elect the following five director nominees to our Board of Directors. Detailed information about each of these nominees begins on page 7 of the Proxy Statement. Name Age Director Since Independe",Board Diversity Matrix,"As of April 23, 2024",5,Female|Male,Asian|White,0,0,0,continued_other_narrative,2025-09-26,issuer SEC filing,https://www.sec.gov/Archives/edgar/data/1951667/000110465925093853/tm252594d1_pre14a.htm,PRE 14A,0001104659-25-093853,0.75,"\bdiversity\b.{0,220}\b(?:director|directors|nominee|nominees|board)\b",7,7,0,3ddf33916b9bddfa,"ttee is responsible for identifying, screening, and recommending candidates for membership on the Board. The Nominating and Corporate Governance Committee has not yet developed a policy for selecting directors, including any specific minimum requirements or a diversity policy. The Nominating and Corporate Governance Committee will consider any director candidates recommended by stockholders, although there is no formal policy with regard to directors recommended by stockholders, when considering a candidate submitted by stockholders, the Nominating and Corporate Governance Committee will take into consideration the needs of the Board and the qualifications of the candidate. Nevertheless, the Board may choose not to consider an unsolicited recommendation if no vacancy exists on the Board and/or the Board does not perceive a need to increase the size of the Board. 11 There are no specific minimum qualifications that the Nominating and Corporate Governance Committee believes must be met by a Nominating Committee-recommended director nominee. However, the Nominating and Corporate Governance Committee believes that director candidates should, among other things, possess high degrees of integrity and honesty; have literacy in financial and business matters; have no material affiliations wi",,,,,,0,0,0,matrix_replaced_by_or_supplemented_with_narrative,"Post-vacatur evidence is board/diversity narrative, not an extracted matrix.",board_diversity_narrative,Published matrix date is on/before due+30 grace.,,,,,,,,,0,,b3884bac32768d70,5.0,1,,,3,2,,,0.2,,,0.6,,,1.1666666666666667,1,0,1,0,1,0,1,0,100,Other / mixed,Other non-US,2024,proxy,1,1,0,1,0,1,0,1,0
1962845,,"PIXIE DUST TECHNOLOGIES, INC.",foreign_private_issuer,M0,3845,Electromedical & Electrotherapeutic Apparatus,2023-08-01,first_trading,2024-08-01,2024-08-31,released_in_required_window,high,published_on_time,2023-11-16,on_or_before_due_date,issuer SEC filing,https://www.sec.gov/Archives/edgar/data/1962845/000119312523278289/d507335d20f.htm,edgar_filing,20-F,0001193125-23-278289,Board Diversity Matrix;Total Number of Directors;Did Not Disclose Gender;Did Not Disclose Demographic Background,1e1a1789bc202fc4,"s proposal to amend its listing standards to encourage greater board diversity and to require board diversity disclosures for NASDAQ-listed companies. The table below provides certain demographic information regarding our current board of directors: Board Diversity Matrix (As of April 30, 2023) Country of Principal Executive Offices Japan Foreign Private Issuer Yes Disclosure Prohibited under Home Country Law No Total Number of Directors 6 Female Male Non-Binary Did Not Disclose Gender Part I: Gender Identity Directors 1 5 — — Part II: Demographic Background Underrepresented Individual in Home Country Jurisdiction — LGBTQ+ — Did Not Disclose Demographic Background — While we have not adopted a formal board diversity policy, we are mindful of the benefit that diversity can provide in maximizing the effectiveness and decision-making abilities of our board. In this regard, we are committed",Board Diversity Matrix,"As of April 30, 2023",6,Female|Male|Non-Binary|Did Not Disclose Gender,LGBTQ+|Did Not Disclose Demographic Background,1,1,1,not_continued_in_reviewed_filings,,,,,,0.7,,9,9,0,,,,,,,,0,0,0,no_post_vacatur_matrix_extracted,No post-vacatur matrix was extracted from reviewed filings.,no_signal_found,Published matrix date is on/before due+30 grace.,,,,,,,,,0,,adff4c7385919861,6.0,1,0,0,,,0,0,0.16666666666666666,0.0,0.0,,0.0,0.0,4.0,1,0,1,0,0,0,1,0,259,Life sciences / medical,Other non-US,2024,20-F,1,1,0,0,0,0,1,0,0
1904286,MIRA,"MIRA PHARMACEUTICALS, INC.",domestic,FL,2834,Pharmaceutical Preparations,2023-08-03,first_trading,2024-08-03,2024-09-02,no_release_found_after_checks,medium,not_located,,no_dated_release,,,No substantive matrix located,,,,b867eb5b6c625a08,No primary Board Diversity Matrix located in SEC sweep or web search; secondary Out Leadership row reports no disclosed dimensions.,Board Diversity Matrix,,,,,0,0,0,not_continued_in_reviewed_filings,,,,,,0.7,,6,6,0,,,,,,,,0,0,0,no_post_vacatur_matrix_extracted,No post-vacatur matrix was extracted from reviewed filings.,no_signal_found,"No substantive primary matrix located after SEC, committed-check FTS/Wayback, website candidates, and manual/browser review where applicable.",SEC sweep scanned 82 relevant filings with no strong matrix terms. Web search did not locate primary MIRA Pharmaceuticals matrix evidence.,not_found_in_current_sec_filings,,,not_found,,,not_found,1,no_release_found_after_checks,9a35baf32ae0c65c,,,,,,,,,,,,,,,0.0,0,0,0,0,0,0,0,0,,Life sciences / medical,Other non-US,2024,unknown,0,0,1,0,0,0,1,0,0
1928581,GMEX,GMEX Robotics Corp,foreign_private_issuer,Australia,3949,"Sporting & Athletic Goods, NEC",2023-08-08,first_trading,2024-08-08,2024-09-07,released_after_required_window,high,published_late,2024-11-15,after_30_day_grace,issuer SEC filing,https://www.sec.gov/Archives/edgar/data/1928581/000149315224046303/form20-f.htm,edgar_filing,20-F,https://www.sec.gov/Archives/edgar/data/1928581/000149315224046303/form20-f.htm,Board Diversity Matrix;Total Number of Directors;Gender Identity;Demographic Background,530781be5b56af2a,"GMEX Robotics Corp / Fitell Corp Board Diversity Matrix as of the annual report date. Country of Principal Executive Offices Australia; Foreign Private Issuer Yes; Disclosure Prohibited Under Home Country Law No. Total Number of Directors 5. Part I: Gender Identity: Directors Female 2, Male 3, Non-Binary 0, Did Not Disclose Gender 0. Part II: Demographic Background: Underrepresented Individual in Home Country Jurisdiction 3; LGBTQ+ 0; Did Not Disclose Demographic Background 0.",Board Diversity Matrix,,5,Female|Male|Non-Binary|Did Not Disclose Gender,LGBTQ+|Did Not Disclose Demographic Background,1,1,1,not_continued_in_reviewed_filings,,,,,,0.7,,40,40,0,,,,,,,,0,0,0,no_post_vacatur_matrix_extracted,No post-vacatur matrix was extracted from reviewed filings.,no_signal_found,Published matrix date is after due+30 grace.,"SEC sweep confirmed matrix in 2024 20-F filed 2024-11-15. Due 2024-08-08, beyond due+30, so late.",not_found_in_current_sec_filings,,,not_found,,,not_found,0,,2067dbd0855cf08c,5.0,2,0,0,,,0,0,0.4,0.0,0.0,,0.0,0.0,4.0,1,0,1,0,0,0,1,0,-99,Manufacturing / industrials,Other non-US,2024,20-F,1,0,1,0,0,0,1,0,0
1843165,YHC,LQR House Inc.,domestic,FL,2080,Beverages,2023-08-10,first_trading,2024-08-10,2024-09-09,released_in_required_window,high,published_on_time,2024-08-10,on_or_before_due_date,issuer website archived by Internet Archive,https://invest.lqrhouse.com/board-diversity-matrix/,website_archive,,https://invest.lqrhouse.com/board-diversity-matrix/,Board Diversity Matrix;Total Number of Directors;Gender Identity;Demographic Background,87a3d75662c53d01,"LQR House Inc. Board Diversity Matrix as of August 10, 2024. Total Number of Directors 6. Part I: Gender Identity: Directors Female 1, Male 5, Non-Binary 0, Did Not Disclose Gender 0. Part II: Demographic Background: White Female 1, Male 5; all other listed categories 0; LGBTQ+ 0; Did Not Disclose Demographic Background 0.",Board Diversity Matrix,"as of August 10, 2024",6,Female|Male|Non-Binary|Did Not Disclose Gender,White|LGBTQ+|Did Not Disclose Demographic Background,1,1,1,continued_other_narrative,2025-04-24,issuer SEC filing,https://www.sec.gov/Archives/edgar/data/1843165/000121390025035096/ea0239054-pre14a_lqrhouse.htm,PRE 14A,0001213900-25-035096,0.75,"\bdiversity\b.{0,220}\b(?:director|directors|nominee|nominees|board)\b",6,6,0,4ae8084cffa467a2,"s committees, and such other more specific factors that the Nominating and Corporate Governance Committee determines are relevant in light of the needs of the Board. The Nominating and Corporate Governance Committee believes that its nominees should reflect a diversity of experience, gender, race, ethnicity and age. The Board does not have a specific policy regarding director diversity. The Nominating and Corporate Governance Committee also considers such other relevant factors as it deems appropriate, including the current composition of the Board, the balance of management and independent directors, and the evaluations of other prospective nominees, if any. In connection with this evaluation, it is expected that each member of the Nominating and Corporate Governance Committee will interview the prospective nominee before the prospective nominee is presented to the full Board for consideration. After completing this evaluation and interview process, the Nominating and Corporate Governance Committee will make a recommendation to the full Board as to the person(s) who should be nominated by the Board, and the Board determines the nominee(s) after considering the recommendation and report of the Nominating and",,,,,,0,0,0,matrix_replaced_by_or_supplemented_with_narrative,"Post-vacatur evidence is board/diversity narrative, not an extracted matrix.",board_diversity_narrative,Published matrix date is on/before due+30 grace.,Issuer website matrix page found by web search and fetched directly. Due 2024-08-10; on time.,not_found_in_current_sec_filings,,,not_found,,,not_found,0,,abf5e2189a7f3455,6.0,1,0,0,,,0,0,0.16666666666666666,0.0,0.0,,0.0,0.0,4.0,1,0,1,0,0,0,1,0,0,Consumer / retail,Other non-US,2024,unknown,1,1,0,1,0,1,0,1,0
1956744,TRON,Tron Inc.,domestic,FL,6199,Finance Services,2023-08-15,first_trading,2024-08-15,2024-09-14,released_in_required_window,high,published_on_time,2024-04-01,on_or_before_due_date,issuer SEC filing,https://www.sec.gov/Archives/edgar/data/1956744/000149315224012449/form10-k.htm,edgar_filing,10-K,0001493152-24-012449,Board Diversity Matrix;Total Number of Directors;Did Not Disclose Gender;Did Not Disclose Demographic Background,2cf6ed700c276a36,"of directors. Board Diversity The table below provides information relating to certain voluntary self-identified characteristics of our directors. Each of the categories listed in the table below has the meaning as set forth in NASDAQ Rule 5605(f). Board Diversity Matrix (As of December 31, 2023) Total Number of Directors 5 Female Male Non-Binary Did Not Disclose Gender Part I: Gender Identity Directors Part II: Demographic Background African American or Black Alaskan Native or Native American Asian Hispanic or Latinx Native Hawaiian or Pacific Islander White 5 Two or More Races or Ethnicities LGBTQ Did Not Disclose Demographic Background Term of Office Our Board is elected annually by our stockholders. Each director shall hold office until a successor is duly elected and qualified or until his or her earlier death, resignation or removal. Family Relationships There are no family relatio",Board Diversity Matrix,"As of December 31, 2023",5,Female|Male|Non-Binary|Did Not Disclose Gender,African American or Black|Alaskan Native or Native American|Asian|Hispanic or Latinx|Hispanic or Latin|Native Hawaiian or Pacific Islander|White|Two or More Races or Ethnicities|Did Not Disclose Demographic Background,1,1,1,continued_same_matrix,2024-12-19,issuer SEC filing,https://www.sec.gov/Archives/edgar/data/1956744/000149315224050661/form10-ka.htm,10-K/A,0001493152-24-050661,0.95,Board Diversity Matrix;Total Number of Directors;Did Not Disclose Gender;Did Not Disclose Demographic Background,4,1,0,038711e36fdb3d86,"of directors. Board Diversity The table below provides information relating to certain voluntary self-identified characteristics of our directors. Each of the categories listed in the table below has the meaning as set forth in NASDAQ Rule 5605(f). Board Diversity Matrix (As of December 31, 2023) Total Number of Directors 5 Female Male Non-Binary Did Not Disclose Gender Part I: Gender Identity Directors Part II: Demographic Background African American or Black Alaskan Native or Native American Asian Hispanic or Latinx Native Hawaiian or Pacific Islander White 5 Two or More Races or Ethnicities LGBTQ Did Not Disclose Demographic Background Term of Office Our Board is elected annually by our stockholders. Each director shall hold office until a successor is duly elected and qualified or until his or her earlier death, resignation or removal. Family Relationships There are no family relationships among and between the issuer’s directors, officers, persons nominated or chosen by the issuer to become directors or officers, or beneficial owners of more than ten percent of any class of the issuer’s equity securities. Section 16(a) Benefic",Board Diversity Matrix,"As of December 31, 2023",5,Female|Male|Non-Binary|Did Not Disclose Gender,African American or Black|Alaskan Native or Native American|Asian|Hispanic or Latinx|Hispanic or Latin|Native Hawaiian or Pacific Islander|White|Two or More Races or Ethnicities|Did Not Disclose Demographic Background,1,1,1,same_extracted_shape,No extracted format differences.,matrix,Published matrix date is on/before due+30 grace.,,,,,,,,,0,,ba401c496b35c20c,5.0,,,,,,,,,,,,,,3.0,0,0,0,0,0,0,0,0,136,Finance / real estate,Other non-US,2024,10-K,1,1,0,1,1,0,0,0,1
1935418,FMST,Foremost Clean Energy Ltd.,foreign_private_issuer,"British Columbia, Canada",1090,Miscellaneous Metal Ores,2023-08-23,pricing_proxy,2024-08-23,2024-09-22,partial_or_unretrieved_primary_evidence,low,not_located,,no_dated_release,issuer/current website or manually reviewed primary source,https://www.foremostcleanenergy.com/images/pdf/Governance_Documents/2023/Foremost_Lithium_-_Initial_Board_Diversity_Matrix_Dec._21_2023.pdf,Primary PDF candidate blocked by site,,,,73006f067f2ba0ea,"Search result exposed primary Foremost Clean Energy PDF titled Initial Board Diversity Matrix dated Dec. 21, 2023, but direct fetch returned a 403/HTML block rather than the PDF.",Board Diversity Matrix,,,,,0,0,0,not_continued_in_reviewed_filings,,,,,,0.7,,69,40,0,,,,,,,,0,0,0,no_post_vacatur_matrix_extracted,No post-vacatur matrix was extracted from reviewed filings.,no_signal_found,"Primary matrix candidate/link found, but file could not be retrieved or values not extracted.","SEC sweep had no matrix. Web search found primary PDF candidate with matrix snippet, but the site blocked direct retrieval even with browser-like headers. Marked candidate_file_unretrieved rather than adding unverified extracted counts.",not_found_in_current_sec_filings,,,not_found,,,not_found,1,partial_or_unretrieved_primary_evidence,9506f7414bca3313,,,,,,,,,,,,,,,0.0,0,0,0,0,0,0,0,0,,Energy / industrials,Other non-US,2024,unknown,1,0,1,0,0,0,1,0,0
1939365,IVPR,"INSPIRE VETERINARY PARTNERS, INC.",domestic,VA,0700,Agricultural Services,2023-08-30,first_trading,2024-08-30,2024-09-29,released_in_required_window,high,published_on_time,2024-04-08,on_or_before_due_date,issuer SEC filing,https://www.sec.gov/Archives/edgar/data/1939365/000121390024031220/ea0202969-10k_inspire.htm,edgar_filing,10-K,0001213900-24-031220,Board Diversity Matrix;Total Number of Directors;Did Not Disclose Gender;Did Not Disclose Demographic Background,9bd5e08f8c31d925,"rd believes that diversity brings a variety of ideas, judgments and considerations that benefit the Company and its stockholders. Although there are many other factors, the Board seeks individuals with experience on operating and growing businesses. Board Diversity Matrix (as of the date of this prospectus) Total Number of Directors: 8 Female Male Non- Binary Did Not Disclose Gender Part 1: Gender Identity Directors 2 5 0 1 Part II: Demographic Background African American or Black 1 0 0 0 Alaskan Native or Native American 0 0 0 0 Asian 0 1 0 0 Hispanic or Latino/Latina 0 0 0 0 Native Hawaiian or Pacific Islander 0 0 0 0 White 1 4 0 0 Two or More Races or Ethnicities 0 0 0 0 LGBTQ+ 0 Did Not Disclose Demographic Background 1 Board Leadership Structure Kimball Carr serves as the Chair of the Board and regularly communicates with other members of management, the Board and Company counsel. M",Board Diversity Matrix,,8,Female|Male|Did Not Disclose Gender,African American or Black|Alaskan Native or Native American|Asian|Hispanic or Latin|Native Hawaiian or Pacific Islander|White|Two or More Races or Ethnicities|LGBTQ+|Did Not Disclose Demographic Background,0,1,1,continued_other_narrative,2025-03-31,issuer SEC filing,https://www.sec.gov/Archives/edgar/data/1939365/000121390025026232/ea0236018-10k_inspire.htm,10-K,0001213900-25-026232,0.75,"\bdiversity\b.{0,220}\b(?:director|directors|nominee|nominees|board)\b",3,3,0,66a4aefefcaa61fd,"and professional integrity, ethics and values; experience in corporate management, such as serving as an officer or former officer of a publicly-held company; experience in the Company’s industry; experience as a board member of another publicly-held company; diversity of expertise and experience in substantive matters pertaining to the Company’s business relative to other directors of the Company; practical and mature business judgment; and composition of the Board (including its size and structure). 61 The Committee develops and recommends to the Board a policy regarding the consideration of director candidates recommended by the Company’s stockholders and procedures for submission by stockholders of director nominee recommendations. In appropriate circumstances, the Committee, in its discretion, will consider and may recommend the removal of a director, in accordance with the applicable provisions of the Company’s articles of incorporation and bylaws. If the Company is subject to a binding obligation that requires director removal structure inconsistent with the foregoing, then the removal of a director shall be governed by such instrument. The Committee oversees the evaluation of the Board and management. It also develops and recommends to the Board a set of corporate governance guidelines appli",,,,,,0,0,0,matrix_replaced_by_or_supplemented_with_narrative,"Post-vacatur evidence is board/diversity narrative, not an extracted matrix.",board_diversity_narrative,Published matrix date is on/before due+30 grace.,,,,,,,,,0,,d35ea083c509ebae,8.0,2,,0,2,5,0,1,0.25,,0.0,0.25,0.0,0.125,5.0,1,1,1,0,1,0,1,1,144,Other / mixed,Other non-US,2024,10-K,1,1,0,1,0,1,0,1,0
1959224,AXG,"Solowin Holdings, Ltd.",foreign_private_issuer,China,6211,"Security Brokers, Dealers & Flotation Companies",2023-09-07,first_trading,2024-09-07,2024-10-07,released_in_required_window,high,published_on_time,2024-07-26,on_or_before_due_date,issuer SEC filing,https://www.sec.gov/Archives/edgar/data/1959224/000101376224001683/ea0209715-20f_solowin.htm,edgar_filing,20-F,0001013762-24-001683,Board Diversity Matrix;Total Number of Directors;Did Not Disclose Gender;Did Not Disclose Demographic Background,7a3d2a6d2c478976,"office pursuant to the laws of the Cayman Islands or any other provisions of the amended and restated memorandum and articles of association. - 112 - Board Diversity The matrix below summarizes the gender and ethnic diverse attributes on our Board. Board Diversity Matrix (as of the date of this report) Country of Principal Executive Offices Hong Kong Foreign Private Issuer Yes Disclosure Prohibited under Home Country Law No Total Number of Directors 5 Female Male Non-Binary Did Not Disclose Gender Part I: Gender Identity Directors 1 4 0 0 Part II: Demographic Background Underrepresented Individual in Home Country Jurisdiction 0 LGBTQ+ 0 Did Not Disclose Demographic Background 0 D. Employees We had 25, 16 and 17 employees as of March 31, 2024, 2023 and 2022, respectively. As of March 31, 2024, we had a total of 25 full-time employees in Hong Kong to support our business operations. The fo",Board Diversity The matrix,"as of March 31, 2024",5,Female|Male|Non-Binary|Did Not Disclose Gender,LGBTQ+|Did Not Disclose Demographic Background,1,1,1,continued_other_narrative,2025-06-30,issuer SEC filing,https://www.sec.gov/Archives/edgar/data/1959224/000121390025059716/ea0247005-20f_solowin.htm,20-F,0001213900-25-059716,0.75,"\bdiversity\b.{0,220}\b(?:director|directors|nominee|nominees|board)\b",27,27,0,a264b6b386d8159e,"d recommending to the board nominees for election by the shareholders or appointment by the board; ● reviewing annually with the board the current composition of the board with regards to characteristics such as independence, knowledge, skills, experience and diversity; ● making recommendations on the frequency and structure of board meetings and monitoring the functioning of the committees of the board; and ● advising the board periodically with regards to significant developments in the law and practice of corporate governance as well as our compliance with applicable laws and regulations, and making recommendations to the board on all matters of corporate governance and on any remedial action to be taken. Duties of Directors Under Cayman Islands law, Solowin’s directors owe fiduciary duties to our company, including a duty of loyalty, a duty to act honestly, and a duty to act in what they consider in good faith to be in our best interests. The directors must also exercise their powers only for a proper purpose. The directors also owe to our company a duty to act with skill and care. It was previously considered that a director need not exhibit in the performance of his duties a greater degree of skill than may reasonably be expected from a person of his knowl",,,,,,0,0,0,matrix_replaced_by_or_supplemented_with_narrative,"Post-vacatur evidence is board/diversity narrative, not an extracted matrix.",board_diversity_narrative,Published matrix date is on/before due+30 grace.,,,,,,,,,0,,dc2288dd43f7e48b,5.0,1,0,0,,,0,58,0.2,0.0,0.0,,0.0,1.0,4.0,1,0,1,0,0,0,1,1,43,Finance / real estate,China / Hong Kong,2024,20-F,1,1,0,1,0,1,0,1,0
1948294,NWGL,CL Workshop Group Ltd,foreign_private_issuer,Macau,2400,Lumber & Wood Products (No Furniture),2023-09-12,first_trading,2024-09-12,2024-10-12,released_in_required_window,high,published_on_time,2024-04-25,on_or_before_due_date,issuer SEC filing,https://www.sec.gov/Archives/edgar/data/1948294/000149315224015976/form20-f.htm,edgar_filing,20-F,0001493152-24-015976,Board Diversity Matrix;Total Number of Directors;Did Not Disclose Gender;Did Not Disclose Demographic Background,ec925c259a613d7a,"Orain worked as a wood trader in other companies, being responsible for exports of wood products. 53 Board Diversity The table below provides certain information regarding the diversity of our board of directors as of the date of this annual report. Board Diversity Matrix Country of Principal Executive Office Macau Foreign Private Issuer Yes Disclosure Prohibited Under Home Country Law No Total Number of Directors Five Part I: Gender Identity Female Male Non-Binary Did Not Disclose Gender 0 5 0 0 Part II: Demographic Background ● Underrepresented individual in home country jurisdiction 0 ● LGBTQ+ 0 ● Did not disclose demographic background 0 As at the date of this report, our Company is in the course of identifying suitable female board candidates and intends to have at least two diverse Directors by December 31, 2026. Family Relationships Mr. Zhihua Liang, our Director and senior consul",Board Diversity Matrix,,,Female|Male|Non-Binary|Did Not Disclose Gender,LGBTQ+|Did Not Disclose Demographic Background,1,1,1,continued_same_matrix,2025-05-01,issuer SEC filing,https://www.sec.gov/Archives/edgar/data/1948294/000164117225008047/form20-f.htm,20-F,0001641172-25-008047,0.95,Board Diversity Matrix;Total Number of Directors;Did Not Disclose Gender;Did Not Disclose Demographic Background,11,2,0,63116ba3ded190f6,"Orain worked as a wood trader in other companies, being responsible for exports of wood products. 53 Board Diversity The table below provides certain information regarding the diversity of our board of directors as of the date of this annual report. Board Diversity Matrix Country of Principal Executive Office Macau Foreign Private Issuer Yes Disclosure Prohibited Under Home Country Law No Total Number of Directors Five Female Male Non-Binary Did Not Disclose Gender Part I: Gender Identity 0 5 0 0 Part II: Demographic Background ● Underrepresented individual in home country jurisdiction 0 ● LGBTQ+ 0 ● Did not disclose demographic background 0 As at the date of this report, our Company is in the course of identifying suitable female board candidates and intends to have at least two diverse Directors by December 31, 2026. Family Relationships Mr. Zhihua Liang, our Director and senior consultant, is the brother-in-law of Mr. Hok Pan Se, our Director and chairman of the Board. Mr. Ka Wai Se, our head of sales department, is a son of Mr. Hok Pan Se, our Director and chairman of the Board. Except as disclosed, no other Director or executiv",Board Diversity Matrix,,,Female|Male|Non-Binary|Did Not Disclose Gender,LGBTQ+|Did Not Disclose Demographic Background,1,1,1,same_extracted_shape,No extracted format differences.,matrix,Published matrix date is on/before due+30 grace.,,,,,,,,,0,,8be23c9ac6b2124b,,,,,,,0,0,,,,,,,4.0,0,0,0,0,0,0,0,0,140,Manufacturing / industrials,Other non-US,2024,20-F,1,1,0,1,1,0,0,0,1
1948697,SPPL,SIMPPLE LTD.,foreign_private_issuer,Singapore,8744,Services-Facilities Support Management Services,2023-09-13,first_trading,2024-09-13,2024-10-13,released_but_window_not_guaranteed,medium,published_late,2026-06-22,after_30_day_grace,issuer website archived by Internet Archive,https://investor.simpple.ai/governance/board-diversity-matrix,website_archive,,https://investor.simpple.ai/governance/board-diversity-matrix,Board Diversity Matrix;Gender Identity;Demographic Background,9c3d1220dade05fc,"SIMPPLE Ltd. current issuer Board Diversity Matrix page captured on June 22, 2026. The page displays Directors 5 and demographic background Asian 4, White 1, but does not display a publication/as-of date or explicit total-number label in the extracted page text.",Board Diversity Matrix,,,,Asian|White,0,0,0,continued_other_narrative,2025-04-08,issuer SEC filing,https://www.sec.gov/Archives/edgar/data/1948697/000164117225003217/form20-f.htm,20-F,0001641172-25-003217,0.75,"\bdiversity\b.{0,220}\b(?:director|directors|nominee|nominees|board)\b",27,27,0,fcd1c53f11aa346e,"election or re-election to the Board, or for appointment to fill any vacancy on the Board; ● reviewing annually with the Board the current composition of the Board with regards to characteristics such as independence, knowledge, skills, experience, expertise, diversity and availability of service to us; ● developing and recommending to our Board such policies and procedures with respect to nomination or appointment of members of our Board and chairs and members of its committees or other corporate governance matters as may be required pursuant to any SEC or Nasdaq rules, or otherwise considered desirable and appropriate; ● selecting and recommending to the Board the names of Directors to serve as members of the Audit Committee and the Compensation Committee, as well as of the Nominating and Corporate Governance Committee itself; and ● evaluating the performance and effectiveness of the Board as a whole. 63 Table of Contents Foreign Private Issuer Exemption We are a “foreign private issuer,” as defined by the SEC. As a result, in accordance with the rules and regulations of Nasdaq, we may choose to comply with home country governance requirements and certain exemptions thereunder rather than complying with Nasdaq corporate governance standards. We may choose to take advant",,,,,,0,0,0,matrix_replaced_by_or_supplemented_with_narrative,"Post-vacatur evidence is board/diversity narrative, not an extracted matrix.",board_diversity_narrative,"Current issuer page has matrix values, but no visible as-of/publication date; capture date used conservatively.","SEC sweep found no matrix; current issuer governance page found in Browser. Because no as-of/publication date is visible, recorded conservatively with capture date, which classifies late.",not_found_in_current_sec_filings,,,not_found,,,not_found,1,released_but_window_not_guaranteed,7234d0c0075e94ca,,,,,,,,,,,,,,,0.0,0,0,0,0,0,0,0,0,-647,Services,Other non-US,2024,unknown,1,0,1,1,0,1,0,1,0
1973239,ARM,ARM HOLDINGS PLC /UK,foreign_private_issuer,X0,3674,Semiconductors & Related Devices,2023-09-14,first_trading,2024-09-14,2024-10-14,released_in_required_window,high,published_on_time,2024-05-29,on_or_before_due_date,issuer SEC filing,https://www.sec.gov/Archives/edgar/data/1973239/000197323924000012/arm-20240331.htm,edgar_filing,20-F,0001973239-24-000012,Board Diversity Matrix;Total Number of Directors;Did Not Disclose Gender;Did Not Disclose Demographic Background,fedfceb251629065,"iversity The table below reflects certain diversity information based on self-identification by each member of our Board of Directors. Each of the categories listed in the below table has the meaning as it is used in the listing standards of Nasdaq. Board Diversity Matrix (as of the date of this Annual Report) Country of Principal Executive Offices United Kingdom Foreign Private Issuer Yes Disclosure Prohibited Under Home Country Law No Total Number of Directors 8 Female Male Non-Binary Did Not Disclose Gender Part I: Gender Identity Directors 2 3 0 3 Part II: Demographic Background LGBTQ+ 0 Underrepresented in Home Country Jurisdiction 0 Did Not Disclose Demographic Background 3 B. Compensation Except for the information under “ Remuneration of Senior Management, ” “ Senior Management Employment Agreements ” and “ Description of Incentive Plans, ” the following information on remunerati",Board Diversity Matrix,,8,Female|Male|Non-Binary|Did Not Disclose Gender,LGBTQ+|Did Not Disclose Demographic Background,1,1,1,continued_other_narrative,2025-05-28,issuer SEC filing,https://www.sec.gov/Archives/edgar/data/1973239/000197323925000016/arm-20250331.htm,20-F,0001973239-25-000016,0.75,"\bdiversity\b.{0,220}\b(?:director|directors|nominee|nominees|board)\b",18,18,0,519accc1d6a4e6ee,"directors that was appointed in 2022. Prior to the appointment of directors in 2022, we undertook a fulsome review of the composition of our Board of Directors and the skills and qualifications necessary to lead our company going forward. We believe that the diversity of viewpoints and collective experience of our directors makes our Board of Directors well positioned to lead Arm into the future. At the end of each annual general meeting of shareholders, all the directors must retire from office except for any director appointed by our Board of Directors after notice of that annual general meeting has been given and before that annual general meeting has been held. Each director who retires at an annual general meeting may be re-elected. Other than with respect to Mr. Haas and other than providing pro-rata vesting to non-executive directors if they are terminated other than for cause or in the event of a change in control of the Company, there are no arrangements or understandings between us, on the one hand, and any of our directors, on the other hand, providing for benefits upon termination of their service as directors of the Company. SoftBank Group’s Director Nomination Rights Our Board of Directors does not have a standing nominating committee. Pursuant to the Shareholder Governance Agreement, SoftBa",,,,,,0,0,0,matrix_replaced_by_or_supplemented_with_narrative,"Post-vacatur evidence is board/diversity narrative, not an extracted matrix.",board_diversity_narrative,Published matrix date is on/before due+30 grace.,,,,,,,,,0,,03d721b5bf94b2c8,8.0,2,0,3,,,0,3,0.25,0.0,0.375,,0.0,0.375,4.0,1,0,1,0,0,0,1,1,108,Technology,Other non-US,2024,20-F,1,1,0,1,0,1,0,1,0
1825367,,"RayzeBio, Inc.",domestic,CA,2834,Pharmaceutical Preparations,2023-09-15,first_trading,2024-09-15,2024-10-15,no_release_found_after_checks,medium,not_located,,no_dated_release,,,No substantive matrix located,,,,64220bd81db7cdc9,No primary Board Diversity Matrix located in SEC sweep or web search.,Board Diversity Matrix,,,,,0,0,0,no_post_vacatur_relevant_filing,,,,,,0.65,,0,0,0,,,,,,,,0,0,0,no_post_vacatur_matrix_extracted,No post-vacatur matrix was extracted from reviewed filings.,no_signal_found,"No substantive primary matrix located after SEC, committed-check FTS/Wayback, website candidates, and manual/browser review where applicable.",SEC sweep scanned 6 relevant RayzeBio filings with no strong matrix terms. Web search results were unrelated to RayzeBio primary disclosure.,not_found_in_current_sec_filings,,,not_found,,,not_found,1,no_release_found_after_checks,4a917c1a77ba1eb4,,,,,,,,,,,,,,,0.0,0,0,0,0,0,0,0,0,,Life sciences / medical,Other non-US,2024,unknown,0,0,1,0,0,0,1,0,0
1885522,NMRA,"Neumora Therapeutics, Inc.",domestic,MA,2836,"Biological Products, (No Diagnostic Substances)",2023-09-15,first_trading,2024-09-15,2024-10-15,released_in_required_window,high,published_on_time,2024-04-25,on_or_before_due_date,issuer SEC filing,https://www.sec.gov/Archives/edgar/data/1885522/000095017024048287/nmra_-_2024_proxy_-_def1.htm,edgar_filing,DEF 14A,0000950170-24-048287,Board Diversity Matrix;Total Number of Directors;Did Not Disclose Gender;Did Not Disclose Demographic Background,642ddc7d8fb7f053,"members as of April 15, 2024, in accordance with Nasdaq diversity criteria, one Board member self-identifies as a woman, four Board members self-identify as white, one Board member self-identifies as Asian, and one member self-identifies as LGBTQ+. Board Diversity Matrix as of April 15, 2024 Total Number of Directors 7 Female Male Non-Binary Did Not Disclose Gender Part I: Gender Identity Directors 1 5 — 1 Part II: Demographic Background African American or Black — — — — Alaskan Native or Native American — — — — Asian 1 — — — Hispanic, Latino or Latinx — — — — Native Hawaiian or Pacific Islander — — — — White — 4 — — Two or More Races or Ethnicities — — — — LGBTQ+ — 1 — — Did Not Disclose Demographic Background — 1 — 1 18 TRANSACTIONS WITH R ELATED PERSONS We describe below transactions and series of similar transactions, since January 1, 2022, to which we were a party or will be a party",Board Diversity Matrix,"as of April 15, 2024",7,Female|Male|Non-Binary|Did Not Disclose Gender,African American or Black|Alaskan Native or Native American|Asian|Native Hawaiian or Pacific Islander|White|Two or More Races or Ethnicities|LGBTQ+|Did Not Disclose Demographic Background,1,1,1,continued_other_narrative,2025-04-11,issuer SEC filing,https://www.sec.gov/Archives/edgar/data/1885522/000095017025053346/nmra-20250411.htm,PRE 14A,0000950170-25-053346,0.75,"\bdiversity\b.{0,220}\b(?:director|directors|nominee|nominees|board)\b",8,8,0,ba6ff1125d58a1cd,"ently, our Board evaluates each individual in the context of the Board as a whole, with the objective of assembling a group that can best maximize the success of the business and represent stockholder interests through the exercise of sound judgment using its diversity of experience in these various areas. The Nominating and Corporate Governance Committee will consider director candidates recommended by stockholders. For a stockholder to make any nomination for election to the Board at an annual meeting, the stockholder must provide notice to the Company, which notice must be delivered to, or mailed and received at, the Company’s principal executive offices not less than 90 days and not more than 120 days prior to the one-year anniversary of the preceding year’s annual meeting; provided, that if the date of the annual meeting is more than 30 days before or more than 60 days after such anniversary date, the stockholder’s notice must be delivered, or mailed and received, not later than 90 days prior to the date of the annual meeting or, if later, 10 days after the date on which public disclosure of the date of such annual meeting was first made. Further updates and supplements to such notice may be required at the times, and in the forms, required under our Amended and Restated Bylaws. As set forth in our Amended and",,,,,,0,0,0,matrix_replaced_by_or_supplemented_with_narrative,"Post-vacatur evidence is board/diversity narrative, not an extracted matrix.",board_diversity_narrative,Published matrix date is on/before due+30 grace.,,,,,,,,,0,,2048e68158472c45,7.0,1,0,1,0,,23,2,0.14285714285714285,0.0,0.14285714285714285,0.0,1.0,0.2857142857142857,4.666666666666666,1,1,1,0,0,1,1,1,143,Life sciences / medical,Other non-US,2024,proxy,1,1,0,1,0,1,0,1,0
1579091,CART,Maplebear Inc.,domestic,CA,7389,"Services-Business Services, NEC",2023-09-19,first_trading,2024-09-19,2024-10-19,released_in_required_window,high,published_on_time,2024-04-17,on_or_before_due_date,issuer SEC filing,https://www.sec.gov/Archives/edgar/data/1579091/000157909124000044/cart-20240417.htm,edgar_filing,DEF 14A,0001579091-24-000044,Board Diversity Matrix;Total Number of Directors;Did Not Disclose Demographic Background,a2715290e6a1a62b,"ds of our Board of Directors and respective committees of our Board of Directors, as well as such factors as diversity, independence, area of expertise, experience, potential conflicts of interest, other commitments, and the like. 14 Board Diversity Board Diversity Matrix (as of April 12, 2024) (1) Board Size: Total Number of Directors 10 Part I: Gender Identity Female Male Directors 4 6 Part II: Demographic Background African American or Black — — Alaskan Native or Native American — — Asian — 1 Hispanic or Latinx — — Native Hawaiian or Pacific Islander — — White 3 5 Two or More Races or Ethnicities — — Middle Eastern (2) 1 — LGBTQ+ — Did Not Disclose Demographic Background — (1) The above matrix includes Jeffrey Jordan and Barry McCarthy, who will retire from and not stand for re-election to our Board of Directors when their terms expire at the Annual Meeting, but who served on our Boar",Board Diversity Board Diversity Matrix,"as of April 12, 2024",10,Female|Male,African American or Black|Alaskan Native or Native American|Asian|Hispanic or Latinx|Hispanic or Latin|Native Hawaiian or Pacific Islander|White|Two or More Races or Ethnicities|LGBTQ+|Did Not Disclose Demographic Background,0,0,1,not_continued_in_reviewed_filings,,,,,,0.7,,7,7,0,,,,,,,,0,0,0,no_post_vacatur_matrix_extracted,No post-vacatur matrix was extracted from reviewed filings.,no_signal_found,Published matrix date is on/before due+30 grace.,,,,,,,,,0,,e1757f9bf75c1b56,10.0,4,,,1,8,0,1,0.4,,,0.1,0.0,0.1,4.0,1,1,1,0,1,0,1,1,155,Services,Other non-US,2024,proxy,1,1,0,0,0,0,1,0,0
1949478,DTCKF,DAVIS COMMODITIES Ltd,foreign_private_issuer,U0,5150,Wholesale-Farm Product Raw Materials,2023-09-19,first_trading,2024-09-19,2024-10-19,released_in_required_window,high,published_on_time,2024-05-15,on_or_before_due_date,issuer SEC filing,https://www.sec.gov/Archives/edgar/data/1949478/000168316824003504/davis_i20f-123123.htm,edgar_filing,20-F,0001683168-24-003504,Board Diversity Matrix;Total Number of Directors;Did Not Disclose Gender;Did Not Disclose Demographic Background,af09214f0b71d6f9,"r. Long received his Bachelor of Commerce Degree from the University of Adelaide, Australia in 1999. Board Diversity The table below provides certain information regarding the diversity of our board of directors as of the date of this annual report. Board Diversity Matrix Country of Principal Executive Offices: Singapore Foreign Private Issuer Yes Disclosure Prohibited under Home Country Law No Total Number of Directors 5 Female Male Non- Binary Did Not Disclose Gender Part I: Gender Identity Directors 2 3 0 0 Part II: Demographic Background Underrepresented Individual in Home Country Jurisdiction 0 LGBTQ+ 0 Did Not Disclose Demographic Background 0 Family Relationships None of our directors or executive officers has a family relationship as defined in Item 401 of Regulation S-K. 86 B. Compensation For the fiscal year ended December 31, 2023, we paid an aggregate of US$235,555, as compen",Board Diversity Matrix,,5,Female|Male|Did Not Disclose Gender,LGBTQ+|Did Not Disclose Demographic Background,0,1,1,continued_same_matrix,2025-04-30,issuer SEC filing,https://www.sec.gov/Archives/edgar/data/1949478/000168316825002971/davis_i20f-123124.htm,20-F,0001683168-25-002971,0.95,Board Diversity Matrix;Total Number of Directors;Did Not Disclose Gender;Did Not Disclose Demographic Background,30,3,0,59d9ddb39c1f663e,"Long received his Bachelor of Commerce Degree from the University of Adelaide, Australia in 1999. 76 Board Diversity The table below provides certain information regarding the diversity of our board of directors as of the date of this annual report. Board Diversity Matrix Country of Principal Executive Offices: Singapore Foreign Private Issuer Yes Disclosure Prohibited under Home Country Law No Total Number of Directors 5 Female Male Non- Binary Did Not Disclose Gender Part I: Gender Identity Directors 2 3 0 0 Part II: Demographic Background Underrepresented Individual in Home Country Jurisdiction 0 LGBTQ+ 0 Did Not Disclose Demographic Background 0 Family Relationships None of our directors or executive officers has a family relationship as defined in Item 401 of Regulation S-K. B. Compensation For the fiscal year ended December 31, 2024, we paid an aggregate of US$414,590, as compensation to our directors, and our executive officers. We did not set aside or accrue any amounts to provide pension, retirement or similar benefits for directors and officers for the fiscal year ended December 31, 2023, and 2024, other than contributions",Board Diversity Matrix,,5,Female|Male|Did Not Disclose Gender,LGBTQ+|Did Not Disclose Demographic Background,0,1,1,same_extracted_shape,No extracted format differences.,matrix,Published matrix date is on/before due+30 grace.,,,,,,,,,0,,9d44fbf1d0964131,5.0,2,,0,,,0,401,0.4,,0.0,,0.0,1.0,3.0,1,0,1,0,0,0,1,1,127,Other / mixed,Other non-US,2024,20-F,1,1,0,1,1,0,0,0,1
1963439,TURB,"Turbo Energy, S.A.",foreign_private_issuer,Spain,3690,"Miscellaneous Electrical Machinery, Equipment & Supplies",2023-09-22,first_trading,2024-09-22,2024-10-22,no_release_found_after_checks,medium,not_located,,no_dated_release,,,No substantive matrix located,,,,64220bd81db7cdc9,No primary Board Diversity Matrix located in SEC sweep or web search.,Board Diversity Matrix,,,,,0,0,0,continued_other_narrative,2025-04-25,issuer SEC filing,https://www.sec.gov/Archives/edgar/data/1963439/000121390025035610/ea0238067-20f_turbo.htm,20-F,0001213900-25-035610,0.75,"\bdiversity\b.{0,220}\b(?:director|directors|nominee|nominees|board)\b",31,31,0,c6dec829a02cf22a,"d recommending to the board nominees for election by the shareholders or appointment by the board; ● reviewing annually with the board the current composition of the board with regards to characteristics such as independence, knowledge, skills, experience and diversity; ● making recommendations on the frequency and structure of board meetings and monitoring the functioning of the committees of the board; and ● advising the board periodically with regards to significant developments in the law and practice of corporate governance as well as our compliance with applicable laws and regulations and making recommendations to the board on all matters of corporate governance and on any remedial action to be taken. Board Operations Our Board and Committee Meetings Held in 2024 During the year ended December 31, 2024, our Board of Directors held a total of six meetings, the Audit Committee held a total of three meetings, the Compensation Committee held one meeting and the Nominating and Corporate Governance Committee held a total of one meeting. The Board oversees a company-wide approach to risk management. The Board assists management to determine the appropriate risk level for the Company generally and to assess the specific risks faced by the Company and reviews the s",,,,,,0,0,0,matrix_replaced_by_or_supplemented_with_narrative,"Post-vacatur evidence is board/diversity narrative, not an extracted matrix.",board_diversity_narrative,"No substantive primary matrix located after SEC, committed-check FTS/Wayback, website candidates, and manual/browser review where applicable.",SEC sweep scanned 53 relevant Turbo Energy filings with no strong matrix terms. Web search did not locate primary matrix evidence.,not_found_in_current_sec_filings,,,not_found,,,not_found,1,no_release_found_after_checks,c4d53fa7c54d00d7,,,,,,,,,,,,,,,0.0,0,0,0,0,0,0,0,0,,Energy / industrials,Other non-US,2024,unknown,0,0,1,1,0,1,0,1,0
1888980,LRE,"LEAD REAL ESTATE CO., LTD",foreign_private_issuer,M0,1531,Operative Builders,2023-09-27,first_trading,2024-09-27,2024-10-27,released_in_required_window,high,published_on_time,2023-11-15,on_or_before_due_date,issuer SEC filing,https://www.sec.gov/Archives/edgar/data/1888980/000110465923118675/lre-20230630x20f.htm,edgar_filing,20-F,0001104659-23-118675,Board Diversity Matrix;Total Number of Directors;Did Not Disclose Gender;Did Not Disclose Demographic Background,e4ba5f892e788cfe,"directors or executive officers has a family relationship as defined in Item 401 of Regulation S-K. Board Diversity The table below provides certain information regarding the diversity of our board of directors as of the date of this annual report. Board Diversity Matrix Country of Principal Executive Offices: Japan Foreign Private Issuer Yes Disclosure Prohibited under Home Country Law No Total Number of Directors 6 46 Table of Contents Female Male Non- Binary Did Not Disclose Gender Part I: Gender Identity ​ ​ ​ ​ ​ ​ Directors 0 ​ 6 ​ 0 ​ 0 Part II: Demographic Background Underrepresented Individual in Home Country Jurisdiction 0 LGBTQ+ 0 Did Not Disclose Demographic Background 0 ​ B. Compensation In accordance with the Companies Act, compensation for our directors, including bonuses, retirement allowances, and incentive stock options, must be approved at our general meeting of shareh",Board Diversity Matrix,,6,Female|Male|Did Not Disclose Gender,LGBTQ+|Did Not Disclose Demographic Background,0,1,1,not_continued_in_reviewed_filings,,,,,,0.7,,8,8,0,,,,,,,,0,0,0,no_post_vacatur_matrix_extracted,No post-vacatur matrix was extracted from reviewed filings.,no_signal_found,Published matrix date is on/before due+30 grace.,,,,,,,,,0,,2bc510369e94837f,6.0,0,,0,,,0,0,0.0,,0.0,,0.0,0.0,3.0,1,0,0,0,0,0,0,0,317,Other / mixed,Other non-US,2024,20-F,1,1,0,0,0,0,1,0,0
1951294,VSME,VS MEDIA Holdings Ltd,foreign_private_issuer,K3,7311,Services-Advertising Agencies,2023-09-28,first_trading,2024-09-28,2024-10-28,released_in_required_window,high,published_on_time,2024-04-30,on_or_before_due_date,issuer SEC filing,https://www.sec.gov/Archives/edgar/data/1951294/000149315224017296/form20-f.htm,edgar_filing,20-F,0001493152-24-017296,Board Diversity Matrix;Total Number of Directors;Did Not Disclose Gender;Did Not Disclose Demographic Background,277de3429b2741a9,"ns team from 2009 to 2011, based in Menlo Park, California. Mr. Liao currently resides in China. 111 Board Diversity The table below provides certain information regarding the diversity of our board of directors as of the date of this annual report. Board Diversity Matrix Country of Principal Executive Offices: Hong Kong Foreign Private Issuer Yes Disclosure Prohibited under Home Country Law No Total Number of Directors 4 Female Male Non- Binary Did Not Disclose Gender Part I: Gender Identity Directors 3 1 0 0 Part II: Demographic Background Underrepresented Individual in Home Country Jurisdiction 0 LGBTQ+ 0 Did Not Disclose Demographic Background 0 Election of Officers Our executive officers are appointed by, and serve at the discretion of, our board of directors. Family Relationships None of the directors or executive officers has a family relationship as defined in Item 401 of Regulat",Board Diversity Matrix,,4,Female|Male|Did Not Disclose Gender,LGBTQ+|Did Not Disclose Demographic Background,0,1,1,not_continued_in_reviewed_filings,,,,,,0.7,,24,24,0,,,,,,,,0,0,0,no_post_vacatur_matrix_extracted,No post-vacatur matrix was extracted from reviewed filings.,no_signal_found,Published matrix date is on/before due+30 grace.,,,,,,,,,0,,d80536cb5ed284b3,4.0,3,,0,,,0,0,0.75,,0.0,,0.0,0.0,3.0,1,0,1,0,0,0,1,0,151,Services,Other non-US,2024,20-F,1,1,0,0,0,0,1,0,0
1922335,SYRA,Syra Health Corp,domestic,IN,7361,Services-Employment Agencies,2023-09-29,first_trading,2024-09-29,2024-10-29,released_in_required_window,high,published_on_time,2024-10-01,within_30_day_grace,issuer website archived by Internet Archive,https://ir.syrahealth.com/assets/governance/Board-Diversity-Matrix.pdf,website_archive,,https://ir.syrahealth.com/assets/governance/Board-Diversity-Matrix.pdf,Board Diversity Matrix;Total Number of Directors;Gender Identity;Demographic Background,f4bba72ac37e85f3,"Syra Health Corp. Board Diversity Matrix as of October 1, 2024. Total Number of Directors 8. Part I: Gender Identity: Directors Female 3, Male 5. Part II: Demographic Background: African American or Black Female 1; Asian Female 2, Male 4; White Male 1.",Board Diversity Matrix,"as of October 1, 2024",8,Female|Male,African American or Black|Asian|White,0,0,0,continued_other_narrative,2025-09-09,issuer SEC filing,https://www.sec.gov/Archives/edgar/data/1922335/000164117225026901/formpre14a.htm,PRE 14A,0001641172-25-026901,0.75,\bboard diversity\b,6,6,0,ad2c1fd3b2ce3b50,"by a director. However, in connection with evaluating recommendations for nomination for reelection, the Nominating and Governance Committee considers director tenure. We value diversity on a company-wide basis but have not adopted a specific policy regarding Board diversity. The Nominating and Governance Committee considers stockholder nominees made in accordance with our bylaws, and evaluates candidates recommended by stockholders in the same manner as all other candidates brought to the attention of the Nominating and Governance Committee. Stockholder recommendations may be submitted to the Nominating and Governance Committee in care of the Corporate Secretary at the address set forth under “Communication with Directors.” 12 PROPOSAL NO. 1 ELECTION OF DIRECTORS At the Annual Meeting, the stockholders will elect five (5) directors to hold office until the 2026 Annual Meeting. Directors are elected by a plurality of votes cast by stockholders. In the event the nominees are unable or unwilling to serve as directors at the time of the Annual Meeting, the proxies will be voted for any substitute nominees desig",,,,,,0,0,0,matrix_replaced_by_or_supplemented_with_narrative,"Post-vacatur evidence is board/diversity narrative, not an extracted matrix.",board_diversity_narrative,Published matrix date is on/before due+30 grace.,"Issuer PDF found by web search; PDF is image-only, embedded image inspected visually. Due 2024-09-29; within due+30 grace, so on time.",not_found_in_current_sec_filings,,,not_found,,,not_found,0,,49be4c1ff39931bc,8.0,3,,,6,,,,0.375,,,0.75,,,0.16666666666666666,1,0,1,0,1,0,1,0,-2,Services,Other non-US,2024,unknown,1,1,0,1,0,1,0,1,0
1944552,ANL,Adlai Nortye Ltd.,foreign_private_issuer,NJ,2834,Pharmaceutical Preparations,2023-09-29,first_trading,2024-09-29,2024-10-29,released_in_required_window,high,published_on_time,2024-04-19,on_or_before_due_date,issuer SEC filing,https://www.sec.gov/Archives/edgar/data/1944552/000110465924049439/anl-20231231x20f.htm,edgar_filing,20-F,0001104659-24-049439,Board Diversity Matrix;Total Number of Directors;Did Not Disclose Gender;Did Not Disclose Demographic Background,55ee2bbb19912c2e,"se agreements, we agree to indemnify our directors and executive officers against certain liabilities and expenses incurred by such persons in connection with claims made by reason of their being a director or officer of our company. Board Diversity Board Diversity Matrix ​ (As of the date of this annual report) Country of Principal Executive Offices Cayman Islands Foreign Private Issuer Yes Disclosure Prohibited Under Home Country Law No Total Number of Directors 6 ​ Female Male Non-Binary Did Not Disclose Gender Part I: Gender Identity Directors 1 5 — — Part II: Demographic Background Underrepresented Individual in Home Country Jurisdiction — LGBTQ+ — Did Not Disclose Demographic Background 6 ​ D. Employees As of December 31, 2021, 2022 and 2023, we had 113, 129 and 127 full-time employees, respectively. Our employees are mainly based in China and the United States. The following table",Board Diversity Board Diversity Matrix,"As of December 31, 2021",6,Female|Male|Non-Binary|Did Not Disclose Gender,LGBTQ+|Did Not Disclose Demographic Background,1,1,1,continued_other_narrative,2025-04-30,issuer SEC filing,https://www.sec.gov/Archives/edgar/data/1944552/000121390025037591/ea0238606-20f_adlai.htm,20-F,0001213900-25-037591,0.75,"\bdiversity\b.{0,220}\b(?:director|directors|nominee|nominees|board)\b",16,16,0,b90a856e8547dec7,"recommending to the board nominees for election by the shareholders or appointment by the board; ● reviewing annually with the board the current composition of the board with regards to characteristics such as independence, knowledge, skills, experience, and diversity; ● making recommendations on the frequency and structure of board meetings and monitoring the functioning of the committees of the board; and ● advising the board periodically with regard to significant developments in the law and practice of corporate governance as well as our compliance with applicable laws and regulations, and making recommendations to the board on all matters of corporate governance and on any remedial action to be taken. Duties of Directors Under Cayman Islands law, our directors owe fiduciary duties to our company, including a duty of loyalty, a duty to act honestly and a duty to act in what they consider in good faith to be in our best interests. Our directors must also exercise their powers only for a proper purpose. Our directors also owe to our company a duty to act with skill and care. It was previously considered that a director need not exhibit in the performance of his duties a greater degree of skill than may reasonably be expected from a person of his knowledge and",,,,,,0,0,0,matrix_replaced_by_or_supplemented_with_narrative,"Post-vacatur evidence is board/diversity narrative, not an extracted matrix.",board_diversity_narrative,Published matrix date is on/before due+30 grace.,,,,,,,,,0,,a5ad8aa38fd79a54,6.0,1,0,0,,,0,279,0.16666666666666666,0.0,0.0,,0.0,1.0,4.0,1,0,1,0,0,0,1,1,163,Life sciences / medical,Other non-US,2024,20-F,1,1,0,1,0,1,0,1,0
1948884,,Gamer Pakistan Inc,domestic,NV,7900,Services-Amusement & Recreation Services,2023-10-09,first_trading,2024-10-09,2024-11-08,released_in_required_window,high,published_on_time,2024-07-30,on_or_before_due_date,issuer SEC filing,https://www.sec.gov/Archives/edgar/data/1948884/000116169724000318/schedule_14a.htm,edgar_filing,PRE 14A,0001161697-24-000318,Board Diversity Matrix;Total Number of Directors;Did Not Disclose Gender;Did Not Disclose Demographic Background,a982d5a77d70bfd1,"he Board of Directors or any director, c/o Gamer Pakistan Inc., 35 E Horizon Ridge Pkwy, Suite 110-481, Henderson, NV 89002. These communications will be delivered to the Board, or any individual director, as specified. Board Diversity The following Board Diversity Matrix presents our Board diversity statistics, as voluntarily self-identified by our directors, in accordance with Nasdaq Listing Rule 5606. Board Diversity Matrix (As of August 27, 2024) Total Number of Directors: 4 Part I: Gender Identity Female Male Non-Binary Did Not Disclose Gender Directors 1 3 0 0 Part II: Demographic Background African American or Black - - 0 0 Alaskan Native or Native American - - 0 0 Asian - - 0 0 Hispanic or Latinx - - 0 0 Native Hawaiian or Pacific Islander - - 0 0 White - 3 0 0 Two or More Races or Ethnicities - - 0 0 LGBTQ+ - - 0 0 Did Not Disclose Demographic Background 1 3 0 0 - 11 - In the pr",Board Diversity The following Board Diversity Matrix,"As of August 27, 2024",4,Female|Male|Non-Binary|Did Not Disclose Gender,African American or Black|Alaskan Native or Native American|Asian|Hispanic or Latinx|Hispanic or Latin|Native Hawaiian or Pacific Islander|White|Two or More Races or Ethnicities|LGBTQ+|Did Not Disclose Demographic Background,1,1,1,no_post_vacatur_relevant_filing,,,,,,0.65,,0,0,0,,,,,,,,0,0,0,no_post_vacatur_matrix_extracted,No post-vacatur matrix was extracted from reviewed filings.,no_signal_found,Published matrix date is on/before due+30 grace.,,,,,,,,,0,,140ee61ac052254a,4.0,1,0,0,0,3,0,4,0.25,0.0,0.0,0.0,0.0,1.0,6.0,1,1,1,0,0,0,1,1,71,Services,Other non-US,2024,proxy,1,1,0,0,0,0,1,0,0
1891944,PMEC,Primech Holdings Ltd,foreign_private_issuer,U0,7340,Services-To Dwellings & Other Buildings,2023-10-10,first_trading,2024-10-10,2024-11-09,released_in_required_window,high,published_on_time,2024-07-23,on_or_before_due_date,issuer SEC filing,https://www.sec.gov/Archives/edgar/data/1891944/000121390024063312/ea0209416-20f_primech.htm,edgar_filing,20-F,0001213900-24-063312,Board Diversity Matrix;Total Number of Directors;Did Not Disclose Gender;Did Not Disclose Demographic Background,c9948a9a8b6fc8fb,"University in 2007 and his doctorate in Doctor of Education at The University of Bristol in 2010. 65 Board Diversity The table below provides certain information regarding the diversity of our board of directors as of the date of this annual report. Board Diversity Matrix Country of Principal Executive Offices: Singapore Foreign Private Issuer Yes Disclosure Prohibited under Home Country Law No Total Number of Directors 5 Female Male Non- Binary Did Not Disclose Gender Part I: Gender Identity Directors 0 5 0 0 Part II: Demographic Background Underrepresented Individual in Home Country Jurisdiction 0 LGBTQ+ 0 Did Not Disclose Demographic Background 0 Directors who are Aboriginal Peoples: 0 Directors with Disabilities: 0 Election of Officers Our executive officers are appointed by, and serve at the discretion of, our board of directors. Family Relationships None of the directors or executi",Board Diversity Matrix,,5,Female|Male|Did Not Disclose Gender,LGBTQ+|Did Not Disclose Demographic Background,0,1,1,continued_other_narrative,2025-07-24,issuer SEC filing,https://www.sec.gov/Archives/edgar/data/1891944/000121390025067127/ea0248684-20f_primech.htm,20-F,0001213900-25-067127,0.75,"\bdiversity\b.{0,220}\b(?:director|directors|nominee|nominees|board)\b",23,23,0,4fcd977f1125a855,"ction or re-election to the Board, or for appointment to fill any vacancy on the Board; 69 ● reviewing annually with the Board the current composition of the Board with regards to characteristics such as independence, knowledge, skills, experience, expertise, diversity and availability of service to us; ● developing and recommending to our Board such policies and procedures with respect to nomination or appointment of members of our Board and chairs and members of its committees or other corporate governance matters as may be required pursuant to any SEC or NASDAQ rules, or otherwise considered desirable and appropriate; ● selecting and recommending to the Board the names of directors to serve as members of the audit committee and the compensation committee, as well as of the nominating and corporate governance committee itself; and ● evaluating the performance and effectiveness of the Board as a whole. A copy of the nominating committee’s current charter is available at our corporate website. Code of Business Conduct and Ethics, Insider Trading Policy and Executive Compensation Recovery Policy We adopted (i) a code of business conduct and ethics; (ii) Insider Trading Policy that applies to our Directors, officers, and employees, including our chief executive officer, chi",,,,,,0,0,0,matrix_replaced_by_or_supplemented_with_narrative,"Post-vacatur evidence is board/diversity narrative, not an extracted matrix.",board_diversity_narrative,Published matrix date is on/before due+30 grace.,,,,,,,,,0,,73647ef071d69973,5.0,0,,0,,,0,0,0.0,,0.0,,0.0,0.0,3.0,1,0,0,0,0,0,0,0,79,Services,Other non-US,2024,20-F,1,1,0,1,0,1,0,1,0
1913749,GMM,Global Mofy AI Ltd,foreign_private_issuer,F4,7370,"Services-Computer Programming, Data Processing, Etc.",2023-10-10,first_trading,2024-10-10,2024-11-09,released_in_required_window,high,published_on_time,2024-01-31,on_or_before_due_date,issuer SEC filing,https://www.sec.gov/Archives/edgar/data/1913749/000121390024008515/f20f2023_globalmofy.htm,edgar_filing,20-F,0001213900-24-008515,Board Diversity Matrix;Total Number of Directors;Did Not Disclose Gender,f2a4251e4d9e2369,"will be given specific information on how they can direct communications to the officers and directors of the Company at our annual shareholders’ meetings. All communications from shareholders are relayed to the members of the Board. Board Diversity Board Diversity Matrix (As of the date of this annual report) Country of Principal Executive Offices: PRC Foreign Private Issuer Yes Disclosure Prohibited Under Home Country Law No Total Number of Directors 5 Part I: Gender Identity Female Male Non-Binary Did Not Disclose Gender Directors 2 3 0 0 Part II: Demographic Background Underrepresented Individual in Home Country Jurisdiction — LGBTQ+ — 6.D. Employees As of the date of this annual report, September 30, 2023, and September 30, 2022, we have 38, 38, and 31 full-time employees, respectively, in the following departments: Departments As of the date of this annual report As of September 30",Board Diversity Board Diversity Matrix,,5,Female|Male|Non-Binary|Did Not Disclose Gender,LGBTQ+,1,1,0,continued_same_matrix,2025-01-02,issuer SEC filing,https://www.sec.gov/Archives/edgar/data/1913749/000121390025000430/ea0225904-20f_global.htm,20-F,0001213900-25-000430,0.95,Board Diversity Matrix;Total Number of Directors;Did Not Disclose Gender,29,2,0,22d0be47ce4d7a8e,"will be given specific information on how they can direct communications to the officers and directors of the Company at our annual shareholders’ meetings. All communications from shareholders are relayed to the members of the Board. Board Diversity Board Diversity Matrix (As of the date of this annual report) Country of Principal Executive Offices: PRC Foreign Private Issuer Yes Disclosure Prohibited Under Home Country Law No Total Number of Directors 5 Part I: Gender Identity Female Male Non-Binary Did Not Disclose Gender Directors 2 3 0 0 Part II: Demographic Background Underrepresented Individual in Home Country Jurisdiction - LGBTQ+ - 6.D. Employees As of the date of this annual report, September 30, 2024, and September 30, 2023, we have 60, 47 , and 38 full-time employees, respectively, in the following departments: Departments As of the date of this annual report As of September 30, 2024 As of September 30, 2023 Management and Administration Department 26 18 16 Operation and Commerce Department 4 3 3 R & D Department - Mofy Lab 19 15 8 R & D Department - Others 11 11 11 Total 60 47 38 Global Mofy China’s employees are not pro",Board Diversity Board Diversity Matrix,"As of September 30, 2024",5,Female|Male|Non-Binary|Did Not Disclose Gender,LGBTQ+,1,1,0,changed_extracted_shape,"as-of date: post-vacatur extracted, initial not extracted",matrix,Published matrix date is on/before due+30 grace.,,,,,,,,,1,post_vacatur_matrix_format_changed,db09a63d335fef1d,5.0,2,0,0,,,66,,0.4,0.0,0.0,,1.0,,3.0,1,0,1,0,0,1,1,0,253,Technology,Other non-US,2024,20-F,1,1,0,1,1,0,0,1,0
1713210,ATPC,Agape ATP Corp,domestic,N8,8000,Services-Health Services,2023-10-11,first_trading,2024-10-11,2024-11-10,partial_or_internally_inconsistent_matrix,medium,published_late,2024-11-15,after_30_day_grace,issuer website archived by Internet Archive,https://atpc.com.my/wp-content/uploads/2024/11/20241115_ATPC_Board-Diversity-Matrix-.pdf,website_archive,,https://atpc.com.my/wp-content/uploads/2024/11/20241115_ATPC_Board-Diversity-Matrix-.pdf,Board Diversity Matrix;Total Number of Directors;Gender Identity;Demographic Background,2510fe3027ad3dc5,"Agape ATP Corporation Board Diversity Matrix as of November 15, 2024. The primary PDF text extraction reports Total Number of Directors 5, while the gender row reports Directors Female 2 and Male 4. Part II: Demographic Background includes African American or Black Female 1; Asian Female 1, Male 3; White Male 1. The source appears internally inconsistent on total versus gender counts.",Board Diversity Matrix,"as of November 15, 2024",5,Female|Male,African American or Black|Asian|White,0,0,0,continued_other_narrative,2025-12-10,issuer SEC filing,https://www.sec.gov/Archives/edgar/data/1713210/000149315225027026/formpre14a.htm,PRE 14A,0001493152-25-027026,0.75,\bboard diversity\b,8,8,0,dbb4cacfe4f14b1a,"such risks. Matters of significant strategic risk and enterprise-wide risk exposures are considered by our Board as a whole. The Board does not believe that its role in the oversight of our risks affects the Board’s leadership structure. 21 TABLE OF CONTENTS Board Diversity Our Nominating Committee is responsible for reviewing with the Board, on an annual basis, the appropriate characteristics, skills and experience required for the Board as a whole and its individual members. In evaluating the suitability of individual candidates (both new candidates and current members), the Nominating Committee, in recommending candidates for election, and the Board, in approving (and, in the case of vacancies, appointing) such candidates, will take into account many factors, including the following: ● Personal and professional integrity, ethics and values; ● Experience in corporate management, such as serving as an officer or former officer of a publicly-held company; ● Experience as a board member or executive officer of another publicly-held company; ● Strong finance experience; ● Diversity of expertise and experience",,,,,,0,0,0,matrix_replaced_by_or_supplemented_with_narrative,"Post-vacatur evidence is board/diversity narrative, not an extracted matrix.",board_diversity_narrative,"Primary PDF is dated, but extracted total-director count conflicts with gender counts.","Issuer board page links matrix PDF. Source appears internally inconsistent on total versus gender counts; recorded as primary matrix evidence. Due 2024-10-11; beyond due+30, so late.",not_found_in_current_sec_filings,,,not_found,,,not_found,1,partial_or_internally_inconsistent_matrix,577be597c076e280,5.0,2,,,4,,,,0.4,,,0.8,,,0.16666666666666666,1,0,1,0,1,0,1,0,-35,Life sciences / medical,Other non-US,2024,unknown,1,0,1,1,0,1,0,1,0
1946703,WBUY,WEBUY GLOBAL LTD,foreign_private_issuer,Cayman Islands,5900,Retail-Miscellaneous Retail,2023-10-19,first_trading,2024-10-19,2024-11-18,released_in_required_window,high,published_on_time,2024-04-15,on_or_before_due_date,issuer SEC filing,https://www.sec.gov/Archives/edgar/data/1946703/000121390024032987/ea0203869-20f_webuy.htm,edgar_filing,20-F,0001213900-24-032987,Board Diversity Matrix;Total Number of Directors;Did Not Disclose Gender,f061caf813250648,"ive and experience so as to facilitate robust debate and broad thinking on strategies and tactics pursued by us. The following table provides certain information regarding the diversity of our Board of Directors as of the date of this annual report. Board Diversity Matrix (As of the date of this annual report) Country of Principal Executive Offices: Singapore Foreign Private Issuer Yes Disclosure Prohibited Under Home Country Law No Total Number of Directors 5 Female Male Non-Binary Did Not Disclose Gender Part I: Gender Identity Directors 2 3 0 0 Part II: Demographic Background Underrepresented Individual in Home Country Jurisdiction — LGBTQ+ — 57 6.B. Compensation Executive Compensation The Compensation Committee of the Board of Directors determined the compensation to be paid to our executive officers based on our financial and operating performance and prospects, and contributions ma",Board Diversity Matrix,,5,Female|Male|Non-Binary|Did Not Disclose Gender,LGBTQ+,1,1,0,continued_other_narrative,2025-04-22,issuer SEC filing,https://www.sec.gov/Archives/edgar/data/1946703/000121390025033933/ea0238515-20f_webuy.htm,20-F,0001213900-25-033933,0.75,"\bdiversity\b.{0,220}\b(?:director|directors|nominee|nominees|board)\b",38,38,0,78f8581aba497857,"r election by the shareholders or appointment by the Board of Directors; ● reviewing annually with the Board of Directors the current composition of the Board of Directors with regards to characteristics such as independence, knowledge, skills, experience and diversity; ● making recommendations on the frequency and structure of board meetings and monitoring the functioning of the committees of the Board of Directors; and ● advising the Board of Directors periodically with regards to significant developments in the law and practice of corporate governance as well as our compliance with applicable laws and regulations, and making recommendations to the Board of Directors on all matters of corporate governance and on any remedial action to be taken. Copy of our committee charters are also available on our website at Governance – WEBUY (webuysg.com). 56 Duties of Directors Under Cayman Islands law, our board of directors has the powers necessary for managing, and for directing and supervising, our business affairs. The functions and powers of our board of directors include, among others: ● convening shareholders’ annual and extraordinary general meetings and reporting its work to shareholders at such meetings; ● declaring dividends and distributions; ● appointing officers and determining the",,,,,,0,0,0,matrix_replaced_by_or_supplemented_with_narrative,"Post-vacatur evidence is board/diversity narrative, not an extracted matrix.",board_diversity_narrative,Published matrix date is on/before due+30 grace.,,,,,,,,,0,,dfd74df5bff05266,5.0,2,0,0,,,0,,0.4,0.0,0.0,,0.0,,3.0,1,0,1,0,0,0,1,0,187,Consumer / retail,Other non-US,2024,20-F,1,1,0,1,0,1,0,1,0
1956827,ABVX,Abivax S.A.,foreign_private_issuer,France,2834,Pharmaceutical Preparations,2023-10-20,first_trading,2024-10-20,2024-11-19,released_in_required_window,high,published_on_time,2024-04-05,on_or_before_due_date,issuer SEC filing,https://www.sec.gov/Archives/edgar/data/1956827/000195682724000007/abvx-20231231.htm,edgar_filing,20-F,0001956827-24-000007,Board Diversity Matrix;Total Number of Directors;Did Not Disclose Gender;Did Not Disclose Demographic Background,c38fca4da1bea2d5,"versity of Copenhagen. We believe that Ms. Soenderby is qualified to serve on our Board because of her extensive experience as an executive and as a member of the boards of companies in the life sciences industry. Diversity of the Board of Directors Board Diversity Matrix (As of December 31, 2023) Total Number of Directors 8 Female Male Non-Binary Did Not Disclose Gender Part I: Gender Identity Directors 4 4 0 0 Part II: Demographic Background African American or Black Alaskan Native or Native American Asian 1 121 Hispanic or Latinx Native Hawaiian or Pacific Islander White 3 3 Two or More Races or Ethnicities LGBTQ+ Did Not Disclose Demographic Background 1 Family Relationships There are no family relationships among any of our executive officers or directors. B. Compensation Compensation of Chief Executive Officer The following table sets out the compensation awarded to our Chief Execu",Board of Directors Board Diversity Matrix,"As of December 31, 2023",8,Female|Male|Non-Binary|Did Not Disclose Gender,African American or Black|Alaskan Native or Native American|Asian|Hispanic or Latinx|Hispanic or Latin|Native Hawaiian or Pacific Islander|White|Two or More Races or Ethnicities|LGBTQ+|Did Not Disclose Demographic Background,1,1,1,not_continued_in_reviewed_filings,,,,,,0.7,,19,19,0,,,,,,,,0,0,0,no_post_vacatur_matrix_extracted,No post-vacatur matrix was extracted from reviewed filings.,no_signal_found,Published matrix date is on/before due+30 grace.,,,,,,,,,0,,31899f50610d51a9,8.0,4,0,0,,,,1,0.5,0.0,0.0,,,0.125,3.0,1,0,1,0,0,0,1,1,198,Life sciences / medical,Other non-US,2024,20-F,1,1,0,0,0,0,1,0,0
1859199,AIRE,reAlpha Tech Corp.,domestic,OH,6500,Real Estate,2023-10-23,first_trading,2024-10-23,2024-11-22,released_in_required_window,high,published_on_time,2024-10-30,within_30_day_grace,issuer SEC filing,https://www.sec.gov/Archives/edgar/data/1859199/000121390024092311/ea0218289-04.htm,edgar_filing,DEF 14A,0001213900-24-092311,Board of Directors Diversity Matrix;Directors Diversity Matrix;Total Number of Directors;Did Not Disclose Gender;Did Not Disclose Demographic Background,33b5ad70b5c44f26,"ed . Our policy also establishes certain trading windows and black -out periods, to facilitate compliance with our policy. Additionally, mandatory pre -clearance is required from all our executive officers and directors, even during trading windows. Board of Directors Diversity Matrix As a Nasdaq listed company, we are required to disclose board level diversity statistics. The following table sets forth the relevant information of the current members of the board of directors. Board of Directors Diversity Matrix (as of October 30, 2024) Total Number of Directors 5 Female Male Non-Binary Did Not Disclose Gender Part I: Gender Identity Directors 1 4 0 0 Part II: Demographic Background Hispanic or Latino 0 0 0 0 Native American or Alaskan Native 0 0 0 0 Asian 1 2 0 0 Black or African American 0 0 0 0 Native Hawaiian or Pacific Islander 0 0 0 0 White 0 2 0 0 Two or More Races or Ethnicities",Board of Directors Diversity Matrix,"as of October 30, 2024",5,Female|Male|Non-Binary|Did Not Disclose Gender,Asian|Hispanic or Latin|Native Hawaiian or Pacific Islander|White|Two or More Races or Ethnicities,1,1,0,continued_other_narrative,2025-04-02,issuer SEC filing,https://www.sec.gov/Archives/edgar/data/1859199/000121390025027581/ea0236247-10k_realpha.htm,10-K,0001213900-25-027581,0.75,"\bdiversity\b.{0,220}\b(?:director|directors|nominee|nominees|board)\b",6,6,0,ce7b654e0b812798,"of risk mitigation strategies by management. Our board of directors is also apprised of particular risk management matters in connection with its general oversight and approval of corporate matters and significant transactions. 71 Director Qualifications and Diversity Our board of directors seeks independent directors who represent a diversity of backgrounds and experiences that will enhance the quality of the board of director’s deliberations and decisions. Our board of directors is particularly interested in maintaining a mix that includes individuals who are active or retired executive officers and senior executives, particularly those with experience in the real estate, technology and finance industries, and with real estate; finance and accounting; and entrepreneurship skills. There is no difference in the manner in which the board of directors evaluates nominees for directors based on whether the nominee is recommended by a stockholder. In evaluating nominations, the board of directors also looks for depth and breadth of experience within our industry and otherwise, outside time commitments, special areas of expertise, accounting and finance knowledge, business judgment, leadership ability, experience in developing and assessing business strategies, corporate governance expertise, and for incumbent members o",,,,,,0,0,0,matrix_replaced_by_or_supplemented_with_narrative,"Post-vacatur evidence is board/diversity narrative, not an extracted matrix.",board_diversity_narrative,Published matrix date is on/before due+30 grace.,,,,,,,,,0,,b21c10d7186ed134,5.0,1,0,0,3,2,,,0.2,0.0,0.0,0.6,,,3.6666666666666665,1,1,1,0,1,0,1,0,-7,Finance / real estate,Other non-US,2024,proxy,1,1,0,1,0,1,0,1,0
1967621,ATGL,Alpha Technology Group Ltd,foreign_private_issuer,Hong Kong,7371,Services-Computer Programming Services,2023-10-31,first_trading,2024-10-31,2024-11-30,released_in_required_window,high,published_on_time,2024-01-31,on_or_before_due_date,issuer SEC filing,https://www.sec.gov/Archives/edgar/data/1967621/000121390024008526/f20f2023_alphatech.htm,edgar_filing,20-F,0001213900-24-008526,Board Diversity Matrix;Total Number of Directors;Did Not Disclose Gender;Did Not Disclose Demographic Background,529a7573dd0319db,"rectors or executive officers has a family relationship as defined in Item 401 of Regulation S-K. 80 Board Diversity The table below provides certain information regarding the diversity of our board of directors as of the date of this annual report. Board Diversity Matrix Country of Principal Executive Offices: China Foreign Private Issuer Yes Disclosure Prohibited under Home Country Law No Total Number of Directors 5 Female Male Non- Binary Did Not Disclose Gender Part I: Gender Identity Directors 1 4 0 0 Part II: Demographic Background Underrepresented Individual in Home Country Jurisdiction 0 LGBTQ+ 0 Did Not Disclose Demographic Background 0 B. Compensation Compensation For the year ended September 30, 2023, we paid an aggregate of HK705,000 (approximately US$90,029) as compensation to our executive officers and directors. Our Operating Subsidiaries are required by law to make contri",Board Diversity Matrix,,5,Female|Male|Did Not Disclose Gender,LGBTQ+|Did Not Disclose Demographic Background,0,1,1,continued_other_narrative,2025-01-27,issuer SEC filing,https://www.sec.gov/Archives/edgar/data/1967621/000121390025007015/ea0227590-20f_alpha.htm,20-F,0001213900-25-007015,0.75,"\bdiversity\b.{0,220}\b(?:director|directors|nominee|nominees|board)\b",8,8,0,5bddbd6ccf4248df,"directors, or for appointment to fill any vacancy on the board of directors; ● reviewing annually with the board of directors the current composition of the board with regards to characteristics such as independence, knowledge, skills, experience, expertise, diversity and availability of service to us; ● selecting and recommending to the board of directors the names of directors to serve as members of the audit committee and the compensation committee, as well as of the nominating and corporate governance committee itself; ● developing and reviewing the corporate governance principles adopted by the board of directors and advising the board of directors with respect to significant developments in the law and practice of corporate governance and our compliance with such laws and practices; and ● evaluating the performance and effectiveness of the board of directors as a whole. Compensation Recovery Policy We have adopted a compensation recovery policy to provide for the recovery of erroneously-awarded incentive compensation, as required by the Dodd-Frank Wall Street Reform and Consumer Protection Act, final SEC rules and applicable listing standards. Employment Agreements and Indemnification Agreements Employment",,,,,,0,0,0,matrix_replaced_by_or_supplemented_with_narrative,"Post-vacatur evidence is board/diversity narrative, not an extracted matrix.",board_diversity_narrative,Published matrix date is on/before due+30 grace.,,,,,,,,,0,,c3950a90a264b31d,5.0,1,,0,,,0,30,0.2,,0.0,,0.0,1.0,3.0,1,0,1,0,0,0,1,1,274,Technology,China / Hong Kong,2024,20-F,1,1,0,1,0,1,0,1,0
1907108,LXEO,"Lexeo Therapeutics, Inc.",domestic,NY,2836,"Biological Products, (No Diagnostic Substances)",2023-11-03,first_trading,2024-11-03,2024-12-03,no_release_found_after_checks,medium,not_located,,no_dated_release,,,No substantive matrix located,,,,64220bd81db7cdc9,No primary Board Diversity Matrix located in SEC sweep or web search.,Board Diversity Matrix,,,,,0,0,0,not_continued_in_reviewed_filings,,,,,,0.7,,7,7,0,,,,,,,,0,0,0,no_post_vacatur_matrix_extracted,No post-vacatur matrix was extracted from reviewed filings.,no_signal_found,"No substantive primary matrix located after SEC, committed-check FTS/Wayback, website candidates, and manual/browser review where applicable.","SEC sweep scanned 53 relevant Lexeo Therapeutics filings with no strong matrix terms. Web search results mentioning Lexeo were unrelated third-party/company references, not Lexeo matrix evidence.",not_found_in_current_sec_filings,,,not_found,,,not_found,1,no_release_found_after_checks,f559a0bdc9915bd5,,,,,,,,,,,,,,,0.0,0,0,0,0,0,0,0,0,,Life sciences / medical,Other non-US,2024,unknown,0,0,1,0,0,0,1,0,0
1978527,GVH,Globavend Holdings Ltd,foreign_private_issuer,Australia,4731,Arrangement of  Transportation of  Freight & Cargo,2023-11-08,first_trading,2024-11-08,2024-12-08,released_in_required_window,high,published_on_time,2024-01-30,on_or_before_due_date,issuer SEC filing,https://www.sec.gov/Archives/edgar/data/1978527/000149315224004309/form20-f.htm,edgar_filing,20-F,0001493152-24-004309,Board Diversity Matrix;Total Number of Directors;Did Not Disclose Gender;Did Not Disclose Demographic Background,1d165ce6e580ce92,"directors or executive officers have a family relationship as defined in Item 401 of Regulation S-K. Board Diversity The table below provides certain information regarding the diversity of our board of directors as of the date of this annual report. Board Diversity Matrix Country of Principal Executive Offices Australia Foreign Private Issuer Yes Disclosure Prohibited under Home Country Law No Total Number of Directors 4 111 Table of Contents Female Male Non-Binary Did Not Disclose Gender Part I: Gender Identity Directors 1 3 0 0 Part II: Demographic Background Underrepresented Individual in Home Country Jurisdiction 0 LGBTQ+ 0 Did Not Disclose Demographic Background 0 B. Compensation For the year ended September 30, 2023, we paid an aggregate of US$85,000 (including salaries, bonus and mandatory provident fund) to our directors. Our Hong Kong subsidiary is required by law to contribute",Board Diversity Matrix,,4,Female|Male|Non-Binary|Did Not Disclose Gender,LGBTQ+|Did Not Disclose Demographic Background,1,1,1,continued_same_matrix,2025-02-12,issuer SEC filing,https://www.sec.gov/Archives/edgar/data/1978527/000149315225006117/form20-f.htm,20-F,0001493152-25-006117,0.95,Board Diversity Matrix;Total Number of Directors;Did Not Disclose Gender;Did Not Disclose Demographic Background,17,1,0,ab286b92916d652e,"directors or executive officers have a family relationship as defined in Item 401 of Regulation S-K. Board Diversity The table below provides certain information regarding the diversity of our board of directors as of the date of this annual report. Board Diversity Matrix Country of Principal Executive Offices Australia Foreign Private Issuer Yes Disclosure Prohibited under Home Country Law No Total Number of Directors 4 73 Table of Contents Female Male Non-Binary Did Not Disclose Gender Part I: Gender Identity Directors 1 3 0 0 Part II: Demographic Background Underrepresented Individual in Home Country Jurisdiction 0 LGBTQ+ 0 Did Not Disclose Demographic Background 0 B. Compensation For the year ended September 30, 2024, we paid an aggregate of US$72,532 (including salaries, bonus and mandatory provident fund) to our directors. Our Hong Kong subsidiary is required by law to contribute amounts equal to certain percentages of each employee’s salary for his or her mandatory provident fund. We have not made any agreements with our directors or executive officers to provide benefits upon termination of employment. Equity Compensation Pl",Board Diversity Matrix,,4,Female|Male|Non-Binary|Did Not Disclose Gender,LGBTQ+|Did Not Disclose Demographic Background,1,1,1,same_extracted_shape,No extracted format differences.,matrix,Published matrix date is on/before due+30 grace.,,,,,,,,,0,,11d2a435e7a9cd84,4.0,1,0,0,,,0,115,0.25,0.0,0.0,,0.0,1.0,4.0,1,0,1,0,0,0,1,1,283,Transportation / utilities,Other non-US,2024,20-F,1,1,0,1,1,0,0,0,1
1966494,,"CARGO Therapeutics, Inc.",domestic,CA,2836,"Biological Products, (No Diagnostic Substances)",2023-11-10,first_trading,2024-11-10,2024-12-10,released_in_required_window,high,published_on_time,2024-04-24,on_or_before_due_date,issuer SEC filing,https://www.sec.gov/Archives/edgar/data/1966494/000119312524110173/d818839ddef14a.htm,edgar_filing,DEF 14A,0001193125-24-110173,Board Diversity Matrix;Total Number of Directors;Did Not Disclose Gender;Did Not Disclose Demographic Background,df771c6f2933ad0e,"l. Board Diversity Among our seven Board members as of April 24, 2024, in accordance with Nasdaq diversity criteria, one Board member self-identifies as a woman, four Board members self-identify as white and two Board members self-identify as Asian. Board Diversity Matrix as of April 24, 2024 Total Number of Directors 7 Female Male Non-Binary Did Not Disclose Gender Part I: Gender Identity Directors 1 6 — — Part II: Demographic Background African American or Black — — — — Alaskan Native or Native American — — — — Asian — 2 — — Hispanic, Latino or Latinx — — — — Native Hawaiian or Pacific Islander — — — — White 1 3 — — Two or More Races or Ethnicities — — — — LGBTQ+ — — — — Did Not Disclose Demographic Background 1 18 Table of Contents TRANSACTIONS WITH RELATED PERSONS We describe below transactions and series of similar transactions, since January 1, 2022, to which we were a party or wil",Board Diversity Matrix,"as of April 24, 2024",7,Female|Male|Non-Binary|Did Not Disclose Gender,African American or Black|Alaskan Native or Native American|Asian|Native Hawaiian or Pacific Islander|White|Two or More Races or Ethnicities|LGBTQ+|Did Not Disclose Demographic Background,1,1,1,continued_same_matrix,2025-04-29,issuer SEC filing,https://www.sec.gov/Archives/edgar/data/1966494/000119312525103786/d878558ddef14a.htm,DEF 14A,0001193125-25-103786,0.95,Board Diversity Matrix;Total Number of Directors;Did Not Disclose Gender;Did Not Disclose Demographic Background,3,2,0,41b3f3d481d67ccd,"20 Board Diversity Among our seven Board members as of April 28, 2025, in accordance with Nasdaq diversity criteria, one Board member self-identifies as a woman, four Board members self-identify as white and two Board members self-identify as Asian. Board Diversity Matrix as of April 28, 2025 Total Number of Directors 7 Female Male Non-Binary Did Not Disclose Gender Part I: Gender Identity Directors 1 6 — — Part II: Demographic Background African American or Black — — — — Alaskan Native or Native American — — — — Asian — 2 — — Hispanic, Latino or Latinx — — — — Native Hawaiian or Pacific Islander — — — — White 1 3 — — Two or More Races or Ethnicities — — — — LGBTQ+ — — — — Did Not Disclose Demographic Background 1 21 TRANSACTIONS WITH RELATED PERSONS We describe below transactions and series of similar transactions, since January 1, 2023, to which we were a party or will be a party, in which the amount involved exceeded or will exceed the lesser of $120,000 or one percent of the average of our total assets at year-end for the last two completed years in which any of our directors, executive officers or holders of more than 5% of our",Board Diversity Matrix,"as of April 28, 2025",7,Female|Male|Non-Binary|Did Not Disclose Gender,African American or Black|Alaskan Native or Native American|Asian|Native Hawaiian or Pacific Islander|White|Two or More Races or Ethnicities|LGBTQ+|Did Not Disclose Demographic Background,1,1,1,changed_extracted_shape,"as-of date: as of April 24, 2024 -> as of April 28, 2025",matrix,Published matrix date is on/before due+30 grace.,,,,,,,,,1,post_vacatur_matrix_format_changed,27c4b05edf8ad749,7.0,1,0,0,32,,0,1,0.14285714285714285,0.0,0.0,1.0,0.0,0.14285714285714285,4.833333333333334,1,1,1,0,1,0,1,1,200,Life sciences / medical,Other non-US,2024,proxy,1,1,0,1,1,0,0,1,0
1887944,SHIM,Shimmick Corp,domestic,CA,1600,Heavy Construction Other Than Bldg Const - Contractors,2023-11-14,first_trading,2024-11-14,2024-12-14,released_in_required_window,high,published_on_time,2024-04-26,on_or_before_due_date,issuer SEC filing,https://www.sec.gov/Archives/edgar/data/1887944/000095017024049088/shimmick_proxy_2024.htm,edgar_filing,DEF 14A,0000950170-24-049088,Board Diversity Matrix;Total Number of Directors;Did Not Disclose Gender;Did Not Disclose Demographic Background,b3de5112ee56b64f,"e guidance to the Chief Executive Officer. Director Diversity Matrix Our Board believes that its composition appropriately reflects the knowledge, experience, skills, diversity, and other characteristics required to fulfill its duties. The following Board Diversity Matrix presents information regarding our Board diversity in accordance with Nasdaq Rule 5606, as self-disclosed by our directors. We satisfy the current requirements under Nasdaq Rule 5605(f)(2) by having at least one director who self-identifies as female. Board Diversity Matrix (as of April 23, 2024) Total Number of Directors 6 Female Male Non-Binary Did Not Disclose Gender Part I: Gender Identity Directors 1 5 0 0 Part II: Demographic Background 11 African American or Black 0 0 0 0 Alaskan Native or Native American 0 0 0 0 Asian 0 0 0 0 Hispanic or Latinx 0 0 0 0 Native Hawaiian or Pacific Islander 0 0 0 0 White 1 5 0 0 Tw",Director Diversity Matrix,"as of April 23, 2024",6,Female|Male|Non-Binary|Did Not Disclose Gender,African American or Black|Alaskan Native or Native American|Asian|Hispanic or Latinx|Hispanic or Latin|Native Hawaiian or Pacific Islander|White,1,1,0,continued_other_narrative,2025-03-20,issuer SEC filing,https://www.sec.gov/Archives/edgar/data/1887944/000095017025042721/shim-20250103.htm,10-K,0000950170-25-042721,0.75,"\bdiversity\b.{0,220}\b(?:director|directors|nominee|nominees|board)\b",4,4,0,62d55562f12cee72,"hotline that employees can use to report incidents confidentially and without fear of retaliation. • Business Partners . We regularly partner with disadvantaged business enterprises to provide subcontracting opportunities. We have a team of small business and diversity program managers. We provide an outreach program that includes a mentor-protégé program. Governance Our governance framework is designed to promote transparency, ethical conduct, and accountability. Our board of directors comprises directors who provide strategic guidance and oversight and our executive management team is responsible for implementing our governance principles. Human Capital Management We are focused on hiring and retaining highly talented employees and empowering them to both grow their careers and create value for our stockholders. We believe our success is dependent on employee understanding of and investment in their role in that value creation. Our chief executive officer periodically leads employee meetings 7 intended to reinforce the importance of our core values and regularly meets with small groups of employees to receive their feedback on our business. Our employees are responsible for upholding our mission, values, strategy and talent leadership expectations. As of January 3, 2025, we had 1,200 employees, with 399 staff and 801",,"As of January 3, 2025",,,,0,0,0,matrix_replaced_by_or_supplemented_with_narrative,"Post-vacatur evidence is board/diversity narrative, not an extracted matrix.",board_diversity_narrative,Published matrix date is on/before due+30 grace.,,,,,,,,,0,,ebf5f6d03c52d250,6.0,1,0,0,0,6,,,0.16666666666666666,0.0,0.0,0.0,,,3.8333333333333335,1,1,1,0,0,0,1,0,202,Other / mixed,Other non-US,2024,proxy,1,1,0,1,0,1,0,1,0
1963685,RR,RICHTECH ROBOTICS INC.,domestic,NV,3569,"General Industrial Machinery & Equipment, NEC",2023-11-17,first_trading,2024-11-17,2024-12-17,no_release_found_after_checks,medium,not_located,,no_dated_release,,,No substantive matrix located,,,,b867eb5b6c625a08,No primary Board Diversity Matrix located in SEC sweep or web search; secondary Out Leadership row reports no disclosed dimensions.,Board Diversity Matrix,,,,,0,0,0,continued_other_narrative,2025-01-14,issuer SEC filing,https://www.sec.gov/Archives/edgar/data/1963685/000121390025003458/ea0226831-10k_richtech.htm,10-K,0001213900-25-003458,0.75,"\bdiversity\b.{0,220}\b(?:director|directors|nominee|nominees|board)\b",5,5,0,38fb43ee8fc0c947,"ntegrity, ethics and values; ● experience in corporate management, such as serving as an officer or former officer of a publicly-held company; ● experience as a board member or executive officer of another publicly-held company; ● strong finance experience; ● diversity of expertise and experience in substantive matters pertaining to our business relative to other board members; ● diversity of background and perspective including, without limitation, with respect to age, gender, race, place of residence and specialized experience; ● experience relevant to our business industry and with relevant social policy concerns; and ● relevant academic expertise or other proficiency in an area of our business operations. 57 Attendance There were eight (8) meetings, exclusive of action by unanimous written consent, of the board of directors held during fiscal year 2024. Each of our directors attended all of the meetings of the board of directors held during fiscal year 2024, while such director was a member of the board of directors. There were four (4) meetings, exclusive of action by unanimous written consent, of the Audit Committee held during fiscal year 2024. Each of the committee members attended all of the m",,,,,,0,0,0,matrix_replaced_by_or_supplemented_with_narrative,"Post-vacatur evidence is board/diversity narrative, not an extracted matrix.",board_diversity_narrative,"No substantive primary matrix located after SEC, committed-check FTS/Wayback, website candidates, and manual/browser review where applicable.",SEC sweep scanned 42 relevant Richtech Robotics filings with no strong matrix terms. Web search did not locate primary matrix evidence.,not_found_in_current_sec_filings,,,not_found,,,not_found,1,no_release_found_after_checks,cad908b36983b9d2,,,,,,,,,,,,,,,0.0,0,0,0,0,0,0,0,0,,Energy / industrials,Other non-US,2024,unknown,0,0,1,1,0,1,0,1,0
1840563,ELAB,PMGC Holdings Inc.,domestic,CA,2834,Pharmaceutical Preparations,2023-11-21,first_trading,2024-11-21,2024-12-21,released_in_required_window,high,published_on_time,2024-12-03,within_30_day_grace,issuer website archived by Internet Archive,https://www.pmgcholdings.com/images/PDF/Domestic_Initial_Disclosure_Y1_1.pdf,website_archive,,https://www.pmgcholdings.com/images/PDF/Domestic_Initial_Disclosure_Y1_1.pdf,Board Diversity Matrix;Total Number of Directors;Gender Identity;Demographic Background,bd9a5f8237d130f7,"PMGC Holdings Inc. / Elevai Labs Inc. Board Diversity Matrix as of December 3, 2024. Total Number of Directors 6. Part I: Gender Identity: Directors Female 1, Male 5. Part II: Demographic Background: White Female 1, Male 4; Two or More Races or Ethnicities Male 1.",Board Diversity Matrix,"as of December 3, 2024",6,Female|Male,White|Two or More Races or Ethnicities,0,0,0,continued_other_narrative,2025-02-24,issuer SEC filing,https://www.sec.gov/Archives/edgar/data/1840563/000121390025016608/ea0231346-01.htm,PRE 14A,0001213900-25-016608,0.75,\bboard diversity\b,8,8,0,174668ff75a01f41,"re than three other corporate board memberships. • Compatibility . The Board candidate should be able to develop a good working relationship with other Board members and contribute to the Board’s working relationship with the senior management of the Company. Board Diversity Each year, our Nominating Committee will review, with the Board, the appropriate characteristics, skills and experience required for the Board as a whole and its individual members. In evaluating the suitability of individual candidates, our Nominating Committee will consider factors including, without limitation, an individual’s character, integrity, judgment, potential conflicts of interest, other commitments and diversity. While we do not have any formal policy regarding board diversity for our Board as a whole or for each individual member of the Board, the Nominating Committee does consider such factors as gender, race, ethnicity, experience and area of expertise, as well as other individual attributes that contribute to the total diversity of viewpoints and experience represented on the Board. Information Regarding Stockholder Comm",,,,,,0,0,0,matrix_replaced_by_or_supplemented_with_narrative,"Post-vacatur evidence is board/diversity narrative, not an extracted matrix.",board_diversity_narrative,Published matrix date is on/before due+30 grace.,"PMGC governance page linked Board Diversity Matrix PDF; image extracted and visually inspected. Due 2024-11-21; within due+30 grace, so on time.",not_found_in_current_sec_filings,,,not_found,,,not_found,0,,79b7d1fcf75e5d36,6.0,1,,,,5,,,0.16666666666666666,,,,,,1.0,1,0,1,0,0,0,1,0,-12,Life sciences / medical,Other non-US,2024,unknown,1,1,0,1,0,1,0,1,0
1954269,GSIW,Garden Stage Ltd,foreign_private_issuer,Hong Kong,6200,"Security & Commodity Brokers, Dealers, Exchanges & Services",2023-12-01,first_trading,2024-12-01,2024-12-31,released_in_required_window,high,published_on_time,2024-07-31,on_or_before_due_date,issuer SEC filing,https://www.sec.gov/Archives/edgar/data/1954269/000101376224003078/ea0209110-20f_garden.htm,edgar_filing,20-F,0001013762-24-003078,Board Diversity Matrix;Total Number of Directors;Did Not Disclose Gender,28cfef255b2f5080,"eason of any act done, concurred in or omitted in or about the execution of their duty or supposed duty in their respective offices or trusts, except such (if any) as they shall incur or sustain through their own fraud or dishonesty. Board Diversity Board Diversity Matrix (As of the date of this annual report) Country of Principal Executive Offices: Hong Kong Foreign Private Issuer Yes Disclosure Prohibited Under Home Country Law No Total Number of Directors 6 Female Male Non-Binary Did Not Disclose Gender Part I: Gender Identity Directors 1 5 0 0 Part II: Demographic Background Underrepresented Individual in Home Country Jurisdiction — LGBTQ+ — 6.D. Employees We had 17 employees as of the date of the annual report, including the Operating Subsidiaries. All of the employees (other than self-employed account executives) are employed under employment contracts which set out fully, among ot",Board Diversity Board Diversity Matrix,,6,Female|Male|Non-Binary|Did Not Disclose Gender,LGBTQ+,1,1,0,continued_same_matrix,2025-07-31,issuer SEC filing,https://www.sec.gov/Archives/edgar/data/1954269/000121390025069993/ea0248524-20f_garden.htm,20-F,0001213900-25-069993,0.95,Board Diversity Matrix;Total Number of Directors;Did Not Disclose Gender,16,6,0,423e281061315924,"eason of any act done, concurred in or omitted in or about the execution of their duty or supposed duty in their respective offices or trusts, except such (if any) as they shall incur or sustain through their own fraud or dishonesty. Board Diversity Board Diversity Matrix (As of the date of this annual report) Country of Principal Executive Offices: Hong Kong Foreign Private Issuer Yes Disclosure Prohibited Under Home Country Law No Total Number of Directors 6 Female Male Non-Binary Did Not Disclose Gender Part I: Gender Identity Directors 1 5 0 0 Part II: Demographic Background Underrepresented Individual in Home Country Jurisdiction — LGBTQ+ — 6.D. Employees We had 17 employees as of the date of the annual report, including the Operating Subsidiaries. All of the employees (excluding consultants and other self-employed account executives) are employed under employment contracts which set out fully, among other things, the employees’ responsibilities, remuneration and grounds for termination of employment. The remuneration packages of our employees (other than self-employed account executives) include salary and bonus. Generally, em",Board Diversity Board Diversity Matrix,,6,Female|Male|Non-Binary|Did Not Disclose Gender,LGBTQ+,1,1,0,same_extracted_shape,No extracted format differences.,matrix,Published matrix date is on/before due+30 grace.,,,,,,,,,0,,29d6ccaa9028109c,6.0,1,0,0,,,23,,0.16666666666666666,0.0,0.0,,1.0,,3.0,1,0,1,0,0,1,1,0,123,Finance / real estate,China / Hong Kong,2024,20-F,1,1,0,1,1,0,0,0,1
1961847,INHD,INNO HOLDINGS INC.,domestic,TX,3317,Steel Pipe & Tubes,2023-12-04,pricing_proxy,2024-12-04,2025-01-03,released_after_required_window,high,published_late,2025-02-18,after_30_day_grace,issuer SEC filing,https://www.sec.gov/Archives/edgar/data/1961847/000149315225007186/formdef14-a.htm,edgar_filing,DEF 14A,https://www.sec.gov/Archives/edgar/data/1961847/000149315225007186/formdef14-a.htm,Board Diversity Matrix;Total Number of Directors;Gender Identity;Demographic Background,56ebeebe641f9b82,"Inno Holdings Inc. Board Diversity Matrix as of January 31, 2025. Total Number of Directors 5. Part I: Gender Identity: Directors Female 2, Male 3. Part II: Demographic Background: Asian Female 2, Male 3; all other listed categories 0.",Board Diversity Matrix,"as of January 31, 2025",5,Female|Male,Asian,0,0,0,continued_same_matrix,2025-02-06,issuer SEC filing,https://www.sec.gov/Archives/edgar/data/1961847/000149315225005192/formpre14-a.htm,PRE 14A,0001493152-25-005192,0.95,Board Diversity Matrix;Total Number of Directors;Did Not Disclose Demographic Background,8,1,0,ff550ef70ed51e97,"Wei Director and Chief Executive Officer __________, 2025 3 TABLE OF CONTENTS QUESTIONS AND ANSWERS ABOUT THE ANNUAL MEETING 5 PROPOSAL 1: ELECTION OF DIRECTORS 10 DIRECTORS AND EXECUTIVE OFFICERS 11 CORPORATE GOVERNANCE 12 AUDIT COMMITTEE REPORT 17 BOARD DIVERSITY MATRIX 19 DIRECTOR COMPENSATION 19 EXECUTIVE COMPENSATION 20 DELINQUENT SECTION 16(A) REPORTS 22 SECURITY OWNERSHIP OF CERTAIN BENEFICIAL OWNERS AND MANAGEMENT AND RELATED STOCKHOLDER MATTERS 22 CERTAIN RELATIONSHIPS AND RELATED TRANSACTIONS 23 PROPOSAL 2: RATIFICATION OF APPOINTMENT OF INDEPENDENT REGISTERED PUBLIC ACCOUNTING FIRM 24 PROPOSAL 3: APPROVAL OF POTENTIAL ISSUANCE OF SHARES OF THE COMPANY’S COMMON STOCK UNDER THE STANDBY EQUITY PURCHASE AGREEMENT EFFECTIVE AS OF JANUARY 28, 2025 25 PROPOSAL 4: APPROVAL OF THE 2025 OMNIBUS INCENTIVE PLAN 27 PROPOSAL 5: APPROVAL OF THE ADJOURNMENT OF THE ANNUAL MEETING, IF NECESSARY, TO SOLICIT ADDITIONAL PROXIES IN THE EVENT THERE ARE NOT SUFFICIENT VOTES IN FAVOR OF ANY OF PROPOSALS 1 THROUGH 4 AT THE TIME OF THE ANNUAL MEEETING 32 ADDITIONAL INFORMATION 32 Important Notice Regarding the Availability of Proxy Materials for th",BOARD DIVERSITY MATRIX,"AS OF JANUARY 28, 2025",,,,0,0,0,changed_extracted_shape,"title: Board Diversity Matrix -> BOARD DIVERSITY MATRIX; as-of date: as of January 31, 2025 -> AS OF JANUARY 28, 2025; total directors: initial extracted, post-vacatur not extracted; gender columns: initial extracted, post-vacatur not extracted; demographic rows: initial extracted, post-vacatur not extracted",matrix,Published matrix date is after due+30 grace.,"SEC sweep confirmed matrix in 2025 DEF 14A filed 2025-02-18. Due 2024-12-04; beyond due+30, so late.",found_current_sec_matrix,2025-02-18,https://www.sec.gov/Archives/edgar/data/1961847/000149315225007186/formdef14-a.htm,not_found,,,not_found,1,post_vacatur_matrix_format_changed,387859c511555b0d,5.0,2,,,5,,,,0.4,,,1.0,,,0.16666666666666666,1,0,1,0,1,0,1,0,-76,Manufacturing / industrials,Other non-US,2024,proxy,1,0,1,1,1,0,0,1,0
